# Blender 5.1.2
# www.blender.org
mtllib grass.mtl
o bloque_de_pasto.003
v -1.604558 -0.213325 -2.252527
v -1.655243 -0.200637 -2.504480
v -1.402983 -0.200652 -2.555227
v -1.352298 -0.213340 -2.303274
v -1.602041 0.043676 -2.240091
v -1.652726 0.056364 -2.492045
v -1.400466 0.056349 -2.542792
v -1.349781 0.043661 -2.290838
v -1.851073 -0.213310 -2.202935
v -1.901758 -0.200622 -2.454889
v -1.649498 -0.200637 -2.505636
v -1.598813 -0.213325 -2.253683
v -1.848556 0.043691 -2.190500
v -1.899241 0.056378 -2.442453
v -1.646981 0.056363 -2.493200
v -1.596296 0.043676 -2.241247
v -2.096146 -0.213295 -2.153634
v -2.146831 -0.200608 -2.405587
v -1.894570 -0.200623 -2.456335
v -1.843886 -0.213311 -2.204381
v -2.093629 0.043705 -2.141199
v -2.144313 0.056393 -2.393152
v -1.892053 0.056378 -2.443899
v -1.841369 0.043690 -2.191946
v -2.345544 -0.213281 -2.103463
v -2.396228 -0.200593 -2.355416
v -2.143968 -0.200608 -2.406163
v -2.093284 -0.213296 -2.154210
v -2.343027 0.043720 -2.091027
v -2.393711 0.056408 -2.342981
v -2.141451 0.056393 -2.393728
v -2.090766 0.043705 -2.141774
v -2.586292 -0.213266 -2.055032
v -2.636976 -0.200579 -2.306985
v -2.384716 -0.200594 -2.357732
v -2.334032 -0.213281 -2.105779
v -2.583775 0.043735 -2.042596
v -2.634459 0.056422 -2.294549
v -2.382199 0.056407 -2.345296
v -2.331515 0.043720 -2.093343
v -2.831331 -0.213252 -2.005737
v -2.882016 -0.200564 -2.257690
v -2.629756 -0.200579 -2.308437
v -2.579072 -0.213267 -2.056484
v -2.828815 0.043749 -1.993301
v -2.879499 0.056437 -2.245255
v -2.627239 0.056422 -2.296002
v -2.576554 0.043734 -2.044048
v -1.555476 -0.225611 -2.008540
v -1.606161 -0.212924 -2.260493
v -1.353901 -0.212939 -2.311240
v -1.303216 -0.225626 -2.059287
v -1.552959 0.031390 -1.996104
v -1.603644 0.044077 -2.248058
v -1.351384 0.044062 -2.298805
v -1.300699 0.031374 -2.046851
v -1.801991 -0.225597 -1.958948
v -1.852675 -0.212909 -2.210902
v -1.600415 -0.212924 -2.261649
v -1.549731 -0.225612 -2.009696
v -1.799474 0.031404 -1.946513
v -1.850158 0.044092 -2.198466
v -1.597898 0.044077 -2.249213
v -1.547214 0.031389 -1.997260
v -2.047064 -0.225582 -1.909647
v -2.097748 -0.212894 -2.161600
v -1.845488 -0.212909 -2.212348
v -1.794804 -0.225597 -1.960394
v -2.044547 0.031419 -1.897212
v -2.095231 0.044107 -2.149165
v -1.842971 0.044091 -2.199912
v -1.792287 0.031404 -1.947959
v -2.296462 -0.225567 -1.859476
v -2.347146 -0.212879 -2.111429
v -2.094886 -0.212894 -2.162176
v -2.044201 -0.225582 -1.910223
v -2.293944 0.031434 -1.847040
v -2.344629 0.044121 -2.098994
v -2.092369 0.044106 -2.149741
v -2.041684 0.031419 -1.897787
v -2.537210 -0.225553 -1.811044
v -2.587894 -0.212865 -2.062998
v -2.335634 -0.212880 -2.113745
v -2.284949 -0.225568 -1.861791
v -2.534693 0.031448 -1.798609
v -2.585377 0.044136 -2.050562
v -2.333117 0.044121 -2.101309
v -2.282433 0.031433 -1.849356
v -2.782249 -0.225538 -1.761750
v -2.832934 -0.212851 -2.013703
v -2.580674 -0.212866 -2.064450
v -2.529989 -0.225553 -1.812497
v -2.779732 0.031463 -1.749314
v -2.830417 0.044150 -2.001268
v -2.578157 0.044135 -2.052015
v -2.527472 0.031448 -1.800061
v -1.461189 -0.250112 -1.521284
v -1.511873 -0.237424 -1.773237
v -1.259614 -0.237439 -1.823985
v -1.208929 -0.250127 -1.572031
v -1.458672 0.006889 -1.508848
v -1.509356 0.019577 -1.760802
v -1.257097 0.019562 -1.811549
v -1.206412 0.006874 -1.559596
v -1.707703 -0.250097 -1.471693
v -1.758388 -0.237409 -1.723646
v -1.506128 -0.237424 -1.774393
v -1.455443 -0.250112 -1.522440
v -1.705186 0.006904 -1.459257
v -1.755871 0.019592 -1.711211
v -1.503611 0.019577 -1.761958
v -1.452926 0.006889 -1.510004
v -1.952776 -0.250082 -1.422391
v -2.003461 -0.237395 -1.674345
v -1.751201 -0.237410 -1.725092
v -1.700516 -0.250097 -1.473138
v -1.950259 0.006918 -1.409956
v -2.000944 0.019606 -1.661909
v -1.748684 0.019591 -1.712656
v -1.697999 0.006903 -1.460703
v -2.202174 -0.250067 -1.372220
v -2.252859 -0.237380 -1.624173
v -2.000599 -0.237395 -1.674921
v -1.949914 -0.250082 -1.422967
v -2.199657 0.006933 -1.359784
v -2.250342 0.019621 -1.611738
v -1.998082 0.019606 -1.662485
v -1.947397 0.006918 -1.410532
v -2.442922 -0.250053 -1.323789
v -2.493607 -0.237365 -1.575742
v -2.241347 -0.237380 -1.626489
v -2.190662 -0.250068 -1.374536
v -2.440405 0.006948 -1.311353
v -2.491090 0.019635 -1.563307
v -2.238830 0.019620 -1.614054
v -2.188145 0.006933 -1.362100
v -2.687962 -0.250039 -1.274494
v -2.738647 -0.237351 -1.526447
v -2.486387 -0.237366 -1.577195
v -2.435702 -0.250054 -1.325241
v -2.685445 0.006962 -1.262058
v -2.736130 0.019650 -1.514012
v -2.483870 0.019635 -1.564759
v -2.433185 0.006947 -1.312806
v -1.506684 -0.237825 -1.765993
v -1.557369 -0.225138 -2.017946
v -1.305108 -0.225153 -2.068693
v -1.254424 -0.237840 -1.816740
v -1.504167 0.019175 -1.753557
v -1.554851 0.031863 -2.005511
v -1.302591 0.031848 -2.056258
v -1.251907 0.019160 -1.804304
v -1.753198 -0.237811 -1.716401
v -1.803883 -0.225123 -1.968355
v -1.551623 -0.225138 -2.019102
v -1.500938 -0.237826 -1.767148
v -1.750681 0.019190 -1.703966
v -1.801366 0.031878 -1.955919
v -1.549106 0.031863 -2.006666
v -1.498421 0.019175 -1.754713
v -1.998271 -0.237796 -1.667100
v -2.048956 -0.225108 -1.919053
v -1.796696 -0.225123 -1.969801
v -1.746011 -0.237811 -1.717847
v -1.995754 0.019205 -1.654665
v -2.046439 0.031892 -1.906618
v -1.794179 0.031877 -1.957365
v -1.743494 0.019190 -1.705412
v -2.247669 -0.237781 -1.616929
v -2.298354 -0.225093 -1.868882
v -2.046094 -0.225108 -1.919629
v -1.995409 -0.237796 -1.667676
v -2.245152 0.019220 -1.604493
v -2.295837 0.031907 -1.856447
v -2.043577 0.031892 -1.907194
v -1.992892 0.019205 -1.655240
v -2.488417 -0.237767 -1.568497
v -2.539102 -0.225079 -1.820451
v -2.286842 -0.225094 -1.871198
v -2.236157 -0.237782 -1.619245
v -2.485900 0.019234 -1.556062
v -2.536585 0.031922 -1.808015
v -2.284325 0.031907 -1.858762
v -2.233640 0.019219 -1.606809
v -2.733457 -0.237752 -1.519203
v -2.784142 -0.225065 -1.771156
v -2.531881 -0.225080 -1.821903
v -2.481197 -0.237767 -1.569950
v -2.730940 0.019249 -1.506767
v -2.781625 0.031936 -1.758721
v -2.529365 0.031921 -1.809468
v -2.478680 0.019234 -1.557514
v -1.457602 -0.250112 -1.522006
v -1.508286 -0.237424 -1.773959
v -1.256026 -0.237439 -1.824706
v -1.205342 -0.250127 -1.572753
v -1.455085 0.006889 -1.509570
v -1.505769 0.019577 -1.761523
v -1.253509 0.019562 -1.812271
v -1.202825 0.006874 -1.560317
v -1.704116 -0.250097 -1.472414
v -1.754801 -0.237409 -1.724368
v -1.502541 -0.237424 -1.775115
v -1.451856 -0.250112 -1.523161
v -1.701599 0.006904 -1.459979
v -1.752284 0.019591 -1.711932
v -1.500024 0.019576 -1.762679
v -1.449339 0.006889 -1.510726
v -1.949189 -0.250083 -1.423113
v -1.999874 -0.237395 -1.675066
v -1.747614 -0.237410 -1.725814
v -1.696929 -0.250098 -1.473860
v -1.946672 0.006918 -1.410677
v -1.997357 0.019606 -1.662631
v -1.745097 0.019591 -1.713378
v -1.694412 0.006903 -1.461425
v -2.198587 -0.250068 -1.372942
v -2.249272 -0.237380 -1.624895
v -1.997011 -0.237395 -1.675642
v -1.946327 -0.250083 -1.423689
v -2.196070 0.006933 -1.360506
v -2.246755 0.019621 -1.612460
v -1.994494 0.019606 -1.663207
v -1.943810 0.006918 -1.411253
v -2.439335 -0.250053 -1.324510
v -2.490020 -0.237366 -1.576464
v -2.237760 -0.237381 -1.627211
v -2.187075 -0.250068 -1.375257
v -2.436818 0.006947 -1.312075
v -2.487503 0.019635 -1.564028
v -2.235243 0.019620 -1.614775
v -2.184558 0.006932 -1.362822
v -2.684375 -0.250039 -1.275216
v -2.735059 -0.237351 -1.527169
v -2.482799 -0.237366 -1.577916
v -2.432115 -0.250054 -1.325963
v -2.681858 0.006962 -1.262780
v -2.732543 0.019650 -1.514734
v -2.480282 0.019635 -1.565481
v -2.429598 0.006947 -1.313527
v -1.411746 -0.262339 -1.278594
v -1.462430 -0.249651 -1.530547
v -1.210170 -0.249666 -1.581295
v -1.159485 -0.262354 -1.329341
v -1.409229 -0.005338 -1.266158
v -1.459913 0.007350 -1.518112
v -1.207653 0.007335 -1.568859
v -1.156969 -0.005353 -1.316905
v -1.658260 -0.262324 -1.229003
v -1.708945 -0.249637 -1.480956
v -1.456685 -0.249652 -1.531703
v -1.406000 -0.262339 -1.279750
v -1.655743 -0.005323 -1.216567
v -1.706428 0.007364 -1.468521
v -1.454168 0.007349 -1.519268
v -1.403483 -0.005338 -1.267314
v -1.903333 -0.262310 -1.179701
v -1.954018 -0.249622 -1.431655
v -1.701758 -0.249637 -1.482402
v -1.651073 -0.262325 -1.230448
v -1.900816 -0.005309 -1.167266
v -1.951501 0.007379 -1.419219
v -1.699241 0.007364 -1.469966
v -1.648556 -0.005324 -1.218013
v -2.152731 -0.262295 -1.129530
v -2.203415 -0.249607 -1.381483
v -1.951155 -0.249622 -1.432230
v -1.900471 -0.262310 -1.180277
v -2.150214 -0.005294 -1.117095
v -2.200898 0.007394 -1.369048
v -1.948638 0.007379 -1.419795
v -1.897954 -0.005309 -1.167842
v -2.393479 -0.262280 -1.081099
v -2.444164 -0.249593 -1.333052
v -2.191904 -0.249608 -1.383799
v -2.141219 -0.262295 -1.131846
v -2.390962 -0.005280 -1.068663
v -2.441647 0.007408 -1.320617
v -2.189386 0.007393 -1.371364
v -2.138702 -0.005295 -1.119410
v -2.638519 -0.262266 -1.031804
v -2.689203 -0.249578 -1.283757
v -2.436943 -0.249593 -1.334505
v -2.386259 -0.262281 -1.082551
v -2.636002 -0.005265 -1.019369
v -2.686686 0.007423 -1.271322
v -2.434426 0.007408 -1.322069
v -2.383742 -0.005280 -1.070116
v -1.362663 -0.274625 -1.034607
v -1.413348 -0.261938 -1.286560
v -1.161088 -0.261953 -1.337307
v -1.110403 -0.274640 -1.085354
v -1.360147 -0.017625 -1.022171
v -1.410831 -0.004937 -1.274125
v -1.158571 -0.004952 -1.324872
v -1.107886 -0.017640 -1.072918
v -1.609178 -0.274611 -0.985016
v -1.659863 -0.261923 -1.236969
v -1.407603 -0.261938 -1.287716
v -1.356918 -0.274626 -1.035763
v -1.606661 -0.017610 -0.972580
v -1.657346 -0.004922 -1.224534
v -1.405086 -0.004937 -1.275281
v -1.354401 -0.017625 -1.023327
v -1.854251 -0.274596 -0.935714
v -1.904936 -0.261908 -1.187668
v -1.652676 -0.261923 -1.238415
v -1.601991 -0.274611 -0.986461
v -1.851734 -0.017595 -0.923279
v -1.902418 -0.004908 -1.175232
v -1.650159 -0.004923 -1.225979
v -1.599474 -0.017610 -0.974026
v -2.103649 -0.274581 -0.885543
v -2.154333 -0.261894 -1.137496
v -1.902073 -0.261909 -1.188244
v -1.851389 -0.274596 -0.936290
v -2.101132 -0.017580 -0.873107
v -2.151816 -0.004893 -1.125061
v -1.899556 -0.004908 -1.175808
v -1.848872 -0.017596 -0.923854
v -2.344397 -0.274567 -0.837112
v -2.395082 -0.261879 -1.089065
v -2.142821 -0.261894 -1.139812
v -2.092137 -0.274582 -0.887859
v -2.341880 -0.017566 -0.824676
v -2.392564 -0.004878 -1.076630
v -2.140304 -0.004893 -1.127377
v -2.089620 -0.017581 -0.875423
v -2.589437 -0.274552 -0.787817
v -2.640121 -0.261865 -1.039770
v -2.387861 -0.261880 -1.090518
v -2.337176 -0.274567 -0.838564
v -2.586920 -0.017552 -0.775381
v -2.637604 -0.004864 -1.027335
v -2.385344 -0.004879 -1.078082
v -2.334660 -0.017567 -0.826128
v -1.268376 -0.299126 -0.547351
v -1.319061 -0.286438 -0.799305
v -1.066801 -0.286453 -0.850052
v -1.016116 -0.299141 -0.598098
v -1.265859 -0.042125 -0.534916
v -1.316544 -0.029437 -0.786869
v -1.064284 -0.029452 -0.837616
v -1.013599 -0.042140 -0.585663
v -1.514891 -0.299111 -0.497760
v -1.565575 -0.286423 -0.749713
v -1.313315 -0.286438 -0.800460
v -1.262630 -0.299126 -0.548507
v -1.512374 -0.042110 -0.485325
v -1.563058 -0.029423 -0.737278
v -1.310798 -0.029438 -0.788025
v -1.260113 -0.042125 -0.536072
v -1.759964 -0.299096 -0.448459
v -1.810648 -0.286409 -0.700412
v -1.558388 -0.286424 -0.751159
v -1.507703 -0.299111 -0.499206
v -1.757447 -0.042096 -0.436023
v -1.808131 -0.029408 -0.687977
v -1.555871 -0.029423 -0.738724
v -1.505186 -0.042111 -0.486770
v -2.009361 -0.299082 -0.398287
v -2.060046 -0.286394 -0.650241
v -1.807786 -0.286409 -0.700988
v -1.757101 -0.299097 -0.449034
v -2.006844 -0.042081 -0.385852
v -2.057529 -0.029393 -0.637805
v -1.805269 -0.029408 -0.688552
v -1.754584 -0.042096 -0.436599
v -2.250109 -0.299067 -0.349856
v -2.300794 -0.286380 -0.601809
v -2.048534 -0.286395 -0.652556
v -1.997849 -0.299082 -0.400603
v -2.247592 -0.042066 -0.337420
v -2.298277 -0.029379 -0.589374
v -2.046017 -0.029394 -0.640121
v -1.995332 -0.042082 -0.388168
v -2.495149 -0.299053 -0.300561
v -2.545834 -0.286365 -0.552515
v -2.293574 -0.286380 -0.603262
v -2.242889 -0.299068 -0.351308
v -2.492632 -0.042052 -0.288126
v -2.543317 -0.029364 -0.540079
v -2.291057 -0.029379 -0.590826
v -2.240372 -0.042067 -0.338873
v -1.313871 -0.286839 -0.792060
v -1.364556 -0.274152 -1.044013
v -1.112296 -0.274167 -1.094760
v -1.061611 -0.286854 -0.842807
v -1.311354 -0.029839 -0.779624
v -1.362039 -0.017151 -1.031578
v -1.109779 -0.017166 -1.082325
v -1.059094 -0.029854 -0.830371
v -1.560385 -0.286825 -0.742469
v -1.611070 -0.274137 -0.994422
v -1.358810 -0.274152 -1.045169
v -1.308125 -0.286840 -0.793216
v -1.557869 -0.029824 -0.730033
v -1.608553 -0.017136 -0.981987
v -1.356293 -0.017151 -1.032734
v -1.305609 -0.029839 -0.780780
v -1.805458 -0.286810 -0.693167
v -1.856143 -0.274122 -0.945121
v -1.603883 -0.274137 -0.995868
v -1.553198 -0.286825 -0.743914
v -1.802941 -0.029809 -0.680732
v -1.853626 -0.017122 -0.932685
v -1.601366 -0.017137 -0.983432
v -1.550681 -0.029824 -0.731479
v -2.054856 -0.286795 -0.642996
v -2.105541 -0.274108 -0.894949
v -1.853281 -0.274123 -0.945696
v -1.802596 -0.286810 -0.693743
v -2.052339 -0.029795 -0.630561
v -2.103024 -0.017107 -0.882514
v -1.850764 -0.017122 -0.933261
v -1.800079 -0.029810 -0.681308
v -2.295604 -0.286781 -0.594565
v -2.346289 -0.274093 -0.846518
v -2.094029 -0.274108 -0.897265
v -2.043344 -0.286796 -0.645312
v -2.293087 -0.029780 -0.582129
v -2.343772 -0.017092 -0.834083
v -2.091512 -0.017107 -0.884830
v -2.040827 -0.029795 -0.632876
v -2.540644 -0.286766 -0.545270
v -2.591329 -0.274079 -0.797223
v -2.339069 -0.274094 -0.847970
v -2.288384 -0.286781 -0.596017
v -2.538127 -0.029766 -0.532835
v -2.588811 -0.017078 -0.784788
v -2.336552 -0.017093 -0.835535
v -2.285867 -0.029781 -0.583582
v -1.264789 -0.299126 -0.548073
v -1.315474 -0.286438 -0.800026
v -1.063213 -0.286453 -0.850773
v -1.012529 -0.299141 -0.598820
v -1.262272 -0.042125 -0.535637
v -1.312956 -0.029437 -0.787591
v -1.060696 -0.029452 -0.838338
v -1.010012 -0.042140 -0.586384
v -1.511303 -0.299111 -0.498482
v -1.561988 -0.286424 -0.750435
v -1.309728 -0.286439 -0.801182
v -1.259043 -0.299126 -0.549229
v -1.508786 -0.042110 -0.486046
v -1.559471 -0.029423 -0.737999
v -1.307211 -0.029438 -0.788746
v -1.256526 -0.042125 -0.536793
v -1.756376 -0.299097 -0.449180
v -1.807061 -0.286409 -0.701134
v -1.554801 -0.286424 -0.751881
v -1.504116 -0.299112 -0.499927
v -1.753859 -0.042096 -0.436745
v -1.804544 -0.029408 -0.688698
v -1.552284 -0.029423 -0.739445
v -1.501599 -0.042111 -0.487492
v -2.005774 -0.299082 -0.399009
v -2.056459 -0.286394 -0.650962
v -1.804199 -0.286409 -0.701709
v -1.753514 -0.299097 -0.449756
v -2.003257 -0.042081 -0.386574
v -2.053942 -0.029393 -0.638527
v -1.801682 -0.029408 -0.689274
v -1.750997 -0.042096 -0.437320
v -2.246522 -0.299067 -0.350578
v -2.297207 -0.286380 -0.602531
v -2.044947 -0.286395 -0.653278
v -1.994262 -0.299083 -0.401325
v -2.244005 -0.042067 -0.338142
v -2.294690 -0.029379 -0.590096
v -2.042430 -0.029394 -0.640843
v -1.991745 -0.042082 -0.388889
v -2.491562 -0.299053 -0.301283
v -2.542247 -0.286365 -0.553236
v -2.289987 -0.286380 -0.603983
v -2.239302 -0.299068 -0.352030
v -2.489045 -0.042052 -0.288847
v -2.539730 -0.029364 -0.540801
v -2.287469 -0.029379 -0.591548
v -2.236785 -0.042067 -0.339595
v -0.130827 -0.213413 -2.548997
v -0.181511 -0.200725 -2.800951
v 0.070749 -0.200740 -2.851698
v 0.121433 -0.213428 -2.599745
v -0.128310 0.043588 -2.536562
v -0.178994 0.056276 -2.788515
v 0.073266 0.056261 -2.839262
v 0.123950 0.043573 -2.587309
v -0.377341 -0.213398 -2.499406
v -0.428026 -0.200710 -2.751359
v -0.175766 -0.200725 -2.802106
v -0.125081 -0.213413 -2.550153
v -0.374824 0.043603 -2.486970
v -0.425509 0.056291 -2.738924
v -0.173249 0.056276 -2.789671
v -0.122564 0.043588 -2.537718
v -0.622414 -0.213383 -2.450105
v -0.673099 -0.200696 -2.702058
v -0.420839 -0.200711 -2.752805
v -0.370154 -0.213398 -2.500852
v -0.619897 0.043618 -2.437669
v -0.670582 0.056305 -2.689623
v -0.418322 0.056290 -2.740370
v -0.367637 0.043603 -2.488416
v -0.871812 -0.213368 -2.399933
v -0.922497 -0.200681 -2.651887
v -0.670237 -0.200696 -2.702634
v -0.619552 -0.213383 -2.450680
v -0.869295 0.043632 -2.387498
v -0.919980 0.056320 -2.639451
v -0.667720 0.056305 -2.690198
v -0.617035 0.043617 -2.438245
v -1.112560 -0.213354 -2.351502
v -1.163245 -0.200666 -2.603456
v -0.910985 -0.200681 -2.654202
v -0.860300 -0.213369 -2.402249
v -1.110043 0.043647 -2.339067
v -1.160728 0.056334 -2.591020
v -0.908468 0.056319 -2.641767
v -0.857783 0.043632 -2.389814
v -1.357600 -0.213339 -2.302207
v -1.408284 -0.200652 -2.554161
v -1.156024 -0.200667 -2.604908
v -1.105340 -0.213354 -2.352955
v -1.355083 0.043661 -2.289772
v -1.405767 0.056349 -2.541725
v -1.153507 0.056334 -2.592472
v -1.102823 0.043646 -2.340519
v -0.081745 -0.225699 -2.305010
v -0.132429 -0.213011 -2.556964
v 0.119831 -0.213026 -2.607711
v 0.170516 -0.225714 -2.355757
v -0.079228 0.031302 -2.292575
v -0.129912 0.043989 -2.544528
v 0.122348 0.043974 -2.595275
v 0.173033 0.031287 -2.343322
v -0.328259 -0.225684 -2.255419
v -0.378944 -0.212997 -2.507372
v -0.126684 -0.213012 -2.558119
v -0.075999 -0.225699 -2.306166
v -0.325742 0.031316 -2.242983
v -0.376427 0.044004 -2.494937
v -0.124167 0.043989 -2.545684
v -0.073482 0.031301 -2.293730
v -0.573332 -0.225670 -2.206118
v -0.624017 -0.212982 -2.458071
v -0.371757 -0.212997 -2.508818
v -0.321072 -0.225685 -2.256865
v -0.570815 0.031331 -2.193682
v -0.621500 0.044019 -2.445636
v -0.369240 0.044004 -2.496382
v -0.318555 0.031316 -2.244429
v -0.822730 -0.225655 -2.155946
v -0.873414 -0.212967 -2.407900
v -0.621154 -0.212982 -2.458647
v -0.570470 -0.225670 -2.206693
v -0.820213 0.031346 -2.143511
v -0.870897 0.044034 -2.395464
v -0.618637 0.044019 -2.446211
v -0.567953 0.031331 -2.194258
v -1.063478 -0.225641 -2.107515
v -1.114163 -0.212953 -2.359468
v -0.861902 -0.212968 -2.410215
v -0.811218 -0.225656 -2.158262
v -1.060961 0.031360 -2.095079
v -1.111645 0.044048 -2.347033
v -0.859385 0.044033 -2.397780
v -0.808701 0.031345 -2.145827
v -1.308518 -0.225626 -2.058220
v -1.359202 -0.212938 -2.310174
v -1.106942 -0.212953 -2.360921
v -1.056257 -0.225641 -2.108968
v -1.306001 0.031375 -2.045785
v -1.356685 0.044063 -2.297738
v -1.104425 0.044047 -2.348485
v -1.053741 0.031360 -2.096532
v 0.012543 -0.250199 -1.817755
v -0.038142 -0.237512 -2.069708
v 0.214118 -0.237527 -2.120455
v 0.264803 -0.250214 -1.868502
v 0.015060 0.006801 -1.805319
v -0.035625 0.019489 -2.057272
v 0.216635 0.019474 -2.108020
v 0.267320 0.006786 -1.856066
v -0.233972 -0.250185 -1.768163
v -0.284656 -0.237497 -2.020117
v -0.032396 -0.237512 -2.070864
v 0.018288 -0.250200 -1.818910
v -0.231455 0.006816 -1.755728
v -0.282139 0.019504 -2.007681
v -0.029879 0.019489 -2.058428
v 0.020805 0.006801 -1.806475
v -0.479045 -0.250170 -1.718862
v -0.529729 -0.237482 -1.970815
v -0.277469 -0.237497 -2.021562
v -0.226785 -0.250185 -1.769609
v -0.476528 0.006831 -1.706426
v -0.527212 0.019518 -1.958380
v -0.274952 0.019503 -2.009127
v -0.224268 0.006816 -1.757173
v -0.728442 -0.250155 -1.668690
v -0.779127 -0.237468 -1.920644
v -0.526867 -0.237483 -1.971391
v -0.476182 -0.250170 -1.719438
v -0.725925 0.006846 -1.656255
v -0.776610 0.019533 -1.908208
v -0.524350 0.019518 -1.958956
v -0.473665 0.006831 -1.707002
v -0.969190 -0.250141 -1.620259
v -1.019875 -0.237453 -1.872213
v -0.767615 -0.237468 -1.922960
v -0.716930 -0.250156 -1.671006
v -0.966673 0.006860 -1.607824
v -1.017358 0.019548 -1.859777
v -0.765098 0.019533 -1.910524
v -0.714413 0.006845 -1.658571
v -1.214230 -0.250126 -1.570965
v -1.264915 -0.237439 -1.822918
v -1.012655 -0.237454 -1.873665
v -0.961970 -0.250141 -1.621712
v -1.211713 0.006875 -1.558529
v -1.262398 0.019562 -1.810483
v -1.010138 0.019547 -1.861230
v -0.959453 0.006859 -1.609276
v -0.032952 -0.237913 -2.062463
v -0.083637 -0.225225 -2.314417
v 0.168623 -0.225240 -2.365164
v 0.219308 -0.237928 -2.113210
v -0.030435 0.019088 -2.050028
v -0.081120 0.031775 -2.301981
v 0.171140 0.031760 -2.352728
v 0.221825 0.019073 -2.100775
v -0.279467 -0.237898 -2.012872
v -0.330151 -0.225211 -2.264825
v -0.077891 -0.225226 -2.315573
v -0.027207 -0.237913 -2.063619
v -0.276950 0.019102 -2.000436
v -0.327634 0.031790 -2.252390
v -0.075374 0.031775 -2.303137
v -0.024690 0.019087 -2.051183
v -0.524540 -0.237884 -1.963571
v -0.575224 -0.225196 -2.215524
v -0.322964 -0.225211 -2.266271
v -0.272280 -0.237899 -2.014318
v -0.522023 0.019117 -1.951135
v -0.572707 0.031805 -2.203089
v -0.320447 0.031790 -2.253836
v -0.269763 0.019102 -2.001882
v -0.773937 -0.237869 -1.913399
v -0.824622 -0.225181 -2.165353
v -0.572362 -0.225196 -2.216100
v -0.521677 -0.237884 -1.964146
v -0.771420 0.019132 -1.900964
v -0.822105 0.031820 -2.152917
v -0.569845 0.031805 -2.203664
v -0.519160 0.019117 -1.951711
v -1.014685 -0.237855 -1.864968
v -1.065370 -0.225167 -2.116921
v -0.813110 -0.225182 -2.167669
v -0.762425 -0.237870 -1.915715
v -1.012168 0.019146 -1.852533
v -1.062853 0.031834 -2.104486
v -0.810593 0.031819 -2.155233
v -0.759908 0.019131 -1.903280
v -1.259725 -0.237840 -1.815673
v -1.310410 -0.225152 -2.067627
v -1.058150 -0.225167 -2.118374
v -1.007465 -0.237855 -1.866421
v -1.257208 0.019161 -1.803238
v -1.307893 0.031849 -2.055191
v -1.055633 0.031833 -2.105938
v -1.004948 0.019146 -1.853985
v 0.016130 -0.250200 -1.818476
v -0.034555 -0.237512 -2.070430
v 0.217705 -0.237527 -2.121177
v 0.268390 -0.250215 -1.869223
v 0.018647 0.006801 -1.806041
v -0.032038 0.019489 -2.057994
v 0.220222 0.019474 -2.108741
v 0.270907 0.006786 -1.856788
v -0.230384 -0.250185 -1.768885
v -0.281069 -0.237497 -2.020838
v -0.028809 -0.237512 -2.071585
v 0.021876 -0.250200 -1.819632
v -0.227868 0.006816 -1.756449
v -0.278552 0.019504 -2.008403
v -0.026292 0.019489 -2.059150
v 0.024392 0.006801 -1.807196
v -0.475457 -0.250170 -1.719584
v -0.526142 -0.237483 -1.971537
v -0.273882 -0.237498 -2.022284
v -0.223197 -0.250185 -1.770331
v -0.472940 0.006830 -1.707148
v -0.523625 0.019518 -1.959101
v -0.271365 0.019503 -2.009849
v -0.220680 0.006815 -1.757895
v -0.724855 -0.250155 -1.669412
v -0.775540 -0.237468 -1.921365
v -0.523280 -0.237483 -1.972113
v -0.472595 -0.250170 -1.720159
v -0.722338 0.006845 -1.656977
v -0.773023 0.019533 -1.908930
v -0.520763 0.019518 -1.959677
v -0.470078 0.006830 -1.707724
v -0.965603 -0.250141 -1.620981
v -1.016288 -0.237453 -1.872934
v -0.764028 -0.237468 -1.923681
v -0.713343 -0.250156 -1.671728
v -0.963086 0.006860 -1.608545
v -1.013771 0.019547 -1.860499
v -0.761511 0.019532 -1.911246
v -0.710826 0.006845 -1.659292
v -1.210643 -0.250127 -1.571686
v -1.261328 -0.237439 -1.823640
v -1.009068 -0.237454 -1.874387
v -0.958383 -0.250142 -1.622433
v -1.208126 0.006874 -1.559251
v -1.258811 0.019562 -1.811204
v -1.006551 0.019547 -1.861951
v -0.955866 0.006859 -1.609998
v 0.061986 -0.262427 -1.575065
v 0.011301 -0.249739 -1.827018
v 0.263561 -0.249754 -1.877765
v 0.314246 -0.262442 -1.625812
v 0.064503 -0.005426 -1.562629
v 0.013818 0.007262 -1.814582
v 0.266078 0.007247 -1.865330
v 0.316763 -0.005441 -1.613376
v -0.184528 -0.262412 -1.525473
v -0.235213 -0.249724 -1.777427
v 0.017047 -0.249739 -1.828174
v 0.067732 -0.262427 -1.576220
v -0.182011 -0.005411 -1.513038
v -0.232696 0.007277 -1.764991
v 0.019564 0.007261 -1.815738
v 0.070249 -0.005426 -1.563785
v -0.429601 -0.262397 -1.476172
v -0.480286 -0.249710 -1.728125
v -0.228026 -0.249725 -1.778872
v -0.177341 -0.262412 -1.526919
v -0.427084 -0.005397 -1.463736
v -0.477769 0.007291 -1.715690
v -0.225509 0.007276 -1.766437
v -0.174824 -0.005412 -1.514483
v -0.678999 -0.262383 -1.426001
v -0.729684 -0.249695 -1.677954
v -0.477424 -0.249710 -1.728701
v -0.426739 -0.262398 -1.476748
v -0.676482 -0.005382 -1.413565
v -0.727167 0.007306 -1.665519
v -0.474907 0.007291 -1.716266
v -0.424222 -0.005397 -1.464312
v -0.919747 -0.262368 -1.377569
v -0.970432 -0.249681 -1.629523
v -0.718172 -0.249696 -1.680270
v -0.667487 -0.262383 -1.428316
v -0.917230 -0.005367 -1.365134
v -0.967915 0.007320 -1.617087
v -0.715655 0.007305 -1.667834
v -0.664970 -0.005382 -1.415881
v -1.164787 -0.262354 -1.328275
v -1.215472 -0.249666 -1.580228
v -0.963212 -0.249681 -1.630975
v -0.912527 -0.262369 -1.379022
v -1.162270 -0.005353 -1.315839
v -1.212955 0.007335 -1.567793
v -0.960695 0.007320 -1.618540
v -0.910010 -0.005368 -1.366586
v 0.111068 -0.274713 -1.331077
v 0.060384 -0.262026 -1.583031
v 0.312644 -0.262041 -1.633778
v 0.363328 -0.274728 -1.381825
v 0.113585 -0.017712 -1.318642
v 0.062901 -0.005025 -1.570596
v 0.315161 -0.005040 -1.621343
v 0.365845 -0.017727 -1.369389
v -0.135446 -0.274699 -1.281486
v -0.186131 -0.262011 -1.533440
v 0.066129 -0.262026 -1.584187
v 0.116814 -0.274714 -1.332233
v -0.132929 -0.017698 -1.269051
v -0.183614 -0.005010 -1.521004
v 0.068646 -0.005025 -1.571751
v 0.119331 -0.017713 -1.319798
v -0.380519 -0.274684 -1.232185
v -0.431204 -0.261996 -1.484138
v -0.178944 -0.262011 -1.534885
v -0.128259 -0.274699 -1.282932
v -0.378002 -0.017683 -1.219749
v -0.428687 -0.004995 -1.471703
v -0.176427 -0.005010 -1.522450
v -0.125742 -0.017698 -1.270496
v -0.629917 -0.274669 -1.182013
v -0.680602 -0.261981 -1.433967
v -0.428342 -0.261996 -1.484714
v -0.377657 -0.274684 -1.232761
v -0.627400 -0.017668 -1.169578
v -0.678085 -0.004981 -1.421531
v -0.425825 -0.004996 -1.472279
v -0.375140 -0.017683 -1.220325
v -0.870665 -0.274655 -1.133582
v -0.921350 -0.261967 -1.385536
v -0.669090 -0.261982 -1.436283
v -0.618405 -0.274670 -1.184329
v -0.868148 -0.017654 -1.121147
v -0.918833 -0.004966 -1.373100
v -0.666573 -0.004981 -1.423847
v -0.615888 -0.017669 -1.171894
v -1.115705 -0.274640 -1.084288
v -1.166389 -0.261952 -1.336241
v -0.914129 -0.261967 -1.386988
v -0.863445 -0.274655 -1.135035
v -1.113188 -0.017639 -1.071852
v -1.163872 -0.004952 -1.323806
v -0.911612 -0.004967 -1.374553
v -0.860928 -0.017654 -1.122599
v 0.205356 -0.299214 -0.843822
v 0.154671 -0.286526 -1.095775
v 0.406931 -0.286541 -1.146522
v 0.457616 -0.299229 -0.894569
v 0.207873 -0.042213 -0.831386
v 0.157188 -0.029525 -1.083340
v 0.409448 -0.029540 -1.134087
v 0.460133 -0.042228 -0.882133
v -0.041159 -0.299199 -0.794230
v -0.091843 -0.286511 -1.046184
v 0.160417 -0.286526 -1.096931
v 0.211101 -0.299214 -0.844978
v -0.038642 -0.042198 -0.781795
v -0.089327 -0.029510 -1.033748
v 0.162934 -0.029525 -1.084495
v 0.213618 -0.042213 -0.832542
v -0.286232 -0.299184 -0.744929
v -0.336916 -0.286497 -0.996883
v -0.084656 -0.286512 -1.047630
v -0.033972 -0.299199 -0.795676
v -0.283715 -0.042183 -0.732494
v -0.334399 -0.029496 -0.984447
v -0.082139 -0.029511 -1.035194
v -0.031455 -0.042198 -0.783241
v -0.535630 -0.299169 -0.694758
v -0.586314 -0.286482 -0.946711
v -0.334054 -0.286497 -0.997458
v -0.283369 -0.299184 -0.745505
v -0.533113 -0.042169 -0.682322
v -0.583797 -0.029481 -0.934276
v -0.331537 -0.029496 -0.985023
v -0.280852 -0.042184 -0.733069
v -0.776378 -0.299155 -0.646327
v -0.827062 -0.286467 -0.898280
v -0.574802 -0.286482 -0.949027
v -0.524118 -0.299170 -0.697074
v -0.773861 -0.042154 -0.633891
v -0.824545 -0.029467 -0.885844
v -0.572285 -0.029482 -0.936592
v -0.521601 -0.042169 -0.684638
v -1.021417 -0.299140 -0.597032
v -1.072102 -0.286453 -0.848985
v -0.819842 -0.286468 -0.899732
v -0.769157 -0.299155 -0.647779
v -1.018901 -0.042140 -0.584596
v -1.069585 -0.029452 -0.836550
v -0.817325 -0.029467 -0.887297
v -0.766640 -0.042155 -0.635343
v 0.159861 -0.286927 -1.088531
v 0.109176 -0.274240 -1.340484
v 0.361436 -0.274255 -1.391231
v 0.412121 -0.286942 -1.139278
v 0.162378 -0.029926 -1.076095
v 0.111693 -0.017239 -1.328048
v 0.363953 -0.017254 -1.378796
v 0.414638 -0.029941 -1.126842
v -0.086654 -0.286913 -1.038939
v -0.137339 -0.274225 -1.290893
v 0.114922 -0.274240 -1.341640
v 0.165606 -0.286928 -1.089686
v -0.084137 -0.029912 -1.026504
v -0.134822 -0.017224 -1.278457
v 0.117439 -0.017239 -1.329204
v 0.168123 -0.029927 -1.077251
v -0.331727 -0.286898 -0.989638
v -0.382411 -0.274210 -1.241591
v -0.130151 -0.274225 -1.292338
v -0.079467 -0.286913 -1.040385
v -0.329210 -0.029897 -0.977202
v -0.379894 -0.017209 -1.229156
v -0.127634 -0.017224 -1.279903
v -0.076950 -0.029912 -1.027949
v -0.581124 -0.286883 -0.939466
v -0.631809 -0.274195 -1.191420
v -0.379549 -0.274210 -1.242167
v -0.328864 -0.286898 -0.990214
v -0.578608 -0.029882 -0.927031
v -0.629292 -0.017195 -1.178985
v -0.377032 -0.017210 -1.229732
v -0.326347 -0.029897 -0.977778
v -0.821873 -0.286869 -0.891035
v -0.872557 -0.274181 -1.142989
v -0.620297 -0.274196 -1.193736
v -0.569613 -0.286884 -0.941782
v -0.819356 -0.029868 -0.878600
v -0.870040 -0.017180 -1.130553
v -0.617780 -0.017195 -1.181300
v -0.567096 -0.029883 -0.929347
v -1.066912 -0.286854 -0.841741
v -1.117597 -0.274166 -1.093694
v -0.865337 -0.274181 -1.144441
v -0.814652 -0.286869 -0.892488
v -1.064395 -0.029853 -0.829305
v -1.115080 -0.017166 -1.081259
v -0.862820 -0.017181 -1.132006
v -0.812135 -0.029868 -0.880052
v 0.208943 -0.299214 -0.844543
v 0.158258 -0.286526 -1.096497
v 0.410518 -0.286541 -1.147244
v 0.461203 -0.299229 -0.895291
v 0.211460 -0.042213 -0.832108
v 0.160775 -0.029525 -1.084061
v 0.413035 -0.029540 -1.134808
v 0.463720 -0.042228 -0.882855
v -0.037572 -0.299199 -0.794952
v -0.088256 -0.286511 -1.046906
v 0.164004 -0.286526 -1.097653
v 0.214688 -0.299214 -0.845699
v -0.035055 -0.042198 -0.782517
v -0.085739 -0.029511 -1.034470
v 0.166521 -0.029526 -1.085217
v 0.217205 -0.042213 -0.833264
v -0.282645 -0.299184 -0.745651
v -0.333329 -0.286497 -0.997604
v -0.081069 -0.286512 -1.048351
v -0.030385 -0.299199 -0.796398
v -0.280128 -0.042184 -0.733215
v -0.330812 -0.029496 -0.985169
v -0.078552 -0.029511 -1.035916
v -0.027868 -0.042199 -0.783962
v -0.532042 -0.299170 -0.695479
v -0.582727 -0.286482 -0.947433
v -0.330467 -0.286497 -0.998180
v -0.279782 -0.299185 -0.746227
v -0.529525 -0.042169 -0.683044
v -0.580210 -0.029481 -0.934997
v -0.327950 -0.029496 -0.985744
v -0.277265 -0.042184 -0.733791
v -0.772790 -0.299155 -0.647048
v -0.823475 -0.286468 -0.899001
v -0.571215 -0.286483 -0.949749
v -0.520530 -0.299170 -0.697795
v -0.770274 -0.042154 -0.634613
v -0.820958 -0.029467 -0.886566
v -0.568698 -0.029482 -0.937313
v -0.518013 -0.042169 -0.685360
v -1.017830 -0.299141 -0.597754
v -1.068515 -0.286453 -0.849707
v -0.816255 -0.286468 -0.900454
v -0.765570 -0.299156 -0.648501
v -1.015313 -0.042140 -0.585318
v -1.065998 -0.029452 -0.837271
v -0.813738 -0.029467 -0.888018
v -0.763053 -0.042155 -0.636065
v 1.347823 -0.213501 -2.846457
v 1.297138 -0.200813 -3.098411
v 1.549398 -0.200828 -3.149158
v 1.600083 -0.213516 -2.897204
v 1.350340 0.043500 -2.834022
v 1.299655 0.056188 -3.085975
v 1.551915 0.056173 -3.136722
v 1.602600 0.043485 -2.884769
v 1.101308 -0.213486 -2.796866
v 1.050623 -0.200798 -3.048819
v 1.302884 -0.200813 -3.099566
v 1.353568 -0.213501 -2.847613
v 1.103825 0.043515 -2.784431
v 1.053140 0.056203 -3.036384
v 1.305400 0.056188 -3.087131
v 1.356085 0.043500 -2.835177
v 0.856235 -0.213471 -2.747565
v 0.805550 -0.200784 -2.999518
v 1.057810 -0.200799 -3.050265
v 1.108495 -0.213486 -2.798312
v 0.858752 0.043530 -2.735129
v 0.808067 0.056217 -2.987082
v 1.060327 0.056202 -3.037829
v 1.111012 0.043514 -2.785876
v 0.606838 -0.213456 -2.697393
v 0.556153 -0.200769 -2.949347
v 0.808413 -0.200784 -3.000094
v 0.859098 -0.213471 -2.748140
v 0.609354 0.043544 -2.684958
v 0.558670 0.056232 -2.936911
v 0.810930 0.056217 -2.987658
v 0.861615 0.043529 -2.735705
v 0.366089 -0.213442 -2.648962
v 0.315405 -0.200754 -2.900915
v 0.567665 -0.200769 -2.951663
v 0.618349 -0.213457 -2.699709
v 0.368606 0.043559 -2.636527
v 0.317922 0.056246 -2.888480
v 0.570181 0.056231 -2.939227
v 0.620866 0.043544 -2.687274
v 0.121050 -0.213428 -2.599667
v 0.070365 -0.200740 -2.851621
v 0.322625 -0.200755 -2.902368
v 0.373310 -0.213443 -2.650414
v 0.123567 0.043573 -2.587232
v 0.072882 0.056261 -2.839185
v 0.325142 0.056246 -2.889932
v 0.375827 0.043558 -2.637979
v 1.396905 -0.225787 -2.602470
v 1.346220 -0.213099 -2.854424
v 1.598480 -0.213114 -2.905171
v 1.649165 -0.225802 -2.653217
v 1.399422 0.031214 -2.590035
v 1.348737 0.043901 -2.841988
v 1.600997 0.043886 -2.892735
v 1.651682 0.031199 -2.640782
v 1.150390 -0.225772 -2.552879
v 1.099706 -0.213085 -2.804832
v 1.351966 -0.213100 -2.855579
v 1.402650 -0.225787 -2.603626
v 1.152907 0.031228 -2.540443
v 1.102223 0.043916 -2.792397
v 1.354483 0.043901 -2.843144
v 1.405167 0.031213 -2.591190
v 0.905317 -0.225758 -2.503577
v 0.854633 -0.213070 -2.755531
v 1.106893 -0.213085 -2.806278
v 1.157577 -0.225773 -2.554325
v 0.907834 0.031243 -2.491142
v 0.857150 0.043931 -2.743095
v 1.109410 0.043916 -2.793842
v 1.160094 0.031228 -2.541889
v 0.655920 -0.225743 -2.453406
v 0.605235 -0.213055 -2.705359
v 0.857495 -0.213070 -2.756107
v 0.908180 -0.225758 -2.504153
v 0.658437 0.031258 -2.440971
v 0.607752 0.043946 -2.692924
v 0.860012 0.043931 -2.743671
v 0.910697 0.031243 -2.491718
v 0.415172 -0.225729 -2.404975
v 0.364487 -0.213041 -2.656928
v 0.616747 -0.213056 -2.707675
v 0.667431 -0.225744 -2.455722
v 0.417688 0.031272 -2.392539
v 0.367004 0.043960 -2.644493
v 0.619264 0.043945 -2.695240
v 0.669948 0.031257 -2.443286
v 0.170132 -0.225714 -2.355680
v 0.119447 -0.213026 -2.607634
v 0.371707 -0.213041 -2.658381
v 0.422392 -0.225729 -2.406427
v 0.172649 0.031287 -2.343245
v 0.121964 0.043974 -2.595198
v 0.374224 0.043959 -2.645945
v 0.424909 0.031272 -2.393992
v 1.491192 -0.250287 -2.115214
v 1.440508 -0.237600 -2.367168
v 1.692768 -0.237615 -2.417915
v 1.743452 -0.250302 -2.165962
v 1.493709 0.006713 -2.102779
v 1.443025 0.019401 -2.354733
v 1.695284 0.019386 -2.405479
v 1.745969 0.006698 -2.153526
v 1.244678 -0.250273 -2.065623
v 1.193993 -0.237585 -2.317576
v 1.446253 -0.237600 -2.368324
v 1.496938 -0.250288 -2.116370
v 1.247195 0.006728 -2.053188
v 1.196510 0.019416 -2.305141
v 1.448770 0.019401 -2.355888
v 1.499455 0.006713 -2.103935
v 0.999605 -0.250258 -2.016322
v 0.948920 -0.237570 -2.268275
v 1.201180 -0.237585 -2.319022
v 1.251865 -0.250273 -2.067069
v 1.002122 0.006743 -2.003886
v 0.951437 0.019430 -2.255840
v 1.203697 0.019415 -2.306587
v 1.254382 0.006728 -2.054633
v 0.750207 -0.250243 -1.966150
v 0.699522 -0.237556 -2.218104
v 0.951782 -0.237571 -2.268851
v 1.002467 -0.250258 -2.016897
v 0.752724 0.006757 -1.953715
v 0.702040 0.019445 -2.205668
v 0.954299 0.019430 -2.256415
v 1.004984 0.006742 -2.004462
v 0.509459 -0.250229 -1.917719
v 0.458774 -0.237541 -2.169672
v 0.711034 -0.237556 -2.220420
v 0.761719 -0.250244 -1.968466
v 0.511976 0.006772 -1.905284
v 0.461291 0.019460 -2.157237
v 0.713551 0.019445 -2.207984
v 0.764236 0.006757 -1.956031
v 0.264419 -0.250214 -1.868424
v 0.213734 -0.237527 -2.120378
v 0.465994 -0.237542 -2.171125
v 0.516679 -0.250229 -1.919172
v 0.266936 0.006786 -1.855989
v 0.216251 0.019474 -2.107942
v 0.468511 0.019459 -2.158689
v 0.519196 0.006771 -1.906736
v 1.445697 -0.238001 -2.359923
v 1.395012 -0.225313 -2.611876
v 1.647272 -0.225328 -2.662624
v 1.697957 -0.238016 -2.410670
v 1.448214 0.019000 -2.347488
v 1.397530 0.031687 -2.599441
v 1.649789 0.031672 -2.650188
v 1.700474 0.018985 -2.398235
v 1.199183 -0.237986 -2.310332
v 1.148498 -0.225299 -2.562285
v 1.400758 -0.225314 -2.613032
v 1.451443 -0.238001 -2.361079
v 1.201700 0.019014 -2.297896
v 1.151015 0.031702 -2.549850
v 1.403275 0.031687 -2.600597
v 1.453960 0.018999 -2.348643
v 0.954110 -0.237972 -2.261030
v 0.903425 -0.225284 -2.512984
v 1.155685 -0.225299 -2.563731
v 1.206370 -0.237987 -2.311778
v 0.956627 0.019029 -2.248595
v 0.905942 0.031717 -2.500548
v 1.158202 0.031702 -2.551296
v 1.208887 0.019014 -2.299342
v 0.704712 -0.237957 -2.210859
v 0.654027 -0.225269 -2.462812
v 0.906287 -0.225284 -2.513560
v 0.956972 -0.237972 -2.261606
v 0.707229 0.019044 -2.198424
v 0.656544 0.031732 -2.450377
v 0.908804 0.031716 -2.501124
v 0.959489 0.019029 -2.249171
v 0.463964 -0.237943 -2.162428
v 0.413279 -0.225255 -2.414381
v 0.665539 -0.225270 -2.465128
v 0.716224 -0.237958 -2.213175
v 0.466481 0.019058 -2.149992
v 0.415796 0.031746 -2.401946
v 0.668056 0.031731 -2.452693
v 0.718741 0.019043 -2.200739
v 0.218924 -0.237928 -2.113133
v 0.168239 -0.225240 -2.365087
v 0.420499 -0.225255 -2.415834
v 0.471184 -0.237943 -2.163880
v 0.221441 0.019073 -2.100698
v 0.170756 0.031760 -2.352651
v 0.423016 0.031745 -2.403398
v 0.473701 0.019058 -2.151445
v 1.494779 -0.250288 -2.115936
v 1.444095 -0.237600 -2.367889
v 1.696355 -0.237615 -2.418637
v 1.747039 -0.250303 -2.166683
v 1.497296 0.006713 -2.103501
v 1.446612 0.019401 -2.355454
v 1.698872 0.019386 -2.406201
v 1.749556 0.006698 -2.154248
v 1.248265 -0.250273 -2.066345
v 1.197580 -0.237585 -2.318298
v 1.449840 -0.237600 -2.369045
v 1.500525 -0.250288 -2.117092
v 1.250782 0.006728 -2.053909
v 1.200097 0.019416 -2.305863
v 1.452357 0.019401 -2.356610
v 1.503042 0.006713 -2.104656
v 1.003192 -0.250258 -2.017043
v 0.952507 -0.237571 -2.268997
v 1.204767 -0.237586 -2.319744
v 1.255452 -0.250273 -2.067791
v 1.005709 0.006742 -2.004608
v 0.955024 0.019430 -2.256561
v 1.207284 0.019415 -2.307308
v 1.257969 0.006727 -2.055355
v 0.753794 -0.250244 -1.966872
v 0.703110 -0.237556 -2.218825
v 0.955370 -0.237571 -2.269572
v 1.006054 -0.250259 -2.017619
v 0.756311 0.006757 -1.954437
v 0.705627 0.019445 -2.206390
v 0.957887 0.019430 -2.257137
v 1.008571 0.006742 -2.005184
v 0.513046 -0.250229 -1.918441
v 0.462361 -0.237541 -2.170394
v 0.714621 -0.237557 -2.221141
v 0.765306 -0.250244 -1.969188
v 0.515563 0.006772 -1.906005
v 0.464878 0.019459 -2.157959
v 0.717138 0.019444 -2.208706
v 0.767823 0.006757 -1.956752
v 0.268006 -0.250215 -1.869146
v 0.217322 -0.237527 -2.121099
v 0.469582 -0.237542 -2.171847
v 0.520266 -0.250230 -1.919893
v 0.270523 0.006786 -1.856711
v 0.219839 0.019474 -2.108664
v 0.472099 0.019459 -2.159411
v 0.522783 0.006771 -1.907458
v 1.540635 -0.262515 -1.872524
v 1.489951 -0.249827 -2.124478
v 1.742211 -0.249842 -2.175225
v 1.792895 -0.262530 -1.923272
v 1.543152 -0.005514 -1.860089
v 1.492468 0.007174 -2.112042
v 1.744728 0.007159 -2.162789
v 1.795412 -0.005529 -1.910836
v 1.294121 -0.262500 -1.822933
v 1.243436 -0.249812 -2.074886
v 1.495696 -0.249827 -2.125634
v 1.546381 -0.262515 -1.873680
v 1.296638 -0.005499 -1.810498
v 1.245953 0.007188 -2.062451
v 1.498213 0.007173 -2.113198
v 1.548898 -0.005514 -1.861245
v 1.049048 -0.262485 -1.773632
v 0.998363 -0.249798 -2.025585
v 1.250623 -0.249813 -2.076332
v 1.301308 -0.262500 -1.824379
v 1.051565 -0.005485 -1.761196
v 1.000880 0.007203 -2.013150
v 1.253140 0.007188 -2.063897
v 1.303825 -0.005500 -1.811943
v 0.799650 -0.262471 -1.723460
v 0.748965 -0.249783 -1.975414
v 1.001226 -0.249798 -2.026161
v 1.051910 -0.262486 -1.774207
v 0.802167 -0.005470 -1.711025
v 0.751482 0.007218 -1.962978
v 1.003743 0.007203 -2.013725
v 1.054427 -0.005485 -1.761772
v 0.558902 -0.262456 -1.675029
v 0.508217 -0.249769 -1.926983
v 0.760477 -0.249784 -1.977730
v 0.811162 -0.262471 -1.725776
v 0.561419 -0.005455 -1.662594
v 0.510735 0.007232 -1.914547
v 0.762994 0.007217 -1.965294
v 0.813679 -0.005470 -1.713341
v 0.313862 -0.262442 -1.625734
v 0.263178 -0.249754 -1.877688
v 0.515438 -0.249769 -1.928435
v 0.566122 -0.262457 -1.676482
v 0.316379 -0.005441 -1.613299
v 0.265695 0.007247 -1.865252
v 0.517955 0.007232 -1.915999
v 0.568639 -0.005456 -1.664046
v 1.589718 -0.274801 -1.628537
v 1.539033 -0.262114 -1.880491
v 1.791293 -0.262129 -1.931238
v 1.841978 -0.274816 -1.679284
v 1.592234 -0.017800 -1.616102
v 1.541550 -0.005113 -1.868055
v 1.793810 -0.005128 -1.918802
v 1.844495 -0.017815 -1.666849
v 1.343203 -0.274787 -1.578946
v 1.292518 -0.262099 -1.830899
v 1.544778 -0.262114 -1.881647
v 1.595463 -0.274802 -1.629693
v 1.345720 -0.017786 -1.566510
v 1.295035 -0.005098 -1.818464
v 1.547295 -0.005113 -1.869211
v 1.597980 -0.017801 -1.617258
v 1.098130 -0.274772 -1.529645
v 1.047445 -0.262084 -1.781598
v 1.299706 -0.262099 -1.832345
v 1.350390 -0.274787 -1.580392
v 1.100647 -0.017771 -1.517209
v 1.049962 -0.005083 -1.769163
v 1.302223 -0.005099 -1.819910
v 1.352907 -0.017786 -1.567956
v 0.848732 -0.274757 -1.479473
v 0.798048 -0.262069 -1.731427
v 1.050308 -0.262084 -1.782174
v 1.100993 -0.274772 -1.530220
v 0.851249 -0.017756 -1.467038
v 0.800564 -0.005069 -1.718991
v 1.052825 -0.005084 -1.769738
v 1.103510 -0.017771 -1.517785
v 0.607984 -0.274743 -1.431042
v 0.557299 -0.262055 -1.682995
v 0.809560 -0.262070 -1.733743
v 0.860244 -0.274758 -1.481789
v 0.610501 -0.017742 -1.418607
v 0.559817 -0.005054 -1.670560
v 0.812077 -0.005069 -1.721307
v 0.862761 -0.017757 -1.469354
v 0.362944 -0.274728 -1.381747
v 0.312260 -0.262040 -1.633701
v 0.564520 -0.262056 -1.684448
v 0.615205 -0.274743 -1.432495
v 0.365461 -0.017727 -1.369312
v 0.314777 -0.005040 -1.621265
v 0.567037 -0.005055 -1.672012
v 0.617722 -0.017742 -1.420059
v 1.684005 -0.299302 -1.141282
v 1.633320 -0.286614 -1.393235
v 1.885580 -0.286629 -1.443982
v 1.936265 -0.299317 -1.192029
v 1.686522 -0.042301 -1.128846
v 1.635837 -0.029613 -1.380800
v 1.888097 -0.029628 -1.431547
v 1.938782 -0.042316 -1.179593
v 1.437490 -0.299287 -1.091690
v 1.386806 -0.286599 -1.343644
v 1.639066 -0.286614 -1.394391
v 1.689750 -0.299302 -1.142437
v 1.440007 -0.042286 -1.079255
v 1.389323 -0.029598 -1.331208
v 1.641583 -0.029613 -1.381955
v 1.692267 -0.042301 -1.130002
v 1.192418 -0.299272 -1.042389
v 1.141733 -0.286585 -1.294342
v 1.393993 -0.286600 -1.345089
v 1.444677 -0.299287 -1.093136
v 1.194934 -0.042271 -1.029953
v 1.144250 -0.029584 -1.281907
v 1.396510 -0.029599 -1.332654
v 1.447194 -0.042287 -1.080701
v 0.943020 -0.299257 -0.992218
v 0.892335 -0.286570 -1.244171
v 1.144595 -0.286585 -1.294918
v 1.195280 -0.299272 -1.042965
v 0.945537 -0.042257 -0.979782
v 0.894852 -0.029569 -1.231736
v 1.147112 -0.029584 -1.282483
v 1.197797 -0.042272 -1.030529
v 0.702272 -0.299243 -0.943786
v 0.651587 -0.286555 -1.195740
v 0.903847 -0.286570 -1.246487
v 0.954532 -0.299258 -0.994534
v 0.704789 -0.042242 -0.931351
v 0.654104 -0.029555 -1.183304
v 0.906364 -0.029570 -1.234051
v 0.957049 -0.042257 -0.982098
v 0.457232 -0.299229 -0.894492
v 0.406547 -0.286541 -1.146445
v 0.658807 -0.286556 -1.197192
v 0.709492 -0.299244 -0.945239
v 0.459749 -0.042228 -0.882056
v 0.409064 -0.029540 -1.134010
v 0.661324 -0.029555 -1.184757
v 0.712009 -0.042243 -0.932803
v 1.638510 -0.287015 -1.385990
v 1.587825 -0.274328 -1.637944
v 1.840085 -0.274343 -1.688691
v 1.890770 -0.287030 -1.436738
v 1.641027 -0.030014 -1.373555
v 1.590342 -0.017327 -1.625508
v 1.842602 -0.017342 -1.676255
v 1.893287 -0.030030 -1.424302
v 1.391996 -0.287001 -1.336399
v 1.341311 -0.274313 -1.588352
v 1.593571 -0.274328 -1.639100
v 1.644256 -0.287016 -1.387146
v 1.394513 -0.030000 -1.323964
v 1.343828 -0.017312 -1.575917
v 1.596088 -0.017327 -1.626664
v 1.646773 -0.030015 -1.374711
v 1.146922 -0.286986 -1.287098
v 1.096238 -0.274298 -1.539051
v 1.348498 -0.274313 -1.589798
v 1.399183 -0.287001 -1.337845
v 1.149439 -0.029985 -1.274662
v 1.098755 -0.017297 -1.526616
v 1.351015 -0.017313 -1.577363
v 1.401700 -0.030000 -1.325409
v 0.897525 -0.286971 -1.236926
v 0.846840 -0.274283 -1.488880
v 1.099100 -0.274298 -1.539627
v 1.149785 -0.286986 -1.287673
v 0.900042 -0.029970 -1.224491
v 0.849357 -0.017283 -1.476444
v 1.101617 -0.017298 -1.527191
v 1.152302 -0.029985 -1.275238
v 0.656777 -0.286957 -1.188495
v 0.606092 -0.274269 -1.440448
v 0.858352 -0.274284 -1.491196
v 0.909037 -0.286972 -1.239242
v 0.659294 -0.029956 -1.176060
v 0.608609 -0.017268 -1.428013
v 0.860869 -0.017283 -1.478760
v 0.911554 -0.029971 -1.226807
v 0.411737 -0.286942 -1.139200
v 0.361052 -0.274255 -1.391154
v 0.613312 -0.274270 -1.441901
v 0.663997 -0.286957 -1.189948
v 0.414254 -0.029941 -1.126765
v 0.363569 -0.017254 -1.378718
v 0.615829 -0.017269 -1.429465
v 0.666514 -0.029956 -1.177512
v 1.687592 -0.299302 -1.142003
v 1.636907 -0.286614 -1.393957
v 1.889167 -0.286629 -1.444704
v 1.939852 -0.299317 -1.192750
v 1.690109 -0.042301 -1.129568
v 1.639424 -0.029613 -1.381521
v 1.891684 -0.029628 -1.432268
v 1.942369 -0.042316 -1.180315
v 1.441078 -0.299287 -1.092412
v 1.390393 -0.286599 -1.344365
v 1.642653 -0.286614 -1.395113
v 1.693338 -0.299302 -1.143159
v 1.443595 -0.042286 -1.079977
v 1.392910 -0.029599 -1.331930
v 1.645170 -0.029614 -1.382677
v 1.695855 -0.042301 -1.130723
v 1.196005 -0.299273 -1.043111
v 1.145320 -0.286585 -1.295064
v 1.397580 -0.286600 -1.345811
v 1.448265 -0.299288 -1.093858
v 1.198521 -0.042272 -1.030675
v 1.147837 -0.029584 -1.282629
v 1.400097 -0.029599 -1.333376
v 1.450782 -0.042287 -1.081422
v 0.946607 -0.299258 -0.992939
v 0.895922 -0.286570 -1.244893
v 1.148182 -0.286585 -1.295640
v 1.198867 -0.299273 -1.043686
v 0.949124 -0.042257 -0.980504
v 0.898439 -0.029569 -1.232457
v 1.150699 -0.029584 -1.283204
v 1.201384 -0.042272 -1.031251
v 0.705859 -0.299243 -0.944508
v 0.655174 -0.286556 -1.196461
v 0.907434 -0.286571 -1.247208
v 0.958119 -0.299258 -0.995255
v 0.708376 -0.042243 -0.932073
v 0.657691 -0.029555 -1.184026
v 0.909951 -0.029570 -1.234773
v 0.960636 -0.042258 -0.982820
v 0.460819 -0.299229 -0.895213
v 0.410134 -0.286541 -1.147167
v 0.662394 -0.286556 -1.197914
v 0.713079 -0.299244 -0.945961
v 0.463336 -0.042228 -0.882778
v 0.412652 -0.029540 -1.134731
v 0.664911 -0.029555 -1.185478
v 0.715596 -0.042243 -0.933525
v -1.998085 -0.114815 -4.208744
v -2.048769 -0.102127 -4.460697
v -1.796509 -0.102142 -4.511444
v -1.745825 -0.114830 -4.259491
v -1.995568 0.142186 -4.196308
v -2.046252 0.154873 -4.448262
v -1.793992 0.154858 -4.499009
v -1.743308 0.142171 -4.247055
v -2.244599 -0.114800 -4.159152
v -2.295284 -0.102113 -4.411106
v -2.043024 -0.102128 -4.461853
v -1.992339 -0.114815 -4.209899
v -2.242082 0.142200 -4.146717
v -2.292767 0.154888 -4.398670
v -2.040507 0.154873 -4.449417
v -1.989822 0.142185 -4.197464
v -2.489672 -0.114786 -4.109851
v -2.540357 -0.102098 -4.361804
v -2.288097 -0.102113 -4.412552
v -2.237412 -0.114801 -4.160598
v -2.487155 0.142215 -4.097415
v -2.537840 0.154903 -4.349369
v -2.285580 0.154888 -4.400116
v -2.234895 0.142200 -4.148162
v -2.739070 -0.114771 -4.059680
v -2.789754 -0.102083 -4.311633
v -2.537494 -0.102098 -4.362380
v -2.486810 -0.114786 -4.110427
v -2.736553 0.142230 -4.047244
v -2.787238 0.154918 -4.299198
v -2.534977 0.154903 -4.349945
v -2.484293 0.142215 -4.097991
v -2.979818 -0.114757 -4.011249
v -3.030503 -0.102069 -4.263202
v -2.778243 -0.102084 -4.313949
v -2.727558 -0.114772 -4.061996
v -2.977301 0.142244 -3.998813
v -3.027986 0.154932 -4.250767
v -2.775725 0.154917 -4.301514
v -2.725041 0.142229 -4.049560
v -3.224858 -0.114742 -3.961954
v -3.275542 -0.102054 -4.213907
v -3.023282 -0.102069 -4.264654
v -2.972598 -0.114757 -4.012701
v -3.222341 0.142259 -3.949518
v -3.273026 0.154947 -4.201472
v -3.020765 0.154932 -4.252219
v -2.970081 0.142244 -4.000265
v -1.949003 -0.127102 -3.964756
v -1.999687 -0.114414 -4.216710
v -1.747427 -0.114429 -4.267457
v -1.696742 -0.127117 -4.015504
v -1.946486 0.129899 -3.952321
v -1.997170 0.142587 -4.204274
v -1.744910 0.142572 -4.255022
v -1.694225 0.129884 -4.003068
v -2.195517 -0.127087 -3.915165
v -2.246202 -0.114399 -4.167119
v -1.993942 -0.114414 -4.217866
v -1.943257 -0.127102 -3.965912
v -2.193000 0.129914 -3.902730
v -2.243685 0.142602 -4.154683
v -1.991425 0.142587 -4.205430
v -1.940740 0.129899 -3.953477
v -2.440590 -0.127072 -3.865864
v -2.491275 -0.114385 -4.117817
v -2.239015 -0.114400 -4.168564
v -2.188330 -0.127087 -3.916611
v -2.438073 0.129929 -3.853428
v -2.488758 0.142616 -4.105382
v -2.236498 0.142601 -4.156129
v -2.185813 0.129914 -3.904175
v -2.689988 -0.127057 -3.815692
v -2.740672 -0.114370 -4.067646
v -2.488412 -0.114385 -4.118393
v -2.437727 -0.127072 -3.866440
v -2.687471 0.129943 -3.803257
v -2.738155 0.142631 -4.055211
v -2.485895 0.142616 -4.105958
v -2.435211 0.129928 -3.854004
v -2.930736 -0.127043 -3.767261
v -2.981421 -0.114355 -4.019215
v -2.729160 -0.114370 -4.069962
v -2.678476 -0.127058 -3.818008
v -2.928219 0.129958 -3.754826
v -2.978903 0.142645 -4.006779
v -2.726643 0.142630 -4.057526
v -2.675959 0.129943 -3.805573
v -3.175776 -0.127028 -3.717967
v -3.226460 -0.114341 -3.969920
v -2.974200 -0.114356 -4.020667
v -2.923515 -0.127044 -3.768714
v -3.173259 0.129972 -3.705531
v -3.223943 0.142660 -3.957484
v -2.971683 0.142645 -4.008232
v -2.920999 0.129957 -3.756278
v -1.854715 -0.151602 -3.477501
v -1.905400 -0.138914 -3.729454
v -1.653140 -0.138929 -3.780201
v -1.602455 -0.151617 -3.528248
v -1.852198 0.105399 -3.465065
v -1.902883 0.118087 -3.717019
v -1.650623 0.118072 -3.767766
v -1.599938 0.105384 -3.515812
v -2.101230 -0.151587 -3.427909
v -2.151914 -0.138899 -3.679863
v -1.899654 -0.138914 -3.730610
v -1.848969 -0.151602 -3.478657
v -2.098713 0.105414 -3.415474
v -2.149397 0.118101 -3.667427
v -1.897137 0.118086 -3.718174
v -1.846452 0.105399 -3.466221
v -2.346303 -0.151573 -3.378608
v -2.396987 -0.138885 -3.630561
v -2.144727 -0.138900 -3.681309
v -2.094042 -0.151588 -3.429355
v -2.343786 0.105428 -3.366173
v -2.394470 0.118116 -3.618126
v -2.142210 0.118101 -3.668873
v -2.091526 0.105413 -3.416920
v -2.595700 -0.151558 -3.328437
v -2.646385 -0.138870 -3.580390
v -2.394125 -0.138885 -3.631137
v -2.343440 -0.151573 -3.379184
v -2.593183 0.105443 -3.316001
v -2.643868 0.118131 -3.567955
v -2.391608 0.118116 -3.618702
v -2.340923 0.105428 -3.366748
v -2.836448 -0.151543 -3.280005
v -2.887133 -0.138856 -3.531959
v -2.634873 -0.138871 -3.582706
v -2.584188 -0.151558 -3.330753
v -2.833931 0.105457 -3.267570
v -2.884616 0.118145 -3.519523
v -2.632356 0.118130 -3.570271
v -2.581671 0.105442 -3.318317
v -3.081488 -0.151529 -3.230711
v -3.132173 -0.138841 -3.482664
v -2.879913 -0.138856 -3.533412
v -2.829228 -0.151544 -3.281458
v -3.078971 0.105472 -3.218276
v -3.129656 0.118160 -3.470229
v -2.877396 0.118145 -3.520976
v -2.826711 0.105457 -3.269022
v -1.900210 -0.139316 -3.722209
v -1.950895 -0.126628 -3.974163
v -1.698635 -0.126643 -4.024910
v -1.647950 -0.139331 -3.772957
v -1.897693 0.117685 -3.709774
v -1.948378 0.130373 -3.961728
v -1.696118 0.130358 -4.012475
v -1.645433 0.117670 -3.760521
v -2.146725 -0.139301 -3.672618
v -2.197409 -0.126613 -3.924572
v -1.945149 -0.126628 -3.975319
v -1.894464 -0.139316 -3.723365
v -2.144207 0.117700 -3.660183
v -2.194892 0.130388 -3.912136
v -1.942632 0.130373 -3.962883
v -1.891948 0.117685 -3.710930
v -2.391798 -0.139286 -3.623317
v -2.442482 -0.126599 -3.875270
v -2.190222 -0.126614 -3.926017
v -2.139537 -0.139301 -3.674064
v -2.389281 0.117715 -3.610881
v -2.439965 0.130402 -3.862835
v -2.187705 0.130387 -3.913582
v -2.137021 0.117700 -3.661628
v -2.641195 -0.139271 -3.573145
v -2.691880 -0.126584 -3.825099
v -2.439620 -0.126599 -3.875846
v -2.388935 -0.139286 -3.623893
v -2.638678 0.117729 -3.560710
v -2.689363 0.130417 -3.812664
v -2.437103 0.130402 -3.863410
v -2.386418 0.117714 -3.611457
v -2.881943 -0.139257 -3.524714
v -2.932628 -0.126569 -3.776668
v -2.680368 -0.126584 -3.827415
v -2.629683 -0.139272 -3.575461
v -2.879426 0.117744 -3.512279
v -2.930111 0.130431 -3.764232
v -2.677851 0.130416 -3.814979
v -2.627166 0.117729 -3.563026
v -3.126983 -0.139243 -3.475420
v -3.177668 -0.126555 -3.727373
v -2.925408 -0.126570 -3.778120
v -2.874723 -0.139258 -3.526167
v -3.124466 0.117758 -3.462984
v -3.175151 0.130446 -3.714938
v -2.922891 0.130431 -3.765685
v -2.872206 0.117743 -3.513731
v -1.851128 -0.151602 -3.478222
v -1.901813 -0.138914 -3.730176
v -1.649552 -0.138929 -3.780923
v -1.598868 -0.151617 -3.528970
v -1.848611 0.105399 -3.465787
v -1.899296 0.118086 -3.717740
v -1.647035 0.118071 -3.768487
v -1.596351 0.105384 -3.516534
v -2.097642 -0.151587 -3.428631
v -2.148327 -0.138900 -3.680584
v -1.896067 -0.138915 -3.731332
v -1.845382 -0.151602 -3.479378
v -2.095125 0.105413 -3.416196
v -2.145810 0.118101 -3.668149
v -1.893550 0.118086 -3.718896
v -1.842865 0.105398 -3.466943
v -2.342715 -0.151573 -3.379330
v -2.393400 -0.138885 -3.631283
v -2.141140 -0.138900 -3.682030
v -2.090455 -0.151588 -3.430077
v -2.340199 0.105428 -3.366894
v -2.390883 0.118116 -3.618848
v -2.138623 0.118101 -3.669595
v -2.087938 0.105413 -3.417641
v -2.592113 -0.151558 -3.329158
v -2.642798 -0.138870 -3.581112
v -2.390538 -0.138885 -3.631859
v -2.339853 -0.151573 -3.379905
v -2.589596 0.105443 -3.316723
v -2.640281 0.118131 -3.568676
v -2.388021 0.118116 -3.619423
v -2.337336 0.105428 -3.367470
v -2.832861 -0.151544 -3.280727
v -2.883546 -0.138856 -3.532681
v -2.631286 -0.138871 -3.583428
v -2.580601 -0.151559 -3.331474
v -2.830344 0.105457 -3.268292
v -2.881029 0.118145 -3.520245
v -2.628769 0.118130 -3.570992
v -2.578084 0.105442 -3.319039
v -3.077901 -0.151529 -3.231432
v -3.128586 -0.138841 -3.483386
v -2.876326 -0.138856 -3.534133
v -2.825641 -0.151544 -3.282180
v -3.075384 0.105472 -3.218997
v -3.126069 0.118160 -3.470950
v -2.873809 0.118144 -3.521698
v -2.823124 0.105457 -3.269744
v -1.805272 -0.163829 -3.234811
v -1.855957 -0.151141 -3.486764
v -1.603696 -0.151156 -3.537511
v -1.553012 -0.163844 -3.285558
v -1.802755 0.093172 -3.222375
v -1.853439 0.105859 -3.474329
v -1.601179 0.105844 -3.525076
v -1.550495 0.093157 -3.273122
v -2.051786 -0.163814 -3.185220
v -2.102471 -0.151127 -3.437173
v -1.850211 -0.151142 -3.487920
v -1.799526 -0.163830 -3.235967
v -2.049269 0.093186 -3.172784
v -2.099954 0.105874 -3.424737
v -1.847694 0.105859 -3.475484
v -1.797009 0.093171 -3.223531
v -2.296859 -0.163800 -3.135918
v -2.347544 -0.151112 -3.387872
v -2.095284 -0.151127 -3.438619
v -2.044599 -0.163815 -3.186665
v -2.294342 0.093201 -3.123483
v -2.345027 0.105889 -3.375436
v -2.092767 0.105874 -3.426183
v -2.042082 0.093186 -3.174230
v -2.546257 -0.163785 -3.085747
v -2.596942 -0.151097 -3.337700
v -2.344682 -0.151112 -3.388447
v -2.293997 -0.163800 -3.136494
v -2.543740 0.093216 -3.073311
v -2.594425 0.105903 -3.325265
v -2.342165 0.105888 -3.376012
v -2.291480 0.093201 -3.124058
v -2.787005 -0.163771 -3.037316
v -2.837690 -0.151083 -3.289269
v -2.585430 -0.151098 -3.340016
v -2.534745 -0.163786 -3.088063
v -2.784488 0.093230 -3.024880
v -2.835173 0.105918 -3.276834
v -2.582913 0.105903 -3.327580
v -2.532228 0.093215 -3.075627
v -3.032045 -0.163756 -2.988021
v -3.082730 -0.151068 -3.239974
v -2.830470 -0.151083 -3.290721
v -2.779785 -0.163771 -3.038768
v -3.029528 0.093245 -2.975585
v -3.080212 0.105932 -3.227539
v -2.827952 0.105917 -3.278286
v -2.777268 0.093230 -3.026332
v -1.756190 -0.176116 -2.990824
v -1.806874 -0.163428 -3.242777
v -1.554614 -0.163443 -3.293524
v -1.503930 -0.176131 -3.041571
v -1.753673 0.080885 -2.978388
v -1.804357 0.093573 -3.230342
v -1.552097 0.093558 -3.281089
v -1.501413 0.080870 -3.029135
v -2.002704 -0.176101 -2.941232
v -2.053389 -0.163413 -3.193186
v -1.801129 -0.163428 -3.243933
v -1.750444 -0.176116 -2.991980
v -2.000187 0.080900 -2.928797
v -2.050872 0.093588 -3.180750
v -1.798612 0.093572 -3.231497
v -1.747927 0.080885 -2.979544
v -2.247777 -0.176086 -2.891931
v -2.298462 -0.163399 -3.143884
v -2.046202 -0.163414 -3.194632
v -1.995517 -0.176101 -2.942678
v -2.245260 0.080914 -2.879496
v -2.295945 0.093602 -3.131449
v -2.043685 0.093587 -3.182196
v -1.993000 0.080899 -2.930243
v -2.497175 -0.176072 -2.841760
v -2.547860 -0.163384 -3.093713
v -2.295599 -0.163399 -3.144460
v -2.244915 -0.176087 -2.892507
v -2.494658 0.080929 -2.829324
v -2.545342 0.093617 -3.081278
v -2.293082 0.093602 -3.132025
v -2.242398 0.080914 -2.880071
v -2.737923 -0.176057 -2.793329
v -2.788608 -0.163370 -3.045282
v -2.536347 -0.163385 -3.096029
v -2.485663 -0.176072 -2.844076
v -2.735406 0.080944 -2.780893
v -2.786090 0.093631 -3.032846
v -2.533831 0.093616 -3.083593
v -2.483146 0.080929 -2.831640
v -2.982963 -0.176043 -2.744034
v -3.033648 -0.163355 -2.995987
v -2.781387 -0.163370 -3.046734
v -2.730703 -0.176058 -2.794781
v -2.980446 0.080958 -2.731598
v -3.031130 0.093646 -2.983552
v -2.778870 0.093631 -3.034299
v -2.728186 0.080943 -2.782345
v -1.661902 -0.200616 -2.503568
v -1.712587 -0.187928 -2.755521
v -1.460327 -0.187943 -2.806268
v -1.409642 -0.200631 -2.554315
v -1.659385 0.056385 -2.491132
v -1.710070 0.069073 -2.743086
v -1.457810 0.069057 -2.793833
v -1.407125 0.056370 -2.541880
v -1.908417 -0.200601 -2.453977
v -1.959101 -0.187914 -2.705930
v -1.706841 -0.187929 -2.756677
v -1.656157 -0.200616 -2.504724
v -1.905900 0.056399 -2.441541
v -1.956584 0.069087 -2.693495
v -1.704324 0.069072 -2.744242
v -1.653640 0.056384 -2.492288
v -2.153490 -0.200587 -2.404675
v -2.204175 -0.187899 -2.656629
v -1.951914 -0.187914 -2.707376
v -1.901230 -0.200602 -2.455423
v -2.150973 0.056414 -2.392240
v -2.201657 0.069102 -2.644193
v -1.949397 0.069087 -2.694940
v -1.898713 0.056399 -2.442987
v -2.402887 -0.200572 -2.354504
v -2.453572 -0.187884 -2.606457
v -2.201312 -0.187899 -2.657205
v -2.150627 -0.200587 -2.405251
v -2.400370 0.056429 -2.342069
v -2.451055 0.069117 -2.594022
v -2.198795 0.069102 -2.644769
v -2.148110 0.056414 -2.392816
v -2.643636 -0.200558 -2.306073
v -2.694320 -0.187870 -2.558026
v -2.442060 -0.187885 -2.608773
v -2.391376 -0.200573 -2.356820
v -2.641119 0.056443 -2.293637
v -2.691803 0.069131 -2.545591
v -2.439543 0.069116 -2.596338
v -2.388859 0.056428 -2.344384
v -2.888675 -0.200543 -2.256778
v -2.939360 -0.187855 -2.508731
v -2.687100 -0.187870 -2.559479
v -2.636415 -0.200558 -2.307525
v -2.886158 0.056458 -2.244343
v -2.936843 0.069146 -2.496296
v -2.684583 0.069131 -2.547043
v -2.633898 0.056443 -2.295090
v -1.707397 -0.188330 -2.748277
v -1.758082 -0.175642 -3.000230
v -1.505822 -0.175657 -3.050977
v -1.455137 -0.188345 -2.799024
v -1.704880 0.068671 -2.735841
v -1.755565 0.081359 -2.987795
v -1.503305 0.081344 -3.038542
v -1.452620 0.068656 -2.786588
v -1.953912 -0.188315 -2.698685
v -2.004596 -0.175627 -2.950639
v -1.752336 -0.175642 -3.001386
v -1.701652 -0.188330 -2.749433
v -1.951395 0.068686 -2.686250
v -2.002079 0.081374 -2.938203
v -1.749819 0.081358 -2.988950
v -1.699135 0.068671 -2.736997
v -2.198985 -0.188300 -2.649384
v -2.249669 -0.175613 -2.901337
v -1.997409 -0.175628 -2.952085
v -1.946725 -0.188315 -2.700131
v -2.196468 0.068700 -2.636949
v -2.247152 0.081388 -2.888902
v -1.994892 0.081373 -2.939649
v -1.944208 0.068685 -2.687696
v -2.448382 -0.188286 -2.599213
v -2.499067 -0.175598 -2.851166
v -2.246807 -0.175613 -2.901913
v -2.196122 -0.188301 -2.649960
v -2.445865 0.068715 -2.586777
v -2.496550 0.081403 -2.838731
v -2.244290 0.081388 -2.889478
v -2.193605 0.068700 -2.637524
v -2.689131 -0.188271 -2.550781
v -2.739815 -0.175584 -2.802735
v -2.487555 -0.175599 -2.853482
v -2.436871 -0.188286 -2.601529
v -2.686614 0.068730 -2.538346
v -2.737298 0.081417 -2.790299
v -2.485038 0.081402 -2.841046
v -2.434353 0.068715 -2.589093
v -2.934170 -0.188257 -2.501487
v -2.984855 -0.175569 -2.753440
v -2.732595 -0.175584 -2.804187
v -2.681910 -0.188272 -2.552234
v -2.931653 0.068744 -2.489051
v -2.982338 0.081432 -2.741005
v -2.730078 0.081417 -2.791752
v -2.679393 0.068729 -2.539798
v -1.658315 -0.200616 -2.504290
v -1.709000 -0.187929 -2.756243
v -1.456740 -0.187944 -2.806990
v -1.406055 -0.200631 -2.555037
v -1.655798 0.056385 -2.491854
v -1.706483 0.069072 -2.743808
v -1.454223 0.069057 -2.794555
v -1.403538 0.056370 -2.542601
v -1.904830 -0.200602 -2.454698
v -1.955514 -0.187914 -2.706652
v -1.703254 -0.187929 -2.757399
v -1.652570 -0.200617 -2.505445
v -1.902313 0.056399 -2.442263
v -1.952997 0.069087 -2.694216
v -1.700737 0.069072 -2.744963
v -1.650053 0.056384 -2.493010
v -2.149903 -0.200587 -2.405397
v -2.200587 -0.187899 -2.657350
v -1.948327 -0.187914 -2.708097
v -1.897642 -0.200602 -2.456144
v -2.147386 0.056414 -2.392962
v -2.198070 0.069102 -2.644915
v -1.945810 0.069087 -2.695662
v -1.895126 0.056399 -2.443709
v -2.399300 -0.200572 -2.355226
v -2.449985 -0.187884 -2.607179
v -2.197725 -0.187899 -2.657926
v -2.147040 -0.200587 -2.405973
v -2.396783 0.056429 -2.342790
v -2.447468 0.069116 -2.594744
v -2.195208 0.069101 -2.645491
v -2.144523 0.056414 -2.393537
v -2.640049 -0.200558 -2.306794
v -2.690733 -0.187870 -2.558748
v -2.438473 -0.187885 -2.609495
v -2.387788 -0.200573 -2.357542
v -2.637532 0.056443 -2.294359
v -2.688216 0.069131 -2.546312
v -2.435956 0.069116 -2.597059
v -2.385271 0.056428 -2.345106
v -2.885088 -0.200543 -2.257500
v -2.935773 -0.187855 -2.509453
v -2.683513 -0.187870 -2.560200
v -2.632828 -0.200558 -2.308247
v -2.882571 0.056458 -2.245064
v -2.933256 0.069145 -2.497018
v -2.680996 0.069130 -2.547765
v -2.630311 0.056443 -2.295811
v -0.524353 -0.114903 -4.505214
v -0.575038 -0.102215 -4.757168
v -0.322778 -0.102230 -4.807915
v -0.272093 -0.114918 -4.555962
v -0.521836 0.142098 -4.492779
v -0.572521 0.154786 -4.744732
v -0.320261 0.154771 -4.795479
v -0.269576 0.142083 -4.543526
v -0.770867 -0.114888 -4.455623
v -0.821552 -0.102200 -4.707576
v -0.569292 -0.102215 -4.758324
v -0.518607 -0.114903 -4.506370
v -0.768350 0.142113 -4.443188
v -0.819035 0.154800 -4.695141
v -0.566775 0.154785 -4.745888
v -0.516090 0.142098 -4.493935
v -1.015940 -0.114874 -4.406322
v -1.066625 -0.102186 -4.658275
v -0.814365 -0.102201 -4.709022
v -0.763680 -0.114889 -4.457068
v -1.013423 0.142127 -4.393886
v -1.064108 0.154815 -4.645840
v -0.811848 0.154800 -4.696587
v -0.761163 0.142112 -4.444633
v -1.265338 -0.114859 -4.356150
v -1.316023 -0.102171 -4.608104
v -1.063763 -0.102186 -4.658851
v -1.013078 -0.114874 -4.406898
v -1.262821 0.142142 -4.343715
v -1.313506 0.154830 -4.595668
v -1.061246 0.154815 -4.646415
v -1.010561 0.142127 -4.394462
v -1.506086 -0.114844 -4.307719
v -1.556771 -0.102157 -4.559672
v -1.304511 -0.102172 -4.610419
v -1.253826 -0.114859 -4.358466
v -1.503569 0.142156 -4.295283
v -1.554254 0.154844 -4.547237
v -1.301994 0.154829 -4.597984
v -1.251309 0.142141 -4.346030
v -1.751126 -0.114830 -4.258424
v -1.801811 -0.102142 -4.510378
v -1.549551 -0.102157 -4.561125
v -1.498866 -0.114845 -4.309172
v -1.748609 0.142171 -4.245989
v -1.799294 0.154859 -4.497942
v -1.547034 0.154844 -4.548689
v -1.496349 0.142156 -4.296736
v -0.475271 -0.127189 -4.261227
v -0.525955 -0.114502 -4.513181
v -0.273695 -0.114517 -4.563928
v -0.223011 -0.127204 -4.311975
v -0.472754 0.129812 -4.248792
v -0.523438 0.142499 -4.500745
v -0.271178 0.142484 -4.551492
v -0.220494 0.129796 -4.299539
v -0.721785 -0.127175 -4.211636
v -0.772470 -0.114487 -4.463589
v -0.520210 -0.114502 -4.514337
v -0.469525 -0.127190 -4.262383
v -0.719268 0.129826 -4.199200
v -0.769953 0.142514 -4.451154
v -0.517693 0.142499 -4.501901
v -0.467008 0.129811 -4.249948
v -0.966858 -0.127160 -4.162334
v -1.017543 -0.114472 -4.414288
v -0.765283 -0.114487 -4.465035
v -0.714598 -0.127175 -4.213081
v -0.964341 0.129841 -4.149899
v -1.015026 0.142528 -4.401853
v -0.762766 0.142513 -4.452600
v -0.712081 0.129826 -4.200646
v -1.216256 -0.127145 -4.112163
v -1.266941 -0.114457 -4.364117
v -1.014681 -0.114473 -4.414864
v -0.963996 -0.127160 -4.162910
v -1.213739 0.129856 -4.099728
v -1.264424 0.142543 -4.351681
v -1.012164 0.142528 -4.402428
v -0.961479 0.129841 -4.150475
v -1.457004 -0.127131 -4.063732
v -1.507689 -0.114443 -4.315685
v -1.255429 -0.114458 -4.366432
v -1.204744 -0.127146 -4.114479
v -1.454487 0.129870 -4.051296
v -1.505172 0.142558 -4.303250
v -1.252912 0.142543 -4.353997
v -1.202227 0.129855 -4.102043
v -1.702044 -0.127116 -4.014437
v -1.752728 -0.114429 -4.266391
v -1.500468 -0.114444 -4.317138
v -1.449784 -0.127131 -4.065185
v -1.699527 0.129885 -4.002002
v -1.750211 0.142572 -4.253955
v -1.497952 0.142557 -4.304702
v -1.447267 0.129870 -4.052749
v -0.380983 -0.151690 -3.773971
v -0.431668 -0.139002 -4.025925
v -0.179408 -0.139017 -4.076672
v -0.128723 -0.151705 -3.824718
v -0.378466 0.105311 -3.761536
v -0.429151 0.117999 -4.013489
v -0.176891 0.117984 -4.064236
v -0.126206 0.105296 -3.812283
v -0.627498 -0.151675 -3.724380
v -0.678183 -0.138987 -3.976333
v -0.425923 -0.139002 -4.027081
v -0.375238 -0.151690 -3.775127
v -0.624981 0.105326 -3.711945
v -0.675665 0.118014 -3.963898
v -0.423406 0.117999 -4.014645
v -0.372721 0.105311 -3.762691
v -0.872571 -0.151660 -3.675079
v -0.923255 -0.138973 -3.927032
v -0.670995 -0.138988 -3.977779
v -0.620311 -0.151675 -3.725826
v -0.870054 0.105340 -3.662643
v -0.920738 0.118028 -3.914597
v -0.668478 0.118013 -3.965343
v -0.617794 0.105325 -3.713390
v -1.121969 -0.151646 -3.624907
v -1.172653 -0.138958 -3.876861
v -0.920393 -0.138973 -3.927608
v -0.869708 -0.151661 -3.675654
v -1.119452 0.105355 -3.612472
v -1.170136 0.118043 -3.864425
v -0.917876 0.118028 -3.915172
v -0.867191 0.105340 -3.663219
v -1.362717 -0.151631 -3.576476
v -1.413401 -0.138943 -3.828429
v -1.161141 -0.138958 -3.879177
v -1.110457 -0.151646 -3.627223
v -1.360200 0.105370 -3.564041
v -1.410884 0.118057 -3.815994
v -1.158624 0.118042 -3.866741
v -1.107940 0.105355 -3.614788
v -1.607756 -0.151617 -3.527181
v -1.658441 -0.138929 -3.779135
v -1.406181 -0.138944 -3.829882
v -1.355496 -0.151632 -3.577929
v -1.605240 0.105384 -3.514746
v -1.655924 0.118072 -3.766699
v -1.403664 0.118057 -3.817446
v -1.352979 0.105369 -3.565493
v -0.426478 -0.139403 -4.018680
v -0.477163 -0.126716 -4.270634
v -0.224903 -0.126731 -4.321381
v -0.174218 -0.139418 -4.069427
v -0.423961 0.117597 -4.006245
v -0.474646 0.130285 -4.258198
v -0.222386 0.130270 -4.308945
v -0.171701 0.117582 -4.056992
v -0.672993 -0.139389 -3.969089
v -0.723678 -0.126701 -4.221042
v -0.471418 -0.126716 -4.271790
v -0.420733 -0.139404 -4.019836
v -0.670476 0.117612 -3.956653
v -0.721160 0.130300 -4.208607
v -0.468901 0.130285 -4.259354
v -0.418216 0.117597 -4.007401
v -0.918066 -0.139374 -3.919787
v -0.968750 -0.126686 -4.171741
v -0.716491 -0.126701 -4.222488
v -0.665806 -0.139389 -3.970535
v -0.915549 0.117627 -3.907352
v -0.966233 0.130314 -4.159306
v -0.713974 0.130299 -4.210052
v -0.663289 0.117612 -3.958099
v -1.167464 -0.139359 -3.869616
v -1.218148 -0.126671 -4.121570
v -0.965888 -0.126687 -4.172317
v -0.915203 -0.139374 -3.920363
v -1.164947 0.117642 -3.857181
v -1.215631 0.130329 -4.109134
v -0.963371 0.130314 -4.159881
v -0.912686 0.117627 -3.907928
v -1.408212 -0.139345 -3.821185
v -1.458896 -0.126657 -4.073138
v -1.206636 -0.126672 -4.123885
v -1.155951 -0.139360 -3.871932
v -1.405695 0.117656 -3.808749
v -1.456379 0.130344 -4.060703
v -1.204119 0.130329 -4.111450
v -1.153435 0.117641 -3.859496
v -1.653251 -0.139330 -3.771890
v -1.703936 -0.126643 -4.023844
v -1.451676 -0.126658 -4.074591
v -1.400991 -0.139345 -3.822637
v -1.650734 0.117671 -3.759455
v -1.701419 0.130358 -4.011408
v -1.449159 0.130343 -4.062155
v -1.398474 0.117656 -3.810202
v -0.377396 -0.151690 -3.774693
v -0.428081 -0.139002 -4.026647
v -0.175821 -0.139017 -4.077394
v -0.125136 -0.151705 -3.825440
v -0.374879 0.105311 -3.762258
v -0.425564 0.117999 -4.014211
v -0.173304 0.117984 -4.064958
v -0.122619 0.105296 -3.813004
v -0.623911 -0.151675 -3.725101
v -0.674595 -0.138987 -3.977055
v -0.422335 -0.139002 -4.027802
v -0.371651 -0.151690 -3.775849
v -0.621394 0.105326 -3.712666
v -0.672078 0.118013 -3.964620
v -0.419818 0.117998 -4.015367
v -0.369134 0.105311 -3.763413
v -0.868984 -0.151661 -3.675800
v -0.919668 -0.138973 -3.927754
v -0.667408 -0.138988 -3.978501
v -0.616724 -0.151676 -3.726547
v -0.866467 0.105340 -3.663365
v -0.917151 0.118028 -3.915318
v -0.664891 0.118013 -3.966065
v -0.614207 0.105325 -3.714112
v -1.118381 -0.151646 -3.625629
v -1.169066 -0.138958 -3.877582
v -0.916806 -0.138973 -3.928329
v -0.866121 -0.151661 -3.676376
v -1.115865 0.105355 -3.613194
v -1.166549 0.118043 -3.865147
v -0.914289 0.118028 -3.915894
v -0.863604 0.105340 -3.663940
v -1.359129 -0.151631 -3.577198
v -1.409814 -0.138944 -3.829151
v -1.157554 -0.138959 -3.879898
v -1.106869 -0.151646 -3.627945
v -1.356613 0.105369 -3.564762
v -1.407297 0.118057 -3.816716
v -1.155037 0.118042 -3.867463
v -1.104352 0.105354 -3.615509
v -1.604169 -0.151617 -3.527903
v -1.654854 -0.138929 -3.779856
v -1.402594 -0.138944 -3.830604
v -1.351909 -0.151632 -3.578650
v -1.601652 0.105384 -3.515468
v -1.652337 0.118072 -3.767421
v -1.400077 0.118057 -3.818168
v -1.349392 0.105369 -3.566215
v -0.331540 -0.163917 -3.531281
v -0.382225 -0.151229 -3.783235
v -0.129965 -0.151244 -3.833982
v -0.079280 -0.163932 -3.582029
v -0.329023 0.093084 -3.518846
v -0.379708 0.105772 -3.770799
v -0.127448 0.105757 -3.821547
v -0.076763 0.093069 -3.569593
v -0.578055 -0.163902 -3.481690
v -0.628739 -0.151215 -3.733644
v -0.376479 -0.151230 -3.784391
v -0.325795 -0.163917 -3.532437
v -0.575538 0.093099 -3.469254
v -0.626222 0.105786 -3.721208
v -0.373962 0.105771 -3.771955
v -0.323278 0.093084 -3.520002
v -0.823128 -0.163888 -3.432389
v -0.873812 -0.151200 -3.684342
v -0.621552 -0.151215 -3.735089
v -0.570868 -0.163903 -3.483136
v -0.820611 0.093113 -3.419953
v -0.871295 0.105801 -3.671907
v -0.619035 0.105786 -3.722654
v -0.568351 0.093098 -3.470700
v -1.072525 -0.163873 -3.382217
v -1.123210 -0.151185 -3.634171
v -0.870950 -0.151200 -3.684918
v -0.820265 -0.163888 -3.432965
v -1.070008 0.093128 -3.369782
v -1.120693 0.105816 -3.621736
v -0.868433 0.105801 -3.672482
v -0.817748 0.093113 -3.420529
v -1.313273 -0.163858 -3.333786
v -1.363958 -0.151171 -3.585740
v -1.111698 -0.151186 -3.636487
v -1.061013 -0.163873 -3.384533
v -1.310756 0.093142 -3.321351
v -1.361441 0.105830 -3.573304
v -1.109181 0.105815 -3.624051
v -1.058496 0.093127 -3.372098
v -1.558313 -0.163844 -3.284492
v -1.608998 -0.151156 -3.536445
v -1.356738 -0.151171 -3.587192
v -1.306053 -0.163859 -3.335239
v -1.555796 0.093157 -3.272056
v -1.606481 0.105845 -3.524009
v -1.354221 0.105830 -3.574757
v -1.303536 0.093142 -3.322803
v -0.282458 -0.176203 -3.287294
v -0.333143 -0.163516 -3.539248
v -0.080883 -0.163531 -3.589995
v -0.030198 -0.176218 -3.338041
v -0.279941 0.080797 -3.274859
v -0.330626 0.093485 -3.526812
v -0.078366 0.093470 -3.577559
v -0.027681 0.080782 -3.325606
v -0.528973 -0.176189 -3.237703
v -0.579657 -0.163501 -3.489656
v -0.327397 -0.163516 -3.540403
v -0.276712 -0.176204 -3.288450
v -0.526456 0.080812 -3.225267
v -0.577140 0.093500 -3.477221
v -0.324880 0.093485 -3.527968
v -0.274195 0.080797 -3.276015
v -0.774045 -0.176174 -3.188402
v -0.824730 -0.163486 -3.440355
v -0.572470 -0.163502 -3.491102
v -0.521785 -0.176189 -3.239149
v -0.771528 0.080827 -3.175966
v -0.822213 0.093514 -3.427920
v -0.569953 0.093499 -3.478667
v -0.519268 0.080812 -3.226713
v -1.023443 -0.176159 -3.138230
v -1.074128 -0.163472 -3.390184
v -0.821868 -0.163487 -3.440931
v -0.771183 -0.176174 -3.188977
v -1.020926 0.080841 -3.125795
v -1.071611 0.093529 -3.377748
v -0.819351 0.093514 -3.428495
v -0.768666 0.080826 -3.176542
v -1.264191 -0.176145 -3.089799
v -1.314876 -0.163457 -3.341753
v -1.062616 -0.163472 -3.392499
v -1.011931 -0.176160 -3.140546
v -1.261674 0.080856 -3.077363
v -1.312359 0.093544 -3.329317
v -1.060099 0.093529 -3.380064
v -1.009414 0.080841 -3.128111
v -1.509231 -0.176130 -3.040504
v -1.559916 -0.163443 -3.292458
v -1.307656 -0.163458 -3.343205
v -1.256971 -0.176145 -3.091252
v -1.506714 0.080870 -3.028069
v -1.557399 0.093558 -3.280022
v -1.305139 0.093543 -3.330769
v -1.254454 0.080855 -3.078816
v -0.188170 -0.200704 -2.800039
v -0.238855 -0.188016 -3.051992
v 0.013405 -0.188031 -3.102739
v 0.064090 -0.200719 -2.850786
v -0.185654 0.056297 -2.787603
v -0.236338 0.068985 -3.039557
v 0.015922 0.068970 -3.090304
v 0.066607 0.056282 -2.838350
v -0.434685 -0.200689 -2.750447
v -0.485370 -0.188001 -3.002401
v -0.233110 -0.188016 -3.053148
v -0.182425 -0.200704 -2.801194
v -0.432168 0.056312 -2.738012
v -0.482853 0.068999 -2.989965
v -0.230593 0.068984 -3.040712
v -0.179908 0.056297 -2.788759
v -0.679758 -0.200675 -2.701146
v -0.730443 -0.187987 -2.953099
v -0.478183 -0.188002 -3.003846
v -0.427498 -0.200690 -2.751893
v -0.677241 0.056326 -2.688710
v -0.727926 0.069014 -2.940664
v -0.475666 0.068999 -2.991411
v -0.424981 0.056311 -2.739458
v -0.929156 -0.200660 -2.650975
v -0.979840 -0.187972 -2.902928
v -0.727580 -0.187987 -2.953675
v -0.676896 -0.200675 -2.701722
v -0.926639 0.056341 -2.638539
v -0.977323 0.069029 -2.890493
v -0.725063 0.069014 -2.941240
v -0.674379 0.056326 -2.689286
v -1.169904 -0.200645 -2.602543
v -1.220589 -0.187958 -2.854497
v -0.968328 -0.187973 -2.905244
v -0.917644 -0.200660 -2.653291
v -1.167387 0.056356 -2.590108
v -1.218071 0.069043 -2.842061
v -0.965811 0.069028 -2.892808
v -0.915127 0.056340 -2.640855
v -1.414944 -0.200631 -2.553249
v -1.465628 -0.187943 -2.805202
v -1.213368 -0.187958 -2.855949
v -1.162684 -0.200646 -2.603996
v -1.412427 0.056370 -2.540813
v -1.463111 0.069058 -2.792767
v -1.210851 0.069043 -2.843514
v -1.160167 0.056355 -2.591560
v -0.233665 -0.188417 -3.044747
v -0.284350 -0.175730 -3.296701
v -0.032090 -0.175745 -3.347448
v 0.018595 -0.188432 -3.095495
v -0.231149 0.068583 -3.032312
v -0.281833 0.081271 -3.284265
v -0.029573 0.081256 -3.335012
v 0.021112 0.068568 -3.083059
v -0.480180 -0.188403 -2.995156
v -0.530865 -0.175715 -3.247109
v -0.278605 -0.175730 -3.297857
v -0.227920 -0.188418 -3.045903
v -0.477663 0.068598 -2.982721
v -0.528348 0.081286 -3.234674
v -0.276088 0.081271 -3.285421
v -0.225403 0.068583 -3.033468
v -0.725253 -0.188388 -2.945855
v -0.775938 -0.175700 -3.197808
v -0.523678 -0.175716 -3.248555
v -0.472993 -0.188403 -2.996602
v -0.722736 0.068613 -2.933419
v -0.773421 0.081300 -3.185373
v -0.521161 0.081285 -3.236120
v -0.470476 0.068598 -2.984166
v -0.974651 -0.188373 -2.895683
v -1.025335 -0.175686 -3.147637
v -0.773075 -0.175701 -3.198384
v -0.722391 -0.188388 -2.946430
v -0.972134 0.068627 -2.883248
v -1.022818 0.081315 -3.135201
v -0.770558 0.081300 -3.185948
v -0.719874 0.068612 -2.933995
v -1.215399 -0.188359 -2.847252
v -1.266084 -0.175671 -3.099205
v -1.013824 -0.175686 -3.149953
v -0.963139 -0.188374 -2.897999
v -1.212882 0.068642 -2.834817
v -1.263566 0.081330 -3.086770
v -1.011307 0.081314 -3.137517
v -0.960622 0.068627 -2.885564
v -1.460439 -0.188344 -2.797957
v -1.511123 -0.175657 -3.049911
v -1.258863 -0.175672 -3.100658
v -1.208179 -0.188359 -2.848705
v -1.457922 0.068656 -2.785522
v -1.508606 0.081344 -3.037476
v -1.256346 0.081329 -3.088223
v -1.205662 0.068641 -2.836269
v -0.184583 -0.200704 -2.800760
v -0.235268 -0.188016 -3.052714
v 0.016992 -0.188031 -3.103461
v 0.067677 -0.200719 -2.851507
v -0.182066 0.056297 -2.788325
v -0.232751 0.068985 -3.040278
v 0.019509 0.068969 -3.091025
v 0.070194 0.056282 -2.839072
v -0.431098 -0.200689 -2.751169
v -0.481783 -0.188002 -3.003122
v -0.229523 -0.188017 -3.053869
v -0.178838 -0.200704 -2.801916
v -0.428581 0.056312 -2.738734
v -0.479266 0.068999 -2.990687
v -0.227006 0.068984 -3.041434
v -0.176321 0.056296 -2.789480
v -0.676171 -0.200675 -2.701868
v -0.726856 -0.187987 -2.953821
v -0.474595 -0.188002 -3.004568
v -0.423911 -0.200690 -2.752615
v -0.673654 0.056326 -2.689432
v -0.724338 0.069014 -2.941386
v -0.472078 0.068999 -2.992133
v -0.421394 0.056311 -2.740179
v -0.925569 -0.200660 -2.651696
v -0.976253 -0.187972 -2.903650
v -0.723993 -0.187987 -2.954397
v -0.673308 -0.200675 -2.702443
v -0.923052 0.056341 -2.639261
v -0.973736 0.069029 -2.891214
v -0.721476 0.069014 -2.941961
v -0.670792 0.056326 -2.690008
v -1.166317 -0.200646 -2.603265
v -1.217001 -0.187958 -2.855218
v -0.964741 -0.187973 -2.905966
v -0.914057 -0.200661 -2.654012
v -1.163800 0.056355 -2.590830
v -1.214484 0.069043 -2.842783
v -0.962224 0.069028 -2.893530
v -0.911540 0.056340 -2.641577
v -1.411356 -0.200631 -2.553970
v -1.462041 -0.187943 -2.805924
v -1.209781 -0.187958 -2.856671
v -1.159096 -0.200646 -2.604717
v -1.408839 0.056370 -2.541535
v -1.459524 0.069058 -2.793488
v -1.207264 0.069043 -2.844235
v -1.156579 0.056355 -2.592282
v 0.954296 -0.114991 -4.802674
v 0.903612 -0.102303 -5.054627
v 1.155872 -0.102318 -5.105374
v 1.206556 -0.115006 -4.853421
v 0.956813 0.142010 -4.790238
v 0.906129 0.154698 -5.042192
v 1.158389 0.154683 -5.092939
v 1.209073 0.141995 -4.840985
v 0.707782 -0.114976 -4.753083
v 0.657097 -0.102288 -5.005036
v 0.909357 -0.102303 -5.055783
v 0.960042 -0.114991 -4.803830
v 0.710299 0.142025 -4.740647
v 0.659614 0.154712 -4.992601
v 0.911874 0.154697 -5.043348
v 0.962559 0.142010 -4.791394
v 0.462709 -0.114962 -4.703781
v 0.412024 -0.102274 -4.955735
v 0.664284 -0.102289 -5.006482
v 0.714969 -0.114977 -4.754529
v 0.465226 0.142039 -4.691346
v 0.414541 0.154727 -4.943299
v 0.666801 0.154712 -4.994046
v 0.717486 0.142024 -4.742093
v 0.213311 -0.114947 -4.653610
v 0.162627 -0.102259 -4.905563
v 0.414887 -0.102274 -4.956311
v 0.465571 -0.114962 -4.704357
v 0.215828 0.142054 -4.641174
v 0.165143 0.154742 -4.893128
v 0.417404 0.154727 -4.943875
v 0.468088 0.142039 -4.691922
v -0.027437 -0.114932 -4.605179
v -0.078122 -0.102245 -4.857132
v 0.174138 -0.102260 -4.907879
v 0.224823 -0.114947 -4.655926
v -0.024920 0.142068 -4.592743
v -0.075605 0.154756 -4.844697
v 0.176655 0.154741 -4.895444
v 0.227340 0.142053 -4.643490
v -0.272477 -0.114918 -4.555884
v -0.323161 -0.102230 -4.807837
v -0.070901 -0.102245 -4.858584
v -0.020217 -0.114933 -4.606631
v -0.269960 0.142083 -4.543448
v -0.320644 0.154771 -4.795403
v -0.068384 0.154756 -4.846149
v -0.017700 0.142068 -4.594195
v 1.003379 -0.127277 -4.558687
v 0.952694 -0.114590 -4.810640
v 1.204954 -0.114605 -4.861387
v 1.255638 -0.127292 -4.609434
v 1.005895 0.129723 -4.546251
v 0.955211 0.142411 -4.798205
v 1.207471 0.142396 -4.848952
v 1.258155 0.129708 -4.596998
v 0.756864 -0.127263 -4.509096
v 0.706179 -0.114575 -4.761049
v 0.958439 -0.114590 -4.811796
v 1.009124 -0.127278 -4.559843
v 0.759381 0.129738 -4.496660
v 0.708696 0.142426 -4.748613
v 0.960956 0.142411 -4.799360
v 1.011641 0.129723 -4.547407
v 0.511791 -0.127248 -4.459794
v 0.461107 -0.114560 -4.711748
v 0.713366 -0.114575 -4.762495
v 0.764051 -0.127263 -4.510541
v 0.514308 0.129753 -4.447359
v 0.463623 0.142440 -4.699312
v 0.715883 0.142425 -4.750059
v 0.766568 0.129738 -4.498106
v 0.262393 -0.127233 -4.409623
v 0.211709 -0.114546 -4.661576
v 0.463969 -0.114561 -4.712323
v 0.514653 -0.127248 -4.460370
v 0.264910 0.129768 -4.397187
v 0.214226 0.142455 -4.649141
v 0.466486 0.142440 -4.699888
v 0.517170 0.129753 -4.447935
v 0.021645 -0.127219 -4.361192
v -0.029039 -0.114531 -4.613145
v 0.223221 -0.114546 -4.663892
v 0.273905 -0.127234 -4.411939
v 0.024162 0.129782 -4.348756
v -0.026522 0.142470 -4.600710
v 0.225738 0.142455 -4.651457
v 0.276422 0.129767 -4.399503
v -0.223395 -0.127204 -4.311897
v -0.274079 -0.114517 -4.563850
v -0.021819 -0.114532 -4.614597
v 0.028866 -0.127219 -4.362644
v -0.220878 0.129797 -4.299461
v -0.271562 0.142484 -4.551415
v -0.019302 0.142469 -4.602162
v 0.031383 0.129781 -4.350209
v 1.097666 -0.151778 -4.071431
v 1.046981 -0.139090 -4.323384
v 1.299241 -0.139105 -4.374132
v 1.349926 -0.151793 -4.122178
v 1.100183 0.105223 -4.058996
v 1.049498 0.117911 -4.310949
v 1.301758 0.117896 -4.361696
v 1.352443 0.105208 -4.109743
v 0.851151 -0.151763 -4.021840
v 0.800467 -0.139075 -4.273793
v 1.052727 -0.139090 -4.324540
v 1.103412 -0.151778 -4.072587
v 0.853668 0.105238 -4.009404
v 0.802984 0.117926 -4.261358
v 1.055244 0.117911 -4.312105
v 1.105929 0.105223 -4.060152
v 0.606079 -0.151748 -3.972538
v 0.555394 -0.139061 -4.224492
v 0.807654 -0.139076 -4.275239
v 0.858338 -0.151763 -4.023286
v 0.608595 0.105252 -3.960103
v 0.557911 0.117940 -4.212057
v 0.810171 0.117925 -4.262804
v 0.860855 0.105237 -4.010850
v 0.356681 -0.151734 -3.922367
v 0.305996 -0.139046 -4.174321
v 0.558256 -0.139061 -4.225068
v 0.608941 -0.151749 -3.973114
v 0.359198 0.105267 -3.909932
v 0.308513 0.117955 -4.161885
v 0.560773 0.117940 -4.212632
v 0.611458 0.105252 -3.960679
v 0.115933 -0.151719 -3.873936
v 0.065248 -0.139032 -4.125889
v 0.317508 -0.139047 -4.176637
v 0.368193 -0.151734 -3.924683
v 0.118450 0.105282 -3.861501
v 0.067765 0.117969 -4.113454
v 0.320025 0.117954 -4.164201
v 0.370710 0.105267 -3.912247
v -0.129107 -0.151705 -3.824641
v -0.179792 -0.139017 -4.076594
v 0.072468 -0.139032 -4.127342
v 0.123153 -0.151720 -3.875388
v -0.126590 0.105296 -3.812206
v -0.177275 0.117984 -4.064159
v 0.074985 0.117969 -4.114906
v 0.125670 0.105281 -3.862953
v 1.052171 -0.139491 -4.316140
v 1.001486 -0.126804 -4.568093
v 1.253746 -0.126819 -4.618840
v 1.304431 -0.139506 -4.366887
v 1.054688 0.117509 -4.303704
v 1.004004 0.130197 -4.555658
v 1.256263 0.130182 -4.606405
v 1.306948 0.117494 -4.354451
v 0.805657 -0.139477 -4.266549
v 0.754972 -0.126789 -4.518502
v 1.007232 -0.126804 -4.569249
v 1.057917 -0.139492 -4.317296
v 0.808174 0.117524 -4.254113
v 0.757489 0.130212 -4.506066
v 1.009749 0.130197 -4.556814
v 1.060434 0.117509 -4.304860
v 0.560584 -0.139462 -4.217247
v 0.509899 -0.126774 -4.469201
v 0.762159 -0.126789 -4.519948
v 0.812844 -0.139477 -4.267994
v 0.563101 0.117539 -4.204812
v 0.512416 0.130226 -4.456765
v 0.764676 0.130211 -4.507512
v 0.815361 0.117524 -4.255559
v 0.311186 -0.139447 -4.167076
v 0.260501 -0.126760 -4.419029
v 0.512761 -0.126775 -4.469777
v 0.563446 -0.139462 -4.217823
v 0.313703 0.117554 -4.154640
v 0.263018 0.130241 -4.406594
v 0.515278 0.130226 -4.457341
v 0.565963 0.117539 -4.205388
v 0.070438 -0.139433 -4.118645
v 0.019753 -0.126745 -4.370598
v 0.272013 -0.126760 -4.421345
v 0.322698 -0.139448 -4.169392
v 0.072955 0.117568 -4.106209
v 0.022270 0.130256 -4.358163
v 0.274530 0.130241 -4.408910
v 0.325215 0.117553 -4.156956
v -0.174602 -0.139418 -4.069350
v -0.225287 -0.126731 -4.321303
v 0.026973 -0.126746 -4.372051
v 0.077658 -0.139433 -4.120097
v -0.172085 0.117582 -4.056914
v -0.222770 0.130270 -4.308868
v 0.029490 0.130255 -4.359615
v 0.080175 0.117567 -4.107662
v 1.101253 -0.151778 -4.072153
v 1.050568 -0.139090 -4.324106
v 1.302828 -0.139105 -4.374853
v 1.353513 -0.151793 -4.122900
v 1.103770 0.105223 -4.059717
v 1.053086 0.117911 -4.311671
v 1.305345 0.117896 -4.362418
v 1.356030 0.105208 -4.110464
v 0.854739 -0.151763 -4.022562
v 0.804054 -0.139076 -4.274515
v 1.056314 -0.139091 -4.325262
v 1.106999 -0.151778 -4.073309
v 0.857256 0.105238 -4.010126
v 0.806571 0.117925 -4.262079
v 1.058831 0.117910 -4.312826
v 1.109516 0.105223 -4.060873
v 0.609666 -0.151749 -3.973260
v 0.558981 -0.139061 -4.225214
v 0.811241 -0.139076 -4.275961
v 0.861926 -0.151764 -4.024007
v 0.612183 0.105252 -3.960825
v 0.561498 0.117940 -4.212778
v 0.813758 0.117925 -4.263525
v 0.864443 0.105237 -4.011572
v 0.360268 -0.151734 -3.923089
v 0.309583 -0.139046 -4.175042
v 0.561843 -0.139061 -4.225789
v 0.612528 -0.151749 -3.973836
v 0.362785 0.105267 -3.910653
v 0.312100 0.117955 -4.162607
v 0.564360 0.117940 -4.213354
v 0.615045 0.105252 -3.961401
v 0.119520 -0.151719 -3.874658
v 0.068835 -0.139032 -4.126611
v 0.321095 -0.139047 -4.177358
v 0.371780 -0.151734 -3.925405
v 0.122037 0.105281 -3.862222
v 0.071352 0.117969 -4.114175
v 0.323612 0.117954 -4.164923
v 0.374297 0.105266 -3.912969
v -0.125520 -0.151705 -3.825363
v -0.176205 -0.139017 -4.077316
v 0.076055 -0.139032 -4.128063
v 0.126740 -0.151720 -3.876110
v -0.123003 0.105296 -3.812927
v -0.173688 0.117984 -4.064881
v 0.078572 0.117969 -4.115628
v 0.129257 0.105281 -3.863675
v 1.147109 -0.164005 -3.828741
v 1.096424 -0.151317 -4.080695
v 1.348684 -0.151332 -4.131442
v 1.399369 -0.164020 -3.879488
v 1.149626 0.092996 -3.816306
v 1.098941 0.105684 -4.068259
v 1.351202 0.105668 -4.119006
v 1.401886 0.092981 -3.867053
v 0.900595 -0.163990 -3.779150
v 0.849910 -0.151303 -4.031103
v 1.102170 -0.151318 -4.081851
v 1.152855 -0.164005 -3.829897
v 0.903112 0.093010 -3.766715
v 0.852427 0.105698 -4.018668
v 1.104687 0.105683 -4.069415
v 1.155372 0.092995 -3.817461
v 0.655522 -0.163976 -3.729849
v 0.604837 -0.151288 -3.981802
v 0.857097 -0.151303 -4.032549
v 0.907782 -0.163991 -3.780596
v 0.658039 0.093025 -3.717413
v 0.607354 0.105713 -3.969367
v 0.859614 0.105698 -4.020114
v 0.910299 0.093010 -3.768160
v 0.406124 -0.163961 -3.679677
v 0.355439 -0.151273 -3.931631
v 0.607700 -0.151288 -3.982378
v 0.658384 -0.163976 -3.730424
v 0.408641 0.093040 -3.667242
v 0.357956 0.105728 -3.919195
v 0.610216 0.105713 -3.969942
v 0.660901 0.093025 -3.717989
v 0.165376 -0.163947 -3.631246
v 0.114691 -0.151259 -3.883199
v 0.366951 -0.151274 -3.933947
v 0.417636 -0.163962 -3.681993
v 0.167893 0.093054 -3.618811
v 0.117208 0.105742 -3.870764
v 0.369468 0.105727 -3.921511
v 0.420153 0.093039 -3.669558
v -0.079664 -0.163932 -3.581951
v -0.130349 -0.151244 -3.833905
v 0.121912 -0.151259 -3.884652
v 0.172596 -0.163947 -3.632699
v -0.077147 0.093069 -3.569516
v -0.127831 0.105757 -3.821469
v 0.124429 0.105742 -3.872216
v 0.175113 0.093054 -3.620263
v 1.196191 -0.176292 -3.584754
v 1.145507 -0.163604 -3.836708
v 1.397767 -0.163619 -3.887455
v 1.448451 -0.176307 -3.635501
v 1.198708 0.080709 -3.572319
v 1.148024 0.093397 -3.824272
v 1.400284 0.093382 -3.875019
v 1.450968 0.080694 -3.623066
v 0.949677 -0.176277 -3.535163
v 0.898992 -0.163589 -3.787116
v 1.151252 -0.163604 -3.837863
v 1.201937 -0.176292 -3.585910
v 0.952194 0.080724 -3.522727
v 0.901509 0.093412 -3.774681
v 1.153769 0.093397 -3.825428
v 1.204454 0.080709 -3.573474
v 0.704604 -0.176262 -3.485862
v 0.653919 -0.163575 -3.737815
v 0.906179 -0.163590 -3.788562
v 0.956864 -0.176277 -3.536609
v 0.707121 0.080739 -3.473426
v 0.656436 0.093426 -3.725379
v 0.908696 0.093411 -3.776126
v 0.959381 0.080724 -3.524173
v 0.455206 -0.176247 -3.435690
v 0.404521 -0.163560 -3.687644
v 0.656782 -0.163575 -3.738391
v 0.707466 -0.176262 -3.486437
v 0.457723 0.080753 -3.423255
v 0.407038 0.093441 -3.675208
v 0.659299 0.093426 -3.725955
v 0.709983 0.080738 -3.474002
v 0.214458 -0.176233 -3.387259
v 0.163773 -0.163545 -3.639212
v 0.416033 -0.163560 -3.689960
v 0.466718 -0.176248 -3.438006
v 0.216975 0.080768 -3.374824
v 0.166291 0.093455 -3.626777
v 0.418550 0.093440 -3.677524
v 0.469235 0.080753 -3.425570
v -0.030582 -0.176218 -3.337964
v -0.081266 -0.163531 -3.589918
v 0.170994 -0.163546 -3.640665
v 0.221678 -0.176233 -3.388711
v -0.028065 0.080782 -3.325529
v -0.078749 0.093470 -3.577482
v 0.173511 0.093455 -3.628229
v 0.224195 0.080767 -3.376276
v 1.290479 -0.200792 -3.097498
v 1.239794 -0.188104 -3.349452
v 1.492054 -0.188119 -3.400199
v 1.542739 -0.200807 -3.148246
v 1.292996 0.056209 -3.085063
v 1.242311 0.068897 -3.337016
v 1.494571 0.068882 -3.387764
v 1.545256 0.056194 -3.135810
v 1.043964 -0.200777 -3.047907
v 0.993280 -0.188089 -3.299860
v 1.245540 -0.188104 -3.350608
v 1.296224 -0.200792 -3.098654
v 1.046481 0.056224 -3.035472
v 0.995797 0.068911 -3.287425
v 1.248057 0.068896 -3.338172
v 1.298741 0.056209 -3.086219
v 0.798891 -0.200763 -2.998606
v 0.748207 -0.188075 -3.250559
v 1.000467 -0.188090 -3.301306
v 1.051151 -0.200778 -3.049353
v 0.801408 0.056238 -2.986170
v 0.750724 0.068926 -3.238124
v 1.002984 0.068911 -3.288871
v 1.053668 0.056223 -3.036917
v 0.549494 -0.200748 -2.948434
v 0.498809 -0.188060 -3.200388
v 0.751069 -0.188075 -3.251135
v 0.801754 -0.200763 -2.999182
v 0.552011 0.056253 -2.935999
v 0.501326 0.068941 -3.187953
v 0.753586 0.068926 -3.238699
v 0.804271 0.056238 -2.986746
v 0.308745 -0.200733 -2.900003
v 0.258061 -0.188046 -3.151957
v 0.510321 -0.188061 -3.202704
v 0.561005 -0.200748 -2.950750
v 0.311262 0.056267 -2.887568
v 0.260578 0.068955 -3.139521
v 0.512838 0.068940 -3.190268
v 0.563522 0.056252 -2.938315
v 0.063706 -0.200719 -2.850708
v 0.013021 -0.188031 -3.102662
v 0.265281 -0.188046 -3.153409
v 0.315966 -0.200734 -2.901456
v 0.066223 0.056282 -2.838273
v 0.015538 0.068970 -3.090227
v 0.267798 0.068955 -3.140974
v 0.318483 0.056267 -2.889020
v 1.244984 -0.188506 -3.342207
v 1.194299 -0.175818 -3.594161
v 1.446559 -0.175833 -3.644908
v 1.497244 -0.188521 -3.392954
v 1.247501 0.068495 -3.329772
v 1.196816 0.081183 -3.581725
v 1.449076 0.081168 -3.632472
v 1.499761 0.068480 -3.380519
v 0.998469 -0.188491 -3.292616
v 0.947785 -0.175803 -3.544569
v 1.200045 -0.175818 -3.595316
v 1.250729 -0.188506 -3.343363
v 1.000986 0.068510 -3.280180
v 0.950302 0.081198 -3.532134
v 1.202561 0.081183 -3.582881
v 1.253246 0.068495 -3.330927
v 0.753396 -0.188476 -3.243315
v 0.702711 -0.175789 -3.495268
v 0.954972 -0.175804 -3.546015
v 1.005656 -0.188491 -3.294062
v 0.755913 0.068525 -3.230879
v 0.705228 0.081212 -3.482832
v 0.957489 0.081197 -3.533580
v 1.008173 0.068510 -3.281626
v 0.503998 -0.188461 -3.193143
v 0.453314 -0.175774 -3.445096
v 0.705574 -0.175789 -3.495844
v 0.756259 -0.188476 -3.243890
v 0.506515 0.068539 -3.180708
v 0.455831 0.081227 -3.432661
v 0.708091 0.081212 -3.483408
v 0.758776 0.068524 -3.231455
v 0.263250 -0.188447 -3.144712
v 0.212566 -0.175759 -3.396665
v 0.464826 -0.175774 -3.447412
v 0.515510 -0.188462 -3.195459
v 0.265767 0.068554 -3.132277
v 0.215083 0.081241 -3.384230
v 0.467343 0.081226 -3.434977
v 0.518027 0.068539 -3.183023
v 0.018211 -0.188432 -3.095417
v -0.032474 -0.175745 -3.347371
v 0.219786 -0.175760 -3.398118
v 0.270471 -0.188447 -3.146164
v 0.020728 0.068568 -3.082982
v -0.029957 0.081256 -3.334935
v 0.222303 0.081241 -3.385682
v 0.272988 0.068553 -3.133729
v 1.294066 -0.200792 -3.098220
v 1.243381 -0.188104 -3.350173
v 1.495641 -0.188119 -3.400921
v 1.546326 -0.200807 -3.148967
v 1.296583 0.056209 -3.085785
v 1.245898 0.068896 -3.337738
v 1.498158 0.068881 -3.388485
v 1.548843 0.056194 -3.136532
v 1.047552 -0.200777 -3.048629
v 0.996867 -0.188090 -3.300582
v 1.249127 -0.188105 -3.351329
v 1.299811 -0.200792 -3.099376
v 1.050068 0.056223 -3.036193
v 0.999384 0.068911 -3.288147
v 1.251644 0.068896 -3.338894
v 1.302328 0.056208 -3.086940
v 0.802478 -0.200763 -2.999327
v 0.751794 -0.188075 -3.251281
v 1.004054 -0.188090 -3.302028
v 1.054739 -0.200778 -3.050075
v 0.804995 0.056238 -2.986892
v 0.754311 0.068926 -3.238845
v 1.006571 0.068911 -3.289593
v 1.057256 0.056223 -3.037639
v 0.553081 -0.200748 -2.949156
v 0.502396 -0.188060 -3.201109
v 0.754656 -0.188075 -3.251857
v 0.805341 -0.200763 -2.999903
v 0.555598 0.056253 -2.936721
v 0.504913 0.068941 -3.188674
v 0.757173 0.068926 -3.239421
v 0.807858 0.056238 -2.987468
v 0.312333 -0.200734 -2.900725
v 0.261648 -0.188046 -3.152678
v 0.513908 -0.188061 -3.203425
v 0.564593 -0.200749 -2.951472
v 0.314849 0.056267 -2.888289
v 0.264165 0.068955 -3.140243
v 0.516425 0.068940 -3.190990
v 0.567110 0.056252 -2.939036
v 0.067293 -0.200719 -2.851430
v 0.016608 -0.188031 -3.103384
v 0.268868 -0.188046 -3.154131
v 0.319553 -0.200734 -2.902177
v 0.069810 0.056282 -2.838995
v 0.019125 0.068970 -3.090948
v 0.271385 0.068954 -3.141695
v 0.322070 0.056267 -2.889742
vn -0.0098 -0.9988 -0.0483
vn 0.0098 0.9988 0.0483
vn -0.9804 0.0001 0.1972
vn -0.1970 0.0493 -0.9792
vn 0.9804 -0.0001 -0.1972
vn 0.1970 -0.0493 0.9792
vt 0.666657 0.250023
vt 0.333343 0.250023
vt 0.333343 0.000038
vt 0.666657 0.000038
vt 0.666657 0.500009
vt 0.666657 0.749994
vt 0.333343 0.749994
vt 0.333343 0.500009
vt 0.000029 0.500009
vt 0.000029 0.749994
vt 0.333343 0.999980
vt 0.666657 0.999980
vt 0.999971 0.500009
vt 0.999971 0.749994
s 1
usemtl Grass_Block_TEX
f 1/1/1 2/2/1 3/3/1 4/4/1
f 5/5/2 8/6/2 7/7/2 6/8/2
f 1/1/3 5/5/3 6/8/3 2/2/3
f 2/9/4 6/8/4 7/7/4 3/10/4
f 3/11/5 7/7/5 8/6/5 4/12/5
f 5/5/6 1/13/6 4/14/6 8/6/6
f 9/1/1 10/2/1 11/3/1 12/4/1
f 13/5/2 16/6/2 15/7/2 14/8/2
f 9/1/3 13/5/3 14/8/3 10/2/3
f 10/9/4 14/8/4 15/7/4 11/10/4
f 11/11/5 15/7/5 16/6/5 12/12/5
f 13/5/6 9/13/6 12/14/6 16/6/6
f 17/1/1 18/2/1 19/3/1 20/4/1
f 21/5/2 24/6/2 23/7/2 22/8/2
f 17/1/3 21/5/3 22/8/3 18/2/3
f 18/9/4 22/8/4 23/7/4 19/10/4
f 19/11/5 23/7/5 24/6/5 20/12/5
f 21/5/6 17/13/6 20/14/6 24/6/6
f 25/1/1 26/2/1 27/3/1 28/4/1
f 29/5/2 32/6/2 31/7/2 30/8/2
f 25/1/3 29/5/3 30/8/3 26/2/3
f 26/9/4 30/8/4 31/7/4 27/10/4
f 27/11/5 31/7/5 32/6/5 28/12/5
f 29/5/6 25/13/6 28/14/6 32/6/6
f 33/1/1 34/2/1 35/3/1 36/4/1
f 37/5/2 40/6/2 39/7/2 38/8/2
f 33/1/3 37/5/3 38/8/3 34/2/3
f 34/9/4 38/8/4 39/7/4 35/10/4
f 35/11/5 39/7/5 40/6/5 36/12/5
f 37/5/6 33/13/6 36/14/6 40/6/6
f 41/1/1 42/2/1 43/3/1 44/4/1
f 45/5/2 48/6/2 47/7/2 46/8/2
f 41/1/3 45/5/3 46/8/3 42/2/3
f 42/9/4 46/8/4 47/7/4 43/10/4
f 43/11/5 47/7/5 48/6/5 44/12/5
f 45/5/6 41/13/6 44/14/6 48/6/6
f 49/1/1 50/2/1 51/3/1 52/4/1
f 53/5/2 56/6/2 55/7/2 54/8/2
f 49/1/3 53/5/3 54/8/3 50/2/3
f 50/9/4 54/8/4 55/7/4 51/10/4
f 51/11/5 55/7/5 56/6/5 52/12/5
f 53/5/6 49/13/6 52/14/6 56/6/6
f 57/1/1 58/2/1 59/3/1 60/4/1
f 61/5/2 64/6/2 63/7/2 62/8/2
f 57/1/3 61/5/3 62/8/3 58/2/3
f 58/9/4 62/8/4 63/7/4 59/10/4
f 59/11/5 63/7/5 64/6/5 60/12/5
f 61/5/6 57/13/6 60/14/6 64/6/6
f 65/1/1 66/2/1 67/3/1 68/4/1
f 69/5/2 72/6/2 71/7/2 70/8/2
f 65/1/3 69/5/3 70/8/3 66/2/3
f 66/9/4 70/8/4 71/7/4 67/10/4
f 67/11/5 71/7/5 72/6/5 68/12/5
f 69/5/6 65/13/6 68/14/6 72/6/6
f 73/1/1 74/2/1 75/3/1 76/4/1
f 77/5/2 80/6/2 79/7/2 78/8/2
f 73/1/3 77/5/3 78/8/3 74/2/3
f 74/9/4 78/8/4 79/7/4 75/10/4
f 75/11/5 79/7/5 80/6/5 76/12/5
f 77/5/6 73/13/6 76/14/6 80/6/6
f 81/1/1 82/2/1 83/3/1 84/4/1
f 85/5/2 88/6/2 87/7/2 86/8/2
f 81/1/3 85/5/3 86/8/3 82/2/3
f 82/9/4 86/8/4 87/7/4 83/10/4
f 83/11/5 87/7/5 88/6/5 84/12/5
f 85/5/6 81/13/6 84/14/6 88/6/6
f 89/1/1 90/2/1 91/3/1 92/4/1
f 93/5/2 96/6/2 95/7/2 94/8/2
f 89/1/3 93/5/3 94/8/3 90/2/3
f 90/9/4 94/8/4 95/7/4 91/10/4
f 91/11/5 95/7/5 96/6/5 92/12/5
f 93/5/6 89/13/6 92/14/6 96/6/6
f 97/1/1 98/2/1 99/3/1 100/4/1
f 101/5/2 104/6/2 103/7/2 102/8/2
f 97/1/3 101/5/3 102/8/3 98/2/3
f 98/9/4 102/8/4 103/7/4 99/10/4
f 99/11/5 103/7/5 104/6/5 100/12/5
f 101/5/6 97/13/6 100/14/6 104/6/6
f 105/1/1 106/2/1 107/3/1 108/4/1
f 109/5/2 112/6/2 111/7/2 110/8/2
f 105/1/3 109/5/3 110/8/3 106/2/3
f 106/9/4 110/8/4 111/7/4 107/10/4
f 107/11/5 111/7/5 112/6/5 108/12/5
f 109/5/6 105/13/6 108/14/6 112/6/6
f 113/1/1 114/2/1 115/3/1 116/4/1
f 117/5/2 120/6/2 119/7/2 118/8/2
f 113/1/3 117/5/3 118/8/3 114/2/3
f 114/9/4 118/8/4 119/7/4 115/10/4
f 115/11/5 119/7/5 120/6/5 116/12/5
f 117/5/6 113/13/6 116/14/6 120/6/6
f 121/1/1 122/2/1 123/3/1 124/4/1
f 125/5/2 128/6/2 127/7/2 126/8/2
f 121/1/3 125/5/3 126/8/3 122/2/3
f 122/9/4 126/8/4 127/7/4 123/10/4
f 123/11/5 127/7/5 128/6/5 124/12/5
f 125/5/6 121/13/6 124/14/6 128/6/6
f 129/1/1 130/2/1 131/3/1 132/4/1
f 133/5/2 136/6/2 135/7/2 134/8/2
f 129/1/3 133/5/3 134/8/3 130/2/3
f 130/9/4 134/8/4 135/7/4 131/10/4
f 131/11/5 135/7/5 136/6/5 132/12/5
f 133/5/6 129/13/6 132/14/6 136/6/6
f 137/1/1 138/2/1 139/3/1 140/4/1
f 141/5/2 144/6/2 143/7/2 142/8/2
f 137/1/3 141/5/3 142/8/3 138/2/3
f 138/9/4 142/8/4 143/7/4 139/10/4
f 139/11/5 143/7/5 144/6/5 140/12/5
f 141/5/6 137/13/6 140/14/6 144/6/6
f 145/1/1 146/2/1 147/3/1 148/4/1
f 149/5/2 152/6/2 151/7/2 150/8/2
f 145/1/3 149/5/3 150/8/3 146/2/3
f 146/9/4 150/8/4 151/7/4 147/10/4
f 147/11/5 151/7/5 152/6/5 148/12/5
f 149/5/6 145/13/6 148/14/6 152/6/6
f 153/1/1 154/2/1 155/3/1 156/4/1
f 157/5/2 160/6/2 159/7/2 158/8/2
f 153/1/3 157/5/3 158/8/3 154/2/3
f 154/9/4 158/8/4 159/7/4 155/10/4
f 155/11/5 159/7/5 160/6/5 156/12/5
f 157/5/6 153/13/6 156/14/6 160/6/6
f 161/1/1 162/2/1 163/3/1 164/4/1
f 165/5/2 168/6/2 167/7/2 166/8/2
f 161/1/3 165/5/3 166/8/3 162/2/3
f 162/9/4 166/8/4 167/7/4 163/10/4
f 163/11/5 167/7/5 168/6/5 164/12/5
f 165/5/6 161/13/6 164/14/6 168/6/6
f 169/1/1 170/2/1 171/3/1 172/4/1
f 173/5/2 176/6/2 175/7/2 174/8/2
f 169/1/3 173/5/3 174/8/3 170/2/3
f 170/9/4 174/8/4 175/7/4 171/10/4
f 171/11/5 175/7/5 176/6/5 172/12/5
f 173/5/6 169/13/6 172/14/6 176/6/6
f 177/1/1 178/2/1 179/3/1 180/4/1
f 181/5/2 184/6/2 183/7/2 182/8/2
f 177/1/3 181/5/3 182/8/3 178/2/3
f 178/9/4 182/8/4 183/7/4 179/10/4
f 179/11/5 183/7/5 184/6/5 180/12/5
f 181/5/6 177/13/6 180/14/6 184/6/6
f 185/1/1 186/2/1 187/3/1 188/4/1
f 189/5/2 192/6/2 191/7/2 190/8/2
f 185/1/3 189/5/3 190/8/3 186/2/3
f 186/9/4 190/8/4 191/7/4 187/10/4
f 187/11/5 191/7/5 192/6/5 188/12/5
f 189/5/6 185/13/6 188/14/6 192/6/6
f 193/1/1 194/2/1 195/3/1 196/4/1
f 197/5/2 200/6/2 199/7/2 198/8/2
f 193/1/3 197/5/3 198/8/3 194/2/3
f 194/9/4 198/8/4 199/7/4 195/10/4
f 195/11/5 199/7/5 200/6/5 196/12/5
f 197/5/6 193/13/6 196/14/6 200/6/6
f 201/1/1 202/2/1 203/3/1 204/4/1
f 205/5/2 208/6/2 207/7/2 206/8/2
f 201/1/3 205/5/3 206/8/3 202/2/3
f 202/9/4 206/8/4 207/7/4 203/10/4
f 203/11/5 207/7/5 208/6/5 204/12/5
f 205/5/6 201/13/6 204/14/6 208/6/6
f 209/1/1 210/2/1 211/3/1 212/4/1
f 213/5/2 216/6/2 215/7/2 214/8/2
f 209/1/3 213/5/3 214/8/3 210/2/3
f 210/9/4 214/8/4 215/7/4 211/10/4
f 211/11/5 215/7/5 216/6/5 212/12/5
f 213/5/6 209/13/6 212/14/6 216/6/6
f 217/1/1 218/2/1 219/3/1 220/4/1
f 221/5/2 224/6/2 223/7/2 222/8/2
f 217/1/3 221/5/3 222/8/3 218/2/3
f 218/9/4 222/8/4 223/7/4 219/10/4
f 219/11/5 223/7/5 224/6/5 220/12/5
f 221/5/6 217/13/6 220/14/6 224/6/6
f 225/1/1 226/2/1 227/3/1 228/4/1
f 229/5/2 232/6/2 231/7/2 230/8/2
f 225/1/3 229/5/3 230/8/3 226/2/3
f 226/9/4 230/8/4 231/7/4 227/10/4
f 227/11/5 231/7/5 232/6/5 228/12/5
f 229/5/6 225/13/6 228/14/6 232/6/6
f 233/1/1 234/2/1 235/3/1 236/4/1
f 237/5/2 240/6/2 239/7/2 238/8/2
f 233/1/3 237/5/3 238/8/3 234/2/3
f 234/9/4 238/8/4 239/7/4 235/10/4
f 235/11/5 239/7/5 240/6/5 236/12/5
f 237/5/6 233/13/6 236/14/6 240/6/6
f 241/1/1 242/2/1 243/3/1 244/4/1
f 245/5/2 248/6/2 247/7/2 246/8/2
f 241/1/3 245/5/3 246/8/3 242/2/3
f 242/9/4 246/8/4 247/7/4 243/10/4
f 243/11/5 247/7/5 248/6/5 244/12/5
f 245/5/6 241/13/6 244/14/6 248/6/6
f 249/1/1 250/2/1 251/3/1 252/4/1
f 253/5/2 256/6/2 255/7/2 254/8/2
f 249/1/3 253/5/3 254/8/3 250/2/3
f 250/9/4 254/8/4 255/7/4 251/10/4
f 251/11/5 255/7/5 256/6/5 252/12/5
f 253/5/6 249/13/6 252/14/6 256/6/6
f 257/1/1 258/2/1 259/3/1 260/4/1
f 261/5/2 264/6/2 263/7/2 262/8/2
f 257/1/3 261/5/3 262/8/3 258/2/3
f 258/9/4 262/8/4 263/7/4 259/10/4
f 259/11/5 263/7/5 264/6/5 260/12/5
f 261/5/6 257/13/6 260/14/6 264/6/6
f 265/1/1 266/2/1 267/3/1 268/4/1
f 269/5/2 272/6/2 271/7/2 270/8/2
f 265/1/3 269/5/3 270/8/3 266/2/3
f 266/9/4 270/8/4 271/7/4 267/10/4
f 267/11/5 271/7/5 272/6/5 268/12/5
f 269/5/6 265/13/6 268/14/6 272/6/6
f 273/1/1 274/2/1 275/3/1 276/4/1
f 277/5/2 280/6/2 279/7/2 278/8/2
f 273/1/3 277/5/3 278/8/3 274/2/3
f 274/9/4 278/8/4 279/7/4 275/10/4
f 275/11/5 279/7/5 280/6/5 276/12/5
f 277/5/6 273/13/6 276/14/6 280/6/6
f 281/1/1 282/2/1 283/3/1 284/4/1
f 285/5/2 288/6/2 287/7/2 286/8/2
f 281/1/3 285/5/3 286/8/3 282/2/3
f 282/9/4 286/8/4 287/7/4 283/10/4
f 283/11/5 287/7/5 288/6/5 284/12/5
f 285/5/6 281/13/6 284/14/6 288/6/6
f 289/1/1 290/2/1 291/3/1 292/4/1
f 293/5/2 296/6/2 295/7/2 294/8/2
f 289/1/3 293/5/3 294/8/3 290/2/3
f 290/9/4 294/8/4 295/7/4 291/10/4
f 291/11/5 295/7/5 296/6/5 292/12/5
f 293/5/6 289/13/6 292/14/6 296/6/6
f 297/1/1 298/2/1 299/3/1 300/4/1
f 301/5/2 304/6/2 303/7/2 302/8/2
f 297/1/3 301/5/3 302/8/3 298/2/3
f 298/9/4 302/8/4 303/7/4 299/10/4
f 299/11/5 303/7/5 304/6/5 300/12/5
f 301/5/6 297/13/6 300/14/6 304/6/6
f 305/1/1 306/2/1 307/3/1 308/4/1
f 309/5/2 312/6/2 311/7/2 310/8/2
f 305/1/3 309/5/3 310/8/3 306/2/3
f 306/9/4 310/8/4 311/7/4 307/10/4
f 307/11/5 311/7/5 312/6/5 308/12/5
f 309/5/6 305/13/6 308/14/6 312/6/6
f 313/1/1 314/2/1 315/3/1 316/4/1
f 317/5/2 320/6/2 319/7/2 318/8/2
f 313/1/3 317/5/3 318/8/3 314/2/3
f 314/9/4 318/8/4 319/7/4 315/10/4
f 315/11/5 319/7/5 320/6/5 316/12/5
f 317/5/6 313/13/6 316/14/6 320/6/6
f 321/1/1 322/2/1 323/3/1 324/4/1
f 325/5/2 328/6/2 327/7/2 326/8/2
f 321/1/3 325/5/3 326/8/3 322/2/3
f 322/9/4 326/8/4 327/7/4 323/10/4
f 323/11/5 327/7/5 328/6/5 324/12/5
f 325/5/6 321/13/6 324/14/6 328/6/6
f 329/1/1 330/2/1 331/3/1 332/4/1
f 333/5/2 336/6/2 335/7/2 334/8/2
f 329/1/3 333/5/3 334/8/3 330/2/3
f 330/9/4 334/8/4 335/7/4 331/10/4
f 331/11/5 335/7/5 336/6/5 332/12/5
f 333/5/6 329/13/6 332/14/6 336/6/6
f 337/1/1 338/2/1 339/3/1 340/4/1
f 341/5/2 344/6/2 343/7/2 342/8/2
f 337/1/3 341/5/3 342/8/3 338/2/3
f 338/9/4 342/8/4 343/7/4 339/10/4
f 339/11/5 343/7/5 344/6/5 340/12/5
f 341/5/6 337/13/6 340/14/6 344/6/6
f 345/1/1 346/2/1 347/3/1 348/4/1
f 349/5/2 352/6/2 351/7/2 350/8/2
f 345/1/3 349/5/3 350/8/3 346/2/3
f 346/9/4 350/8/4 351/7/4 347/10/4
f 347/11/5 351/7/5 352/6/5 348/12/5
f 349/5/6 345/13/6 348/14/6 352/6/6
f 353/1/1 354/2/1 355/3/1 356/4/1
f 357/5/2 360/6/2 359/7/2 358/8/2
f 353/1/3 357/5/3 358/8/3 354/2/3
f 354/9/4 358/8/4 359/7/4 355/10/4
f 355/11/5 359/7/5 360/6/5 356/12/5
f 357/5/6 353/13/6 356/14/6 360/6/6
f 361/1/1 362/2/1 363/3/1 364/4/1
f 365/5/2 368/6/2 367/7/2 366/8/2
f 361/1/3 365/5/3 366/8/3 362/2/3
f 362/9/4 366/8/4 367/7/4 363/10/4
f 363/11/5 367/7/5 368/6/5 364/12/5
f 365/5/6 361/13/6 364/14/6 368/6/6
f 369/1/1 370/2/1 371/3/1 372/4/1
f 373/5/2 376/6/2 375/7/2 374/8/2
f 369/1/3 373/5/3 374/8/3 370/2/3
f 370/9/4 374/8/4 375/7/4 371/10/4
f 371/11/5 375/7/5 376/6/5 372/12/5
f 373/5/6 369/13/6 372/14/6 376/6/6
f 377/1/1 378/2/1 379/3/1 380/4/1
f 381/5/2 384/6/2 383/7/2 382/8/2
f 377/1/3 381/5/3 382/8/3 378/2/3
f 378/9/4 382/8/4 383/7/4 379/10/4
f 379/11/5 383/7/5 384/6/5 380/12/5
f 381/5/6 377/13/6 380/14/6 384/6/6
f 385/1/1 386/2/1 387/3/1 388/4/1
f 389/5/2 392/6/2 391/7/2 390/8/2
f 385/1/3 389/5/3 390/8/3 386/2/3
f 386/9/4 390/8/4 391/7/4 387/10/4
f 387/11/5 391/7/5 392/6/5 388/12/5
f 389/5/6 385/13/6 388/14/6 392/6/6
f 393/1/1 394/2/1 395/3/1 396/4/1
f 397/5/2 400/6/2 399/7/2 398/8/2
f 393/1/3 397/5/3 398/8/3 394/2/3
f 394/9/4 398/8/4 399/7/4 395/10/4
f 395/11/5 399/7/5 400/6/5 396/12/5
f 397/5/6 393/13/6 396/14/6 400/6/6
f 401/1/1 402/2/1 403/3/1 404/4/1
f 405/5/2 408/6/2 407/7/2 406/8/2
f 401/1/3 405/5/3 406/8/3 402/2/3
f 402/9/4 406/8/4 407/7/4 403/10/4
f 403/11/5 407/7/5 408/6/5 404/12/5
f 405/5/6 401/13/6 404/14/6 408/6/6
f 409/1/1 410/2/1 411/3/1 412/4/1
f 413/5/2 416/6/2 415/7/2 414/8/2
f 409/1/3 413/5/3 414/8/3 410/2/3
f 410/9/4 414/8/4 415/7/4 411/10/4
f 411/11/5 415/7/5 416/6/5 412/12/5
f 413/5/6 409/13/6 412/14/6 416/6/6
f 417/1/1 418/2/1 419/3/1 420/4/1
f 421/5/2 424/6/2 423/7/2 422/8/2
f 417/1/3 421/5/3 422/8/3 418/2/3
f 418/9/4 422/8/4 423/7/4 419/10/4
f 419/11/5 423/7/5 424/6/5 420/12/5
f 421/5/6 417/13/6 420/14/6 424/6/6
f 425/1/1 426/2/1 427/3/1 428/4/1
f 429/5/2 432/6/2 431/7/2 430/8/2
f 425/1/3 429/5/3 430/8/3 426/2/3
f 426/9/4 430/8/4 431/7/4 427/10/4
f 427/11/5 431/7/5 432/6/5 428/12/5
f 429/5/6 425/13/6 428/14/6 432/6/6
f 433/1/1 434/2/1 435/3/1 436/4/1
f 437/5/2 440/6/2 439/7/2 438/8/2
f 433/1/3 437/5/3 438/8/3 434/2/3
f 434/9/4 438/8/4 439/7/4 435/10/4
f 435/11/5 439/7/5 440/6/5 436/12/5
f 437/5/6 433/13/6 436/14/6 440/6/6
f 441/1/1 442/2/1 443/3/1 444/4/1
f 445/5/2 448/6/2 447/7/2 446/8/2
f 441/1/3 445/5/3 446/8/3 442/2/3
f 442/9/4 446/8/4 447/7/4 443/10/4
f 443/11/5 447/7/5 448/6/5 444/12/5
f 445/5/6 441/13/6 444/14/6 448/6/6
f 449/1/1 450/2/1 451/3/1 452/4/1
f 453/5/2 456/6/2 455/7/2 454/8/2
f 449/1/3 453/5/3 454/8/3 450/2/3
f 450/9/4 454/8/4 455/7/4 451/10/4
f 451/11/5 455/7/5 456/6/5 452/12/5
f 453/5/6 449/13/6 452/14/6 456/6/6
f 457/1/1 458/2/1 459/3/1 460/4/1
f 461/5/2 464/6/2 463/7/2 462/8/2
f 457/1/3 461/5/3 462/8/3 458/2/3
f 458/9/4 462/8/4 463/7/4 459/10/4
f 459/11/5 463/7/5 464/6/5 460/12/5
f 461/5/6 457/13/6 460/14/6 464/6/6
f 465/1/1 466/2/1 467/3/1 468/4/1
f 469/5/2 472/6/2 471/7/2 470/8/2
f 465/1/3 469/5/3 470/8/3 466/2/3
f 466/9/4 470/8/4 471/7/4 467/10/4
f 467/11/5 471/7/5 472/6/5 468/12/5
f 469/5/6 465/13/6 468/14/6 472/6/6
f 473/1/1 474/2/1 475/3/1 476/4/1
f 477/5/2 480/6/2 479/7/2 478/8/2
f 473/1/3 477/5/3 478/8/3 474/2/3
f 474/9/4 478/8/4 479/7/4 475/10/4
f 475/11/5 479/7/5 480/6/5 476/12/5
f 477/5/6 473/13/6 476/14/6 480/6/6
f 481/1/1 482/2/1 483/3/1 484/4/1
f 485/5/2 488/6/2 487/7/2 486/8/2
f 481/1/3 485/5/3 486/8/3 482/2/3
f 482/9/4 486/8/4 487/7/4 483/10/4
f 483/11/5 487/7/5 488/6/5 484/12/5
f 485/5/6 481/13/6 484/14/6 488/6/6
f 489/1/1 490/2/1 491/3/1 492/4/1
f 493/5/2 496/6/2 495/7/2 494/8/2
f 489/1/3 493/5/3 494/8/3 490/2/3
f 490/9/4 494/8/4 495/7/4 491/10/4
f 491/11/5 495/7/5 496/6/5 492/12/5
f 493/5/6 489/13/6 492/14/6 496/6/6
f 497/1/1 498/2/1 499/3/1 500/4/1
f 501/5/2 504/6/2 503/7/2 502/8/2
f 497/1/3 501/5/3 502/8/3 498/2/3
f 498/9/4 502/8/4 503/7/4 499/10/4
f 499/11/5 503/7/5 504/6/5 500/12/5
f 501/5/6 497/13/6 500/14/6 504/6/6
f 505/1/1 506/2/1 507/3/1 508/4/1
f 509/5/2 512/6/2 511/7/2 510/8/2
f 505/1/3 509/5/3 510/8/3 506/2/3
f 506/9/4 510/8/4 511/7/4 507/10/4
f 507/11/5 511/7/5 512/6/5 508/12/5
f 509/5/6 505/13/6 508/14/6 512/6/6
f 513/1/1 514/2/1 515/3/1 516/4/1
f 517/5/2 520/6/2 519/7/2 518/8/2
f 513/1/3 517/5/3 518/8/3 514/2/3
f 514/9/4 518/8/4 519/7/4 515/10/4
f 515/11/5 519/7/5 520/6/5 516/12/5
f 517/5/6 513/13/6 516/14/6 520/6/6
f 521/1/1 522/2/1 523/3/1 524/4/1
f 525/5/2 528/6/2 527/7/2 526/8/2
f 521/1/3 525/5/3 526/8/3 522/2/3
f 522/9/4 526/8/4 527/7/4 523/10/4
f 523/11/5 527/7/5 528/6/5 524/12/5
f 525/5/6 521/13/6 524/14/6 528/6/6
f 529/1/1 530/2/1 531/3/1 532/4/1
f 533/5/2 536/6/2 535/7/2 534/8/2
f 529/1/3 533/5/3 534/8/3 530/2/3
f 530/9/4 534/8/4 535/7/4 531/10/4
f 531/11/5 535/7/5 536/6/5 532/12/5
f 533/5/6 529/13/6 532/14/6 536/6/6
f 537/1/1 538/2/1 539/3/1 540/4/1
f 541/5/2 544/6/2 543/7/2 542/8/2
f 537/1/3 541/5/3 542/8/3 538/2/3
f 538/9/4 542/8/4 543/7/4 539/10/4
f 539/11/5 543/7/5 544/6/5 540/12/5
f 541/5/6 537/13/6 540/14/6 544/6/6
f 545/1/1 546/2/1 547/3/1 548/4/1
f 549/5/2 552/6/2 551/7/2 550/8/2
f 545/1/3 549/5/3 550/8/3 546/2/3
f 546/9/4 550/8/4 551/7/4 547/10/4
f 547/11/5 551/7/5 552/6/5 548/12/5
f 549/5/6 545/13/6 548/14/6 552/6/6
f 553/1/1 554/2/1 555/3/1 556/4/1
f 557/5/2 560/6/2 559/7/2 558/8/2
f 553/1/3 557/5/3 558/8/3 554/2/3
f 554/9/4 558/8/4 559/7/4 555/10/4
f 555/11/5 559/7/5 560/6/5 556/12/5
f 557/5/6 553/13/6 556/14/6 560/6/6
f 561/1/1 562/2/1 563/3/1 564/4/1
f 565/5/2 568/6/2 567/7/2 566/8/2
f 561/1/3 565/5/3 566/8/3 562/2/3
f 562/9/4 566/8/4 567/7/4 563/10/4
f 563/11/5 567/7/5 568/6/5 564/12/5
f 565/5/6 561/13/6 564/14/6 568/6/6
f 569/1/1 570/2/1 571/3/1 572/4/1
f 573/5/2 576/6/2 575/7/2 574/8/2
f 569/1/3 573/5/3 574/8/3 570/2/3
f 570/9/4 574/8/4 575/7/4 571/10/4
f 571/11/5 575/7/5 576/6/5 572/12/5
f 573/5/6 569/13/6 572/14/6 576/6/6
f 577/1/1 578/2/1 579/3/1 580/4/1
f 581/5/2 584/6/2 583/7/2 582/8/2
f 577/1/3 581/5/3 582/8/3 578/2/3
f 578/9/4 582/8/4 583/7/4 579/10/4
f 579/11/5 583/7/5 584/6/5 580/12/5
f 581/5/6 577/13/6 580/14/6 584/6/6
f 585/1/1 586/2/1 587/3/1 588/4/1
f 589/5/2 592/6/2 591/7/2 590/8/2
f 585/1/3 589/5/3 590/8/3 586/2/3
f 586/9/4 590/8/4 591/7/4 587/10/4
f 587/11/5 591/7/5 592/6/5 588/12/5
f 589/5/6 585/13/6 588/14/6 592/6/6
f 593/1/1 594/2/1 595/3/1 596/4/1
f 597/5/2 600/6/2 599/7/2 598/8/2
f 593/1/3 597/5/3 598/8/3 594/2/3
f 594/9/4 598/8/4 599/7/4 595/10/4
f 595/11/5 599/7/5 600/6/5 596/12/5
f 597/5/6 593/13/6 596/14/6 600/6/6
f 601/1/1 602/2/1 603/3/1 604/4/1
f 605/5/2 608/6/2 607/7/2 606/8/2
f 601/1/3 605/5/3 606/8/3 602/2/3
f 602/9/4 606/8/4 607/7/4 603/10/4
f 603/11/5 607/7/5 608/6/5 604/12/5
f 605/5/6 601/13/6 604/14/6 608/6/6
f 609/1/1 610/2/1 611/3/1 612/4/1
f 613/5/2 616/6/2 615/7/2 614/8/2
f 609/1/3 613/5/3 614/8/3 610/2/3
f 610/9/4 614/8/4 615/7/4 611/10/4
f 611/11/5 615/7/5 616/6/5 612/12/5
f 613/5/6 609/13/6 612/14/6 616/6/6
f 617/1/1 618/2/1 619/3/1 620/4/1
f 621/5/2 624/6/2 623/7/2 622/8/2
f 617/1/3 621/5/3 622/8/3 618/2/3
f 618/9/4 622/8/4 623/7/4 619/10/4
f 619/11/5 623/7/5 624/6/5 620/12/5
f 621/5/6 617/13/6 620/14/6 624/6/6
f 625/1/1 626/2/1 627/3/1 628/4/1
f 629/5/2 632/6/2 631/7/2 630/8/2
f 625/1/3 629/5/3 630/8/3 626/2/3
f 626/9/4 630/8/4 631/7/4 627/10/4
f 627/11/5 631/7/5 632/6/5 628/12/5
f 629/5/6 625/13/6 628/14/6 632/6/6
f 633/1/1 634/2/1 635/3/1 636/4/1
f 637/5/2 640/6/2 639/7/2 638/8/2
f 633/1/3 637/5/3 638/8/3 634/2/3
f 634/9/4 638/8/4 639/7/4 635/10/4
f 635/11/5 639/7/5 640/6/5 636/12/5
f 637/5/6 633/13/6 636/14/6 640/6/6
f 641/1/1 642/2/1 643/3/1 644/4/1
f 645/5/2 648/6/2 647/7/2 646/8/2
f 641/1/3 645/5/3 646/8/3 642/2/3
f 642/9/4 646/8/4 647/7/4 643/10/4
f 643/11/5 647/7/5 648/6/5 644/12/5
f 645/5/6 641/13/6 644/14/6 648/6/6
f 649/1/1 650/2/1 651/3/1 652/4/1
f 653/5/2 656/6/2 655/7/2 654/8/2
f 649/1/3 653/5/3 654/8/3 650/2/3
f 650/9/4 654/8/4 655/7/4 651/10/4
f 651/11/5 655/7/5 656/6/5 652/12/5
f 653/5/6 649/13/6 652/14/6 656/6/6
f 657/1/1 658/2/1 659/3/1 660/4/1
f 661/5/2 664/6/2 663/7/2 662/8/2
f 657/1/3 661/5/3 662/8/3 658/2/3
f 658/9/4 662/8/4 663/7/4 659/10/4
f 659/11/5 663/7/5 664/6/5 660/12/5
f 661/5/6 657/13/6 660/14/6 664/6/6
f 665/1/1 666/2/1 667/3/1 668/4/1
f 669/5/2 672/6/2 671/7/2 670/8/2
f 665/1/3 669/5/3 670/8/3 666/2/3
f 666/9/4 670/8/4 671/7/4 667/10/4
f 667/11/5 671/7/5 672/6/5 668/12/5
f 669/5/6 665/13/6 668/14/6 672/6/6
f 673/1/1 674/2/1 675/3/1 676/4/1
f 677/5/2 680/6/2 679/7/2 678/8/2
f 673/1/3 677/5/3 678/8/3 674/2/3
f 674/9/4 678/8/4 679/7/4 675/10/4
f 675/11/5 679/7/5 680/6/5 676/12/5
f 677/5/6 673/13/6 676/14/6 680/6/6
f 681/1/1 682/2/1 683/3/1 684/4/1
f 685/5/2 688/6/2 687/7/2 686/8/2
f 681/1/3 685/5/3 686/8/3 682/2/3
f 682/9/4 686/8/4 687/7/4 683/10/4
f 683/11/5 687/7/5 688/6/5 684/12/5
f 685/5/6 681/13/6 684/14/6 688/6/6
f 689/1/1 690/2/1 691/3/1 692/4/1
f 693/5/2 696/6/2 695/7/2 694/8/2
f 689/1/3 693/5/3 694/8/3 690/2/3
f 690/9/4 694/8/4 695/7/4 691/10/4
f 691/11/5 695/7/5 696/6/5 692/12/5
f 693/5/6 689/13/6 692/14/6 696/6/6
f 697/1/1 698/2/1 699/3/1 700/4/1
f 701/5/2 704/6/2 703/7/2 702/8/2
f 697/1/3 701/5/3 702/8/3 698/2/3
f 698/9/4 702/8/4 703/7/4 699/10/4
f 699/11/5 703/7/5 704/6/5 700/12/5
f 701/5/6 697/13/6 700/14/6 704/6/6
f 705/1/1 706/2/1 707/3/1 708/4/1
f 709/5/2 712/6/2 711/7/2 710/8/2
f 705/1/3 709/5/3 710/8/3 706/2/3
f 706/9/4 710/8/4 711/7/4 707/10/4
f 707/11/5 711/7/5 712/6/5 708/12/5
f 709/5/6 705/13/6 708/14/6 712/6/6
f 713/1/1 714/2/1 715/3/1 716/4/1
f 717/5/2 720/6/2 719/7/2 718/8/2
f 713/1/3 717/5/3 718/8/3 714/2/3
f 714/9/4 718/8/4 719/7/4 715/10/4
f 715/11/5 719/7/5 720/6/5 716/12/5
f 717/5/6 713/13/6 716/14/6 720/6/6
f 721/1/1 722/2/1 723/3/1 724/4/1
f 725/5/2 728/6/2 727/7/2 726/8/2
f 721/1/3 725/5/3 726/8/3 722/2/3
f 722/9/4 726/8/4 727/7/4 723/10/4
f 723/11/5 727/7/5 728/6/5 724/12/5
f 725/5/6 721/13/6 724/14/6 728/6/6
f 729/1/1 730/2/1 731/3/1 732/4/1
f 733/5/2 736/6/2 735/7/2 734/8/2
f 729/1/3 733/5/3 734/8/3 730/2/3
f 730/9/4 734/8/4 735/7/4 731/10/4
f 731/11/5 735/7/5 736/6/5 732/12/5
f 733/5/6 729/13/6 732/14/6 736/6/6
f 737/1/1 738/2/1 739/3/1 740/4/1
f 741/5/2 744/6/2 743/7/2 742/8/2
f 737/1/3 741/5/3 742/8/3 738/2/3
f 738/9/4 742/8/4 743/7/4 739/10/4
f 739/11/5 743/7/5 744/6/5 740/12/5
f 741/5/6 737/13/6 740/14/6 744/6/6
f 745/1/1 746/2/1 747/3/1 748/4/1
f 749/5/2 752/6/2 751/7/2 750/8/2
f 745/1/3 749/5/3 750/8/3 746/2/3
f 746/9/4 750/8/4 751/7/4 747/10/4
f 747/11/5 751/7/5 752/6/5 748/12/5
f 749/5/6 745/13/6 748/14/6 752/6/6
f 753/1/1 754/2/1 755/3/1 756/4/1
f 757/5/2 760/6/2 759/7/2 758/8/2
f 753/1/3 757/5/3 758/8/3 754/2/3
f 754/9/4 758/8/4 759/7/4 755/10/4
f 755/11/5 759/7/5 760/6/5 756/12/5
f 757/5/6 753/13/6 756/14/6 760/6/6
f 761/1/1 762/2/1 763/3/1 764/4/1
f 765/5/2 768/6/2 767/7/2 766/8/2
f 761/1/3 765/5/3 766/8/3 762/2/3
f 762/9/4 766/8/4 767/7/4 763/10/4
f 763/11/5 767/7/5 768/6/5 764/12/5
f 765/5/6 761/13/6 764/14/6 768/6/6
f 769/1/1 770/2/1 771/3/1 772/4/1
f 773/5/2 776/6/2 775/7/2 774/8/2
f 769/1/3 773/5/3 774/8/3 770/2/3
f 770/9/4 774/8/4 775/7/4 771/10/4
f 771/11/5 775/7/5 776/6/5 772/12/5
f 773/5/6 769/13/6 772/14/6 776/6/6
f 777/1/1 778/2/1 779/3/1 780/4/1
f 781/5/2 784/6/2 783/7/2 782/8/2
f 777/1/3 781/5/3 782/8/3 778/2/3
f 778/9/4 782/8/4 783/7/4 779/10/4
f 779/11/5 783/7/5 784/6/5 780/12/5
f 781/5/6 777/13/6 780/14/6 784/6/6
f 785/1/1 786/2/1 787/3/1 788/4/1
f 789/5/2 792/6/2 791/7/2 790/8/2
f 785/1/3 789/5/3 790/8/3 786/2/3
f 786/9/4 790/8/4 791/7/4 787/10/4
f 787/11/5 791/7/5 792/6/5 788/12/5
f 789/5/6 785/13/6 788/14/6 792/6/6
f 793/1/1 794/2/1 795/3/1 796/4/1
f 797/5/2 800/6/2 799/7/2 798/8/2
f 793/1/3 797/5/3 798/8/3 794/2/3
f 794/9/4 798/8/4 799/7/4 795/10/4
f 795/11/5 799/7/5 800/6/5 796/12/5
f 797/5/6 793/13/6 796/14/6 800/6/6
f 801/1/1 802/2/1 803/3/1 804/4/1
f 805/5/2 808/6/2 807/7/2 806/8/2
f 801/1/3 805/5/3 806/8/3 802/2/3
f 802/9/4 806/8/4 807/7/4 803/10/4
f 803/11/5 807/7/5 808/6/5 804/12/5
f 805/5/6 801/13/6 804/14/6 808/6/6
f 809/1/1 810/2/1 811/3/1 812/4/1
f 813/5/2 816/6/2 815/7/2 814/8/2
f 809/1/3 813/5/3 814/8/3 810/2/3
f 810/9/4 814/8/4 815/7/4 811/10/4
f 811/11/5 815/7/5 816/6/5 812/12/5
f 813/5/6 809/13/6 812/14/6 816/6/6
f 817/1/1 818/2/1 819/3/1 820/4/1
f 821/5/2 824/6/2 823/7/2 822/8/2
f 817/1/3 821/5/3 822/8/3 818/2/3
f 818/9/4 822/8/4 823/7/4 819/10/4
f 819/11/5 823/7/5 824/6/5 820/12/5
f 821/5/6 817/13/6 820/14/6 824/6/6
f 825/1/1 826/2/1 827/3/1 828/4/1
f 829/5/2 832/6/2 831/7/2 830/8/2
f 825/1/3 829/5/3 830/8/3 826/2/3
f 826/9/4 830/8/4 831/7/4 827/10/4
f 827/11/5 831/7/5 832/6/5 828/12/5
f 829/5/6 825/13/6 828/14/6 832/6/6
f 833/1/1 834/2/1 835/3/1 836/4/1
f 837/5/2 840/6/2 839/7/2 838/8/2
f 833/1/3 837/5/3 838/8/3 834/2/3
f 834/9/4 838/8/4 839/7/4 835/10/4
f 835/11/5 839/7/5 840/6/5 836/12/5
f 837/5/6 833/13/6 836/14/6 840/6/6
f 841/1/1 842/2/1 843/3/1 844/4/1
f 845/5/2 848/6/2 847/7/2 846/8/2
f 841/1/3 845/5/3 846/8/3 842/2/3
f 842/9/4 846/8/4 847/7/4 843/10/4
f 843/11/5 847/7/5 848/6/5 844/12/5
f 845/5/6 841/13/6 844/14/6 848/6/6
f 849/1/1 850/2/1 851/3/1 852/4/1
f 853/5/2 856/6/2 855/7/2 854/8/2
f 849/1/3 853/5/3 854/8/3 850/2/3
f 850/9/4 854/8/4 855/7/4 851/10/4
f 851/11/5 855/7/5 856/6/5 852/12/5
f 853/5/6 849/13/6 852/14/6 856/6/6
f 857/1/1 858/2/1 859/3/1 860/4/1
f 861/5/2 864/6/2 863/7/2 862/8/2
f 857/1/3 861/5/3 862/8/3 858/2/3
f 858/9/4 862/8/4 863/7/4 859/10/4
f 859/11/5 863/7/5 864/6/5 860/12/5
f 861/5/6 857/13/6 860/14/6 864/6/6
f 865/1/1 866/2/1 867/3/1 868/4/1
f 869/5/2 872/6/2 871/7/2 870/8/2
f 865/1/3 869/5/3 870/8/3 866/2/3
f 866/9/4 870/8/4 871/7/4 867/10/4
f 867/11/5 871/7/5 872/6/5 868/12/5
f 869/5/6 865/13/6 868/14/6 872/6/6
f 873/1/1 874/2/1 875/3/1 876/4/1
f 877/5/2 880/6/2 879/7/2 878/8/2
f 873/1/3 877/5/3 878/8/3 874/2/3
f 874/9/4 878/8/4 879/7/4 875/10/4
f 875/11/5 879/7/5 880/6/5 876/12/5
f 877/5/6 873/13/6 876/14/6 880/6/6
f 881/1/1 882/2/1 883/3/1 884/4/1
f 885/5/2 888/6/2 887/7/2 886/8/2
f 881/1/3 885/5/3 886/8/3 882/2/3
f 882/9/4 886/8/4 887/7/4 883/10/4
f 883/11/5 887/7/5 888/6/5 884/12/5
f 885/5/6 881/13/6 884/14/6 888/6/6
f 889/1/1 890/2/1 891/3/1 892/4/1
f 893/5/2 896/6/2 895/7/2 894/8/2
f 889/1/3 893/5/3 894/8/3 890/2/3
f 890/9/4 894/8/4 895/7/4 891/10/4
f 891/11/5 895/7/5 896/6/5 892/12/5
f 893/5/6 889/13/6 892/14/6 896/6/6
f 897/1/1 898/2/1 899/3/1 900/4/1
f 901/5/2 904/6/2 903/7/2 902/8/2
f 897/1/3 901/5/3 902/8/3 898/2/3
f 898/9/4 902/8/4 903/7/4 899/10/4
f 899/11/5 903/7/5 904/6/5 900/12/5
f 901/5/6 897/13/6 900/14/6 904/6/6
f 905/1/1 906/2/1 907/3/1 908/4/1
f 909/5/2 912/6/2 911/7/2 910/8/2
f 905/1/3 909/5/3 910/8/3 906/2/3
f 906/9/4 910/8/4 911/7/4 907/10/4
f 907/11/5 911/7/5 912/6/5 908/12/5
f 909/5/6 905/13/6 908/14/6 912/6/6
f 913/1/1 914/2/1 915/3/1 916/4/1
f 917/5/2 920/6/2 919/7/2 918/8/2
f 913/1/3 917/5/3 918/8/3 914/2/3
f 914/9/4 918/8/4 919/7/4 915/10/4
f 915/11/5 919/7/5 920/6/5 916/12/5
f 917/5/6 913/13/6 916/14/6 920/6/6
f 921/1/1 922/2/1 923/3/1 924/4/1
f 925/5/2 928/6/2 927/7/2 926/8/2
f 921/1/3 925/5/3 926/8/3 922/2/3
f 922/9/4 926/8/4 927/7/4 923/10/4
f 923/11/5 927/7/5 928/6/5 924/12/5
f 925/5/6 921/13/6 924/14/6 928/6/6
f 929/1/1 930/2/1 931/3/1 932/4/1
f 933/5/2 936/6/2 935/7/2 934/8/2
f 929/1/3 933/5/3 934/8/3 930/2/3
f 930/9/4 934/8/4 935/7/4 931/10/4
f 931/11/5 935/7/5 936/6/5 932/12/5
f 933/5/6 929/13/6 932/14/6 936/6/6
f 937/1/1 938/2/1 939/3/1 940/4/1
f 941/5/2 944/6/2 943/7/2 942/8/2
f 937/1/3 941/5/3 942/8/3 938/2/3
f 938/9/4 942/8/4 943/7/4 939/10/4
f 939/11/5 943/7/5 944/6/5 940/12/5
f 941/5/6 937/13/6 940/14/6 944/6/6
f 945/1/1 946/2/1 947/3/1 948/4/1
f 949/5/2 952/6/2 951/7/2 950/8/2
f 945/1/3 949/5/3 950/8/3 946/2/3
f 946/9/4 950/8/4 951/7/4 947/10/4
f 947/11/5 951/7/5 952/6/5 948/12/5
f 949/5/6 945/13/6 948/14/6 952/6/6
f 953/1/1 954/2/1 955/3/1 956/4/1
f 957/5/2 960/6/2 959/7/2 958/8/2
f 953/1/3 957/5/3 958/8/3 954/2/3
f 954/9/4 958/8/4 959/7/4 955/10/4
f 955/11/5 959/7/5 960/6/5 956/12/5
f 957/5/6 953/13/6 956/14/6 960/6/6
f 961/1/1 962/2/1 963/3/1 964/4/1
f 965/5/2 968/6/2 967/7/2 966/8/2
f 961/1/3 965/5/3 966/8/3 962/2/3
f 962/9/4 966/8/4 967/7/4 963/10/4
f 963/11/5 967/7/5 968/6/5 964/12/5
f 965/5/6 961/13/6 964/14/6 968/6/6
f 969/1/1 970/2/1 971/3/1 972/4/1
f 973/5/2 976/6/2 975/7/2 974/8/2
f 969/1/3 973/5/3 974/8/3 970/2/3
f 970/9/4 974/8/4 975/7/4 971/10/4
f 971/11/5 975/7/5 976/6/5 972/12/5
f 973/5/6 969/13/6 972/14/6 976/6/6
f 977/1/1 978/2/1 979/3/1 980/4/1
f 981/5/2 984/6/2 983/7/2 982/8/2
f 977/1/3 981/5/3 982/8/3 978/2/3
f 978/9/4 982/8/4 983/7/4 979/10/4
f 979/11/5 983/7/5 984/6/5 980/12/5
f 981/5/6 977/13/6 980/14/6 984/6/6
f 985/1/1 986/2/1 987/3/1 988/4/1
f 989/5/2 992/6/2 991/7/2 990/8/2
f 985/1/3 989/5/3 990/8/3 986/2/3
f 986/9/4 990/8/4 991/7/4 987/10/4
f 987/11/5 991/7/5 992/6/5 988/12/5
f 989/5/6 985/13/6 988/14/6 992/6/6
f 993/1/1 994/2/1 995/3/1 996/4/1
f 997/5/2 1000/6/2 999/7/2 998/8/2
f 993/1/3 997/5/3 998/8/3 994/2/3
f 994/9/4 998/8/4 999/7/4 995/10/4
f 995/11/5 999/7/5 1000/6/5 996/12/5
f 997/5/6 993/13/6 996/14/6 1000/6/6
f 1001/1/1 1002/2/1 1003/3/1 1004/4/1
f 1005/5/2 1008/6/2 1007/7/2 1006/8/2
f 1001/1/3 1005/5/3 1006/8/3 1002/2/3
f 1002/9/4 1006/8/4 1007/7/4 1003/10/4
f 1003/11/5 1007/7/5 1008/6/5 1004/12/5
f 1005/5/6 1001/13/6 1004/14/6 1008/6/6
f 1009/1/1 1010/2/1 1011/3/1 1012/4/1
f 1013/5/2 1016/6/2 1015/7/2 1014/8/2
f 1009/1/3 1013/5/3 1014/8/3 1010/2/3
f 1010/9/4 1014/8/4 1015/7/4 1011/10/4
f 1011/11/5 1015/7/5 1016/6/5 1012/12/5
f 1013/5/6 1009/13/6 1012/14/6 1016/6/6
f 1017/1/1 1018/2/1 1019/3/1 1020/4/1
f 1021/5/2 1024/6/2 1023/7/2 1022/8/2
f 1017/1/3 1021/5/3 1022/8/3 1018/2/3
f 1018/9/4 1022/8/4 1023/7/4 1019/10/4
f 1019/11/5 1023/7/5 1024/6/5 1020/12/5
f 1021/5/6 1017/13/6 1020/14/6 1024/6/6
f 1025/1/1 1026/2/1 1027/3/1 1028/4/1
f 1029/5/2 1032/6/2 1031/7/2 1030/8/2
f 1025/1/3 1029/5/3 1030/8/3 1026/2/3
f 1026/9/4 1030/8/4 1031/7/4 1027/10/4
f 1027/11/5 1031/7/5 1032/6/5 1028/12/5
f 1029/5/6 1025/13/6 1028/14/6 1032/6/6
f 1033/1/1 1034/2/1 1035/3/1 1036/4/1
f 1037/5/2 1040/6/2 1039/7/2 1038/8/2
f 1033/1/3 1037/5/3 1038/8/3 1034/2/3
f 1034/9/4 1038/8/4 1039/7/4 1035/10/4
f 1035/11/5 1039/7/5 1040/6/5 1036/12/5
f 1037/5/6 1033/13/6 1036/14/6 1040/6/6
f 1041/1/1 1042/2/1 1043/3/1 1044/4/1
f 1045/5/2 1048/6/2 1047/7/2 1046/8/2
f 1041/1/3 1045/5/3 1046/8/3 1042/2/3
f 1042/9/4 1046/8/4 1047/7/4 1043/10/4
f 1043/11/5 1047/7/5 1048/6/5 1044/12/5
f 1045/5/6 1041/13/6 1044/14/6 1048/6/6
f 1049/1/1 1050/2/1 1051/3/1 1052/4/1
f 1053/5/2 1056/6/2 1055/7/2 1054/8/2
f 1049/1/3 1053/5/3 1054/8/3 1050/2/3
f 1050/9/4 1054/8/4 1055/7/4 1051/10/4
f 1051/11/5 1055/7/5 1056/6/5 1052/12/5
f 1053/5/6 1049/13/6 1052/14/6 1056/6/6
f 1057/1/1 1058/2/1 1059/3/1 1060/4/1
f 1061/5/2 1064/6/2 1063/7/2 1062/8/2
f 1057/1/3 1061/5/3 1062/8/3 1058/2/3
f 1058/9/4 1062/8/4 1063/7/4 1059/10/4
f 1059/11/5 1063/7/5 1064/6/5 1060/12/5
f 1061/5/6 1057/13/6 1060/14/6 1064/6/6
f 1065/1/1 1066/2/1 1067/3/1 1068/4/1
f 1069/5/2 1072/6/2 1071/7/2 1070/8/2
f 1065/1/3 1069/5/3 1070/8/3 1066/2/3
f 1066/9/4 1070/8/4 1071/7/4 1067/10/4
f 1067/11/5 1071/7/5 1072/6/5 1068/12/5
f 1069/5/6 1065/13/6 1068/14/6 1072/6/6
f 1073/1/1 1074/2/1 1075/3/1 1076/4/1
f 1077/5/2 1080/6/2 1079/7/2 1078/8/2
f 1073/1/3 1077/5/3 1078/8/3 1074/2/3
f 1074/9/4 1078/8/4 1079/7/4 1075/10/4
f 1075/11/5 1079/7/5 1080/6/5 1076/12/5
f 1077/5/6 1073/13/6 1076/14/6 1080/6/6
f 1081/1/1 1082/2/1 1083/3/1 1084/4/1
f 1085/5/2 1088/6/2 1087/7/2 1086/8/2
f 1081/1/3 1085/5/3 1086/8/3 1082/2/3
f 1082/9/4 1086/8/4 1087/7/4 1083/10/4
f 1083/11/5 1087/7/5 1088/6/5 1084/12/5
f 1085/5/6 1081/13/6 1084/14/6 1088/6/6
f 1089/1/1 1090/2/1 1091/3/1 1092/4/1
f 1093/5/2 1096/6/2 1095/7/2 1094/8/2
f 1089/1/3 1093/5/3 1094/8/3 1090/2/3
f 1090/9/4 1094/8/4 1095/7/4 1091/10/4
f 1091/11/5 1095/7/5 1096/6/5 1092/12/5
f 1093/5/6 1089/13/6 1092/14/6 1096/6/6
f 1097/1/1 1098/2/1 1099/3/1 1100/4/1
f 1101/5/2 1104/6/2 1103/7/2 1102/8/2
f 1097/1/3 1101/5/3 1102/8/3 1098/2/3
f 1098/9/4 1102/8/4 1103/7/4 1099/10/4
f 1099/11/5 1103/7/5 1104/6/5 1100/12/5
f 1101/5/6 1097/13/6 1100/14/6 1104/6/6
f 1105/1/1 1106/2/1 1107/3/1 1108/4/1
f 1109/5/2 1112/6/2 1111/7/2 1110/8/2
f 1105/1/3 1109/5/3 1110/8/3 1106/2/3
f 1106/9/4 1110/8/4 1111/7/4 1107/10/4
f 1107/11/5 1111/7/5 1112/6/5 1108/12/5
f 1109/5/6 1105/13/6 1108/14/6 1112/6/6
f 1113/1/1 1114/2/1 1115/3/1 1116/4/1
f 1117/5/2 1120/6/2 1119/7/2 1118/8/2
f 1113/1/3 1117/5/3 1118/8/3 1114/2/3
f 1114/9/4 1118/8/4 1119/7/4 1115/10/4
f 1115/11/5 1119/7/5 1120/6/5 1116/12/5
f 1117/5/6 1113/13/6 1116/14/6 1120/6/6
f 1121/1/1 1122/2/1 1123/3/1 1124/4/1
f 1125/5/2 1128/6/2 1127/7/2 1126/8/2
f 1121/1/3 1125/5/3 1126/8/3 1122/2/3
f 1122/9/4 1126/8/4 1127/7/4 1123/10/4
f 1123/11/5 1127/7/5 1128/6/5 1124/12/5
f 1125/5/6 1121/13/6 1124/14/6 1128/6/6
f 1129/1/1 1130/2/1 1131/3/1 1132/4/1
f 1133/5/2 1136/6/2 1135/7/2 1134/8/2
f 1129/1/3 1133/5/3 1134/8/3 1130/2/3
f 1130/9/4 1134/8/4 1135/7/4 1131/10/4
f 1131/11/5 1135/7/5 1136/6/5 1132/12/5
f 1133/5/6 1129/13/6 1132/14/6 1136/6/6
f 1137/1/1 1138/2/1 1139/3/1 1140/4/1
f 1141/5/2 1144/6/2 1143/7/2 1142/8/2
f 1137/1/3 1141/5/3 1142/8/3 1138/2/3
f 1138/9/4 1142/8/4 1143/7/4 1139/10/4
f 1139/11/5 1143/7/5 1144/6/5 1140/12/5
f 1141/5/6 1137/13/6 1140/14/6 1144/6/6
f 1145/1/1 1146/2/1 1147/3/1 1148/4/1
f 1149/5/2 1152/6/2 1151/7/2 1150/8/2
f 1145/1/3 1149/5/3 1150/8/3 1146/2/3
f 1146/9/4 1150/8/4 1151/7/4 1147/10/4
f 1147/11/5 1151/7/5 1152/6/5 1148/12/5
f 1149/5/6 1145/13/6 1148/14/6 1152/6/6
f 1153/1/1 1154/2/1 1155/3/1 1156/4/1
f 1157/5/2 1160/6/2 1159/7/2 1158/8/2
f 1153/1/3 1157/5/3 1158/8/3 1154/2/3
f 1154/9/4 1158/8/4 1159/7/4 1155/10/4
f 1155/11/5 1159/7/5 1160/6/5 1156/12/5
f 1157/5/6 1153/13/6 1156/14/6 1160/6/6
f 1161/1/1 1162/2/1 1163/3/1 1164/4/1
f 1165/5/2 1168/6/2 1167/7/2 1166/8/2
f 1161/1/3 1165/5/3 1166/8/3 1162/2/3
f 1162/9/4 1166/8/4 1167/7/4 1163/10/4
f 1163/11/5 1167/7/5 1168/6/5 1164/12/5
f 1165/5/6 1161/13/6 1164/14/6 1168/6/6
f 1169/1/1 1170/2/1 1171/3/1 1172/4/1
f 1173/5/2 1176/6/2 1175/7/2 1174/8/2
f 1169/1/3 1173/5/3 1174/8/3 1170/2/3
f 1170/9/4 1174/8/4 1175/7/4 1171/10/4
f 1171/11/5 1175/7/5 1176/6/5 1172/12/5
f 1173/5/6 1169/13/6 1172/14/6 1176/6/6
f 1177/1/1 1178/2/1 1179/3/1 1180/4/1
f 1181/5/2 1184/6/2 1183/7/2 1182/8/2
f 1177/1/3 1181/5/3 1182/8/3 1178/2/3
f 1178/9/4 1182/8/4 1183/7/4 1179/10/4
f 1179/11/5 1183/7/5 1184/6/5 1180/12/5
f 1181/5/6 1177/13/6 1180/14/6 1184/6/6
f 1185/1/1 1186/2/1 1187/3/1 1188/4/1
f 1189/5/2 1192/6/2 1191/7/2 1190/8/2
f 1185/1/3 1189/5/3 1190/8/3 1186/2/3
f 1186/9/4 1190/8/4 1191/7/4 1187/10/4
f 1187/11/5 1191/7/5 1192/6/5 1188/12/5
f 1189/5/6 1185/13/6 1188/14/6 1192/6/6
f 1193/1/1 1194/2/1 1195/3/1 1196/4/1
f 1197/5/2 1200/6/2 1199/7/2 1198/8/2
f 1193/1/3 1197/5/3 1198/8/3 1194/2/3
f 1194/9/4 1198/8/4 1199/7/4 1195/10/4
f 1195/11/5 1199/7/5 1200/6/5 1196/12/5
f 1197/5/6 1193/13/6 1196/14/6 1200/6/6
f 1201/1/1 1202/2/1 1203/3/1 1204/4/1
f 1205/5/2 1208/6/2 1207/7/2 1206/8/2
f 1201/1/3 1205/5/3 1206/8/3 1202/2/3
f 1202/9/4 1206/8/4 1207/7/4 1203/10/4
f 1203/11/5 1207/7/5 1208/6/5 1204/12/5
f 1205/5/6 1201/13/6 1204/14/6 1208/6/6
f 1209/1/1 1210/2/1 1211/3/1 1212/4/1
f 1213/5/2 1216/6/2 1215/7/2 1214/8/2
f 1209/1/3 1213/5/3 1214/8/3 1210/2/3
f 1210/9/4 1214/8/4 1215/7/4 1211/10/4
f 1211/11/5 1215/7/5 1216/6/5 1212/12/5
f 1213/5/6 1209/13/6 1212/14/6 1216/6/6
f 1217/1/1 1218/2/1 1219/3/1 1220/4/1
f 1221/5/2 1224/6/2 1223/7/2 1222/8/2
f 1217/1/3 1221/5/3 1222/8/3 1218/2/3
f 1218/9/4 1222/8/4 1223/7/4 1219/10/4
f 1219/11/5 1223/7/5 1224/6/5 1220/12/5
f 1221/5/6 1217/13/6 1220/14/6 1224/6/6
f 1225/1/1 1226/2/1 1227/3/1 1228/4/1
f 1229/5/2 1232/6/2 1231/7/2 1230/8/2
f 1225/1/3 1229/5/3 1230/8/3 1226/2/3
f 1226/9/4 1230/8/4 1231/7/4 1227/10/4
f 1227/11/5 1231/7/5 1232/6/5 1228/12/5
f 1229/5/6 1225/13/6 1228/14/6 1232/6/6
f 1233/1/1 1234/2/1 1235/3/1 1236/4/1
f 1237/5/2 1240/6/2 1239/7/2 1238/8/2
f 1233/1/3 1237/5/3 1238/8/3 1234/2/3
f 1234/9/4 1238/8/4 1239/7/4 1235/10/4
f 1235/11/5 1239/7/5 1240/6/5 1236/12/5
f 1237/5/6 1233/13/6 1236/14/6 1240/6/6
f 1241/1/1 1242/2/1 1243/3/1 1244/4/1
f 1245/5/2 1248/6/2 1247/7/2 1246/8/2
f 1241/1/3 1245/5/3 1246/8/3 1242/2/3
f 1242/9/4 1246/8/4 1247/7/4 1243/10/4
f 1243/11/5 1247/7/5 1248/6/5 1244/12/5
f 1245/5/6 1241/13/6 1244/14/6 1248/6/6
f 1249/1/1 1250/2/1 1251/3/1 1252/4/1
f 1253/5/2 1256/6/2 1255/7/2 1254/8/2
f 1249/1/3 1253/5/3 1254/8/3 1250/2/3
f 1250/9/4 1254/8/4 1255/7/4 1251/10/4
f 1251/11/5 1255/7/5 1256/6/5 1252/12/5
f 1253/5/6 1249/13/6 1252/14/6 1256/6/6
f 1257/1/1 1258/2/1 1259/3/1 1260/4/1
f 1261/5/2 1264/6/2 1263/7/2 1262/8/2
f 1257/1/3 1261/5/3 1262/8/3 1258/2/3
f 1258/9/4 1262/8/4 1263/7/4 1259/10/4
f 1259/11/5 1263/7/5 1264/6/5 1260/12/5
f 1261/5/6 1257/13/6 1260/14/6 1264/6/6
f 1265/1/1 1266/2/1 1267/3/1 1268/4/1
f 1269/5/2 1272/6/2 1271/7/2 1270/8/2
f 1265/1/3 1269/5/3 1270/8/3 1266/2/3
f 1266/9/4 1270/8/4 1271/7/4 1267/10/4
f 1267/11/5 1271/7/5 1272/6/5 1268/12/5
f 1269/5/6 1265/13/6 1268/14/6 1272/6/6
f 1273/1/1 1274/2/1 1275/3/1 1276/4/1
f 1277/5/2 1280/6/2 1279/7/2 1278/8/2
f 1273/1/3 1277/5/3 1278/8/3 1274/2/3
f 1274/9/4 1278/8/4 1279/7/4 1275/10/4
f 1275/11/5 1279/7/5 1280/6/5 1276/12/5
f 1277/5/6 1273/13/6 1276/14/6 1280/6/6
f 1281/1/1 1282/2/1 1283/3/1 1284/4/1
f 1285/5/2 1288/6/2 1287/7/2 1286/8/2
f 1281/1/3 1285/5/3 1286/8/3 1282/2/3
f 1282/9/4 1286/8/4 1287/7/4 1283/10/4
f 1283/11/5 1287/7/5 1288/6/5 1284/12/5
f 1285/5/6 1281/13/6 1284/14/6 1288/6/6
f 1289/1/1 1290/2/1 1291/3/1 1292/4/1
f 1293/5/2 1296/6/2 1295/7/2 1294/8/2
f 1289/1/3 1293/5/3 1294/8/3 1290/2/3
f 1290/9/4 1294/8/4 1295/7/4 1291/10/4
f 1291/11/5 1295/7/5 1296/6/5 1292/12/5
f 1293/5/6 1289/13/6 1292/14/6 1296/6/6
f 1297/1/1 1298/2/1 1299/3/1 1300/4/1
f 1301/5/2 1304/6/2 1303/7/2 1302/8/2
f 1297/1/3 1301/5/3 1302/8/3 1298/2/3
f 1298/9/4 1302/8/4 1303/7/4 1299/10/4
f 1299/11/5 1303/7/5 1304/6/5 1300/12/5
f 1301/5/6 1297/13/6 1300/14/6 1304/6/6
f 1305/1/1 1306/2/1 1307/3/1 1308/4/1
f 1309/5/2 1312/6/2 1311/7/2 1310/8/2
f 1305/1/3 1309/5/3 1310/8/3 1306/2/3
f 1306/9/4 1310/8/4 1311/7/4 1307/10/4
f 1307/11/5 1311/7/5 1312/6/5 1308/12/5
f 1309/5/6 1305/13/6 1308/14/6 1312/6/6
f 1313/1/1 1314/2/1 1315/3/1 1316/4/1
f 1317/5/2 1320/6/2 1319/7/2 1318/8/2
f 1313/1/3 1317/5/3 1318/8/3 1314/2/3
f 1314/9/4 1318/8/4 1319/7/4 1315/10/4
f 1315/11/5 1319/7/5 1320/6/5 1316/12/5
f 1317/5/6 1313/13/6 1316/14/6 1320/6/6
f 1321/1/1 1322/2/1 1323/3/1 1324/4/1
f 1325/5/2 1328/6/2 1327/7/2 1326/8/2
f 1321/1/3 1325/5/3 1326/8/3 1322/2/3
f 1322/9/4 1326/8/4 1327/7/4 1323/10/4
f 1323/11/5 1327/7/5 1328/6/5 1324/12/5
f 1325/5/6 1321/13/6 1324/14/6 1328/6/6
f 1329/1/1 1330/2/1 1331/3/1 1332/4/1
f 1333/5/2 1336/6/2 1335/7/2 1334/8/2
f 1329/1/3 1333/5/3 1334/8/3 1330/2/3
f 1330/9/4 1334/8/4 1335/7/4 1331/10/4
f 1331/11/5 1335/7/5 1336/6/5 1332/12/5
f 1333/5/6 1329/13/6 1332/14/6 1336/6/6
f 1337/1/1 1338/2/1 1339/3/1 1340/4/1
f 1341/5/2 1344/6/2 1343/7/2 1342/8/2
f 1337/1/3 1341/5/3 1342/8/3 1338/2/3
f 1338/9/4 1342/8/4 1343/7/4 1339/10/4
f 1339/11/5 1343/7/5 1344/6/5 1340/12/5
f 1341/5/6 1337/13/6 1340/14/6 1344/6/6
f 1345/1/1 1346/2/1 1347/3/1 1348/4/1
f 1349/5/2 1352/6/2 1351/7/2 1350/8/2
f 1345/1/3 1349/5/3 1350/8/3 1346/2/3
f 1346/9/4 1350/8/4 1351/7/4 1347/10/4
f 1347/11/5 1351/7/5 1352/6/5 1348/12/5
f 1349/5/6 1345/13/6 1348/14/6 1352/6/6
f 1353/1/1 1354/2/1 1355/3/1 1356/4/1
f 1357/5/2 1360/6/2 1359/7/2 1358/8/2
f 1353/1/3 1357/5/3 1358/8/3 1354/2/3
f 1354/9/4 1358/8/4 1359/7/4 1355/10/4
f 1355/11/5 1359/7/5 1360/6/5 1356/12/5
f 1357/5/6 1353/13/6 1356/14/6 1360/6/6
f 1361/1/1 1362/2/1 1363/3/1 1364/4/1
f 1365/5/2 1368/6/2 1367/7/2 1366/8/2
f 1361/1/3 1365/5/3 1366/8/3 1362/2/3
f 1362/9/4 1366/8/4 1367/7/4 1363/10/4
f 1363/11/5 1367/7/5 1368/6/5 1364/12/5
f 1365/5/6 1361/13/6 1364/14/6 1368/6/6
f 1369/1/1 1370/2/1 1371/3/1 1372/4/1
f 1373/5/2 1376/6/2 1375/7/2 1374/8/2
f 1369/1/3 1373/5/3 1374/8/3 1370/2/3
f 1370/9/4 1374/8/4 1375/7/4 1371/10/4
f 1371/11/5 1375/7/5 1376/6/5 1372/12/5
f 1373/5/6 1369/13/6 1372/14/6 1376/6/6
f 1377/1/1 1378/2/1 1379/3/1 1380/4/1
f 1381/5/2 1384/6/2 1383/7/2 1382/8/2
f 1377/1/3 1381/5/3 1382/8/3 1378/2/3
f 1378/9/4 1382/8/4 1383/7/4 1379/10/4
f 1379/11/5 1383/7/5 1384/6/5 1380/12/5
f 1381/5/6 1377/13/6 1380/14/6 1384/6/6
f 1385/1/1 1386/2/1 1387/3/1 1388/4/1
f 1389/5/2 1392/6/2 1391/7/2 1390/8/2
f 1385/1/3 1389/5/3 1390/8/3 1386/2/3
f 1386/9/4 1390/8/4 1391/7/4 1387/10/4
f 1387/11/5 1391/7/5 1392/6/5 1388/12/5
f 1389/5/6 1385/13/6 1388/14/6 1392/6/6
f 1393/1/1 1394/2/1 1395/3/1 1396/4/1
f 1397/5/2 1400/6/2 1399/7/2 1398/8/2
f 1393/1/3 1397/5/3 1398/8/3 1394/2/3
f 1394/9/4 1398/8/4 1399/7/4 1395/10/4
f 1395/11/5 1399/7/5 1400/6/5 1396/12/5
f 1397/5/6 1393/13/6 1396/14/6 1400/6/6
f 1401/1/1 1402/2/1 1403/3/1 1404/4/1
f 1405/5/2 1408/6/2 1407/7/2 1406/8/2
f 1401/1/3 1405/5/3 1406/8/3 1402/2/3
f 1402/9/4 1406/8/4 1407/7/4 1403/10/4
f 1403/11/5 1407/7/5 1408/6/5 1404/12/5
f 1405/5/6 1401/13/6 1404/14/6 1408/6/6
f 1409/1/1 1410/2/1 1411/3/1 1412/4/1
f 1413/5/2 1416/6/2 1415/7/2 1414/8/2
f 1409/1/3 1413/5/3 1414/8/3 1410/2/3
f 1410/9/4 1414/8/4 1415/7/4 1411/10/4
f 1411/11/5 1415/7/5 1416/6/5 1412/12/5
f 1413/5/6 1409/13/6 1412/14/6 1416/6/6
f 1417/1/1 1418/2/1 1419/3/1 1420/4/1
f 1421/5/2 1424/6/2 1423/7/2 1422/8/2
f 1417/1/3 1421/5/3 1422/8/3 1418/2/3
f 1418/9/4 1422/8/4 1423/7/4 1419/10/4
f 1419/11/5 1423/7/5 1424/6/5 1420/12/5
f 1421/5/6 1417/13/6 1420/14/6 1424/6/6
f 1425/1/1 1426/2/1 1427/3/1 1428/4/1
f 1429/5/2 1432/6/2 1431/7/2 1430/8/2
f 1425/1/3 1429/5/3 1430/8/3 1426/2/3
f 1426/9/4 1430/8/4 1431/7/4 1427/10/4
f 1427/11/5 1431/7/5 1432/6/5 1428/12/5
f 1429/5/6 1425/13/6 1428/14/6 1432/6/6
f 1433/1/1 1434/2/1 1435/3/1 1436/4/1
f 1437/5/2 1440/6/2 1439/7/2 1438/8/2
f 1433/1/3 1437/5/3 1438/8/3 1434/2/3
f 1434/9/4 1438/8/4 1439/7/4 1435/10/4
f 1435/11/5 1439/7/5 1440/6/5 1436/12/5
f 1437/5/6 1433/13/6 1436/14/6 1440/6/6
f 1441/1/1 1442/2/1 1443/3/1 1444/4/1
f 1445/5/2 1448/6/2 1447/7/2 1446/8/2
f 1441/1/3 1445/5/3 1446/8/3 1442/2/3
f 1442/9/4 1446/8/4 1447/7/4 1443/10/4
f 1443/11/5 1447/7/5 1448/6/5 1444/12/5
f 1445/5/6 1441/13/6 1444/14/6 1448/6/6
f 1449/1/1 1450/2/1 1451/3/1 1452/4/1
f 1453/5/2 1456/6/2 1455/7/2 1454/8/2
f 1449/1/3 1453/5/3 1454/8/3 1450/2/3
f 1450/9/4 1454/8/4 1455/7/4 1451/10/4
f 1451/11/5 1455/7/5 1456/6/5 1452/12/5
f 1453/5/6 1449/13/6 1452/14/6 1456/6/6
f 1457/1/1 1458/2/1 1459/3/1 1460/4/1
f 1461/5/2 1464/6/2 1463/7/2 1462/8/2
f 1457/1/3 1461/5/3 1462/8/3 1458/2/3
f 1458/9/4 1462/8/4 1463/7/4 1459/10/4
f 1459/11/5 1463/7/5 1464/6/5 1460/12/5
f 1461/5/6 1457/13/6 1460/14/6 1464/6/6
f 1465/1/1 1466/2/1 1467/3/1 1468/4/1
f 1469/5/2 1472/6/2 1471/7/2 1470/8/2
f 1465/1/3 1469/5/3 1470/8/3 1466/2/3
f 1466/9/4 1470/8/4 1471/7/4 1467/10/4
f 1467/11/5 1471/7/5 1472/6/5 1468/12/5
f 1469/5/6 1465/13/6 1468/14/6 1472/6/6
f 1473/1/1 1474/2/1 1475/3/1 1476/4/1
f 1477/5/2 1480/6/2 1479/7/2 1478/8/2
f 1473/1/3 1477/5/3 1478/8/3 1474/2/3
f 1474/9/4 1478/8/4 1479/7/4 1475/10/4
f 1475/11/5 1479/7/5 1480/6/5 1476/12/5
f 1477/5/6 1473/13/6 1476/14/6 1480/6/6
f 1481/1/1 1482/2/1 1483/3/1 1484/4/1
f 1485/5/2 1488/6/2 1487/7/2 1486/8/2
f 1481/1/3 1485/5/3 1486/8/3 1482/2/3
f 1482/9/4 1486/8/4 1487/7/4 1483/10/4
f 1483/11/5 1487/7/5 1488/6/5 1484/12/5
f 1485/5/6 1481/13/6 1484/14/6 1488/6/6
f 1489/1/1 1490/2/1 1491/3/1 1492/4/1
f 1493/5/2 1496/6/2 1495/7/2 1494/8/2
f 1489/1/3 1493/5/3 1494/8/3 1490/2/3
f 1490/9/4 1494/8/4 1495/7/4 1491/10/4
f 1491/11/5 1495/7/5 1496/6/5 1492/12/5
f 1493/5/6 1489/13/6 1492/14/6 1496/6/6
f 1497/1/1 1498/2/1 1499/3/1 1500/4/1
f 1501/5/2 1504/6/2 1503/7/2 1502/8/2
f 1497/1/3 1501/5/3 1502/8/3 1498/2/3
f 1498/9/4 1502/8/4 1503/7/4 1499/10/4
f 1499/11/5 1503/7/5 1504/6/5 1500/12/5
f 1501/5/6 1497/13/6 1500/14/6 1504/6/6
f 1505/1/1 1506/2/1 1507/3/1 1508/4/1
f 1509/5/2 1512/6/2 1511/7/2 1510/8/2
f 1505/1/3 1509/5/3 1510/8/3 1506/2/3
f 1506/9/4 1510/8/4 1511/7/4 1507/10/4
f 1507/11/5 1511/7/5 1512/6/5 1508/12/5
f 1509/5/6 1505/13/6 1508/14/6 1512/6/6
f 1513/1/1 1514/2/1 1515/3/1 1516/4/1
f 1517/5/2 1520/6/2 1519/7/2 1518/8/2
f 1513/1/3 1517/5/3 1518/8/3 1514/2/3
f 1514/9/4 1518/8/4 1519/7/4 1515/10/4
f 1515/11/5 1519/7/5 1520/6/5 1516/12/5
f 1517/5/6 1513/13/6 1516/14/6 1520/6/6
f 1521/1/1 1522/2/1 1523/3/1 1524/4/1
f 1525/5/2 1528/6/2 1527/7/2 1526/8/2
f 1521/1/3 1525/5/3 1526/8/3 1522/2/3
f 1522/9/4 1526/8/4 1527/7/4 1523/10/4
f 1523/11/5 1527/7/5 1528/6/5 1524/12/5
f 1525/5/6 1521/13/6 1524/14/6 1528/6/6
f 1529/1/1 1530/2/1 1531/3/1 1532/4/1
f 1533/5/2 1536/6/2 1535/7/2 1534/8/2
f 1529/1/3 1533/5/3 1534/8/3 1530/2/3
f 1530/9/4 1534/8/4 1535/7/4 1531/10/4
f 1531/11/5 1535/7/5 1536/6/5 1532/12/5
f 1533/5/6 1529/13/6 1532/14/6 1536/6/6
f 1537/1/1 1538/2/1 1539/3/1 1540/4/1
f 1541/5/2 1544/6/2 1543/7/2 1542/8/2
f 1537/1/3 1541/5/3 1542/8/3 1538/2/3
f 1538/9/4 1542/8/4 1543/7/4 1539/10/4
f 1539/11/5 1543/7/5 1544/6/5 1540/12/5
f 1541/5/6 1537/13/6 1540/14/6 1544/6/6
f 1545/1/1 1546/2/1 1547/3/1 1548/4/1
f 1549/5/2 1552/6/2 1551/7/2 1550/8/2
f 1545/1/3 1549/5/3 1550/8/3 1546/2/3
f 1546/9/4 1550/8/4 1551/7/4 1547/10/4
f 1547/11/5 1551/7/5 1552/6/5 1548/12/5
f 1549/5/6 1545/13/6 1548/14/6 1552/6/6
f 1553/1/1 1554/2/1 1555/3/1 1556/4/1
f 1557/5/2 1560/6/2 1559/7/2 1558/8/2
f 1553/1/3 1557/5/3 1558/8/3 1554/2/3
f 1554/9/4 1558/8/4 1559/7/4 1555/10/4
f 1555/11/5 1559/7/5 1560/6/5 1556/12/5
f 1557/5/6 1553/13/6 1556/14/6 1560/6/6
f 1561/1/1 1562/2/1 1563/3/1 1564/4/1
f 1565/5/2 1568/6/2 1567/7/2 1566/8/2
f 1561/1/3 1565/5/3 1566/8/3 1562/2/3
f 1562/9/4 1566/8/4 1567/7/4 1563/10/4
f 1563/11/5 1567/7/5 1568/6/5 1564/12/5
f 1565/5/6 1561/13/6 1564/14/6 1568/6/6
f 1569/1/1 1570/2/1 1571/3/1 1572/4/1
f 1573/5/2 1576/6/2 1575/7/2 1574/8/2
f 1569/1/3 1573/5/3 1574/8/3 1570/2/3
f 1570/9/4 1574/8/4 1575/7/4 1571/10/4
f 1571/11/5 1575/7/5 1576/6/5 1572/12/5
f 1573/5/6 1569/13/6 1572/14/6 1576/6/6
f 1577/1/1 1578/2/1 1579/3/1 1580/4/1
f 1581/5/2 1584/6/2 1583/7/2 1582/8/2
f 1577/1/3 1581/5/3 1582/8/3 1578/2/3
f 1578/9/4 1582/8/4 1583/7/4 1579/10/4
f 1579/11/5 1583/7/5 1584/6/5 1580/12/5
f 1581/5/6 1577/13/6 1580/14/6 1584/6/6
f 1585/1/1 1586/2/1 1587/3/1 1588/4/1
f 1589/5/2 1592/6/2 1591/7/2 1590/8/2
f 1585/1/3 1589/5/3 1590/8/3 1586/2/3
f 1586/9/4 1590/8/4 1591/7/4 1587/10/4
f 1587/11/5 1591/7/5 1592/6/5 1588/12/5
f 1589/5/6 1585/13/6 1588/14/6 1592/6/6
f 1593/1/1 1594/2/1 1595/3/1 1596/4/1
f 1597/5/2 1600/6/2 1599/7/2 1598/8/2
f 1593/1/3 1597/5/3 1598/8/3 1594/2/3
f 1594/9/4 1598/8/4 1599/7/4 1595/10/4
f 1595/11/5 1599/7/5 1600/6/5 1596/12/5
f 1597/5/6 1593/13/6 1596/14/6 1600/6/6
f 1601/1/1 1602/2/1 1603/3/1 1604/4/1
f 1605/5/2 1608/6/2 1607/7/2 1606/8/2
f 1601/1/3 1605/5/3 1606/8/3 1602/2/3
f 1602/9/4 1606/8/4 1607/7/4 1603/10/4
f 1603/11/5 1607/7/5 1608/6/5 1604/12/5
f 1605/5/6 1601/13/6 1604/14/6 1608/6/6
f 1609/1/1 1610/2/1 1611/3/1 1612/4/1
f 1613/5/2 1616/6/2 1615/7/2 1614/8/2
f 1609/1/3 1613/5/3 1614/8/3 1610/2/3
f 1610/9/4 1614/8/4 1615/7/4 1611/10/4
f 1611/11/5 1615/7/5 1616/6/5 1612/12/5
f 1613/5/6 1609/13/6 1612/14/6 1616/6/6
f 1617/1/1 1618/2/1 1619/3/1 1620/4/1
f 1621/5/2 1624/6/2 1623/7/2 1622/8/2
f 1617/1/3 1621/5/3 1622/8/3 1618/2/3
f 1618/9/4 1622/8/4 1623/7/4 1619/10/4
f 1619/11/5 1623/7/5 1624/6/5 1620/12/5
f 1621/5/6 1617/13/6 1620/14/6 1624/6/6
f 1625/1/1 1626/2/1 1627/3/1 1628/4/1
f 1629/5/2 1632/6/2 1631/7/2 1630/8/2
f 1625/1/3 1629/5/3 1630/8/3 1626/2/3
f 1626/9/4 1630/8/4 1631/7/4 1627/10/4
f 1627/11/5 1631/7/5 1632/6/5 1628/12/5
f 1629/5/6 1625/13/6 1628/14/6 1632/6/6
f 1633/1/1 1634/2/1 1635/3/1 1636/4/1
f 1637/5/2 1640/6/2 1639/7/2 1638/8/2
f 1633/1/3 1637/5/3 1638/8/3 1634/2/3
f 1634/9/4 1638/8/4 1639/7/4 1635/10/4
f 1635/11/5 1639/7/5 1640/6/5 1636/12/5
f 1637/5/6 1633/13/6 1636/14/6 1640/6/6
f 1641/1/1 1642/2/1 1643/3/1 1644/4/1
f 1645/5/2 1648/6/2 1647/7/2 1646/8/2
f 1641/1/3 1645/5/3 1646/8/3 1642/2/3
f 1642/9/4 1646/8/4 1647/7/4 1643/10/4
f 1643/11/5 1647/7/5 1648/6/5 1644/12/5
f 1645/5/6 1641/13/6 1644/14/6 1648/6/6
f 1649/1/1 1650/2/1 1651/3/1 1652/4/1
f 1653/5/2 1656/6/2 1655/7/2 1654/8/2
f 1649/1/3 1653/5/3 1654/8/3 1650/2/3
f 1650/9/4 1654/8/4 1655/7/4 1651/10/4
f 1651/11/5 1655/7/5 1656/6/5 1652/12/5
f 1653/5/6 1649/13/6 1652/14/6 1656/6/6
f 1657/1/1 1658/2/1 1659/3/1 1660/4/1
f 1661/5/2 1664/6/2 1663/7/2 1662/8/2
f 1657/1/3 1661/5/3 1662/8/3 1658/2/3
f 1658/9/4 1662/8/4 1663/7/4 1659/10/4
f 1659/11/5 1663/7/5 1664/6/5 1660/12/5
f 1661/5/6 1657/13/6 1660/14/6 1664/6/6
f 1665/1/1 1666/2/1 1667/3/1 1668/4/1
f 1669/5/2 1672/6/2 1671/7/2 1670/8/2
f 1665/1/3 1669/5/3 1670/8/3 1666/2/3
f 1666/9/4 1670/8/4 1671/7/4 1667/10/4
f 1667/11/5 1671/7/5 1672/6/5 1668/12/5
f 1669/5/6 1665/13/6 1668/14/6 1672/6/6
f 1673/1/1 1674/2/1 1675/3/1 1676/4/1
f 1677/5/2 1680/6/2 1679/7/2 1678/8/2
f 1673/1/3 1677/5/3 1678/8/3 1674/2/3
f 1674/9/4 1678/8/4 1679/7/4 1675/10/4
f 1675/11/5 1679/7/5 1680/6/5 1676/12/5
f 1677/5/6 1673/13/6 1676/14/6 1680/6/6
f 1681/1/1 1682/2/1 1683/3/1 1684/4/1
f 1685/5/2 1688/6/2 1687/7/2 1686/8/2
f 1681/1/3 1685/5/3 1686/8/3 1682/2/3
f 1682/9/4 1686/8/4 1687/7/4 1683/10/4
f 1683/11/5 1687/7/5 1688/6/5 1684/12/5
f 1685/5/6 1681/13/6 1684/14/6 1688/6/6
f 1689/1/1 1690/2/1 1691/3/1 1692/4/1
f 1693/5/2 1696/6/2 1695/7/2 1694/8/2
f 1689/1/3 1693/5/3 1694/8/3 1690/2/3
f 1690/9/4 1694/8/4 1695/7/4 1691/10/4
f 1691/11/5 1695/7/5 1696/6/5 1692/12/5
f 1693/5/6 1689/13/6 1692/14/6 1696/6/6
f 1697/1/1 1698/2/1 1699/3/1 1700/4/1
f 1701/5/2 1704/6/2 1703/7/2 1702/8/2
f 1697/1/3 1701/5/3 1702/8/3 1698/2/3
f 1698/9/4 1702/8/4 1703/7/4 1699/10/4
f 1699/11/5 1703/7/5 1704/6/5 1700/12/5
f 1701/5/6 1697/13/6 1700/14/6 1704/6/6
f 1705/1/1 1706/2/1 1707/3/1 1708/4/1
f 1709/5/2 1712/6/2 1711/7/2 1710/8/2
f 1705/1/3 1709/5/3 1710/8/3 1706/2/3
f 1706/9/4 1710/8/4 1711/7/4 1707/10/4
f 1707/11/5 1711/7/5 1712/6/5 1708/12/5
f 1709/5/6 1705/13/6 1708/14/6 1712/6/6
f 1713/1/1 1714/2/1 1715/3/1 1716/4/1
f 1717/5/2 1720/6/2 1719/7/2 1718/8/2
f 1713/1/3 1717/5/3 1718/8/3 1714/2/3
f 1714/9/4 1718/8/4 1719/7/4 1715/10/4
f 1715/11/5 1719/7/5 1720/6/5 1716/12/5
f 1717/5/6 1713/13/6 1716/14/6 1720/6/6
f 1721/1/1 1722/2/1 1723/3/1 1724/4/1
f 1725/5/2 1728/6/2 1727/7/2 1726/8/2
f 1721/1/3 1725/5/3 1726/8/3 1722/2/3
f 1722/9/4 1726/8/4 1727/7/4 1723/10/4
f 1723/11/5 1727/7/5 1728/6/5 1724/12/5
f 1725/5/6 1721/13/6 1724/14/6 1728/6/6
f 1729/1/1 1730/2/1 1731/3/1 1732/4/1
f 1733/5/2 1736/6/2 1735/7/2 1734/8/2
f 1729/1/3 1733/5/3 1734/8/3 1730/2/3
f 1730/9/4 1734/8/4 1735/7/4 1731/10/4
f 1731/11/5 1735/7/5 1736/6/5 1732/12/5
f 1733/5/6 1729/13/6 1732/14/6 1736/6/6
f 1737/1/1 1738/2/1 1739/3/1 1740/4/1
f 1741/5/2 1744/6/2 1743/7/2 1742/8/2
f 1737/1/3 1741/5/3 1742/8/3 1738/2/3
f 1738/9/4 1742/8/4 1743/7/4 1739/10/4
f 1739/11/5 1743/7/5 1744/6/5 1740/12/5
f 1741/5/6 1737/13/6 1740/14/6 1744/6/6
f 1745/1/1 1746/2/1 1747/3/1 1748/4/1
f 1749/5/2 1752/6/2 1751/7/2 1750/8/2
f 1745/1/3 1749/5/3 1750/8/3 1746/2/3
f 1746/9/4 1750/8/4 1751/7/4 1747/10/4
f 1747/11/5 1751/7/5 1752/6/5 1748/12/5
f 1749/5/6 1745/13/6 1748/14/6 1752/6/6
f 1753/1/1 1754/2/1 1755/3/1 1756/4/1
f 1757/5/2 1760/6/2 1759/7/2 1758/8/2
f 1753/1/3 1757/5/3 1758/8/3 1754/2/3
f 1754/9/4 1758/8/4 1759/7/4 1755/10/4
f 1755/11/5 1759/7/5 1760/6/5 1756/12/5
f 1757/5/6 1753/13/6 1756/14/6 1760/6/6
f 1761/1/1 1762/2/1 1763/3/1 1764/4/1
f 1765/5/2 1768/6/2 1767/7/2 1766/8/2
f 1761/1/3 1765/5/3 1766/8/3 1762/2/3
f 1762/9/4 1766/8/4 1767/7/4 1763/10/4
f 1763/11/5 1767/7/5 1768/6/5 1764/12/5
f 1765/5/6 1761/13/6 1764/14/6 1768/6/6
f 1769/1/1 1770/2/1 1771/3/1 1772/4/1
f 1773/5/2 1776/6/2 1775/7/2 1774/8/2
f 1769/1/3 1773/5/3 1774/8/3 1770/2/3
f 1770/9/4 1774/8/4 1775/7/4 1771/10/4
f 1771/11/5 1775/7/5 1776/6/5 1772/12/5
f 1773/5/6 1769/13/6 1772/14/6 1776/6/6
f 1777/1/1 1778/2/1 1779/3/1 1780/4/1
f 1781/5/2 1784/6/2 1783/7/2 1782/8/2
f 1777/1/3 1781/5/3 1782/8/3 1778/2/3
f 1778/9/4 1782/8/4 1783/7/4 1779/10/4
f 1779/11/5 1783/7/5 1784/6/5 1780/12/5
f 1781/5/6 1777/13/6 1780/14/6 1784/6/6
f 1785/1/1 1786/2/1 1787/3/1 1788/4/1
f 1789/5/2 1792/6/2 1791/7/2 1790/8/2
f 1785/1/3 1789/5/3 1790/8/3 1786/2/3
f 1786/9/4 1790/8/4 1791/7/4 1787/10/4
f 1787/11/5 1791/7/5 1792/6/5 1788/12/5
f 1789/5/6 1785/13/6 1788/14/6 1792/6/6
f 1793/1/1 1794/2/1 1795/3/1 1796/4/1
f 1797/5/2 1800/6/2 1799/7/2 1798/8/2
f 1793/1/3 1797/5/3 1798/8/3 1794/2/3
f 1794/9/4 1798/8/4 1799/7/4 1795/10/4
f 1795/11/5 1799/7/5 1800/6/5 1796/12/5
f 1797/5/6 1793/13/6 1796/14/6 1800/6/6
f 1801/1/1 1802/2/1 1803/3/1 1804/4/1
f 1805/5/2 1808/6/2 1807/7/2 1806/8/2
f 1801/1/3 1805/5/3 1806/8/3 1802/2/3
f 1802/9/4 1806/8/4 1807/7/4 1803/10/4
f 1803/11/5 1807/7/5 1808/6/5 1804/12/5
f 1805/5/6 1801/13/6 1804/14/6 1808/6/6
f 1809/1/1 1810/2/1 1811/3/1 1812/4/1
f 1813/5/2 1816/6/2 1815/7/2 1814/8/2
f 1809/1/3 1813/5/3 1814/8/3 1810/2/3
f 1810/9/4 1814/8/4 1815/7/4 1811/10/4
f 1811/11/5 1815/7/5 1816/6/5 1812/12/5
f 1813/5/6 1809/13/6 1812/14/6 1816/6/6
f 1817/1/1 1818/2/1 1819/3/1 1820/4/1
f 1821/5/2 1824/6/2 1823/7/2 1822/8/2
f 1817/1/3 1821/5/3 1822/8/3 1818/2/3
f 1818/9/4 1822/8/4 1823/7/4 1819/10/4
f 1819/11/5 1823/7/5 1824/6/5 1820/12/5
f 1821/5/6 1817/13/6 1820/14/6 1824/6/6
f 1825/1/1 1826/2/1 1827/3/1 1828/4/1
f 1829/5/2 1832/6/2 1831/7/2 1830/8/2
f 1825/1/3 1829/5/3 1830/8/3 1826/2/3
f 1826/9/4 1830/8/4 1831/7/4 1827/10/4
f 1827/11/5 1831/7/5 1832/6/5 1828/12/5
f 1829/5/6 1825/13/6 1828/14/6 1832/6/6
f 1833/1/1 1834/2/1 1835/3/1 1836/4/1
f 1837/5/2 1840/6/2 1839/7/2 1838/8/2
f 1833/1/3 1837/5/3 1838/8/3 1834/2/3
f 1834/9/4 1838/8/4 1839/7/4 1835/10/4
f 1835/11/5 1839/7/5 1840/6/5 1836/12/5
f 1837/5/6 1833/13/6 1836/14/6 1840/6/6
f 1841/1/1 1842/2/1 1843/3/1 1844/4/1
f 1845/5/2 1848/6/2 1847/7/2 1846/8/2
f 1841/1/3 1845/5/3 1846/8/3 1842/2/3
f 1842/9/4 1846/8/4 1847/7/4 1843/10/4
f 1843/11/5 1847/7/5 1848/6/5 1844/12/5
f 1845/5/6 1841/13/6 1844/14/6 1848/6/6
f 1849/1/1 1850/2/1 1851/3/1 1852/4/1
f 1853/5/2 1856/6/2 1855/7/2 1854/8/2
f 1849/1/3 1853/5/3 1854/8/3 1850/2/3
f 1850/9/4 1854/8/4 1855/7/4 1851/10/4
f 1851/11/5 1855/7/5 1856/6/5 1852/12/5
f 1853/5/6 1849/13/6 1852/14/6 1856/6/6
f 1857/1/1 1858/2/1 1859/3/1 1860/4/1
f 1861/5/2 1864/6/2 1863/7/2 1862/8/2
f 1857/1/3 1861/5/3 1862/8/3 1858/2/3
f 1858/9/4 1862/8/4 1863/7/4 1859/10/4
f 1859/11/5 1863/7/5 1864/6/5 1860/12/5
f 1861/5/6 1857/13/6 1860/14/6 1864/6/6
f 1865/1/1 1866/2/1 1867/3/1 1868/4/1
f 1869/5/2 1872/6/2 1871/7/2 1870/8/2
f 1865/1/3 1869/5/3 1870/8/3 1866/2/3
f 1866/9/4 1870/8/4 1871/7/4 1867/10/4
f 1867/11/5 1871/7/5 1872/6/5 1868/12/5
f 1869/5/6 1865/13/6 1868/14/6 1872/6/6
f 1873/1/1 1874/2/1 1875/3/1 1876/4/1
f 1877/5/2 1880/6/2 1879/7/2 1878/8/2
f 1873/1/3 1877/5/3 1878/8/3 1874/2/3
f 1874/9/4 1878/8/4 1879/7/4 1875/10/4
f 1875/11/5 1879/7/5 1880/6/5 1876/12/5
f 1877/5/6 1873/13/6 1876/14/6 1880/6/6
f 1881/1/1 1882/2/1 1883/3/1 1884/4/1
f 1885/5/2 1888/6/2 1887/7/2 1886/8/2
f 1881/1/3 1885/5/3 1886/8/3 1882/2/3
f 1882/9/4 1886/8/4 1887/7/4 1883/10/4
f 1883/11/5 1887/7/5 1888/6/5 1884/12/5
f 1885/5/6 1881/13/6 1884/14/6 1888/6/6
f 1889/1/1 1890/2/1 1891/3/1 1892/4/1
f 1893/5/2 1896/6/2 1895/7/2 1894/8/2
f 1889/1/3 1893/5/3 1894/8/3 1890/2/3
f 1890/9/4 1894/8/4 1895/7/4 1891/10/4
f 1891/11/5 1895/7/5 1896/6/5 1892/12/5
f 1893/5/6 1889/13/6 1892/14/6 1896/6/6
f 1897/1/1 1898/2/1 1899/3/1 1900/4/1
f 1901/5/2 1904/6/2 1903/7/2 1902/8/2
f 1897/1/3 1901/5/3 1902/8/3 1898/2/3
f 1898/9/4 1902/8/4 1903/7/4 1899/10/4
f 1899/11/5 1903/7/5 1904/6/5 1900/12/5
f 1901/5/6 1897/13/6 1900/14/6 1904/6/6
f 1905/1/1 1906/2/1 1907/3/1 1908/4/1
f 1909/5/2 1912/6/2 1911/7/2 1910/8/2
f 1905/1/3 1909/5/3 1910/8/3 1906/2/3
f 1906/9/4 1910/8/4 1911/7/4 1907/10/4
f 1907/11/5 1911/7/5 1912/6/5 1908/12/5
f 1909/5/6 1905/13/6 1908/14/6 1912/6/6
f 1913/1/1 1914/2/1 1915/3/1 1916/4/1
f 1917/5/2 1920/6/2 1919/7/2 1918/8/2
f 1913/1/3 1917/5/3 1918/8/3 1914/2/3
f 1914/9/4 1918/8/4 1919/7/4 1915/10/4
f 1915/11/5 1919/7/5 1920/6/5 1916/12/5
f 1917/5/6 1913/13/6 1916/14/6 1920/6/6
f 1921/1/1 1922/2/1 1923/3/1 1924/4/1
f 1925/5/2 1928/6/2 1927/7/2 1926/8/2
f 1921/1/3 1925/5/3 1926/8/3 1922/2/3
f 1922/9/4 1926/8/4 1927/7/4 1923/10/4
f 1923/11/5 1927/7/5 1928/6/5 1924/12/5
f 1925/5/6 1921/13/6 1924/14/6 1928/6/6
f 1929/1/1 1930/2/1 1931/3/1 1932/4/1
f 1933/5/2 1936/6/2 1935/7/2 1934/8/2
f 1929/1/3 1933/5/3 1934/8/3 1930/2/3
f 1930/9/4 1934/8/4 1935/7/4 1931/10/4
f 1931/11/5 1935/7/5 1936/6/5 1932/12/5
f 1933/5/6 1929/13/6 1932/14/6 1936/6/6
f 1937/1/1 1938/2/1 1939/3/1 1940/4/1
f 1941/5/2 1944/6/2 1943/7/2 1942/8/2
f 1937/1/3 1941/5/3 1942/8/3 1938/2/3
f 1938/9/4 1942/8/4 1943/7/4 1939/10/4
f 1939/11/5 1943/7/5 1944/6/5 1940/12/5
f 1941/5/6 1937/13/6 1940/14/6 1944/6/6
f 1945/1/1 1946/2/1 1947/3/1 1948/4/1
f 1949/5/2 1952/6/2 1951/7/2 1950/8/2
f 1945/1/3 1949/5/3 1950/8/3 1946/2/3
f 1946/9/4 1950/8/4 1951/7/4 1947/10/4
f 1947/11/5 1951/7/5 1952/6/5 1948/12/5
f 1949/5/6 1945/13/6 1948/14/6 1952/6/6
f 1953/1/1 1954/2/1 1955/3/1 1956/4/1
f 1957/5/2 1960/6/2 1959/7/2 1958/8/2
f 1953/1/3 1957/5/3 1958/8/3 1954/2/3
f 1954/9/4 1958/8/4 1959/7/4 1955/10/4
f 1955/11/5 1959/7/5 1960/6/5 1956/12/5
f 1957/5/6 1953/13/6 1956/14/6 1960/6/6
f 1961/1/1 1962/2/1 1963/3/1 1964/4/1
f 1965/5/2 1968/6/2 1967/7/2 1966/8/2
f 1961/1/3 1965/5/3 1966/8/3 1962/2/3
f 1962/9/4 1966/8/4 1967/7/4 1963/10/4
f 1963/11/5 1967/7/5 1968/6/5 1964/12/5
f 1965/5/6 1961/13/6 1964/14/6 1968/6/6
f 1969/1/1 1970/2/1 1971/3/1 1972/4/1
f 1973/5/2 1976/6/2 1975/7/2 1974/8/2
f 1969/1/3 1973/5/3 1974/8/3 1970/2/3
f 1970/9/4 1974/8/4 1975/7/4 1971/10/4
f 1971/11/5 1975/7/5 1976/6/5 1972/12/5
f 1973/5/6 1969/13/6 1972/14/6 1976/6/6
f 1977/1/1 1978/2/1 1979/3/1 1980/4/1
f 1981/5/2 1984/6/2 1983/7/2 1982/8/2
f 1977/1/3 1981/5/3 1982/8/3 1978/2/3
f 1978/9/4 1982/8/4 1983/7/4 1979/10/4
f 1979/11/5 1983/7/5 1984/6/5 1980/12/5
f 1981/5/6 1977/13/6 1980/14/6 1984/6/6
f 1985/1/1 1986/2/1 1987/3/1 1988/4/1
f 1989/5/2 1992/6/2 1991/7/2 1990/8/2
f 1985/1/3 1989/5/3 1990/8/3 1986/2/3
f 1986/9/4 1990/8/4 1991/7/4 1987/10/4
f 1987/11/5 1991/7/5 1992/6/5 1988/12/5
f 1989/5/6 1985/13/6 1988/14/6 1992/6/6
f 1993/1/1 1994/2/1 1995/3/1 1996/4/1
f 1997/5/2 2000/6/2 1999/7/2 1998/8/2
f 1993/1/3 1997/5/3 1998/8/3 1994/2/3
f 1994/9/4 1998/8/4 1999/7/4 1995/10/4
f 1995/11/5 1999/7/5 2000/6/5 1996/12/5
f 1997/5/6 1993/13/6 1996/14/6 2000/6/6
f 2001/1/1 2002/2/1 2003/3/1 2004/4/1
f 2005/5/2 2008/6/2 2007/7/2 2006/8/2
f 2001/1/3 2005/5/3 2006/8/3 2002/2/3
f 2002/9/4 2006/8/4 2007/7/4 2003/10/4
f 2003/11/5 2007/7/5 2008/6/5 2004/12/5
f 2005/5/6 2001/13/6 2004/14/6 2008/6/6
f 2009/1/1 2010/2/1 2011/3/1 2012/4/1
f 2013/5/2 2016/6/2 2015/7/2 2014/8/2
f 2009/1/3 2013/5/3 2014/8/3 2010/2/3
f 2010/9/4 2014/8/4 2015/7/4 2011/10/4
f 2011/11/5 2015/7/5 2016/6/5 2012/12/5
f 2013/5/6 2009/13/6 2012/14/6 2016/6/6
f 2017/1/1 2018/2/1 2019/3/1 2020/4/1
f 2021/5/2 2024/6/2 2023/7/2 2022/8/2
f 2017/1/3 2021/5/3 2022/8/3 2018/2/3
f 2018/9/4 2022/8/4 2023/7/4 2019/10/4
f 2019/11/5 2023/7/5 2024/6/5 2020/12/5
f 2021/5/6 2017/13/6 2020/14/6 2024/6/6
f 2025/1/1 2026/2/1 2027/3/1 2028/4/1
f 2029/5/2 2032/6/2 2031/7/2 2030/8/2
f 2025/1/3 2029/5/3 2030/8/3 2026/2/3
f 2026/9/4 2030/8/4 2031/7/4 2027/10/4
f 2027/11/5 2031/7/5 2032/6/5 2028/12/5
f 2029/5/6 2025/13/6 2028/14/6 2032/6/6
f 2033/1/1 2034/2/1 2035/3/1 2036/4/1
f 2037/5/2 2040/6/2 2039/7/2 2038/8/2
f 2033/1/3 2037/5/3 2038/8/3 2034/2/3
f 2034/9/4 2038/8/4 2039/7/4 2035/10/4
f 2035/11/5 2039/7/5 2040/6/5 2036/12/5
f 2037/5/6 2033/13/6 2036/14/6 2040/6/6
f 2041/1/1 2042/2/1 2043/3/1 2044/4/1
f 2045/5/2 2048/6/2 2047/7/2 2046/8/2
f 2041/1/3 2045/5/3 2046/8/3 2042/2/3
f 2042/9/4 2046/8/4 2047/7/4 2043/10/4
f 2043/11/5 2047/7/5 2048/6/5 2044/12/5
f 2045/5/6 2041/13/6 2044/14/6 2048/6/6
f 2049/1/1 2050/2/1 2051/3/1 2052/4/1
f 2053/5/2 2056/6/2 2055/7/2 2054/8/2
f 2049/1/3 2053/5/3 2054/8/3 2050/2/3
f 2050/9/4 2054/8/4 2055/7/4 2051/10/4
f 2051/11/5 2055/7/5 2056/6/5 2052/12/5
f 2053/5/6 2049/13/6 2052/14/6 2056/6/6
f 2057/1/1 2058/2/1 2059/3/1 2060/4/1
f 2061/5/2 2064/6/2 2063/7/2 2062/8/2
f 2057/1/3 2061/5/3 2062/8/3 2058/2/3
f 2058/9/4 2062/8/4 2063/7/4 2059/10/4
f 2059/11/5 2063/7/5 2064/6/5 2060/12/5
f 2061/5/6 2057/13/6 2060/14/6 2064/6/6
f 2065/1/1 2066/2/1 2067/3/1 2068/4/1
f 2069/5/2 2072/6/2 2071/7/2 2070/8/2
f 2065/1/3 2069/5/3 2070/8/3 2066/2/3
f 2066/9/4 2070/8/4 2071/7/4 2067/10/4
f 2067/11/5 2071/7/5 2072/6/5 2068/12/5
f 2069/5/6 2065/13/6 2068/14/6 2072/6/6
f 2073/1/1 2074/2/1 2075/3/1 2076/4/1
f 2077/5/2 2080/6/2 2079/7/2 2078/8/2
f 2073/1/3 2077/5/3 2078/8/3 2074/2/3
f 2074/9/4 2078/8/4 2079/7/4 2075/10/4
f 2075/11/5 2079/7/5 2080/6/5 2076/12/5
f 2077/5/6 2073/13/6 2076/14/6 2080/6/6
f 2081/1/1 2082/2/1 2083/3/1 2084/4/1
f 2085/5/2 2088/6/2 2087/7/2 2086/8/2
f 2081/1/3 2085/5/3 2086/8/3 2082/2/3
f 2082/9/4 2086/8/4 2087/7/4 2083/10/4
f 2083/11/5 2087/7/5 2088/6/5 2084/12/5
f 2085/5/6 2081/13/6 2084/14/6 2088/6/6
f 2089/1/1 2090/2/1 2091/3/1 2092/4/1
f 2093/5/2 2096/6/2 2095/7/2 2094/8/2
f 2089/1/3 2093/5/3 2094/8/3 2090/2/3
f 2090/9/4 2094/8/4 2095/7/4 2091/10/4
f 2091/11/5 2095/7/5 2096/6/5 2092/12/5
f 2093/5/6 2089/13/6 2092/14/6 2096/6/6
f 2097/1/1 2098/2/1 2099/3/1 2100/4/1
f 2101/5/2 2104/6/2 2103/7/2 2102/8/2
f 2097/1/3 2101/5/3 2102/8/3 2098/2/3
f 2098/9/4 2102/8/4 2103/7/4 2099/10/4
f 2099/11/5 2103/7/5 2104/6/5 2100/12/5
f 2101/5/6 2097/13/6 2100/14/6 2104/6/6
f 2105/1/1 2106/2/1 2107/3/1 2108/4/1
f 2109/5/2 2112/6/2 2111/7/2 2110/8/2
f 2105/1/3 2109/5/3 2110/8/3 2106/2/3
f 2106/9/4 2110/8/4 2111/7/4 2107/10/4
f 2107/11/5 2111/7/5 2112/6/5 2108/12/5
f 2109/5/6 2105/13/6 2108/14/6 2112/6/6
f 2113/1/1 2114/2/1 2115/3/1 2116/4/1
f 2117/5/2 2120/6/2 2119/7/2 2118/8/2
f 2113/1/3 2117/5/3 2118/8/3 2114/2/3
f 2114/9/4 2118/8/4 2119/7/4 2115/10/4
f 2115/11/5 2119/7/5 2120/6/5 2116/12/5
f 2117/5/6 2113/13/6 2116/14/6 2120/6/6
f 2121/1/1 2122/2/1 2123/3/1 2124/4/1
f 2125/5/2 2128/6/2 2127/7/2 2126/8/2
f 2121/1/3 2125/5/3 2126/8/3 2122/2/3
f 2122/9/4 2126/8/4 2127/7/4 2123/10/4
f 2123/11/5 2127/7/5 2128/6/5 2124/12/5
f 2125/5/6 2121/13/6 2124/14/6 2128/6/6
f 2129/1/1 2130/2/1 2131/3/1 2132/4/1
f 2133/5/2 2136/6/2 2135/7/2 2134/8/2
f 2129/1/3 2133/5/3 2134/8/3 2130/2/3
f 2130/9/4 2134/8/4 2135/7/4 2131/10/4
f 2131/11/5 2135/7/5 2136/6/5 2132/12/5
f 2133/5/6 2129/13/6 2132/14/6 2136/6/6
f 2137/1/1 2138/2/1 2139/3/1 2140/4/1
f 2141/5/2 2144/6/2 2143/7/2 2142/8/2
f 2137/1/3 2141/5/3 2142/8/3 2138/2/3
f 2138/9/4 2142/8/4 2143/7/4 2139/10/4
f 2139/11/5 2143/7/5 2144/6/5 2140/12/5
f 2141/5/6 2137/13/6 2140/14/6 2144/6/6
f 2145/1/1 2146/2/1 2147/3/1 2148/4/1
f 2149/5/2 2152/6/2 2151/7/2 2150/8/2
f 2145/1/3 2149/5/3 2150/8/3 2146/2/3
f 2146/9/4 2150/8/4 2151/7/4 2147/10/4
f 2147/11/5 2151/7/5 2152/6/5 2148/12/5
f 2149/5/6 2145/13/6 2148/14/6 2152/6/6
f 2153/1/1 2154/2/1 2155/3/1 2156/4/1
f 2157/5/2 2160/6/2 2159/7/2 2158/8/2
f 2153/1/3 2157/5/3 2158/8/3 2154/2/3
f 2154/9/4 2158/8/4 2159/7/4 2155/10/4
f 2155/11/5 2159/7/5 2160/6/5 2156/12/5
f 2157/5/6 2153/13/6 2156/14/6 2160/6/6
f 2161/1/1 2162/2/1 2163/3/1 2164/4/1
f 2165/5/2 2168/6/2 2167/7/2 2166/8/2
f 2161/1/3 2165/5/3 2166/8/3 2162/2/3
f 2162/9/4 2166/8/4 2167/7/4 2163/10/4
f 2163/11/5 2167/7/5 2168/6/5 2164/12/5
f 2165/5/6 2161/13/6 2164/14/6 2168/6/6
f 2169/1/1 2170/2/1 2171/3/1 2172/4/1
f 2173/5/2 2176/6/2 2175/7/2 2174/8/2
f 2169/1/3 2173/5/3 2174/8/3 2170/2/3
f 2170/9/4 2174/8/4 2175/7/4 2171/10/4
f 2171/11/5 2175/7/5 2176/6/5 2172/12/5
f 2173/5/6 2169/13/6 2172/14/6 2176/6/6
f 2177/1/1 2178/2/1 2179/3/1 2180/4/1
f 2181/5/2 2184/6/2 2183/7/2 2182/8/2
f 2177/1/3 2181/5/3 2182/8/3 2178/2/3
f 2178/9/4 2182/8/4 2183/7/4 2179/10/4
f 2179/11/5 2183/7/5 2184/6/5 2180/12/5
f 2181/5/6 2177/13/6 2180/14/6 2184/6/6
f 2185/1/1 2186/2/1 2187/3/1 2188/4/1
f 2189/5/2 2192/6/2 2191/7/2 2190/8/2
f 2185/1/3 2189/5/3 2190/8/3 2186/2/3
f 2186/9/4 2190/8/4 2191/7/4 2187/10/4
f 2187/11/5 2191/7/5 2192/6/5 2188/12/5
f 2189/5/6 2185/13/6 2188/14/6 2192/6/6
f 2193/1/1 2194/2/1 2195/3/1 2196/4/1
f 2197/5/2 2200/6/2 2199/7/2 2198/8/2
f 2193/1/3 2197/5/3 2198/8/3 2194/2/3
f 2194/9/4 2198/8/4 2199/7/4 2195/10/4
f 2195/11/5 2199/7/5 2200/6/5 2196/12/5
f 2197/5/6 2193/13/6 2196/14/6 2200/6/6
f 2201/1/1 2202/2/1 2203/3/1 2204/4/1
f 2205/5/2 2208/6/2 2207/7/2 2206/8/2
f 2201/1/3 2205/5/3 2206/8/3 2202/2/3
f 2202/9/4 2206/8/4 2207/7/4 2203/10/4
f 2203/11/5 2207/7/5 2208/6/5 2204/12/5
f 2205/5/6 2201/13/6 2204/14/6 2208/6/6
f 2209/1/1 2210/2/1 2211/3/1 2212/4/1
f 2213/5/2 2216/6/2 2215/7/2 2214/8/2
f 2209/1/3 2213/5/3 2214/8/3 2210/2/3
f 2210/9/4 2214/8/4 2215/7/4 2211/10/4
f 2211/11/5 2215/7/5 2216/6/5 2212/12/5
f 2213/5/6 2209/13/6 2212/14/6 2216/6/6
f 2217/1/1 2218/2/1 2219/3/1 2220/4/1
f 2221/5/2 2224/6/2 2223/7/2 2222/8/2
f 2217/1/3 2221/5/3 2222/8/3 2218/2/3
f 2218/9/4 2222/8/4 2223/7/4 2219/10/4
f 2219/11/5 2223/7/5 2224/6/5 2220/12/5
f 2221/5/6 2217/13/6 2220/14/6 2224/6/6
f 2225/1/1 2226/2/1 2227/3/1 2228/4/1
f 2229/5/2 2232/6/2 2231/7/2 2230/8/2
f 2225/1/3 2229/5/3 2230/8/3 2226/2/3
f 2226/9/4 2230/8/4 2231/7/4 2227/10/4
f 2227/11/5 2231/7/5 2232/6/5 2228/12/5
f 2229/5/6 2225/13/6 2228/14/6 2232/6/6
f 2233/1/1 2234/2/1 2235/3/1 2236/4/1
f 2237/5/2 2240/6/2 2239/7/2 2238/8/2
f 2233/1/3 2237/5/3 2238/8/3 2234/2/3
f 2234/9/4 2238/8/4 2239/7/4 2235/10/4
f 2235/11/5 2239/7/5 2240/6/5 2236/12/5
f 2237/5/6 2233/13/6 2236/14/6 2240/6/6
f 2241/1/1 2242/2/1 2243/3/1 2244/4/1
f 2245/5/2 2248/6/2 2247/7/2 2246/8/2
f 2241/1/3 2245/5/3 2246/8/3 2242/2/3
f 2242/9/4 2246/8/4 2247/7/4 2243/10/4
f 2243/11/5 2247/7/5 2248/6/5 2244/12/5
f 2245/5/6 2241/13/6 2244/14/6 2248/6/6
f 2249/1/1 2250/2/1 2251/3/1 2252/4/1
f 2253/5/2 2256/6/2 2255/7/2 2254/8/2
f 2249/1/3 2253/5/3 2254/8/3 2250/2/3
f 2250/9/4 2254/8/4 2255/7/4 2251/10/4
f 2251/11/5 2255/7/5 2256/6/5 2252/12/5
f 2253/5/6 2249/13/6 2252/14/6 2256/6/6
f 2257/1/1 2258/2/1 2259/3/1 2260/4/1
f 2261/5/2 2264/6/2 2263/7/2 2262/8/2
f 2257/1/3 2261/5/3 2262/8/3 2258/2/3
f 2258/9/4 2262/8/4 2263/7/4 2259/10/4
f 2259/11/5 2263/7/5 2264/6/5 2260/12/5
f 2261/5/6 2257/13/6 2260/14/6 2264/6/6
f 2265/1/1 2266/2/1 2267/3/1 2268/4/1
f 2269/5/2 2272/6/2 2271/7/2 2270/8/2
f 2265/1/3 2269/5/3 2270/8/3 2266/2/3
f 2266/9/4 2270/8/4 2271/7/4 2267/10/4
f 2267/11/5 2271/7/5 2272/6/5 2268/12/5
f 2269/5/6 2265/13/6 2268/14/6 2272/6/6
f 2273/1/1 2274/2/1 2275/3/1 2276/4/1
f 2277/5/2 2280/6/2 2279/7/2 2278/8/2
f 2273/1/3 2277/5/3 2278/8/3 2274/2/3
f 2274/9/4 2278/8/4 2279/7/4 2275/10/4
f 2275/11/5 2279/7/5 2280/6/5 2276/12/5
f 2277/5/6 2273/13/6 2276/14/6 2280/6/6
f 2281/1/1 2282/2/1 2283/3/1 2284/4/1
f 2285/5/2 2288/6/2 2287/7/2 2286/8/2
f 2281/1/3 2285/5/3 2286/8/3 2282/2/3
f 2282/9/4 2286/8/4 2287/7/4 2283/10/4
f 2283/11/5 2287/7/5 2288/6/5 2284/12/5
f 2285/5/6 2281/13/6 2284/14/6 2288/6/6
f 2289/1/1 2290/2/1 2291/3/1 2292/4/1
f 2293/5/2 2296/6/2 2295/7/2 2294/8/2
f 2289/1/3 2293/5/3 2294/8/3 2290/2/3
f 2290/9/4 2294/8/4 2295/7/4 2291/10/4
f 2291/11/5 2295/7/5 2296/6/5 2292/12/5
f 2293/5/6 2289/13/6 2292/14/6 2296/6/6
f 2297/1/1 2298/2/1 2299/3/1 2300/4/1
f 2301/5/2 2304/6/2 2303/7/2 2302/8/2
f 2297/1/3 2301/5/3 2302/8/3 2298/2/3
f 2298/9/4 2302/8/4 2303/7/4 2299/10/4
f 2299/11/5 2303/7/5 2304/6/5 2300/12/5
f 2301/5/6 2297/13/6 2300/14/6 2304/6/6
f 2305/1/1 2306/2/1 2307/3/1 2308/4/1
f 2309/5/2 2312/6/2 2311/7/2 2310/8/2
f 2305/1/3 2309/5/3 2310/8/3 2306/2/3
f 2306/9/4 2310/8/4 2311/7/4 2307/10/4
f 2307/11/5 2311/7/5 2312/6/5 2308/12/5
f 2309/5/6 2305/13/6 2308/14/6 2312/6/6
f 2313/1/1 2314/2/1 2315/3/1 2316/4/1
f 2317/5/2 2320/6/2 2319/7/2 2318/8/2
f 2313/1/3 2317/5/3 2318/8/3 2314/2/3
f 2314/9/4 2318/8/4 2319/7/4 2315/10/4
f 2315/11/5 2319/7/5 2320/6/5 2316/12/5
f 2317/5/6 2313/13/6 2316/14/6 2320/6/6
f 2321/1/1 2322/2/1 2323/3/1 2324/4/1
f 2325/5/2 2328/6/2 2327/7/2 2326/8/2
f 2321/1/3 2325/5/3 2326/8/3 2322/2/3
f 2322/9/4 2326/8/4 2327/7/4 2323/10/4
f 2323/11/5 2327/7/5 2328/6/5 2324/12/5
f 2325/5/6 2321/13/6 2324/14/6 2328/6/6
f 2329/1/1 2330/2/1 2331/3/1 2332/4/1
f 2333/5/2 2336/6/2 2335/7/2 2334/8/2
f 2329/1/3 2333/5/3 2334/8/3 2330/2/3
f 2330/9/4 2334/8/4 2335/7/4 2331/10/4
f 2331/11/5 2335/7/5 2336/6/5 2332/12/5
f 2333/5/6 2329/13/6 2332/14/6 2336/6/6
f 2337/1/1 2338/2/1 2339/3/1 2340/4/1
f 2341/5/2 2344/6/2 2343/7/2 2342/8/2
f 2337/1/3 2341/5/3 2342/8/3 2338/2/3
f 2338/9/4 2342/8/4 2343/7/4 2339/10/4
f 2339/11/5 2343/7/5 2344/6/5 2340/12/5
f 2341/5/6 2337/13/6 2340/14/6 2344/6/6
f 2345/1/1 2346/2/1 2347/3/1 2348/4/1
f 2349/5/2 2352/6/2 2351/7/2 2350/8/2
f 2345/1/3 2349/5/3 2350/8/3 2346/2/3
f 2346/9/4 2350/8/4 2351/7/4 2347/10/4
f 2347/11/5 2351/7/5 2352/6/5 2348/12/5
f 2349/5/6 2345/13/6 2348/14/6 2352/6/6
f 2353/1/1 2354/2/1 2355/3/1 2356/4/1
f 2357/5/2 2360/6/2 2359/7/2 2358/8/2
f 2353/1/3 2357/5/3 2358/8/3 2354/2/3
f 2354/9/4 2358/8/4 2359/7/4 2355/10/4
f 2355/11/5 2359/7/5 2360/6/5 2356/12/5
f 2357/5/6 2353/13/6 2356/14/6 2360/6/6
f 2361/1/1 2362/2/1 2363/3/1 2364/4/1
f 2365/5/2 2368/6/2 2367/7/2 2366/8/2
f 2361/1/3 2365/5/3 2366/8/3 2362/2/3
f 2362/9/4 2366/8/4 2367/7/4 2363/10/4
f 2363/11/5 2367/7/5 2368/6/5 2364/12/5
f 2365/5/6 2361/13/6 2364/14/6 2368/6/6
f 2369/1/1 2370/2/1 2371/3/1 2372/4/1
f 2373/5/2 2376/6/2 2375/7/2 2374/8/2
f 2369/1/3 2373/5/3 2374/8/3 2370/2/3
f 2370/9/4 2374/8/4 2375/7/4 2371/10/4
f 2371/11/5 2375/7/5 2376/6/5 2372/12/5
f 2373/5/6 2369/13/6 2372/14/6 2376/6/6
f 2377/1/1 2378/2/1 2379/3/1 2380/4/1
f 2381/5/2 2384/6/2 2383/7/2 2382/8/2
f 2377/1/3 2381/5/3 2382/8/3 2378/2/3
f 2378/9/4 2382/8/4 2383/7/4 2379/10/4
f 2379/11/5 2383/7/5 2384/6/5 2380/12/5
f 2381/5/6 2377/13/6 2380/14/6 2384/6/6
f 2385/1/1 2386/2/1 2387/3/1 2388/4/1
f 2389/5/2 2392/6/2 2391/7/2 2390/8/2
f 2385/1/3 2389/5/3 2390/8/3 2386/2/3
f 2386/9/4 2390/8/4 2391/7/4 2387/10/4
f 2387/11/5 2391/7/5 2392/6/5 2388/12/5
f 2389/5/6 2385/13/6 2388/14/6 2392/6/6
f 2393/1/1 2394/2/1 2395/3/1 2396/4/1
f 2397/5/2 2400/6/2 2399/7/2 2398/8/2
f 2393/1/3 2397/5/3 2398/8/3 2394/2/3
f 2394/9/4 2398/8/4 2399/7/4 2395/10/4
f 2395/11/5 2399/7/5 2400/6/5 2396/12/5
f 2397/5/6 2393/13/6 2396/14/6 2400/6/6
f 2401/1/1 2402/2/1 2403/3/1 2404/4/1
f 2405/5/2 2408/6/2 2407/7/2 2406/8/2
f 2401/1/3 2405/5/3 2406/8/3 2402/2/3
f 2402/9/4 2406/8/4 2407/7/4 2403/10/4
f 2403/11/5 2407/7/5 2408/6/5 2404/12/5
f 2405/5/6 2401/13/6 2404/14/6 2408/6/6
f 2409/1/1 2410/2/1 2411/3/1 2412/4/1
f 2413/5/2 2416/6/2 2415/7/2 2414/8/2
f 2409/1/3 2413/5/3 2414/8/3 2410/2/3
f 2410/9/4 2414/8/4 2415/7/4 2411/10/4
f 2411/11/5 2415/7/5 2416/6/5 2412/12/5
f 2413/5/6 2409/13/6 2412/14/6 2416/6/6
f 2417/1/1 2418/2/1 2419/3/1 2420/4/1
f 2421/5/2 2424/6/2 2423/7/2 2422/8/2
f 2417/1/3 2421/5/3 2422/8/3 2418/2/3
f 2418/9/4 2422/8/4 2423/7/4 2419/10/4
f 2419/11/5 2423/7/5 2424/6/5 2420/12/5
f 2421/5/6 2417/13/6 2420/14/6 2424/6/6
f 2425/1/1 2426/2/1 2427/3/1 2428/4/1
f 2429/5/2 2432/6/2 2431/7/2 2430/8/2
f 2425/1/3 2429/5/3 2430/8/3 2426/2/3
f 2426/9/4 2430/8/4 2431/7/4 2427/10/4
f 2427/11/5 2431/7/5 2432/6/5 2428/12/5
f 2429/5/6 2425/13/6 2428/14/6 2432/6/6
f 2433/1/1 2434/2/1 2435/3/1 2436/4/1
f 2437/5/2 2440/6/2 2439/7/2 2438/8/2
f 2433/1/3 2437/5/3 2438/8/3 2434/2/3
f 2434/9/4 2438/8/4 2439/7/4 2435/10/4
f 2435/11/5 2439/7/5 2440/6/5 2436/12/5
f 2437/5/6 2433/13/6 2436/14/6 2440/6/6
f 2441/1/1 2442/2/1 2443/3/1 2444/4/1
f 2445/5/2 2448/6/2 2447/7/2 2446/8/2
f 2441/1/3 2445/5/3 2446/8/3 2442/2/3
f 2442/9/4 2446/8/4 2447/7/4 2443/10/4
f 2443/11/5 2447/7/5 2448/6/5 2444/12/5
f 2445/5/6 2441/13/6 2444/14/6 2448/6/6
f 2449/1/1 2450/2/1 2451/3/1 2452/4/1
f 2453/5/2 2456/6/2 2455/7/2 2454/8/2
f 2449/1/3 2453/5/3 2454/8/3 2450/2/3
f 2450/9/4 2454/8/4 2455/7/4 2451/10/4
f 2451/11/5 2455/7/5 2456/6/5 2452/12/5
f 2453/5/6 2449/13/6 2452/14/6 2456/6/6
f 2457/1/1 2458/2/1 2459/3/1 2460/4/1
f 2461/5/2 2464/6/2 2463/7/2 2462/8/2
f 2457/1/3 2461/5/3 2462/8/3 2458/2/3
f 2458/9/4 2462/8/4 2463/7/4 2459/10/4
f 2459/11/5 2463/7/5 2464/6/5 2460/12/5
f 2461/5/6 2457/13/6 2460/14/6 2464/6/6
f 2465/1/1 2466/2/1 2467/3/1 2468/4/1
f 2469/5/2 2472/6/2 2471/7/2 2470/8/2
f 2465/1/3 2469/5/3 2470/8/3 2466/2/3
f 2466/9/4 2470/8/4 2471/7/4 2467/10/4
f 2467/11/5 2471/7/5 2472/6/5 2468/12/5
f 2469/5/6 2465/13/6 2468/14/6 2472/6/6
f 2473/1/1 2474/2/1 2475/3/1 2476/4/1
f 2477/5/2 2480/6/2 2479/7/2 2478/8/2
f 2473/1/3 2477/5/3 2478/8/3 2474/2/3
f 2474/9/4 2478/8/4 2479/7/4 2475/10/4
f 2475/11/5 2479/7/5 2480/6/5 2476/12/5
f 2477/5/6 2473/13/6 2476/14/6 2480/6/6
f 2481/1/1 2482/2/1 2483/3/1 2484/4/1
f 2485/5/2 2488/6/2 2487/7/2 2486/8/2
f 2481/1/3 2485/5/3 2486/8/3 2482/2/3
f 2482/9/4 2486/8/4 2487/7/4 2483/10/4
f 2483/11/5 2487/7/5 2488/6/5 2484/12/5
f 2485/5/6 2481/13/6 2484/14/6 2488/6/6
f 2489/1/1 2490/2/1 2491/3/1 2492/4/1
f 2493/5/2 2496/6/2 2495/7/2 2494/8/2
f 2489/1/3 2493/5/3 2494/8/3 2490/2/3
f 2490/9/4 2494/8/4 2495/7/4 2491/10/4
f 2491/11/5 2495/7/5 2496/6/5 2492/12/5
f 2493/5/6 2489/13/6 2492/14/6 2496/6/6
f 2497/1/1 2498/2/1 2499/3/1 2500/4/1
f 2501/5/2 2504/6/2 2503/7/2 2502/8/2
f 2497/1/3 2501/5/3 2502/8/3 2498/2/3
f 2498/9/4 2502/8/4 2503/7/4 2499/10/4
f 2499/11/5 2503/7/5 2504/6/5 2500/12/5
f 2501/5/6 2497/13/6 2500/14/6 2504/6/6
f 2505/1/1 2506/2/1 2507/3/1 2508/4/1
f 2509/5/2 2512/6/2 2511/7/2 2510/8/2
f 2505/1/3 2509/5/3 2510/8/3 2506/2/3
f 2506/9/4 2510/8/4 2511/7/4 2507/10/4
f 2507/11/5 2511/7/5 2512/6/5 2508/12/5
f 2509/5/6 2505/13/6 2508/14/6 2512/6/6
f 2513/1/1 2514/2/1 2515/3/1 2516/4/1
f 2517/5/2 2520/6/2 2519/7/2 2518/8/2
f 2513/1/3 2517/5/3 2518/8/3 2514/2/3
f 2514/9/4 2518/8/4 2519/7/4 2515/10/4
f 2515/11/5 2519/7/5 2520/6/5 2516/12/5
f 2517/5/6 2513/13/6 2516/14/6 2520/6/6
f 2521/1/1 2522/2/1 2523/3/1 2524/4/1
f 2525/5/2 2528/6/2 2527/7/2 2526/8/2
f 2521/1/3 2525/5/3 2526/8/3 2522/2/3
f 2522/9/4 2526/8/4 2527/7/4 2523/10/4
f 2523/11/5 2527/7/5 2528/6/5 2524/12/5
f 2525/5/6 2521/13/6 2524/14/6 2528/6/6
f 2529/1/1 2530/2/1 2531/3/1 2532/4/1
f 2533/5/2 2536/6/2 2535/7/2 2534/8/2
f 2529/1/3 2533/5/3 2534/8/3 2530/2/3
f 2530/9/4 2534/8/4 2535/7/4 2531/10/4
f 2531/11/5 2535/7/5 2536/6/5 2532/12/5
f 2533/5/6 2529/13/6 2532/14/6 2536/6/6
f 2537/1/1 2538/2/1 2539/3/1 2540/4/1
f 2541/5/2 2544/6/2 2543/7/2 2542/8/2
f 2537/1/3 2541/5/3 2542/8/3 2538/2/3
f 2538/9/4 2542/8/4 2543/7/4 2539/10/4
f 2539/11/5 2543/7/5 2544/6/5 2540/12/5
f 2541/5/6 2537/13/6 2540/14/6 2544/6/6
f 2545/1/1 2546/2/1 2547/3/1 2548/4/1
f 2549/5/2 2552/6/2 2551/7/2 2550/8/2
f 2545/1/3 2549/5/3 2550/8/3 2546/2/3
f 2546/9/4 2550/8/4 2551/7/4 2547/10/4
f 2547/11/5 2551/7/5 2552/6/5 2548/12/5
f 2549/5/6 2545/13/6 2548/14/6 2552/6/6
f 2553/1/1 2554/2/1 2555/3/1 2556/4/1
f 2557/5/2 2560/6/2 2559/7/2 2558/8/2
f 2553/1/3 2557/5/3 2558/8/3 2554/2/3
f 2554/9/4 2558/8/4 2559/7/4 2555/10/4
f 2555/11/5 2559/7/5 2560/6/5 2556/12/5
f 2557/5/6 2553/13/6 2556/14/6 2560/6/6
f 2561/1/1 2562/2/1 2563/3/1 2564/4/1
f 2565/5/2 2568/6/2 2567/7/2 2566/8/2
f 2561/1/3 2565/5/3 2566/8/3 2562/2/3
f 2562/9/4 2566/8/4 2567/7/4 2563/10/4
f 2563/11/5 2567/7/5 2568/6/5 2564/12/5
f 2565/5/6 2561/13/6 2564/14/6 2568/6/6
f 2569/1/1 2570/2/1 2571/3/1 2572/4/1
f 2573/5/2 2576/6/2 2575/7/2 2574/8/2
f 2569/1/3 2573/5/3 2574/8/3 2570/2/3
f 2570/9/4 2574/8/4 2575/7/4 2571/10/4
f 2571/11/5 2575/7/5 2576/6/5 2572/12/5
f 2573/5/6 2569/13/6 2572/14/6 2576/6/6
f 2577/1/1 2578/2/1 2579/3/1 2580/4/1
f 2581/5/2 2584/6/2 2583/7/2 2582/8/2
f 2577/1/3 2581/5/3 2582/8/3 2578/2/3
f 2578/9/4 2582/8/4 2583/7/4 2579/10/4
f 2579/11/5 2583/7/5 2584/6/5 2580/12/5
f 2581/5/6 2577/13/6 2580/14/6 2584/6/6
f 2585/1/1 2586/2/1 2587/3/1 2588/4/1
f 2589/5/2 2592/6/2 2591/7/2 2590/8/2
f 2585/1/3 2589/5/3 2590/8/3 2586/2/3
f 2586/9/4 2590/8/4 2591/7/4 2587/10/4
f 2587/11/5 2591/7/5 2592/6/5 2588/12/5
f 2589/5/6 2585/13/6 2588/14/6 2592/6/6
f 2593/1/1 2594/2/1 2595/3/1 2596/4/1
f 2597/5/2 2600/6/2 2599/7/2 2598/8/2
f 2593/1/3 2597/5/3 2598/8/3 2594/2/3
f 2594/9/4 2598/8/4 2599/7/4 2595/10/4
f 2595/11/5 2599/7/5 2600/6/5 2596/12/5
f 2597/5/6 2593/13/6 2596/14/6 2600/6/6
f 2601/1/1 2602/2/1 2603/3/1 2604/4/1
f 2605/5/2 2608/6/2 2607/7/2 2606/8/2
f 2601/1/3 2605/5/3 2606/8/3 2602/2/3
f 2602/9/4 2606/8/4 2607/7/4 2603/10/4
f 2603/11/5 2607/7/5 2608/6/5 2604/12/5
f 2605/5/6 2601/13/6 2604/14/6 2608/6/6
f 2609/1/1 2610/2/1 2611/3/1 2612/4/1
f 2613/5/2 2616/6/2 2615/7/2 2614/8/2
f 2609/1/3 2613/5/3 2614/8/3 2610/2/3
f 2610/9/4 2614/8/4 2615/7/4 2611/10/4
f 2611/11/5 2615/7/5 2616/6/5 2612/12/5
f 2613/5/6 2609/13/6 2612/14/6 2616/6/6
f 2617/1/1 2618/2/1 2619/3/1 2620/4/1
f 2621/5/2 2624/6/2 2623/7/2 2622/8/2
f 2617/1/3 2621/5/3 2622/8/3 2618/2/3
f 2618/9/4 2622/8/4 2623/7/4 2619/10/4
f 2619/11/5 2623/7/5 2624/6/5 2620/12/5
f 2621/5/6 2617/13/6 2620/14/6 2624/6/6
f 2625/1/1 2626/2/1 2627/3/1 2628/4/1
f 2629/5/2 2632/6/2 2631/7/2 2630/8/2
f 2625/1/3 2629/5/3 2630/8/3 2626/2/3
f 2626/9/4 2630/8/4 2631/7/4 2627/10/4
f 2627/11/5 2631/7/5 2632/6/5 2628/12/5
f 2629/5/6 2625/13/6 2628/14/6 2632/6/6
f 2633/1/1 2634/2/1 2635/3/1 2636/4/1
f 2637/5/2 2640/6/2 2639/7/2 2638/8/2
f 2633/1/3 2637/5/3 2638/8/3 2634/2/3
f 2634/9/4 2638/8/4 2639/7/4 2635/10/4
f 2635/11/5 2639/7/5 2640/6/5 2636/12/5
f 2637/5/6 2633/13/6 2636/14/6 2640/6/6
f 2641/1/1 2642/2/1 2643/3/1 2644/4/1
f 2645/5/2 2648/6/2 2647/7/2 2646/8/2
f 2641/1/3 2645/5/3 2646/8/3 2642/2/3
f 2642/9/4 2646/8/4 2647/7/4 2643/10/4
f 2643/11/5 2647/7/5 2648/6/5 2644/12/5
f 2645/5/6 2641/13/6 2644/14/6 2648/6/6
f 2649/1/1 2650/2/1 2651/3/1 2652/4/1
f 2653/5/2 2656/6/2 2655/7/2 2654/8/2
f 2649/1/3 2653/5/3 2654/8/3 2650/2/3
f 2650/9/4 2654/8/4 2655/7/4 2651/10/4
f 2651/11/5 2655/7/5 2656/6/5 2652/12/5
f 2653/5/6 2649/13/6 2652/14/6 2656/6/6
f 2657/1/1 2658/2/1 2659/3/1 2660/4/1
f 2661/5/2 2664/6/2 2663/7/2 2662/8/2
f 2657/1/3 2661/5/3 2662/8/3 2658/2/3
f 2658/9/4 2662/8/4 2663/7/4 2659/10/4
f 2659/11/5 2663/7/5 2664/6/5 2660/12/5
f 2661/5/6 2657/13/6 2660/14/6 2664/6/6
f 2665/1/1 2666/2/1 2667/3/1 2668/4/1
f 2669/5/2 2672/6/2 2671/7/2 2670/8/2
f 2665/1/3 2669/5/3 2670/8/3 2666/2/3
f 2666/9/4 2670/8/4 2671/7/4 2667/10/4
f 2667/11/5 2671/7/5 2672/6/5 2668/12/5
f 2669/5/6 2665/13/6 2668/14/6 2672/6/6
f 2673/1/1 2674/2/1 2675/3/1 2676/4/1
f 2677/5/2 2680/6/2 2679/7/2 2678/8/2
f 2673/1/3 2677/5/3 2678/8/3 2674/2/3
f 2674/9/4 2678/8/4 2679/7/4 2675/10/4
f 2675/11/5 2679/7/5 2680/6/5 2676/12/5
f 2677/5/6 2673/13/6 2676/14/6 2680/6/6
f 2681/1/1 2682/2/1 2683/3/1 2684/4/1
f 2685/5/2 2688/6/2 2687/7/2 2686/8/2
f 2681/1/3 2685/5/3 2686/8/3 2682/2/3
f 2682/9/4 2686/8/4 2687/7/4 2683/10/4
f 2683/11/5 2687/7/5 2688/6/5 2684/12/5
f 2685/5/6 2681/13/6 2684/14/6 2688/6/6
f 2689/1/1 2690/2/1 2691/3/1 2692/4/1
f 2693/5/2 2696/6/2 2695/7/2 2694/8/2
f 2689/1/3 2693/5/3 2694/8/3 2690/2/3
f 2690/9/4 2694/8/4 2695/7/4 2691/10/4
f 2691/11/5 2695/7/5 2696/6/5 2692/12/5
f 2693/5/6 2689/13/6 2692/14/6 2696/6/6
f 2697/1/1 2698/2/1 2699/3/1 2700/4/1
f 2701/5/2 2704/6/2 2703/7/2 2702/8/2
f 2697/1/3 2701/5/3 2702/8/3 2698/2/3
f 2698/9/4 2702/8/4 2703/7/4 2699/10/4
f 2699/11/5 2703/7/5 2704/6/5 2700/12/5
f 2701/5/6 2697/13/6 2700/14/6 2704/6/6
f 2705/1/1 2706/2/1 2707/3/1 2708/4/1
f 2709/5/2 2712/6/2 2711/7/2 2710/8/2
f 2705/1/3 2709/5/3 2710/8/3 2706/2/3
f 2706/9/4 2710/8/4 2711/7/4 2707/10/4
f 2707/11/5 2711/7/5 2712/6/5 2708/12/5
f 2709/5/6 2705/13/6 2708/14/6 2712/6/6
f 2713/1/1 2714/2/1 2715/3/1 2716/4/1
f 2717/5/2 2720/6/2 2719/7/2 2718/8/2
f 2713/1/3 2717/5/3 2718/8/3 2714/2/3
f 2714/9/4 2718/8/4 2719/7/4 2715/10/4
f 2715/11/5 2719/7/5 2720/6/5 2716/12/5
f 2717/5/6 2713/13/6 2716/14/6 2720/6/6
f 2721/1/1 2722/2/1 2723/3/1 2724/4/1
f 2725/5/2 2728/6/2 2727/7/2 2726/8/2
f 2721/1/3 2725/5/3 2726/8/3 2722/2/3
f 2722/9/4 2726/8/4 2727/7/4 2723/10/4
f 2723/11/5 2727/7/5 2728/6/5 2724/12/5
f 2725/5/6 2721/13/6 2724/14/6 2728/6/6
f 2729/1/1 2730/2/1 2731/3/1 2732/4/1
f 2733/5/2 2736/6/2 2735/7/2 2734/8/2
f 2729/1/3 2733/5/3 2734/8/3 2730/2/3
f 2730/9/4 2734/8/4 2735/7/4 2731/10/4
f 2731/11/5 2735/7/5 2736/6/5 2732/12/5
f 2733/5/6 2729/13/6 2732/14/6 2736/6/6
f 2737/1/1 2738/2/1 2739/3/1 2740/4/1
f 2741/5/2 2744/6/2 2743/7/2 2742/8/2
f 2737/1/3 2741/5/3 2742/8/3 2738/2/3
f 2738/9/4 2742/8/4 2743/7/4 2739/10/4
f 2739/11/5 2743/7/5 2744/6/5 2740/12/5
f 2741/5/6 2737/13/6 2740/14/6 2744/6/6
f 2745/1/1 2746/2/1 2747/3/1 2748/4/1
f 2749/5/2 2752/6/2 2751/7/2 2750/8/2
f 2745/1/3 2749/5/3 2750/8/3 2746/2/3
f 2746/9/4 2750/8/4 2751/7/4 2747/10/4
f 2747/11/5 2751/7/5 2752/6/5 2748/12/5
f 2749/5/6 2745/13/6 2748/14/6 2752/6/6
f 2753/1/1 2754/2/1 2755/3/1 2756/4/1
f 2757/5/2 2760/6/2 2759/7/2 2758/8/2
f 2753/1/3 2757/5/3 2758/8/3 2754/2/3
f 2754/9/4 2758/8/4 2759/7/4 2755/10/4
f 2755/11/5 2759/7/5 2760/6/5 2756/12/5
f 2757/5/6 2753/13/6 2756/14/6 2760/6/6
f 2761/1/1 2762/2/1 2763/3/1 2764/4/1
f 2765/5/2 2768/6/2 2767/7/2 2766/8/2
f 2761/1/3 2765/5/3 2766/8/3 2762/2/3
f 2762/9/4 2766/8/4 2767/7/4 2763/10/4
f 2763/11/5 2767/7/5 2768/6/5 2764/12/5
f 2765/5/6 2761/13/6 2764/14/6 2768/6/6
f 2769/1/1 2770/2/1 2771/3/1 2772/4/1
f 2773/5/2 2776/6/2 2775/7/2 2774/8/2
f 2769/1/3 2773/5/3 2774/8/3 2770/2/3
f 2770/9/4 2774/8/4 2775/7/4 2771/10/4
f 2771/11/5 2775/7/5 2776/6/5 2772/12/5
f 2773/5/6 2769/13/6 2772/14/6 2776/6/6
f 2777/1/1 2778/2/1 2779/3/1 2780/4/1
f 2781/5/2 2784/6/2 2783/7/2 2782/8/2
f 2777/1/3 2781/5/3 2782/8/3 2778/2/3
f 2778/9/4 2782/8/4 2783/7/4 2779/10/4
f 2779/11/5 2783/7/5 2784/6/5 2780/12/5
f 2781/5/6 2777/13/6 2780/14/6 2784/6/6
f 2785/1/1 2786/2/1 2787/3/1 2788/4/1
f 2789/5/2 2792/6/2 2791/7/2 2790/8/2
f 2785/1/3 2789/5/3 2790/8/3 2786/2/3
f 2786/9/4 2790/8/4 2791/7/4 2787/10/4
f 2787/11/5 2791/7/5 2792/6/5 2788/12/5
f 2789/5/6 2785/13/6 2788/14/6 2792/6/6
f 2793/1/1 2794/2/1 2795/3/1 2796/4/1
f 2797/5/2 2800/6/2 2799/7/2 2798/8/2
f 2793/1/3 2797/5/3 2798/8/3 2794/2/3
f 2794/9/4 2798/8/4 2799/7/4 2795/10/4
f 2795/11/5 2799/7/5 2800/6/5 2796/12/5
f 2797/5/6 2793/13/6 2796/14/6 2800/6/6
f 2801/1/1 2802/2/1 2803/3/1 2804/4/1
f 2805/5/2 2808/6/2 2807/7/2 2806/8/2
f 2801/1/3 2805/5/3 2806/8/3 2802/2/3
f 2802/9/4 2806/8/4 2807/7/4 2803/10/4
f 2803/11/5 2807/7/5 2808/6/5 2804/12/5
f 2805/5/6 2801/13/6 2804/14/6 2808/6/6
f 2809/1/1 2810/2/1 2811/3/1 2812/4/1
f 2813/5/2 2816/6/2 2815/7/2 2814/8/2
f 2809/1/3 2813/5/3 2814/8/3 2810/2/3
f 2810/9/4 2814/8/4 2815/7/4 2811/10/4
f 2811/11/5 2815/7/5 2816/6/5 2812/12/5
f 2813/5/6 2809/13/6 2812/14/6 2816/6/6
f 2817/1/1 2818/2/1 2819/3/1 2820/4/1
f 2821/5/2 2824/6/2 2823/7/2 2822/8/2
f 2817/1/3 2821/5/3 2822/8/3 2818/2/3
f 2818/9/4 2822/8/4 2823/7/4 2819/10/4
f 2819/11/5 2823/7/5 2824/6/5 2820/12/5
f 2821/5/6 2817/13/6 2820/14/6 2824/6/6
f 2825/1/1 2826/2/1 2827/3/1 2828/4/1
f 2829/5/2 2832/6/2 2831/7/2 2830/8/2
f 2825/1/3 2829/5/3 2830/8/3 2826/2/3
f 2826/9/4 2830/8/4 2831/7/4 2827/10/4
f 2827/11/5 2831/7/5 2832/6/5 2828/12/5
f 2829/5/6 2825/13/6 2828/14/6 2832/6/6
f 2833/1/1 2834/2/1 2835/3/1 2836/4/1
f 2837/5/2 2840/6/2 2839/7/2 2838/8/2
f 2833/1/3 2837/5/3 2838/8/3 2834/2/3
f 2834/9/4 2838/8/4 2839/7/4 2835/10/4
f 2835/11/5 2839/7/5 2840/6/5 2836/12/5
f 2837/5/6 2833/13/6 2836/14/6 2840/6/6
f 2841/1/1 2842/2/1 2843/3/1 2844/4/1
f 2845/5/2 2848/6/2 2847/7/2 2846/8/2
f 2841/1/3 2845/5/3 2846/8/3 2842/2/3
f 2842/9/4 2846/8/4 2847/7/4 2843/10/4
f 2843/11/5 2847/7/5 2848/6/5 2844/12/5
f 2845/5/6 2841/13/6 2844/14/6 2848/6/6
f 2849/1/1 2850/2/1 2851/3/1 2852/4/1
f 2853/5/2 2856/6/2 2855/7/2 2854/8/2
f 2849/1/3 2853/5/3 2854/8/3 2850/2/3
f 2850/9/4 2854/8/4 2855/7/4 2851/10/4
f 2851/11/5 2855/7/5 2856/6/5 2852/12/5
f 2853/5/6 2849/13/6 2852/14/6 2856/6/6
f 2857/1/1 2858/2/1 2859/3/1 2860/4/1
f 2861/5/2 2864/6/2 2863/7/2 2862/8/2
f 2857/1/3 2861/5/3 2862/8/3 2858/2/3
f 2858/9/4 2862/8/4 2863/7/4 2859/10/4
f 2859/11/5 2863/7/5 2864/6/5 2860/12/5
f 2861/5/6 2857/13/6 2860/14/6 2864/6/6
f 2865/1/1 2866/2/1 2867/3/1 2868/4/1
f 2869/5/2 2872/6/2 2871/7/2 2870/8/2
f 2865/1/3 2869/5/3 2870/8/3 2866/2/3
f 2866/9/4 2870/8/4 2871/7/4 2867/10/4
f 2867/11/5 2871/7/5 2872/6/5 2868/12/5
f 2869/5/6 2865/13/6 2868/14/6 2872/6/6
f 2873/1/1 2874/2/1 2875/3/1 2876/4/1
f 2877/5/2 2880/6/2 2879/7/2 2878/8/2
f 2873/1/3 2877/5/3 2878/8/3 2874/2/3
f 2874/9/4 2878/8/4 2879/7/4 2875/10/4
f 2875/11/5 2879/7/5 2880/6/5 2876/12/5
f 2877/5/6 2873/13/6 2876/14/6 2880/6/6
