# Blender 5.1.1
# www.blender.org
mtllib shield.mtl
o Shield
v 0.000047 0.019568 0.182906
v 0.000046 0.020268 0.181784
v 0.000989 0.015727 0.183759
v 0.001783 0.017707 0.183525
v 0.002308 0.019138 0.182784
v 0.002485 0.019804 0.181651
v 0.001787 0.015217 0.183624
v 0.003254 0.016767 0.183268
v 0.004225 0.017912 0.182444
v 0.004553 0.018480 0.181282
v 0.002320 0.014453 0.183424
v 0.004237 0.015357 0.182892
v 0.005505 0.016075 0.181948
v 0.005934 0.016497 0.180744
v 0.002507 0.013550 0.183192
v 0.004582 0.013693 0.182462
v 0.005955 0.013904 0.181384
v 0.006419 0.014152 0.180134
v 0.002320 0.012647 0.182965
v 0.004237 0.012025 0.182046
v 0.005505 0.011728 0.180845
v 0.005934 0.011802 0.179553
v 0.001787 0.011880 0.182776
v 0.003254 0.010608 0.181707
v 0.004225 0.009879 0.180410
v 0.004553 0.009803 0.179087
v 0.000989 0.011368 0.182652
v 0.001783 0.009660 0.181487
v 0.002308 0.008641 0.180133
v 0.002485 0.008465 0.178790
v 0.000048 0.011187 0.182610
v 0.000047 0.009327 0.181413
v 0.000047 0.008205 0.180039
v 0.000046 0.007994 0.178691
v 0.000048 0.013500 0.183452
v -0.000893 0.011367 0.182654
v -0.001688 0.009659 0.181490
v -0.002214 0.008640 0.180136
v -0.002393 0.008464 0.178794
v -0.001691 0.011880 0.182779
v -0.003159 0.010607 0.181712
v -0.004131 0.009877 0.180417
v -0.004460 0.009801 0.179094
v -0.002224 0.012646 0.182969
v -0.004142 0.012023 0.182053
v -0.005412 0.011726 0.180853
v -0.005842 0.011799 0.179562
v -0.002411 0.013549 0.183196
v -0.004487 0.013691 0.182469
v -0.005861 0.013902 0.181393
v -0.006327 0.014149 0.180143
v -0.002224 0.014452 0.183427
v -0.004142 0.015356 0.182899
v -0.005412 0.016073 0.181956
v -0.005842 0.016494 0.180753
v -0.001691 0.015216 0.183626
v -0.003159 0.016765 0.183273
v -0.004131 0.017910 0.182451
v -0.004460 0.018478 0.181289
v -0.000893 0.015727 0.183760
v -0.001688 0.017706 0.183528
v -0.002214 0.019137 0.182788
v -0.002393 0.019803 0.181655
v 0.000048 0.015906 0.183807
v 0.000047 0.018037 0.183617
v 0.084007 0.181830 0.179218
v 0.083718 0.182172 0.177936
v 0.085303 0.178475 0.181146
v 0.085902 0.180212 0.179983
v 0.086163 0.181312 0.178633
v 0.086045 0.181612 0.177306
v 0.086064 0.177939 0.180984
v 0.087305 0.179221 0.179694
v 0.087991 0.180021 0.178264
v 0.088017 0.180218 0.176911
v 0.086572 0.177161 0.180931
v 0.088242 0.177787 0.179604
v 0.089212 0.178153 0.178156
v 0.089335 0.178201 0.176797
v 0.086750 0.176259 0.180992
v 0.088571 0.176127 0.179720
v 0.089641 0.175989 0.178310
v 0.089799 0.175865 0.176966
v 0.086572 0.175371 0.181157
v 0.088242 0.174489 0.180020
v 0.089212 0.173855 0.178697
v 0.089336 0.173560 0.177382
v 0.086064 0.174630 0.181401
v 0.087305 0.173122 0.180462
v 0.087991 0.172072 0.179265
v 0.088017 0.171634 0.177992
v 0.085303 0.174151 0.181690
v 0.085902 0.172235 0.180988
v 0.086163 0.170912 0.179943
v 0.086045 0.170381 0.178720
v 0.084406 0.174005 0.181982
v 0.084247 0.171963 0.181524
v 0.084007 0.170555 0.180639
v 0.083718 0.169995 0.179470
v 0.084461 0.176368 0.181937
v 0.083509 0.174216 0.182232
v 0.082592 0.172350 0.181988
v 0.081850 0.171059 0.181245
v 0.081391 0.170538 0.180124
v 0.082748 0.174752 0.182402
v 0.081188 0.173340 0.182305
v 0.080019 0.172349 0.181661
v 0.079416 0.171931 0.180574
v 0.082239 0.175533 0.182463
v 0.080249 0.174781 0.182421
v 0.078795 0.174230 0.181815
v 0.078096 0.173963 0.180740
v 0.082061 0.176437 0.182405
v 0.079919 0.176454 0.182315
v 0.078365 0.176413 0.181677
v 0.077631 0.176322 0.180592
v 0.082239 0.177328 0.182237
v 0.080249 0.178100 0.182003
v 0.078795 0.178562 0.181269
v 0.078096 0.178643 0.180151
v 0.082748 0.178069 0.181984
v 0.081188 0.179467 0.181533
v 0.080019 0.180346 0.180654
v 0.079416 0.180570 0.179486
v 0.083509 0.178546 0.181687
v 0.082592 0.180347 0.180980
v 0.081850 0.181493 0.179931
v 0.081391 0.181809 0.178705
v 0.084406 0.178689 0.181392
v 0.084247 0.180608 0.180435
v -0.083717 0.181403 0.179509
v -0.083431 0.181746 0.178225
v -0.083214 0.178114 0.181969
v -0.082298 0.179916 0.181259
v -0.081556 0.181063 0.180207
v -0.081100 0.181380 0.178980
v -0.082452 0.177636 0.182261
v -0.080892 0.179034 0.181803
v -0.079724 0.179913 0.180920
v -0.079123 0.180138 0.179750
v -0.081943 0.176894 0.182510
v -0.079952 0.177665 0.182267
v -0.078498 0.178127 0.181527
v -0.077800 0.178209 0.180406
v -0.081764 0.176002 0.182676
v -0.079622 0.176017 0.182576
v -0.078068 0.175976 0.181931
v -0.077336 0.175885 0.180843
v -0.081943 0.175097 0.182734
v -0.079952 0.174344 0.182681
v -0.078498 0.173792 0.182068
v -0.077800 0.173526 0.180991
v -0.082452 0.174317 0.182675
v -0.080892 0.172903 0.182568
v -0.079724 0.171911 0.181918
v -0.079123 0.171494 0.180829
v -0.083214 0.173781 0.182510
v -0.082298 0.171914 0.182258
v -0.081556 0.170622 0.181510
v -0.081100 0.170102 0.180387
v -0.084113 0.173571 0.182265
v -0.083956 0.171528 0.181804
v -0.083717 0.170120 0.180917
v -0.083431 0.169560 0.179746
v -0.084168 0.175936 0.182223
v -0.085011 0.173718 0.181980
v -0.085613 0.171802 0.181280
v -0.085876 0.170480 0.180236
v -0.085761 0.169950 0.179013
v -0.085773 0.174199 0.181696
v -0.087018 0.172692 0.180765
v -0.087707 0.171642 0.179574
v -0.087737 0.171206 0.178301
v -0.086282 0.174940 0.181456
v -0.087956 0.174061 0.180331
v -0.088931 0.173428 0.179017
v -0.089058 0.173135 0.177704
v -0.086460 0.175830 0.181293
v -0.088286 0.175700 0.180036
v -0.089361 0.175565 0.178636
v -0.089521 0.175442 0.177294
v -0.086282 0.176731 0.181232
v -0.087956 0.177362 0.179919
v -0.088931 0.177730 0.178480
v -0.089058 0.177780 0.177125
v -0.085773 0.177509 0.181283
v -0.087018 0.178795 0.180003
v -0.087707 0.179598 0.178581
v -0.087737 0.179796 0.177229
v -0.085011 0.178045 0.181439
v -0.085613 0.179785 0.180284
v -0.085876 0.180887 0.178938
v -0.085761 0.181189 0.177611
v -0.084113 0.178258 0.181680
v -0.083956 0.180179 0.180724
v -0.000156 0.024412 0.169662
v -0.000156 0.024768 0.171803
v -0.001561 0.019553 0.165516
v -0.002761 0.022169 0.167338
v -0.003575 0.023753 0.169471
v -0.003878 0.024053 0.171593
v -0.002753 0.018775 0.165307
v -0.004969 0.020734 0.166936
v -0.006474 0.021874 0.168933
v -0.007034 0.022013 0.171005
v -0.003549 0.017610 0.165001
v -0.006444 0.018581 0.166352
v -0.008411 0.019057 0.168154
v -0.009142 0.018954 0.170154
v -0.003828 0.016233 0.164648
v -0.006962 0.016034 0.165692
v -0.009091 0.015722 0.167282
v -0.009882 0.015334 0.169205
v -0.003549 0.014853 0.164307
v -0.006444 0.013479 0.165068
v -0.008411 0.012373 0.166474
v -0.009142 0.011695 0.168329
v -0.002753 0.013681 0.164026
v -0.004969 0.011304 0.164572
v -0.006474 0.009518 0.165845
v -0.007034 0.008594 0.167656
v -0.001561 0.012897 0.163843
v -0.002761 0.009845 0.164259
v -0.003575 0.007602 0.165459
v -0.003878 0.006511 0.167245
v -0.000156 0.012622 0.163780
v -0.000156 0.009332 0.164152
v -0.000156 0.006927 0.165330
v -0.000156 0.005778 0.167109
v -0.000156 0.016301 0.164286
v 0.001250 0.012897 0.163843
v 0.002449 0.009845 0.164258
v 0.003264 0.007602 0.165459
v 0.003567 0.006511 0.167245
v 0.002441 0.013682 0.164026
v 0.004657 0.011304 0.164572
v 0.006163 0.009518 0.165845
v 0.006723 0.008594 0.167655
v 0.003237 0.014854 0.164306
v 0.006133 0.013479 0.165068
v 0.008099 0.012373 0.166473
v 0.008831 0.011695 0.168329
v 0.003517 0.016233 0.164648
v 0.006651 0.016035 0.165691
v 0.008779 0.015723 0.167282
v 0.009571 0.015334 0.169204
v 0.003237 0.017610 0.165001
v 0.006133 0.018581 0.166351
v 0.008099 0.019057 0.168153
v 0.008831 0.018954 0.170153
v 0.002441 0.018775 0.165307
v 0.004657 0.020734 0.166936
v 0.006163 0.021874 0.168933
v 0.006723 0.022013 0.171005
v 0.001250 0.019553 0.165516
v 0.002449 0.022170 0.167337
v 0.003264 0.023753 0.169471
v 0.003567 0.024053 0.171593
v -0.000156 0.019826 0.165590
v -0.000156 0.022673 0.167480
v -0.079661 0.180921 0.165892
v -0.080100 0.181800 0.167648
v -0.080358 0.175471 0.163576
v -0.081709 0.178226 0.163951
v -0.082828 0.180155 0.165059
v -0.083546 0.180967 0.166744
v -0.081463 0.174683 0.163350
v -0.083759 0.176767 0.163550
v -0.085520 0.178244 0.164552
v -0.086475 0.178892 0.166199
v -0.082201 0.173538 0.163276
v -0.085130 0.174653 0.163435
v -0.087323 0.175478 0.164421
v -0.088436 0.175889 0.166065
v -0.082461 0.172210 0.163362
v -0.085613 0.172200 0.163602
v -0.087957 0.172269 0.164650
v -0.089126 0.172406 0.166317
v -0.082201 0.170899 0.163592
v -0.085130 0.169776 0.164018
v -0.087323 0.169097 0.165185
v -0.088436 0.168962 0.166894
v -0.081463 0.169804 0.163933
v -0.083759 0.167749 0.164629
v -0.085520 0.166439 0.165964
v -0.086475 0.166075 0.167732
v -0.080358 0.169091 0.164339
v -0.081709 0.166425 0.165362
v -0.082828 0.164702 0.166907
v -0.083546 0.164187 0.168751
v -0.079056 0.168870 0.164752
v -0.079295 0.166011 0.166121
v -0.079661 0.164154 0.167897
v -0.080100 0.163590 0.169825
v -0.078973 0.172298 0.163983
v -0.077754 0.169177 0.165109
v -0.076884 0.166574 0.166787
v -0.076496 0.164888 0.168777
v -0.076657 0.164386 0.170784
v -0.076651 0.169965 0.165353
v -0.074839 0.168031 0.167249
v -0.073812 0.166796 0.169388
v -0.073735 0.166458 0.171451
v -0.075914 0.171114 0.165443
v -0.073473 0.170162 0.167423
v -0.072016 0.169590 0.169618
v -0.071780 0.169494 0.171703
v -0.075655 0.172449 0.165364
v -0.072993 0.172639 0.167277
v -0.071385 0.172841 0.169428
v -0.071092 0.173025 0.171496
v -0.075914 0.173766 0.165126
v -0.073473 0.175081 0.166834
v -0.072016 0.176044 0.168846
v -0.071780 0.176506 0.170864
v -0.076651 0.174862 0.164767
v -0.074839 0.177111 0.166163
v -0.073812 0.178705 0.167963
v -0.073735 0.179397 0.169904
v -0.077754 0.175570 0.164344
v -0.076884 0.178418 0.165371
v -0.076496 0.180415 0.166919
v -0.076657 0.181254 0.168767
v -0.079056 0.175783 0.163925
v -0.079295 0.178808 0.164590
v 0.079251 0.181172 0.165784
v 0.079690 0.182051 0.167537
v 0.077351 0.175830 0.164250
v 0.076483 0.178675 0.165279
v 0.076096 0.180671 0.166828
v 0.076257 0.181508 0.168673
v 0.076251 0.175124 0.164679
v 0.074444 0.177371 0.166079
v 0.073419 0.178965 0.167880
v 0.073342 0.179656 0.169818
v 0.075516 0.174030 0.165042
v 0.073081 0.175345 0.166755
v 0.071627 0.176309 0.168766
v 0.071390 0.176771 0.170781
v 0.075258 0.172716 0.165281
v 0.072602 0.172908 0.167200
v 0.070997 0.173110 0.169349
v 0.070704 0.173296 0.171414
v 0.075516 0.171383 0.165360
v 0.073081 0.170434 0.167346
v 0.071627 0.169865 0.169541
v 0.071390 0.169769 0.171623
v 0.076251 0.170235 0.165267
v 0.074444 0.168306 0.167170
v 0.073419 0.167074 0.169311
v 0.073342 0.166738 0.171373
v 0.077351 0.169447 0.165018
v 0.076483 0.166850 0.166702
v 0.076096 0.165167 0.168693
v 0.076257 0.164667 0.170700
v 0.078648 0.169140 0.164654
v 0.078886 0.166286 0.166023
v 0.079251 0.164433 0.167798
v 0.079690 0.163871 0.169724
v 0.078565 0.172562 0.163884
v 0.079945 0.169359 0.164232
v 0.081291 0.166697 0.165246
v 0.082407 0.164976 0.166784
v 0.083123 0.164462 0.168622
v 0.081045 0.170069 0.163817
v 0.083332 0.168015 0.164493
v 0.085086 0.166707 0.165813
v 0.086038 0.166344 0.167573
v 0.081781 0.171162 0.163469
v 0.084697 0.170038 0.163867
v 0.086880 0.169357 0.165012
v 0.087991 0.169222 0.166710
v 0.082039 0.172470 0.163236
v 0.085177 0.172456 0.163445
v 0.087511 0.172523 0.164467
v 0.088678 0.172659 0.166122
v 0.081781 0.173797 0.163152
v 0.084697 0.174905 0.163282
v 0.086880 0.175727 0.164245
v 0.087991 0.176137 0.165878
v 0.081045 0.174940 0.163231
v 0.083332 0.177019 0.163410
v 0.085086 0.178492 0.164395
v 0.086038 0.179138 0.166033
v 0.079945 0.175729 0.163466
v 0.081291 0.178478 0.163829
v 0.082407 0.180404 0.164928
v 0.083123 0.181215 0.166607
v 0.078647 0.176042 0.163823
v 0.078886 0.179062 0.164486
v 0.024452 0.212966 0.185524
v 0.016485 0.008439 0.178777
v 0.090608 0.117036 0.180297
v 0.098105 0.181842 0.174541
v -0.000165 -0.003849 0.176669
v -0.000165 0.239794 0.181427
v 0.096284 0.161777 0.177293
v 0.013634 0.195476 0.189680
v 0.064764 0.055972 0.181831
v -0.000165 0.195740 0.189999
v 0.081456 0.083725 0.180906
v 0.073411 0.193786 0.179797
v 0.050188 0.038638 0.181743
v 0.028004 0.220855 0.183477
v -0.000165 0.227121 0.183700
v 0.072401 0.171181 0.183277
v 0.076231 0.163699 0.182927
v 0.067950 0.178659 0.183598
v 0.071548 0.185986 0.181580
v 0.082117 0.174784 0.179928
v 0.087929 0.162337 0.179499
v 0.050182 0.071414 0.187482
v 0.061028 0.087160 0.186939
v 0.072765 0.082353 0.183375
v 0.057778 0.061549 0.184441
v 0.081995 0.118928 0.182889
v 0.085927 0.096726 0.180698
v 0.077325 0.098613 0.183454
v 0.094169 0.139462 0.179206
v 0.085962 0.140414 0.181480
v 0.051605 0.205702 0.182988
v 0.048771 0.199248 0.184769
v 0.008191 0.036572 0.186083
v -0.000165 0.036544 0.186211
v 0.015366 0.023285 0.182601
v -0.000165 0.023173 0.183041
v 0.045166 0.046127 0.184233
v 0.034143 0.023148 0.180741
v 0.030262 0.033518 0.183742
v 0.023998 0.207049 0.183444
v 0.014305 0.190430 0.187151
v -0.000165 0.190695 0.187512
v 0.069161 0.168192 0.181118
v 0.073364 0.160888 0.180632
v 0.063923 0.176663 0.181517
v 0.067018 0.182824 0.179887
v 0.084532 0.159986 0.177323
v 0.045888 0.072335 0.185059
v 0.059627 0.090501 0.184213
v 0.069753 0.086338 0.181243
v 0.053065 0.062339 0.182221
v 0.077645 0.118700 0.180818
v 0.073369 0.099400 0.181288
v 0.081581 0.139855 0.179435
v 0.046386 0.194407 0.182700
v 0.009753 0.040770 0.183589
v -0.000165 0.040453 0.183713
v 0.015593 0.029300 0.180712
v 0.041689 0.048755 0.181970
v 0.027780 0.037480 0.181552
v 0.019377 0.204792 0.187620
v -0.000165 0.205605 0.188194
v 0.020343 0.200806 0.184964
v 0.019768 0.226194 0.183126
v 0.014758 0.219061 0.184962
v 0.005943 0.195638 0.189945
v 0.005608 0.190604 0.187462
v 0.007035 0.206283 0.187962
v 0.006584 0.235127 0.182096
v 0.001901 0.195708 0.189996
v 0.001788 0.190666 0.187509
v 0.005090 0.226380 0.183798
v 0.002776 0.216936 0.185829
v 0.011224 0.221746 0.184569
v 0.009215 0.215367 0.186012
v 0.014950 0.229290 0.182830
v 0.003496 0.195682 0.189983
v 0.004211 0.190628 0.187485
v 0.017649 0.216201 0.185392
v 0.013982 0.212471 0.186411
v 0.022603 0.224261 0.183291
v 0.008591 0.195587 0.189879
v 0.008603 0.190549 0.187387
v -0.000165 0.220274 0.182889
v 0.011758 0.213889 0.183979
v 0.071799 0.065626 0.181495
v 0.055341 0.078894 0.187356
v 0.067928 0.068740 0.183018
v 0.052427 0.080966 0.184849
v 0.074385 0.069669 0.181332
v 0.057295 0.081731 0.187246
v 0.054901 0.084239 0.184679
v 0.070731 0.072260 0.182735
v 0.066238 0.066679 0.183167
v 0.069195 0.061934 0.181651
v 0.054420 0.077557 0.187396
v 0.051260 0.079424 0.184912
v 0.065405 0.085358 0.185684
v 0.053009 0.067732 0.186406
v 0.063401 0.088943 0.183161
v 0.048559 0.068606 0.184056
v 0.058909 0.076106 0.186232
v 0.063151 0.074928 0.185075
v 0.061826 0.072303 0.185060
v 0.064996 0.071012 0.181826
v 0.069751 0.182331 0.182612
v 0.077269 0.172993 0.181631
v 0.082086 0.163015 0.181203
v 0.065472 0.179749 0.180719
v 0.078957 0.160437 0.178989
v 0.015925 0.010938 0.167114
v 0.087587 0.117221 0.168785
v 0.094898 0.180671 0.163174
v -0.000165 -0.001149 0.165046
v -0.000165 0.237439 0.169702
v 0.093118 0.161025 0.165863
v 0.062579 0.057455 0.170194
v 0.078597 0.084596 0.169381
v 0.070936 0.192350 0.168231
v 0.048494 0.040496 0.170068
v 0.027056 0.218828 0.171726
v 0.083043 0.097338 0.169160
v 0.091054 0.139177 0.167729
v 0.049864 0.204001 0.171290
v 0.032988 0.025345 0.169057
v 0.019098 0.224061 0.171373
v 0.006357 0.232838 0.170358
v 0.014442 0.227100 0.171080
v 0.021837 0.222165 0.171538
v 0.069402 0.066890 0.169880
v 0.071870 0.070894 0.169745
v 0.066833 0.063287 0.170039
v 0.012344 0.028194 0.171672
v 0.082198 0.153807 0.169454
v 0.070418 0.091972 0.172543
v 0.063483 0.185068 0.171448
v 0.042559 0.049529 0.173014
v 0.073341 0.103444 0.172503
v 0.020091 0.028181 0.171159
v 0.016679 0.210588 0.174396
v 0.006357 0.210686 0.174856
v 0.013139 0.210631 0.174600
v 0.061545 0.074491 0.173040
v 0.057920 0.069097 0.173181
v 0.076959 0.120666 0.172010
v 0.064225 0.164276 0.173821
v -0.000165 0.028050 0.171951
v -0.000165 0.210703 0.174937
v 0.051865 0.060317 0.173171
v 0.025964 0.206812 0.174383
v 0.080985 0.144796 0.170359
v 0.047846 0.193669 0.173596
v 0.020152 0.210535 0.174150
v 0.066145 0.082198 0.172772
v 0.012554 0.027166 0.177294
v 0.083571 0.154096 0.174972
v 0.071598 0.091621 0.178115
v 0.064547 0.185685 0.177021
v 0.043274 0.048729 0.178630
v 0.074570 0.103212 0.178070
v 0.020430 0.027154 0.176773
v 0.016960 0.211479 0.180045
v 0.006466 0.211579 0.180513
v 0.013362 0.211523 0.180252
v 0.062577 0.073957 0.178632
v 0.058892 0.068505 0.178780
v 0.078248 0.120612 0.177564
v 0.065302 0.164676 0.179417
v -0.000165 0.027020 0.177577
v -0.000165 0.211597 0.180595
v 0.052735 0.059633 0.178778
v 0.026400 0.207663 0.180028
v 0.082339 0.144991 0.175889
v 0.048649 0.194378 0.179212
v 0.020492 0.211426 0.179795
v 0.067254 0.081744 0.178354
v -0.024782 0.212966 0.185524
v -0.016816 0.008439 0.178777
v -0.090960 0.117033 0.180408
v -0.098476 0.181874 0.174763
v -0.096649 0.161794 0.177485
v -0.013964 0.195476 0.189680
v -0.065095 0.055972 0.181831
v -0.081792 0.083723 0.180931
v -0.073742 0.193786 0.179797
v -0.050519 0.038638 0.181743
v -0.028335 0.220855 0.183477
v -0.072732 0.171181 0.183277
v -0.076562 0.163699 0.182930
v -0.068280 0.178659 0.183598
v -0.071879 0.185986 0.181580
v -0.082453 0.174788 0.179957
v -0.088275 0.162344 0.179578
v -0.050512 0.071414 0.187482
v -0.061359 0.087160 0.186939
v -0.073095 0.082353 0.183375
v -0.058109 0.061549 0.184441
v -0.082332 0.118927 0.182917
v -0.086269 0.096721 0.180757
v -0.077657 0.098613 0.183460
v -0.094530 0.139467 0.179366
v -0.086304 0.140416 0.181541
v -0.051936 0.205702 0.182988
v -0.049101 0.199248 0.184769
v -0.008522 0.036572 0.186083
v -0.015696 0.023285 0.182601
v -0.045497 0.046127 0.184233
v -0.034473 0.023148 0.180741
v -0.030593 0.033518 0.183742
v -0.024329 0.207049 0.183444
v -0.014636 0.190430 0.187151
v -0.069492 0.168192 0.181118
v -0.073695 0.160888 0.180632
v -0.064254 0.176663 0.181518
v -0.067349 0.182824 0.179887
v -0.084874 0.159991 0.177376
v -0.046219 0.072335 0.185059
v -0.059958 0.090501 0.184213
v -0.070084 0.086338 0.181243
v -0.053396 0.062339 0.182221
v -0.077977 0.118700 0.180828
v -0.073700 0.099400 0.181288
v -0.081918 0.139856 0.179465
v -0.046717 0.194407 0.182700
v -0.010084 0.040770 0.183589
v -0.015924 0.029300 0.180712
v -0.042020 0.048755 0.181970
v -0.028110 0.037481 0.181552
v -0.019708 0.204792 0.187620
v -0.020674 0.200806 0.184964
v -0.020099 0.226194 0.183126
v -0.015089 0.219061 0.184962
v -0.006274 0.195638 0.189945
v -0.005939 0.190604 0.187462
v -0.007366 0.206283 0.187962
v -0.006914 0.235127 0.182096
v -0.002232 0.195708 0.189996
v -0.002119 0.190666 0.187509
v -0.005420 0.226379 0.183798
v -0.003106 0.216936 0.185829
v -0.011554 0.221746 0.184569
v -0.009546 0.215367 0.186012
v -0.015281 0.229290 0.182830
v -0.003827 0.195682 0.189983
v -0.004542 0.190628 0.187485
v -0.017980 0.216201 0.185392
v -0.014312 0.212471 0.186411
v -0.022933 0.224261 0.183291
v -0.008922 0.195587 0.189879
v -0.008934 0.190549 0.187387
v -0.012089 0.213889 0.183979
v -0.072129 0.065626 0.181495
v -0.055672 0.078894 0.187356
v -0.068259 0.068740 0.183018
v -0.052758 0.080966 0.184849
v -0.074716 0.069669 0.181333
v -0.057625 0.081731 0.187246
v -0.055232 0.084239 0.184679
v -0.071062 0.072261 0.182735
v -0.066568 0.066679 0.183167
v -0.069525 0.061934 0.181651
v -0.054751 0.077557 0.187396
v -0.051591 0.079424 0.184912
v -0.065736 0.085358 0.185684
v -0.053340 0.067732 0.186406
v -0.063732 0.088943 0.183161
v -0.048890 0.068606 0.184056
v -0.059240 0.076106 0.186232
v -0.063482 0.074928 0.185075
v -0.062157 0.072303 0.185060
v -0.065327 0.071012 0.181826
v -0.070081 0.182331 0.182612
v -0.077601 0.172994 0.181637
v -0.082422 0.163017 0.181232
v -0.065802 0.179749 0.180719
v -0.079291 0.160438 0.179005
v -0.016256 0.010938 0.167114
v -0.087946 0.117218 0.168893
v -0.095286 0.180701 0.163388
v -0.093498 0.161042 0.166049
v -0.062910 0.057455 0.170194
v -0.078935 0.084593 0.169405
v -0.071267 0.192350 0.168232
v -0.048824 0.040496 0.170068
v -0.027387 0.218828 0.171726
v -0.083389 0.097334 0.169218
v -0.091426 0.139182 0.167884
v -0.050194 0.204001 0.171290
v -0.033319 0.025344 0.169057
v -0.019429 0.224061 0.171373
v -0.006687 0.232838 0.170358
v -0.014772 0.227100 0.171080
v -0.022167 0.222165 0.171538
v -0.069733 0.066890 0.169880
v -0.072201 0.070894 0.169746
v -0.067164 0.063287 0.170039
v -0.012675 0.028194 0.171672
v -0.082542 0.153811 0.169504
v -0.070749 0.091972 0.172543
v -0.063813 0.185068 0.171448
v -0.042890 0.049529 0.173014
v -0.073672 0.103444 0.172506
v -0.020422 0.028181 0.171159
v -0.017010 0.210588 0.174396
v -0.006687 0.210686 0.174856
v -0.013470 0.210631 0.174600
v -0.061876 0.074491 0.173040
v -0.058251 0.069097 0.173181
v -0.077294 0.120666 0.172025
v -0.064556 0.164276 0.173821
v -0.052196 0.060317 0.173171
v -0.026294 0.206812 0.174383
v -0.081327 0.144798 0.170400
v -0.048177 0.193669 0.173596
v -0.020483 0.210535 0.174150
v -0.066476 0.082198 0.172772
v -0.012884 0.027166 0.177294
v -0.083913 0.154099 0.175023
v -0.071929 0.091621 0.178115
v -0.064878 0.185685 0.177021
v -0.043604 0.048729 0.178630
v -0.074901 0.103212 0.178072
v -0.020761 0.027154 0.176773
v -0.017291 0.211479 0.180045
v -0.006796 0.211579 0.180513
v -0.013692 0.211524 0.180252
v -0.062908 0.073957 0.178632
v -0.059223 0.068505 0.178780
v -0.078583 0.120612 0.177579
v -0.065633 0.164676 0.179417
v -0.053066 0.059633 0.178778
v -0.026731 0.207663 0.180028
v -0.082679 0.144993 0.175930
v -0.048980 0.194378 0.179212
v -0.020823 0.211426 0.179795
v -0.067585 0.081744 0.178354
v 0.010557 0.179109 0.188964
v 0.033066 0.161729 0.188956
v 0.039851 0.169660 0.187226
v 0.028833 0.186526 0.186533
v 0.042420 0.145341 0.188700
v 0.055301 0.147334 0.186156
v 0.054890 0.159336 0.185433
v 0.049391 0.173202 0.185173
v 0.047165 0.177587 0.185058
v 0.025833 0.178997 0.187901
v 0.025974 0.162255 0.191643
v 0.034467 0.170760 0.189816
v 0.027312 0.182651 0.189192
v 0.039361 0.138755 0.191373
v 0.060034 0.141494 0.187308
v 0.059523 0.159749 0.186317
v 0.051522 0.174171 0.186589
v 0.053472 0.175142 0.184121
v 0.029108 0.171676 0.188439
v 0.018163 0.162922 0.190322
v 0.036117 0.132116 0.190070
v 0.065249 0.136244 0.184244
v 0.063204 0.159996 0.183453
v -0.011025 0.179108 0.188958
v -0.033533 0.161728 0.188939
v -0.040317 0.169658 0.187206
v -0.029300 0.186523 0.186518
v -0.042886 0.145340 0.188678
v -0.055766 0.147333 0.186127
v -0.055354 0.159334 0.185405
v -0.049856 0.173199 0.185147
v -0.047630 0.177584 0.185033
v -0.026300 0.178996 0.187888
v -0.026442 0.162253 0.191629
v -0.034934 0.170758 0.189798
v -0.027780 0.182649 0.189177
v -0.039828 0.138755 0.191352
v -0.060499 0.141493 0.187277
v -0.059988 0.159746 0.186286
v -0.051988 0.174168 0.186563
v -0.053937 0.175138 0.184093
v -0.029575 0.171674 0.188424
v -0.018630 0.162921 0.190313
v -0.036584 0.132116 0.190051
v -0.065712 0.136244 0.184210
v -0.063668 0.159994 0.183420
v 0.005256 0.138710 0.194895
v 0.019225 0.138690 0.194241
v 0.012245 0.150355 0.194135
v -0.000191 0.135638 0.192512
v 0.024480 0.135611 0.191357
v 0.012158 0.156264 0.191219
v -0.020049 0.138689 0.194204
v -0.006082 0.138710 0.194884
v -0.013070 0.150354 0.194111
v -0.025300 0.135610 0.191311
v -0.000631 0.135638 0.192512
v -0.012980 0.156262 0.191196
v -0.007405 0.160309 0.193618
v 0.006579 0.160310 0.193631
v -0.000413 0.171934 0.192584
v -0.012760 0.157132 0.191141
v 0.011938 0.157134 0.191164
v -0.000411 0.177722 0.189361
v 0.063976 0.176689 0.181804
v 0.073425 0.160906 0.180917
v -0.000165 0.190729 0.187804
v 0.014317 0.190464 0.187443
v 0.024019 0.207091 0.183734
v 0.067074 0.182854 0.180173
v 0.084602 0.160004 0.177605
v 0.045926 0.072307 0.185349
v 0.059677 0.090482 0.184501
v 0.069811 0.086317 0.181529
v 0.053109 0.062305 0.182509
v 0.077709 0.118696 0.181104
v 0.073430 0.099386 0.181573
v 0.081649 0.139863 0.179719
v 0.046425 0.194442 0.182989
v 0.009761 0.040725 0.183879
v -0.000165 0.040408 0.184003
v 0.015606 0.029249 0.181000
v 0.041724 0.048715 0.182259
v 0.027803 0.037434 0.181841
v 0.038604 0.183498 0.185992
v -0.000165 0.060808 0.187778
v -0.000165 0.051108 0.186115
v 0.021872 0.051171 0.185188
v 0.033935 0.061715 0.185679
v -0.000165 0.071777 0.189374
v -0.000165 0.089895 0.191358
v 0.070007 0.143437 0.183030
v 0.066575 0.125851 0.184336
v 0.063132 0.108186 0.184828
v -0.000165 0.107887 0.192533
v -0.000165 0.125851 0.192923
v -0.000165 0.143851 0.192531
v -0.000165 0.183900 0.188830
v 0.076606 0.184449 0.177210
v 0.087000 0.170779 0.175817
v -0.000165 0.219650 0.182225
v 0.013884 0.219345 0.181907
v 0.024965 0.216706 0.181628
v 0.070456 0.190140 0.178141
v 0.089910 0.164138 0.175675
v 0.064451 0.065653 0.180391
v 0.069713 0.073665 0.180111
v 0.074317 0.082717 0.179868
v 0.058527 0.057742 0.180569
v 0.083929 0.117594 0.179185
v 0.078094 0.096105 0.179948
v 0.087886 0.140513 0.177826
v 0.050103 0.202322 0.180871
v 0.007531 0.019333 0.178884
v -0.000165 0.018006 0.178659
v 0.015341 0.021243 0.179018
v 0.046628 0.044590 0.180594
v 0.031160 0.030639 0.179898
v -0.064307 0.176689 0.181804
v -0.073756 0.160906 0.180918
v -0.014648 0.190464 0.187443
v -0.024349 0.207091 0.183734
v -0.067405 0.182854 0.180173
v -0.084944 0.160009 0.177659
v -0.046257 0.072307 0.185349
v -0.060008 0.090482 0.184501
v -0.070142 0.086317 0.181529
v -0.053440 0.062305 0.182509
v -0.078042 0.118696 0.181113
v -0.073761 0.099386 0.181574
v -0.081986 0.139864 0.179749
v -0.046756 0.194442 0.182989
v -0.010092 0.040725 0.183879
v -0.015937 0.029249 0.181000
v -0.042055 0.048715 0.182259
v -0.028134 0.037434 0.181841
v -0.038935 0.183498 0.185992
v -0.022202 0.051171 0.185188
v -0.034266 0.061715 0.185679
v -0.070338 0.143437 0.183030
v -0.066906 0.125851 0.184336
v -0.063463 0.108186 0.184828
v -0.076939 0.184450 0.177216
v -0.087347 0.170788 0.175893
v -0.014215 0.219345 0.181907
v -0.025296 0.216706 0.181628
v -0.070787 0.190140 0.178141
v -0.090263 0.164148 0.175786
v -0.064782 0.065653 0.180391
v -0.070044 0.073665 0.180111
v -0.074648 0.082717 0.179869
v -0.058858 0.057742 0.180569
v -0.084270 0.117593 0.179232
v -0.078427 0.096104 0.179959
v -0.088235 0.140516 0.177913
v -0.050434 0.202322 0.180871
v -0.007862 0.019333 0.178884
v -0.015672 0.021243 0.179018
v -0.046959 0.044590 0.180594
v -0.031491 0.030639 0.179898
v -0.000165 0.123282 0.192274
v 0.001727 0.119789 0.192230
v 0.005455 0.116698 0.192120
v 0.008781 0.114182 0.191965
v 0.010672 0.108979 0.191714
v 0.010357 0.111581 0.191825
v 0.007903 0.111454 0.191907
v 0.006941 0.111819 0.191947
v 0.006315 0.110918 0.191932
v 0.006315 0.107886 0.191811
v 0.005121 0.109411 0.191901
v 0.004165 0.109791 0.191934
v 0.003639 0.109171 0.191917
v 0.003639 0.107224 0.191834
v 0.002803 0.108098 0.191883
v 0.001913 0.108449 0.191907
v 0.001163 0.107826 0.191885
v -0.000165 0.102457 0.191619
v 0.002779 0.095620 0.191158
v 0.001345 0.097504 0.191304
v 0.004491 0.094329 0.191036
v 0.005731 0.092345 0.190855
v 0.008250 0.086381 0.190257
v 0.000370 0.099332 0.191429
v -0.000165 0.101104 0.191540
v 0.012055 0.084740 0.189946
v 0.008035 0.083380 0.189965
v 0.005328 0.081633 0.189851
v 0.003018 0.078783 0.189573
v 0.002301 0.077123 0.189387
v 0.002142 0.074241 0.189036
v 0.004053 0.071089 0.188603
v 0.003058 0.068369 0.188244
v 0.002301 0.065848 0.187890
v 0.002181 0.063488 0.187538
v 0.002619 0.060817 0.187117
v 0.004093 0.057916 0.186624
v 0.003058 0.055600 0.186246
v 0.001584 0.052269 0.185671
v -0.000165 0.046523 0.184595
v 0.025235 0.067939 0.186962
v 0.014026 0.067707 0.187783
v 0.010130 0.077785 0.189274
v 0.009385 0.078635 0.189401
v 0.007894 0.078800 0.189470
v 0.006690 0.078170 0.189431
v 0.005773 0.076916 0.189306
v 0.006059 0.075667 0.189149
v 0.010302 0.067569 0.187940
v 0.008410 0.067559 0.188008
v 0.007608 0.066875 0.187935
v 0.007206 0.065571 0.187757
v 0.012307 0.059774 0.186664
v 0.011448 0.063895 0.187351
v 0.019807 0.063914 0.186846
v 0.011677 0.064434 0.187422
v 0.017461 0.057790 0.186038
v 0.025292 0.064945 0.186520
v 0.026263 0.066032 0.186584
v 0.026263 0.067332 0.186773
v 0.013527 0.100125 0.191123
v 0.011414 0.099074 0.191158
v 0.009811 0.096245 0.191030
v 0.010175 0.093238 0.190789
v 0.012505 0.090692 0.190477
v 0.015871 0.090695 0.190293
v 0.018275 0.091871 0.190233
v 0.021364 0.079606 0.188798
v 0.022667 0.077983 0.188501
v 0.030746 0.076449 0.187483
v 0.024997 0.076987 0.188168
v 0.028215 0.080291 0.188218
v 0.026778 0.082930 0.188656
v 0.021501 0.093532 0.190120
v 0.023147 0.094499 0.190053
v 0.024380 0.095670 0.190028
v 0.017699 0.101593 0.190961
v 0.019284 0.102273 0.190888
v 0.020615 0.103258 0.190841
v 0.015730 0.100788 0.191039
v 0.027134 0.099258 0.190002
v 0.028368 0.101159 0.189989
v 0.029007 0.102730 0.190010
v 0.029811 0.106739 0.190125
v 0.030132 0.108828 0.190179
v 0.030052 0.111005 0.190273
v 0.029265 0.115183 0.190492
v 0.027715 0.118501 0.190735
v 0.024857 0.121728 0.191069
v 0.020812 0.123713 0.191439
v 0.024777 0.113759 0.190919
v 0.024080 0.117360 0.191075
v 0.022090 0.121189 0.191312
v 0.024390 0.107780 0.190737
v 0.024870 0.109193 0.190751
v 0.024977 0.110885 0.190806
v 0.021743 0.104234 0.190801
v 0.022842 0.105498 0.190771
v 0.023828 0.106820 0.190746
v 0.035538 0.085391 0.187851
v 0.038332 0.092093 0.188060
v 0.043906 0.083485 0.186368
v 0.050270 0.087662 0.185614
v 0.040816 0.083026 0.186828
v 0.044923 0.089129 0.186740
v 0.041121 0.090600 0.187504
v 0.037907 0.083726 0.187346
v 0.058308 0.097137 0.184688
v 0.064582 0.105016 0.183656
v 0.055688 0.096251 0.185209
v 0.059801 0.104450 0.184794
v 0.051747 0.096310 0.186040
v 0.052153 0.104718 0.186481
v 0.068710 0.116709 0.183005
v 0.074207 0.129991 0.181533
v 0.064632 0.113798 0.184000
v 0.066815 0.125917 0.183615
v 0.058115 0.122967 0.185737
v 0.059857 0.113207 0.185148
v -0.000165 0.123276 0.193609
v 0.001734 0.119775 0.193566
v 0.005476 0.116677 0.193455
v 0.008814 0.114155 0.193299
v 0.010713 0.108939 0.193047
v 0.010396 0.111547 0.193159
v 0.007933 0.111420 0.193241
v 0.006968 0.111785 0.193282
v 0.006340 0.110883 0.193266
v 0.006340 0.107843 0.193145
v 0.005140 0.109371 0.193236
v 0.004181 0.109753 0.193268
v 0.003653 0.109131 0.193252
v 0.003653 0.107180 0.193168
v 0.002814 0.108056 0.193218
v 0.001921 0.108407 0.193241
v 0.001168 0.107783 0.193219
v -0.000165 0.102401 0.192953
v 0.002790 0.095547 0.192491
v 0.001351 0.097436 0.192637
v 0.004509 0.094253 0.192369
v 0.005753 0.092265 0.192187
v 0.008282 0.086287 0.191587
v 0.000372 0.099269 0.192763
v -0.000165 0.101045 0.192874
v 0.012101 0.084642 0.191276
v 0.008066 0.083278 0.191294
v 0.005348 0.081527 0.191181
v 0.003030 0.078670 0.190902
v 0.002310 0.077007 0.190715
v 0.002150 0.074118 0.190363
v 0.004069 0.070958 0.189929
v 0.003070 0.068232 0.189570
v 0.002310 0.065705 0.189215
v 0.002190 0.063339 0.188862
v 0.002630 0.060662 0.188440
v 0.004109 0.057754 0.187946
v 0.003070 0.055432 0.187567
v 0.001590 0.052093 0.186991
v -0.000165 0.046334 0.185912
v 0.025331 0.067801 0.188283
v 0.014079 0.067568 0.189108
v 0.010169 0.077670 0.190602
v 0.009421 0.078522 0.190729
v 0.007925 0.078687 0.190798
v 0.006716 0.078056 0.190760
v 0.005795 0.076800 0.190635
v 0.006083 0.075547 0.190476
v 0.010341 0.067430 0.189265
v 0.008442 0.067420 0.189333
v 0.007637 0.066735 0.189260
v 0.007234 0.065427 0.189081
v 0.012354 0.059616 0.187986
v 0.011492 0.063747 0.188674
v 0.019882 0.063766 0.188167
v 0.011722 0.064288 0.188746
v 0.017527 0.057627 0.187358
v 0.025388 0.064800 0.187840
v 0.026362 0.065890 0.187904
v 0.026362 0.067192 0.188093
v -0.000165 0.097436 0.192641
v -0.000165 0.099269 0.192763
v -0.000165 0.095546 0.192507
v -0.000165 0.094250 0.192410
v -0.000165 0.092260 0.192253
v -0.000165 0.086274 0.191722
v -0.000165 0.083265 0.191422
v -0.000165 0.081521 0.191238
v -0.000165 0.078668 0.190921
v -0.000165 0.077005 0.190727
v -0.000165 0.074117 0.190373
v -0.000165 0.070954 0.189963
v -0.000165 0.068229 0.189589
v -0.000165 0.065703 0.189227
v -0.000165 0.063338 0.188872
v -0.000165 0.060660 0.188454
v -0.000165 0.057748 0.187980
v -0.000165 0.055429 0.187586
v -0.000165 0.052092 0.186997
v 0.013579 0.100064 0.192455
v 0.011457 0.099010 0.192490
v 0.009849 0.096175 0.192362
v 0.010214 0.093160 0.192120
v 0.012552 0.090608 0.191808
v 0.015932 0.090611 0.191623
v 0.018345 0.091790 0.191563
v 0.021444 0.079495 0.190124
v 0.022752 0.077869 0.189826
v 0.030862 0.076331 0.188804
v 0.025092 0.076871 0.189492
v 0.028322 0.080183 0.189542
v 0.026879 0.082828 0.189981
v 0.021582 0.093454 0.191449
v 0.023234 0.094425 0.191382
v 0.024473 0.095598 0.191356
v 0.017766 0.101535 0.192292
v 0.019357 0.102217 0.192219
v 0.020693 0.103205 0.192172
v 0.015790 0.100728 0.192371
v 0.027236 0.099195 0.191330
v 0.028475 0.101100 0.191317
v 0.029116 0.102675 0.191338
v 0.029924 0.106693 0.191453
v 0.030245 0.108788 0.191508
v 0.030165 0.110970 0.191601
v 0.029376 0.115157 0.191821
v 0.027820 0.118484 0.192065
v 0.024951 0.121718 0.192400
v 0.020891 0.123708 0.192771
v 0.024871 0.113730 0.192250
v 0.024171 0.117340 0.192406
v 0.022174 0.121178 0.192644
v 0.024482 0.107737 0.192067
v 0.024964 0.109153 0.192081
v 0.025072 0.110850 0.192136
v 0.021825 0.104183 0.192132
v 0.022929 0.105449 0.192102
v 0.023918 0.106775 0.192076
v 0.035673 0.085295 0.189173
v 0.038477 0.092013 0.189381
v 0.044072 0.083384 0.187684
v 0.050460 0.087571 0.186927
v 0.040970 0.082924 0.188147
v 0.045093 0.089042 0.188057
v 0.041277 0.090516 0.188824
v 0.038050 0.083626 0.188666
v 0.058527 0.097069 0.185997
v 0.064825 0.104967 0.184960
v 0.055898 0.096181 0.186520
v 0.060026 0.104399 0.186103
v 0.051942 0.096240 0.187354
v 0.052349 0.104667 0.187795
v 0.068968 0.116688 0.184306
v 0.074486 0.130001 0.182828
v 0.064876 0.113770 0.185305
v 0.067067 0.125917 0.184918
v 0.058334 0.122960 0.187048
v 0.060083 0.113177 0.186457
v 0.004610 0.113178 0.193380
v 0.004421 0.111877 0.193341
v 0.001984 0.113743 0.193431
v 0.001929 0.111883 0.193373
v -0.000165 0.119775 0.193572
v -0.000165 0.113796 0.193442
v -0.000165 0.111884 0.193382
v -0.000165 0.108407 0.193250
v -0.000165 0.107783 0.193223
v -0.002058 0.119789 0.192230
v -0.005786 0.116698 0.192120
v -0.009112 0.114182 0.191965
v -0.011003 0.108979 0.191714
v -0.010688 0.111581 0.191825
v -0.008234 0.111454 0.191907
v -0.007272 0.111819 0.191947
v -0.006646 0.110918 0.191932
v -0.006646 0.107886 0.191811
v -0.005452 0.109411 0.191901
v -0.004496 0.109791 0.191934
v -0.003970 0.109171 0.191917
v -0.003970 0.107224 0.191834
v -0.003134 0.108098 0.191883
v -0.002244 0.108449 0.191907
v -0.001494 0.107826 0.191885
v -0.003110 0.095620 0.191158
v -0.001676 0.097504 0.191304
v -0.004822 0.094329 0.191036
v -0.006062 0.092345 0.190855
v -0.008581 0.086381 0.190257
v -0.000701 0.099332 0.191429
v -0.012386 0.084740 0.189946
v -0.008366 0.083380 0.189965
v -0.005659 0.081633 0.189851
v -0.003349 0.078783 0.189573
v -0.002632 0.077123 0.189387
v -0.002473 0.074241 0.189036
v -0.004384 0.071089 0.188603
v -0.003389 0.068369 0.188244
v -0.002632 0.065848 0.187890
v -0.002512 0.063488 0.187538
v -0.002950 0.060817 0.187117
v -0.004424 0.057916 0.186624
v -0.003389 0.055600 0.186246
v -0.001915 0.052269 0.185671
v -0.025566 0.067939 0.186962
v -0.014357 0.067707 0.187783
v -0.010461 0.077785 0.189274
v -0.009716 0.078635 0.189401
v -0.008225 0.078800 0.189470
v -0.007021 0.078170 0.189431
v -0.006104 0.076916 0.189306
v -0.006390 0.075667 0.189149
v -0.010633 0.067569 0.187940
v -0.008741 0.067559 0.188008
v -0.007939 0.066875 0.187935
v -0.007537 0.065571 0.187757
v -0.012638 0.059774 0.186664
v -0.011779 0.063895 0.187351
v -0.020138 0.063914 0.186846
v -0.012008 0.064434 0.187422
v -0.017792 0.057790 0.186038
v -0.025623 0.064945 0.186520
v -0.026594 0.066032 0.186584
v -0.026594 0.067332 0.186773
v -0.013858 0.100125 0.191123
v -0.011745 0.099074 0.191158
v -0.010142 0.096245 0.191030
v -0.010506 0.093238 0.190789
v -0.012836 0.090692 0.190477
v -0.016202 0.090695 0.190292
v -0.018606 0.091871 0.190233
v -0.021695 0.079606 0.188798
v -0.022998 0.077983 0.188500
v -0.031077 0.076449 0.187483
v -0.025328 0.076988 0.188168
v -0.028546 0.080291 0.188218
v -0.027109 0.082930 0.188656
v -0.021832 0.093532 0.190120
v -0.023478 0.094499 0.190053
v -0.024711 0.095670 0.190028
v -0.018030 0.101593 0.190961
v -0.019615 0.102273 0.190888
v -0.020946 0.103258 0.190841
v -0.016061 0.100788 0.191039
v -0.027465 0.099258 0.190002
v -0.028699 0.101159 0.189989
v -0.029338 0.102730 0.190010
v -0.030142 0.106739 0.190125
v -0.030463 0.108828 0.190179
v -0.030383 0.111005 0.190273
v -0.029596 0.115183 0.190492
v -0.028046 0.118501 0.190735
v -0.025188 0.121728 0.191069
v -0.021143 0.123713 0.191439
v -0.025108 0.113759 0.190919
v -0.024411 0.117360 0.191075
v -0.022421 0.121189 0.191312
v -0.024721 0.107780 0.190737
v -0.025201 0.109193 0.190751
v -0.025308 0.110885 0.190806
v -0.022074 0.104234 0.190801
v -0.023173 0.105498 0.190771
v -0.024158 0.106820 0.190746
v -0.035869 0.085391 0.187851
v -0.038663 0.092093 0.188060
v -0.044237 0.083485 0.186368
v -0.050601 0.087662 0.185614
v -0.041147 0.083026 0.186828
v -0.045254 0.089129 0.186740
v -0.041452 0.090600 0.187504
v -0.038238 0.083726 0.187346
v -0.058639 0.097137 0.184688
v -0.064913 0.105016 0.183656
v -0.056019 0.096251 0.185209
v -0.060132 0.104450 0.184794
v -0.052078 0.096310 0.186040
v -0.052484 0.104718 0.186481
v -0.069041 0.116709 0.183005
v -0.074538 0.129991 0.181534
v -0.064963 0.113798 0.184000
v -0.067146 0.125917 0.183615
v -0.058446 0.122967 0.185737
v -0.060188 0.113207 0.185148
v -0.002065 0.119775 0.193566
v -0.005807 0.116677 0.193455
v -0.009145 0.114155 0.193299
v -0.011044 0.108939 0.193047
v -0.010727 0.111547 0.193159
v -0.008264 0.111420 0.193241
v -0.007299 0.111785 0.193282
v -0.006671 0.110883 0.193266
v -0.006671 0.107843 0.193145
v -0.005471 0.109371 0.193236
v -0.004512 0.109753 0.193268
v -0.003984 0.109131 0.193252
v -0.003984 0.107180 0.193168
v -0.003145 0.108056 0.193218
v -0.002252 0.108407 0.193241
v -0.001499 0.107783 0.193219
v -0.003121 0.095547 0.192491
v -0.001682 0.097436 0.192637
v -0.004840 0.094253 0.192369
v -0.006084 0.092265 0.192187
v -0.008613 0.086287 0.191587
v -0.000703 0.099269 0.192763
v -0.012432 0.084642 0.191276
v -0.008397 0.083278 0.191294
v -0.005679 0.081527 0.191181
v -0.003361 0.078670 0.190902
v -0.002641 0.077007 0.190715
v -0.002481 0.074118 0.190363
v -0.004400 0.070958 0.189929
v -0.003401 0.068232 0.189570
v -0.002641 0.065705 0.189215
v -0.002521 0.063339 0.188862
v -0.002961 0.060662 0.188440
v -0.004440 0.057754 0.187946
v -0.003401 0.055432 0.187567
v -0.001921 0.052093 0.186991
v -0.025662 0.067801 0.188283
v -0.014410 0.067568 0.189108
v -0.010500 0.077670 0.190602
v -0.009752 0.078522 0.190729
v -0.008256 0.078687 0.190798
v -0.007047 0.078056 0.190760
v -0.006126 0.076800 0.190635
v -0.006414 0.075547 0.190477
v -0.010672 0.067430 0.189265
v -0.008773 0.067420 0.189333
v -0.007968 0.066735 0.189260
v -0.007565 0.065427 0.189081
v -0.012685 0.059616 0.187986
v -0.011823 0.063747 0.188674
v -0.020213 0.063766 0.188167
v -0.012053 0.064288 0.188746
v -0.017858 0.057627 0.187358
v -0.025719 0.064800 0.187840
v -0.026693 0.065890 0.187904
v -0.026693 0.067192 0.188093
v -0.013910 0.100064 0.192455
v -0.011788 0.099010 0.192490
v -0.010180 0.096175 0.192362
v -0.010545 0.093160 0.192120
v -0.012883 0.090608 0.191808
v -0.016263 0.090611 0.191623
v -0.018676 0.091790 0.191563
v -0.021775 0.079495 0.190124
v -0.023083 0.077869 0.189826
v -0.031193 0.076332 0.188804
v -0.025423 0.076871 0.189492
v -0.028653 0.080183 0.189542
v -0.027210 0.082828 0.189981
v -0.021913 0.093455 0.191449
v -0.023565 0.094425 0.191382
v -0.024804 0.095598 0.191356
v -0.018097 0.101535 0.192292
v -0.019688 0.102217 0.192219
v -0.021024 0.103205 0.192172
v -0.016121 0.100728 0.192371
v -0.027567 0.099195 0.191330
v -0.028806 0.101100 0.191317
v -0.029447 0.102675 0.191338
v -0.030255 0.106693 0.191453
v -0.030576 0.108788 0.191508
v -0.030496 0.110970 0.191601
v -0.029707 0.115157 0.191821
v -0.028151 0.118484 0.192065
v -0.025282 0.121718 0.192400
v -0.021222 0.123708 0.192771
v -0.025202 0.113730 0.192250
v -0.024502 0.117340 0.192406
v -0.022505 0.121178 0.192644
v -0.024813 0.107737 0.192067
v -0.025295 0.109153 0.192081
v -0.025403 0.110850 0.192136
v -0.022156 0.104183 0.192132
v -0.023260 0.105449 0.192102
v -0.024249 0.106775 0.192076
v -0.036004 0.085295 0.189173
v -0.038808 0.092013 0.189381
v -0.044403 0.083384 0.187684
v -0.050791 0.087571 0.186927
v -0.041301 0.082924 0.188147
v -0.045424 0.089042 0.188057
v -0.041608 0.090516 0.188824
v -0.038381 0.083626 0.188666
v -0.058859 0.097069 0.185997
v -0.065156 0.104967 0.184960
v -0.056229 0.096181 0.186520
v -0.060357 0.104399 0.186102
v -0.052273 0.096240 0.187354
v -0.052680 0.104667 0.187795
v -0.069299 0.116688 0.184306
v -0.074818 0.130001 0.182829
v -0.065207 0.113770 0.185305
v -0.067398 0.125917 0.184918
v -0.058665 0.122960 0.187048
v -0.060414 0.113177 0.186457
v -0.004941 0.113178 0.193380
v -0.004752 0.111877 0.193341
v -0.002315 0.113743 0.193431
v -0.002260 0.111883 0.193373
v -0.063292 0.176183 0.176388
v -0.072592 0.160559 0.175525
v -0.000165 0.190076 0.182282
v -0.014418 0.189814 0.181927
v -0.023967 0.206275 0.178259
v -0.066340 0.182288 0.174777
v -0.083609 0.159672 0.172318
v -0.045528 0.072843 0.179874
v -0.059060 0.090835 0.179052
v -0.069035 0.086710 0.176124
v -0.052597 0.062940 0.177071
v -0.076810 0.118767 0.175726
v -0.072596 0.099649 0.176175
v -0.080694 0.139725 0.174383
v -0.046018 0.193756 0.177539
v -0.009935 0.041581 0.178398
v -0.000165 0.041267 0.178519
v -0.015687 0.030221 0.175550
v -0.041392 0.049487 0.176811
v -0.027691 0.038322 0.176387
v -0.038321 0.182920 0.180505
v -0.000165 0.061462 0.182256
v -0.000165 0.051860 0.180610
v -0.021854 0.051921 0.179698
v -0.033726 0.062358 0.180191
v -0.000165 0.072321 0.183836
v -0.000165 0.090256 0.185800
v -0.069227 0.143263 0.177611
v -0.065850 0.125851 0.178898
v -0.062461 0.108361 0.179380
v -0.000165 0.108068 0.186964
v -0.000165 0.125851 0.187350
v -0.000165 0.143670 0.186962
v -0.000165 0.183316 0.183298
v -0.075724 0.183870 0.171865
v -0.085979 0.170345 0.170574
v -0.000165 0.218709 0.176759
v -0.013992 0.218407 0.176447
v -0.024898 0.215794 0.176175
v -0.069669 0.189502 0.172771
v -0.088857 0.163771 0.170472
v -0.063759 0.066252 0.174989
v -0.068938 0.074183 0.174721
v -0.073469 0.083144 0.174488
v -0.057929 0.058420 0.175157
v -0.082945 0.117674 0.173875
v -0.077189 0.096398 0.174584
v -0.086855 0.140371 0.172575
v -0.049638 0.201557 0.175446
v -0.007740 0.020404 0.173452
v -0.000165 0.019090 0.173229
v -0.015427 0.022294 0.173587
v -0.046218 0.045403 0.175168
v -0.030995 0.031595 0.174466
v 0.062961 0.176184 0.176388
v 0.072261 0.160559 0.175525
v 0.014088 0.189814 0.181927
v 0.023636 0.206275 0.178259
v 0.066010 0.182288 0.174777
v 0.083265 0.159667 0.172266
v 0.045197 0.072843 0.179874
v 0.058730 0.090835 0.179052
v 0.068704 0.086710 0.176124
v 0.052266 0.062940 0.177071
v 0.076477 0.118767 0.175717
v 0.072265 0.099649 0.176174
v 0.080356 0.139724 0.174353
v 0.045688 0.193756 0.177539
v 0.009604 0.041581 0.178398
v 0.015357 0.030221 0.175550
v 0.041061 0.049487 0.176811
v 0.027360 0.038322 0.176387
v 0.037990 0.182920 0.180505
v 0.021523 0.051921 0.179698
v 0.033395 0.062358 0.180191
v 0.068896 0.143263 0.177611
v 0.065519 0.125851 0.178898
v 0.062130 0.108361 0.179380
v 0.075391 0.183869 0.171860
v 0.085629 0.170337 0.170499
v 0.013662 0.218407 0.176447
v 0.024567 0.215794 0.176175
v 0.069338 0.189502 0.172771
v 0.088500 0.163761 0.170364
v 0.063428 0.066252 0.174989
v 0.068607 0.074183 0.174721
v 0.073138 0.083145 0.174487
v 0.057598 0.058420 0.175157
v 0.082602 0.117675 0.173828
v 0.076856 0.096399 0.174573
v 0.086503 0.140368 0.172490
v 0.049307 0.201557 0.175446
v 0.007409 0.020404 0.173452
v 0.015096 0.022294 0.173587
v 0.045888 0.045403 0.175168
v 0.030664 0.031595 0.174466
v 0.012415 0.027848 0.173577
v 0.012928 0.145495 0.183991
v 0.078985 0.120654 0.173405
v 0.012820 0.120495 0.184434
v 0.083032 0.144838 0.171753
v 0.013214 0.211261 0.176205
v 0.012462 0.027614 0.174859
v 0.012978 0.145542 0.185300
v 0.079285 0.120642 0.174670
v 0.012869 0.120483 0.185745
v 0.083347 0.144883 0.173011
v 0.013265 0.211464 0.177494
v 0.078675 0.120667 0.172092
v 0.082707 0.144792 0.170445
v 0.012877 0.145446 0.182631
v 0.012769 0.120509 0.183074
v -0.012745 0.027848 0.173577
v -0.013259 0.145495 0.183991
v -0.078923 0.120652 0.173548
v -0.013151 0.120495 0.184434
v -0.082978 0.144847 0.171922
v -0.013545 0.211261 0.176205
v -0.012793 0.027614 0.174859
v -0.013309 0.145542 0.185300
v -0.079221 0.120640 0.174813
v -0.013200 0.120483 0.185745
v -0.083290 0.144891 0.173182
v -0.013596 0.211464 0.177494
v -0.078615 0.120665 0.172234
v -0.082655 0.144801 0.170614
v -0.013208 0.145446 0.182631
v -0.013100 0.120509 0.183074
v -0.005661 0.171112 0.180068
v 0.005336 0.171112 0.180068
v -0.010773 0.188315 0.178209
v 0.010448 0.188315 0.178209
v -0.000162 0.171117 0.180127
v -0.000162 0.193974 0.177710
v -0.005702 0.171237 0.182647
v 0.005377 0.171237 0.182646
v -0.010852 0.188520 0.180779
v 0.010527 0.188520 0.180778
v -0.000162 0.171241 0.182706
v -0.000162 0.194205 0.180277
v -0.000064 0.189852 0.177272
v -0.000063 0.190377 0.178377
v -0.000886 0.186512 0.176018
v -0.001585 0.188249 0.176472
v -0.002057 0.189454 0.177314
v -0.002228 0.189945 0.178422
v -0.001582 0.186045 0.176069
v -0.002874 0.187384 0.176565
v -0.003746 0.188322 0.177434
v -0.004062 0.188718 0.178552
v -0.002048 0.185346 0.176146
v -0.003736 0.186090 0.176705
v -0.004875 0.186629 0.177616
v -0.005288 0.186881 0.178749
v -0.002211 0.184521 0.176237
v -0.004038 0.184565 0.176873
v -0.005271 0.184632 0.177836
v -0.005718 0.184715 0.178987
v -0.002048 0.183696 0.176329
v -0.003736 0.183039 0.177045
v -0.004875 0.182636 0.178061
v -0.005288 0.182549 0.179231
v -0.001582 0.182997 0.176408
v -0.002874 0.181746 0.177192
v -0.003746 0.180944 0.178255
v -0.004062 0.180714 0.179443
v -0.000886 0.182530 0.176461
v -0.001585 0.180882 0.177292
v -0.002057 0.179813 0.178387
v -0.002228 0.179488 0.179587
v -0.000064 0.182366 0.176479
v -0.000064 0.180579 0.177327
v -0.000064 0.179416 0.178433
v -0.000063 0.179057 0.179637
v -0.000064 0.184506 0.176014
v 0.000757 0.182530 0.176460
v 0.001457 0.180882 0.177291
v 0.001929 0.179813 0.178386
v 0.002101 0.179488 0.179585
v 0.001454 0.182997 0.176407
v 0.002746 0.181746 0.177190
v 0.003618 0.180943 0.178252
v 0.003935 0.180714 0.179440
v 0.001919 0.183696 0.176328
v 0.003608 0.183039 0.177042
v 0.004747 0.182635 0.178057
v 0.005161 0.182549 0.179227
v 0.002083 0.184521 0.176235
v 0.003910 0.184564 0.176870
v 0.005143 0.184632 0.177832
v 0.005591 0.184714 0.178982
v 0.001919 0.185345 0.176144
v 0.003608 0.186090 0.176702
v 0.004747 0.186628 0.177612
v 0.005161 0.186880 0.178745
v 0.001454 0.186045 0.176068
v 0.002746 0.187384 0.176562
v 0.003618 0.188322 0.177431
v 0.003935 0.188717 0.178549
v 0.000757 0.186512 0.176017
v 0.001457 0.188248 0.176471
v 0.001929 0.189454 0.177312
v 0.002101 0.189945 0.178421
v -0.000064 0.186676 0.175999
v -0.000064 0.188552 0.176439
v -0.005233 0.171921 0.180507
v 0.005030 0.171921 0.180504
v -0.005242 0.171974 0.181134
v 0.005039 0.171974 0.181132
v -0.005547 0.094150 0.180181
v 0.005450 0.094017 0.180277
v -0.010838 0.077158 0.177215
v 0.010380 0.076902 0.177401
v -0.000049 0.094075 0.180287
v -0.000289 0.071413 0.176459
v -0.005614 0.093844 0.182745
v 0.005465 0.093711 0.182842
v -0.010944 0.076773 0.179765
v 0.010433 0.076515 0.179952
v -0.000075 0.093769 0.182852
v -0.000316 0.071001 0.179006
v -0.000124 0.075275 0.176629
v -0.000140 0.074673 0.177699
v -0.000896 0.078711 0.175578
v -0.001619 0.076952 0.175918
v -0.002112 0.075693 0.176679
v -0.002300 0.075126 0.177753
v -0.001587 0.079182 0.175652
v -0.002899 0.077825 0.176052
v -0.003790 0.076836 0.176854
v -0.004121 0.076366 0.177942
v -0.002045 0.079881 0.175768
v -0.003747 0.079118 0.176265
v -0.004900 0.078528 0.177131
v -0.005328 0.078202 0.178242
v -0.002200 0.080701 0.175909
v -0.004033 0.080634 0.176525
v -0.005276 0.080512 0.177470
v -0.005735 0.080354 0.178610
v -0.002028 0.081516 0.176054
v -0.003715 0.082142 0.176793
v -0.004859 0.082486 0.177822
v -0.005282 0.082494 0.178991
v -0.001555 0.082203 0.176180
v -0.002840 0.083412 0.177028
v -0.003713 0.084149 0.178131
v -0.004038 0.084298 0.179327
v -0.000854 0.082658 0.176267
v -0.001542 0.084253 0.177192
v -0.002012 0.085249 0.178347
v -0.002191 0.085491 0.179563
v -0.000031 0.082810 0.176303
v -0.000018 0.084535 0.177259
v -0.000015 0.085618 0.178435
v -0.000022 0.085891 0.179658
v -0.000051 0.080706 0.175707
v 0.000789 0.082638 0.176281
v 0.001500 0.084216 0.177218
v 0.001973 0.085201 0.178381
v 0.002137 0.085439 0.179599
v 0.001481 0.082167 0.176205
v 0.002780 0.083345 0.177075
v 0.003651 0.084061 0.178192
v 0.003959 0.084202 0.179394
v 0.001939 0.081468 0.176087
v 0.003628 0.082053 0.176855
v 0.004762 0.082371 0.177902
v 0.005166 0.082369 0.179079
v 0.002094 0.080649 0.175945
v 0.003914 0.080538 0.176592
v 0.005137 0.080388 0.177557
v 0.005573 0.080218 0.178704
v 0.001921 0.079834 0.175801
v 0.003596 0.079030 0.176327
v 0.004720 0.078413 0.177211
v 0.005120 0.078076 0.178329
v 0.001449 0.079146 0.175678
v 0.002721 0.077757 0.176099
v 0.003574 0.076748 0.176915
v 0.003875 0.076270 0.178009
v 0.000748 0.078691 0.175592
v 0.001423 0.076916 0.175943
v 0.001873 0.075645 0.176712
v 0.002028 0.075074 0.177789
v -0.000076 0.078538 0.175557
v -0.000101 0.076633 0.175879
v -0.005233 0.093313 0.180818
v 0.005030 0.093313 0.180816
v -0.005242 0.093276 0.181447
v 0.005039 0.093276 0.181444
v -0.005228 0.095099 0.180618
v -0.005228 0.170132 0.180366
v -0.005196 0.103223 0.178961
v -0.005163 0.112421 0.177007
v -0.005144 0.122315 0.175814
v -0.005129 0.132561 0.174682
v -0.005133 0.142805 0.174689
v -0.005156 0.152719 0.175846
v -0.005184 0.161920 0.177902
v 0.005025 0.170132 0.180364
v 0.005025 0.095099 0.180616
v 0.004980 0.161920 0.177899
v 0.004951 0.152719 0.175844
v 0.004928 0.142805 0.174687
v 0.004924 0.132561 0.174680
v 0.004939 0.122315 0.175811
v 0.004958 0.112421 0.177005
v 0.004992 0.103223 0.178958
v -0.005237 0.170183 0.180994
v -0.005237 0.095064 0.181247
v -0.005193 0.161961 0.178530
v -0.005165 0.152748 0.176476
v -0.005142 0.142823 0.175319
v -0.005138 0.132568 0.175313
v -0.005152 0.122311 0.176444
v -0.005172 0.112406 0.177638
v -0.005205 0.103198 0.179591
v 0.005034 0.095064 0.181245
v 0.005034 0.170183 0.180992
v 0.005002 0.103198 0.179588
v 0.004967 0.112406 0.177635
v 0.004948 0.122311 0.176442
v 0.004932 0.132568 0.175310
v 0.004937 0.142823 0.175317
v 0.004960 0.152748 0.176473
v 0.004989 0.161961 0.178528
v -0.057590 0.164066 0.179825
v -0.055815 0.163748 0.180253
v -0.054308 0.162764 0.180671
v -0.053300 0.161264 0.181019
v -0.052946 0.159477 0.181246
v -0.053300 0.157678 0.181318
v -0.054308 0.156141 0.181223
v -0.055815 0.155101 0.180974
v -0.057590 0.154716 0.180605
v -0.059362 0.155043 0.180173
v -0.060863 0.156029 0.179743
v -0.061864 0.157525 0.179385
v -0.062215 0.159303 0.179154
v -0.061864 0.161094 0.179087
v -0.060863 0.162628 0.179193
v -0.059362 0.163673 0.179453
v -0.057200 0.163903 0.177515
v -0.055437 0.163586 0.177940
v -0.053940 0.162607 0.178356
v -0.052939 0.161113 0.178702
v -0.052587 0.159334 0.178928
v -0.052939 0.157542 0.179000
v -0.053940 0.156012 0.178906
v -0.055437 0.154976 0.178658
v -0.057200 0.154593 0.178292
v -0.058960 0.154919 0.177862
v -0.060450 0.155901 0.177436
v -0.061444 0.157390 0.177079
v -0.061793 0.159161 0.176850
v -0.061444 0.160944 0.176783
v -0.060450 0.162472 0.176888
v -0.058960 0.163511 0.177146
v -0.057200 0.160984 0.177782
v -0.056544 0.160865 0.177941
v -0.055987 0.160500 0.178097
v -0.055615 0.159944 0.178227
v -0.055485 0.159282 0.178312
v -0.055615 0.158616 0.178338
v -0.055987 0.158047 0.178302
v -0.056544 0.157661 0.178208
v -0.057200 0.157517 0.178071
v -0.057856 0.157637 0.177912
v -0.058411 0.158003 0.177755
v -0.058782 0.158558 0.177623
v -0.058913 0.159218 0.177538
v -0.058782 0.159883 0.177513
v -0.058411 0.160452 0.177550
v -0.057856 0.160839 0.177645
v -0.057590 0.100988 0.180872
v -0.055815 0.101321 0.181289
v -0.054308 0.102318 0.181674
v -0.053300 0.103828 0.181972
v -0.052946 0.105622 0.182140
v -0.053300 0.107423 0.182152
v -0.054308 0.108956 0.182006
v -0.055815 0.109986 0.181722
v -0.057590 0.110359 0.181341
v -0.059362 0.110018 0.180920
v -0.060863 0.109018 0.180523
v -0.061864 0.107511 0.180215
v -0.062215 0.105727 0.180043
v -0.061864 0.103934 0.180036
v -0.060863 0.102404 0.180192
v -0.059362 0.101369 0.180487
v -0.057200 0.101094 0.178558
v -0.055437 0.101425 0.178972
v -0.053940 0.102418 0.179355
v -0.052939 0.103922 0.179651
v -0.052588 0.105708 0.179818
v -0.052939 0.107501 0.179830
v -0.053940 0.109028 0.179685
v -0.055437 0.110054 0.179403
v -0.057200 0.110425 0.179025
v -0.058960 0.110085 0.178606
v -0.060450 0.109089 0.178213
v -0.061444 0.107589 0.177906
v -0.061793 0.105812 0.177735
v -0.061444 0.104027 0.177728
v -0.060450 0.102504 0.177883
v -0.058960 0.101474 0.178175
v -0.057200 0.104021 0.178728
v -0.056544 0.104145 0.178882
v -0.055987 0.104515 0.179026
v -0.055615 0.105075 0.179138
v -0.055485 0.105739 0.179200
v -0.055615 0.106406 0.179204
v -0.055987 0.106974 0.179149
v -0.056544 0.107356 0.179043
v -0.057200 0.107495 0.178902
v -0.057856 0.107370 0.178746
v -0.058411 0.107000 0.178601
v -0.058782 0.106440 0.178488
v -0.058913 0.105778 0.178425
v -0.058782 0.105112 0.178422
v -0.058411 0.104544 0.178478
v -0.057856 0.104161 0.178586
v -0.060026 0.160846 0.177135
v -0.058834 0.162077 0.177308
v -0.057203 0.162553 0.177641
v -0.055570 0.162144 0.178044
v -0.054373 0.160958 0.178410
v -0.053935 0.159313 0.178645
v -0.054373 0.157653 0.178686
v -0.055570 0.156423 0.178521
v -0.057203 0.155952 0.178191
v -0.058834 0.156366 0.177784
v -0.060026 0.157552 0.177410
v -0.060462 0.159191 0.177172
v -0.059785 0.160685 0.175776
v -0.058574 0.161896 0.175812
v -0.056943 0.162364 0.176093
v -0.055326 0.161962 0.176544
v -0.054156 0.160796 0.177046
v -0.053749 0.159178 0.177467
v -0.054215 0.157542 0.177695
v -0.055431 0.156329 0.177668
v -0.057068 0.155866 0.177389
v -0.058686 0.156273 0.176933
v -0.059851 0.157441 0.176423
v -0.060253 0.159055 0.175999
v -0.059566 0.160386 0.174537
v -0.058334 0.161558 0.174423
v -0.056700 0.162011 0.174648
v -0.055099 0.161623 0.175152
v -0.053957 0.160496 0.175802
v -0.053584 0.158930 0.176427
v -0.054082 0.157346 0.176860
v -0.055319 0.156171 0.176983
v -0.056962 0.155721 0.176759
v -0.058567 0.156115 0.176249
v -0.059703 0.157246 0.175591
v -0.060068 0.158809 0.174964
v -0.059368 0.159954 0.173417
v -0.058114 0.161063 0.173147
v -0.056477 0.161493 0.173314
v -0.054891 0.161128 0.173874
v -0.053778 0.160063 0.174678
v -0.053439 0.158581 0.175515
v -0.053969 0.157081 0.176160
v -0.055229 0.155967 0.176440
v -0.056879 0.155539 0.176274
v -0.058472 0.155911 0.175707
v -0.059579 0.156982 0.174894
v -0.059905 0.158462 0.174055
v -0.059192 0.159399 0.172419
v -0.057917 0.160421 0.171999
v -0.056276 0.160819 0.172110
v -0.054704 0.160485 0.172723
v -0.053618 0.159505 0.173677
v -0.053312 0.158141 0.174720
v -0.053874 0.156757 0.175573
v -0.055157 0.155728 0.176005
v -0.056814 0.155331 0.175895
v -0.058396 0.155673 0.175273
v -0.059474 0.156659 0.174308
v -0.059763 0.158023 0.173264
v -0.059038 0.158735 0.171551
v -0.057744 0.159653 0.170994
v -0.056101 0.160012 0.171056
v -0.054541 0.159715 0.171717
v -0.053479 0.158839 0.172805
v -0.053202 0.157617 0.174033
v -0.053793 0.156377 0.175072
v -0.055096 0.155452 0.175641
v -0.056760 0.155094 0.175582
v -0.058331 0.155398 0.174910
v -0.059384 0.156280 0.173810
v -0.059640 0.157501 0.172580
v -0.058907 0.157984 0.170810
v -0.057598 0.158788 0.170142
v -0.055953 0.159104 0.170161
v -0.054403 0.158848 0.170863
v -0.053360 0.158086 0.172062
v -0.053107 0.157021 0.173444
v -0.053721 0.155937 0.174638
v -0.055041 0.155127 0.175320
v -0.056711 0.154811 0.175303
v -0.058274 0.155074 0.174590
v -0.059305 0.155842 0.173377
v -0.059533 0.156907 0.171993
v -0.058796 0.157170 0.170192
v -0.057476 0.157859 0.169437
v -0.055830 0.158133 0.169424
v -0.054289 0.157918 0.170157
v -0.053260 0.157269 0.171442
v -0.053025 0.156360 0.172942
v -0.053657 0.155434 0.174255
v -0.054991 0.154740 0.175026
v -0.056664 0.154466 0.175041
v -0.058220 0.154687 0.174297
v -0.059234 0.155340 0.172996
v -0.059441 0.156249 0.171493
v -0.058704 0.156312 0.169684
v -0.057377 0.156895 0.168866
v -0.055731 0.157129 0.168830
v -0.054195 0.156952 0.169584
v -0.053177 0.156409 0.170932
v -0.052955 0.155644 0.172518
v -0.053600 0.154864 0.173918
v -0.054943 0.154278 0.174753
v -0.056619 0.154044 0.174792
v -0.058169 0.154226 0.174024
v -0.059171 0.154772 0.172660
v -0.059363 0.155536 0.171071
v -0.058628 0.155427 0.169270
v -0.057296 0.155917 0.168408
v -0.055650 0.156116 0.168356
v -0.054119 0.155971 0.169126
v -0.053108 0.155520 0.170517
v -0.052895 0.154883 0.172162
v -0.053548 0.154231 0.173622
v -0.054897 0.153739 0.174501
v -0.056575 0.153540 0.174556
v -0.058121 0.153688 0.173773
v -0.059114 0.154141 0.172365
v -0.059295 0.154777 0.170716
v -0.058565 0.154526 0.168933
v -0.057231 0.154938 0.168042
v -0.055585 0.155109 0.167978
v -0.054057 0.154991 0.168759
v -0.053051 0.154616 0.170178
v -0.052843 0.154085 0.171863
v -0.053502 0.153540 0.173364
v -0.054855 0.153127 0.174272
v -0.056533 0.152957 0.174339
v -0.058076 0.153077 0.173544
v -0.059063 0.153452 0.172107
v -0.059237 0.153982 0.170419
v -0.055526 0.154783 0.167586
v -0.052572 0.153759 0.171796
v -0.058736 0.154195 0.168626
v -0.054742 0.152790 0.174415
v -0.058218 0.152737 0.173630
v -0.052796 0.154292 0.169967
v -0.059464 0.153649 0.170238
v -0.053282 0.153209 0.173426
v -0.059280 0.153115 0.172070
v -0.057298 0.154610 0.167657
v -0.056554 0.152617 0.174490
v -0.053880 0.154666 0.168429
v -0.059300 0.153403 0.172180
v -0.058236 0.152994 0.173728
v -0.056572 0.152864 0.174584
v -0.054762 0.153048 0.174513
v -0.053302 0.153497 0.173535
v -0.052592 0.154088 0.171917
v -0.052817 0.154663 0.170101
v -0.053903 0.155068 0.168570
v -0.055551 0.155195 0.167729
v -0.057324 0.155011 0.167798
v -0.059487 0.153977 0.170360
v -0.058762 0.154565 0.168758
v -0.058755 0.153660 0.170410
v -0.058606 0.153240 0.171865
v -0.057761 0.152943 0.173101
v -0.056443 0.152850 0.173782
v -0.055008 0.152986 0.173723
v -0.053851 0.153314 0.172939
v -0.053285 0.153747 0.171646
v -0.053459 0.154169 0.170194
v -0.054317 0.154465 0.168970
v -0.055625 0.154557 0.168299
v -0.057036 0.154421 0.168356
v -0.058179 0.154092 0.169127
v -0.060026 0.104145 0.178077
v -0.058834 0.102921 0.178290
v -0.057203 0.102456 0.178639
v -0.055570 0.102878 0.179028
v -0.054373 0.104076 0.179355
v -0.053935 0.105727 0.179535
v -0.054373 0.107388 0.179521
v -0.055570 0.108612 0.179315
v -0.057203 0.109071 0.178970
v -0.058834 0.108644 0.178577
v -0.060026 0.107447 0.178242
v -0.060462 0.105801 0.178059
v -0.059785 0.104273 0.176713
v -0.058574 0.103065 0.176789
v -0.056943 0.102607 0.177085
v -0.055326 0.103023 0.177523
v -0.054156 0.104204 0.177986
v -0.053749 0.105834 0.178353
v -0.054215 0.107475 0.178527
v -0.055431 0.108685 0.178459
v -0.057068 0.109138 0.178165
v -0.058686 0.108716 0.177722
v -0.059851 0.107533 0.177252
v -0.060253 0.105908 0.176882
v -0.059566 0.104542 0.175464
v -0.058334 0.103370 0.175389
v -0.056700 0.102926 0.175629
v -0.055099 0.103329 0.176120
v -0.053957 0.104474 0.176733
v -0.053584 0.106056 0.177305
v -0.054082 0.107650 0.177685
v -0.055319 0.108827 0.177769
v -0.056962 0.109268 0.177531
v -0.058567 0.108858 0.177034
v -0.059703 0.107708 0.176413
v -0.060068 0.106129 0.175838
v -0.059368 0.104947 0.174330
v -0.058114 0.103834 0.174097
v -0.056477 0.103412 0.174279
v -0.054891 0.103794 0.174826
v -0.053778 0.104881 0.175594
v -0.053439 0.106383 0.176381
v -0.053969 0.107899 0.176977
v -0.055229 0.109018 0.177219
v -0.056879 0.109438 0.177040
v -0.058472 0.109048 0.176486
v -0.059579 0.107956 0.175708
v -0.059905 0.106455 0.174919
v -0.059192 0.105480 0.173315
v -0.057917 0.104450 0.172928
v -0.056276 0.104058 0.173053
v -0.054704 0.104410 0.173655
v -0.053618 0.105415 0.174575
v -0.053312 0.106805 0.175572
v -0.053874 0.108209 0.176379
v -0.055157 0.109246 0.176777
v -0.056814 0.109637 0.176654
v -0.058396 0.109277 0.176044
v -0.059474 0.108265 0.175112
v -0.059763 0.106875 0.174113
v -0.059038 0.106124 0.172424
v -0.057744 0.105195 0.171899
v -0.056101 0.104842 0.171972
v -0.054541 0.105158 0.172623
v -0.053479 0.106061 0.173682
v -0.053202 0.107313 0.174868
v -0.053793 0.108577 0.175866
v -0.055096 0.109513 0.176404
v -0.056760 0.109867 0.176333
v -0.058331 0.109543 0.175672
v -0.059384 0.108632 0.174601
v -0.059640 0.107380 0.173412
v -0.058906 0.106857 0.171659
v -0.057598 0.106041 0.171018
v -0.055953 0.105730 0.171048
v -0.054403 0.106005 0.171740
v -0.053360 0.106797 0.172914
v -0.053107 0.107896 0.174259
v -0.053721 0.109007 0.175417
v -0.055041 0.109830 0.176072
v -0.056711 0.110142 0.176045
v -0.058274 0.109859 0.175341
v -0.059305 0.109060 0.174153
v -0.059533 0.107961 0.172806
v -0.058796 0.107658 0.171015
v -0.057476 0.106955 0.170282
v -0.055830 0.106685 0.170279
v -0.054289 0.106920 0.171004
v -0.053260 0.107600 0.172267
v -0.053025 0.108545 0.173736
v -0.053657 0.109501 0.175018
v -0.054991 0.110211 0.175765
v -0.056664 0.110481 0.175772
v -0.058220 0.110240 0.175035
v -0.059234 0.109553 0.173756
v -0.059441 0.108608 0.172284
v -0.058704 0.108505 0.170478
v -0.057377 0.107907 0.169679
v -0.055731 0.107676 0.169651
v -0.054195 0.107874 0.170399
v -0.053177 0.108450 0.171729
v -0.052955 0.109251 0.173289
v -0.053600 0.110063 0.174662
v -0.054942 0.110666 0.175477
v -0.056619 0.110898 0.175508
v -0.058169 0.110694 0.174747
v -0.059171 0.110113 0.173401
v -0.059363 0.109311 0.171839
v -0.058628 0.109381 0.170035
v -0.057296 0.108876 0.169189
v -0.055650 0.108679 0.169143
v -0.054119 0.108845 0.169908
v -0.053108 0.109329 0.171284
v -0.052895 0.110004 0.172907
v -0.053548 0.110689 0.174345
v -0.054897 0.111199 0.175207
v -0.056575 0.111396 0.175256
v -0.058121 0.111226 0.174478
v -0.059114 0.110737 0.173086
v -0.059295 0.110062 0.171459
v -0.058565 0.110275 0.169668
v -0.057231 0.109847 0.168791
v -0.055585 0.109680 0.168733
v -0.054057 0.109818 0.169509
v -0.053051 0.110226 0.170916
v -0.052843 0.110796 0.172582
v -0.053502 0.111375 0.174064
v -0.054855 0.111806 0.174958
v -0.056533 0.111974 0.175019
v -0.058076 0.111832 0.174229
v -0.059063 0.111420 0.172805
v -0.059237 0.110851 0.171135
v -0.055526 0.109997 0.168330
v -0.052572 0.111121 0.172504
v -0.058736 0.110599 0.169349
v -0.054742 0.112146 0.175090
v -0.058218 0.112174 0.174303
v -0.052796 0.110547 0.170694
v -0.059464 0.111179 0.170944
v -0.053282 0.111707 0.174115
v -0.059280 0.111756 0.172757
v -0.057298 0.110167 0.168395
v -0.056554 0.112318 0.175159
v -0.053880 0.110136 0.169169
v -0.059300 0.111471 0.172876
v -0.058236 0.111918 0.174410
v -0.056572 0.112073 0.175262
v -0.054762 0.111891 0.175197
v -0.053302 0.111422 0.174233
v -0.052592 0.110794 0.172636
v -0.052817 0.110178 0.170839
v -0.053903 0.109737 0.169323
v -0.055551 0.109588 0.168487
v -0.057324 0.109769 0.168549
v -0.059487 0.110853 0.171076
v -0.058762 0.110231 0.169494
v -0.058755 0.111173 0.171116
v -0.058606 0.111628 0.172556
v -0.057761 0.111955 0.173781
v -0.056443 0.112068 0.174459
v -0.055008 0.111934 0.174404
v -0.053851 0.111589 0.173632
v -0.053285 0.111128 0.172354
v -0.053459 0.110673 0.170916
v -0.054317 0.110348 0.169703
v -0.055625 0.110238 0.169035
v -0.057035 0.110372 0.169088
v -0.058179 0.110714 0.169848
v -0.058342 0.154567 0.169125
v -0.057126 0.154943 0.168312
v -0.055625 0.155098 0.168254
v -0.054231 0.154991 0.168966
v -0.053315 0.154650 0.170261
v -0.053128 0.154166 0.171797
v -0.053728 0.153669 0.173164
v -0.054961 0.153293 0.173991
v -0.056489 0.153139 0.174052
v -0.057895 0.153247 0.173328
v -0.058795 0.153589 0.172019
v -0.058955 0.154072 0.170481
v -0.058512 0.153704 0.168652
v -0.057177 0.154054 0.167742
v -0.055532 0.154201 0.167671
v -0.054006 0.154105 0.168458
v -0.053003 0.153792 0.169896
v -0.052799 0.153345 0.171607
v -0.053461 0.152885 0.173133
v -0.054816 0.152535 0.174061
v -0.056494 0.152389 0.174135
v -0.058035 0.152486 0.173334
v -0.059018 0.152799 0.171878
v -0.059188 0.153245 0.170164
v -0.058467 0.152797 0.168424
v -0.057132 0.153099 0.167501
v -0.055488 0.153228 0.167426
v -0.053963 0.153149 0.168217
v -0.052962 0.152882 0.169667
v -0.052761 0.152501 0.171395
v -0.053424 0.152107 0.172938
v -0.054780 0.151806 0.173878
v -0.056458 0.151679 0.173956
v -0.057997 0.151759 0.173151
v -0.058977 0.152024 0.171683
v -0.059144 0.152404 0.169952
v -0.058428 0.151866 0.168230
v -0.057093 0.152118 0.167297
v -0.055450 0.152229 0.167218
v -0.053926 0.152166 0.168013
v -0.052927 0.151948 0.169473
v -0.052727 0.151634 0.171214
v -0.053392 0.151307 0.172771
v -0.054749 0.151057 0.173721
v -0.056426 0.150948 0.173804
v -0.057963 0.151011 0.172995
v -0.058942 0.151227 0.171517
v -0.059106 0.151540 0.169772
v -0.058394 0.150874 0.168069
v -0.057059 0.151074 0.167128
v -0.055416 0.151164 0.167046
v -0.053894 0.151119 0.167844
v -0.052896 0.150953 0.169312
v -0.052697 0.150710 0.171065
v -0.053364 0.150456 0.172633
v -0.054721 0.150259 0.173592
v -0.056399 0.150171 0.173678
v -0.057934 0.150214 0.172866
v -0.058910 0.150378 0.171379
v -0.059073 0.150619 0.169623
v -0.058365 0.149794 0.167944
v -0.057030 0.149943 0.166997
v -0.055388 0.150015 0.166912
v -0.053867 0.149987 0.167712
v -0.052869 0.149869 0.169186
v -0.052672 0.149694 0.170946
v -0.053339 0.149508 0.172523
v -0.054697 0.149362 0.173488
v -0.056374 0.149293 0.173576
v -0.057909 0.149319 0.172762
v -0.058883 0.149433 0.171269
v -0.059045 0.149607 0.169506
v -0.058340 0.148595 0.167852
v -0.057006 0.148701 0.166902
v -0.055365 0.148756 0.166816
v -0.053844 0.148743 0.167617
v -0.052847 0.148667 0.169094
v -0.052650 0.148549 0.170859
v -0.053318 0.148422 0.172440
v -0.054675 0.148320 0.173408
v -0.056352 0.148267 0.173497
v -0.057886 0.148279 0.172682
v -0.058860 0.148351 0.171187
v -0.059021 0.148466 0.169419
v -0.058320 0.147244 0.167793
v -0.056986 0.147315 0.166842
v -0.055346 0.147356 0.166755
v -0.053825 0.147354 0.167556
v -0.052829 0.147311 0.169035
v -0.052632 0.147240 0.170802
v -0.053299 0.147160 0.172385
v -0.054657 0.147093 0.173354
v -0.056333 0.147054 0.173444
v -0.057866 0.147054 0.172629
v -0.058839 0.147093 0.171132
v -0.059000 0.147162 0.169362
v -0.058303 0.145704 0.167764
v -0.056970 0.145749 0.166812
v -0.055331 0.145780 0.166725
v -0.053810 0.145786 0.167526
v -0.052814 0.145767 0.169005
v -0.052617 0.145730 0.170773
v -0.053284 0.145686 0.172357
v -0.054641 0.145646 0.173327
v -0.056317 0.145618 0.173417
v -0.057850 0.145609 0.172601
v -0.058823 0.145624 0.171104
v -0.058983 0.145658 0.169333
v -0.058280 0.141911 0.167781
v -0.056948 0.141923 0.166829
v -0.055309 0.141938 0.166742
v -0.053789 0.141952 0.167543
v -0.052793 0.141962 0.169022
v -0.052595 0.141966 0.170790
v -0.053262 0.141964 0.172373
v -0.054618 0.141956 0.173343
v -0.056293 0.141942 0.173433
v -0.057826 0.141926 0.172618
v -0.058798 0.141913 0.171120
v -0.058959 0.141907 0.169350
v -0.058268 0.136914 0.167868
v -0.056936 0.136912 0.166916
v -0.055298 0.136919 0.166830
v -0.053778 0.136932 0.167631
v -0.052781 0.136949 0.169110
v -0.052584 0.136966 0.170877
v -0.053250 0.136979 0.172460
v -0.054606 0.136984 0.173430
v -0.056280 0.136979 0.173520
v -0.057812 0.136964 0.172704
v -0.058785 0.136944 0.171207
v -0.058946 0.136926 0.169436
v -0.058467 0.111599 0.169087
v -0.057132 0.111282 0.168175
v -0.055488 0.111156 0.168104
v -0.053963 0.111255 0.168892
v -0.052962 0.111554 0.170333
v -0.052761 0.111973 0.172047
v -0.053424 0.112400 0.173577
v -0.054780 0.112719 0.174507
v -0.056458 0.112845 0.174581
v -0.057997 0.112743 0.173779
v -0.058977 0.112442 0.172320
v -0.059144 0.112024 0.170603
v -0.058428 0.112527 0.168863
v -0.057093 0.112259 0.167939
v -0.055450 0.112151 0.167864
v -0.053926 0.112234 0.168656
v -0.052927 0.112485 0.170109
v -0.052727 0.112837 0.171839
v -0.053392 0.113196 0.173385
v -0.054748 0.113465 0.174327
v -0.056426 0.113572 0.174406
v -0.057963 0.113488 0.173599
v -0.058942 0.113236 0.172128
v -0.059106 0.112884 0.170395
v -0.058394 0.113516 0.168671
v -0.057059 0.113300 0.167737
v -0.055416 0.113213 0.167657
v -0.053894 0.113277 0.168453
v -0.052896 0.113477 0.169916
v -0.052697 0.113758 0.171660
v -0.053364 0.114044 0.173219
v -0.054721 0.114260 0.174172
v -0.056399 0.114347 0.174255
v -0.057934 0.114282 0.173444
v -0.058910 0.114082 0.171964
v -0.059073 0.113802 0.170216
v -0.058365 0.114594 0.168511
v -0.057030 0.114428 0.167569
v -0.055388 0.114360 0.167487
v -0.053867 0.114407 0.168285
v -0.052869 0.114558 0.169755
v -0.052672 0.114771 0.171509
v -0.053339 0.114990 0.173079
v -0.054697 0.115155 0.174039
v -0.056374 0.115223 0.174124
v -0.057909 0.115175 0.173311
v -0.058883 0.115024 0.171824
v -0.059045 0.114812 0.170066
v -0.058340 0.115791 0.168381
v -0.057006 0.115669 0.167434
v -0.055365 0.115617 0.167350
v -0.053844 0.115650 0.168150
v -0.052847 0.115759 0.169624
v -0.052650 0.115914 0.171385
v -0.053318 0.116074 0.172961
v -0.054675 0.116196 0.173926
v -0.056352 0.116246 0.174013
v -0.057886 0.116213 0.173199
v -0.058860 0.116105 0.171706
v -0.059021 0.115950 0.169942
v -0.058320 0.117141 0.168278
v -0.056986 0.117054 0.167329
v -0.055346 0.117016 0.167244
v -0.053825 0.117038 0.168045
v -0.052829 0.117113 0.169521
v -0.052632 0.117222 0.171285
v -0.053299 0.117335 0.172865
v -0.054657 0.117421 0.173832
v -0.056333 0.117458 0.173921
v -0.057866 0.117437 0.173106
v -0.058839 0.117362 0.171611
v -0.059000 0.117254 0.169843
v -0.058303 0.118680 0.168199
v -0.056970 0.118619 0.167249
v -0.055331 0.118592 0.167163
v -0.053810 0.118606 0.167964
v -0.052814 0.118657 0.169442
v -0.052617 0.118731 0.171208
v -0.053284 0.118808 0.172789
v -0.054641 0.118868 0.173758
v -0.056317 0.118894 0.173847
v -0.057850 0.118881 0.173031
v -0.058823 0.118831 0.171535
v -0.058983 0.118757 0.169766
v -0.058290 0.120445 0.168139
v -0.056958 0.120404 0.167188
v -0.055318 0.120385 0.167102
v -0.053799 0.120394 0.167903
v -0.052802 0.120428 0.169382
v -0.052605 0.120477 0.171149
v -0.053272 0.120529 0.172731
v -0.054628 0.120569 0.173700
v -0.056304 0.120587 0.173790
v -0.057836 0.120579 0.172974
v -0.058809 0.120546 0.171477
v -0.058970 0.120497 0.169707
v -0.058273 0.124804 0.168056
v -0.056941 0.124785 0.167105
v -0.055302 0.124778 0.167019
v -0.053783 0.124783 0.167820
v -0.052786 0.124800 0.169299
v -0.052588 0.124824 0.171066
v -0.053255 0.124849 0.172649
v -0.054611 0.124867 0.173619
v -0.056286 0.124875 0.173708
v -0.057818 0.124869 0.172892
v -0.058790 0.124852 0.171395
v -0.058951 0.124828 0.169625
v -0.058264 0.130515 0.167975
v -0.056933 0.130505 0.167023
v -0.055295 0.130504 0.166937
v -0.053775 0.130513 0.167738
v -0.052779 0.130530 0.169217
v -0.052581 0.130551 0.170984
v -0.053247 0.130570 0.172567
v -0.054602 0.130582 0.173537
v -0.056277 0.130584 0.173626
v -0.057809 0.130574 0.172811
v -0.058781 0.130555 0.171314
v -0.058943 0.130534 0.169543
v -0.058434 0.110292 0.169775
v -0.057168 0.109897 0.168938
v -0.055606 0.109742 0.168882
v -0.054156 0.109869 0.169620
v -0.053203 0.110245 0.170958
v -0.053008 0.110770 0.172545
v -0.053634 0.111304 0.173956
v -0.054918 0.111702 0.174808
v -0.056510 0.111856 0.174867
v -0.057972 0.111726 0.174116
v -0.058908 0.111347 0.172762
v -0.059073 0.110822 0.171173
vn 0.0007 0.2768 0.9609
vn 0.0008 -0.0145 0.9999
vn 0.0933 -0.0321 0.9951
vn 0.1973 0.2386 0.9508
vn 0.0004 0.6762 0.7367
vn 0.3216 0.6131 0.7216
vn 0.0008 -0.2455 0.9694
vn 0.0003 0.8486 0.5290
vn 0.3679 0.7755 0.5131
vn 0.3619 0.1308 0.9230
vn 0.5911 0.4343 0.6797
vn 0.1705 -0.0818 0.9819
vn 0.6759 0.5687 0.4688
vn 0.7668 0.1698 0.6190
vn 0.8758 0.2637 0.4044
vn 0.2208 -0.1546 0.9630
vn 0.4685 -0.0279 0.8830
vn 0.8233 -0.1374 0.5508
vn 0.9393 -0.0897 0.3312
vn 0.2373 -0.2387 0.9417
vn 0.5026 -0.2114 0.8383
vn 0.4609 -0.3918 0.7963
vn 0.7550 -0.4400 0.4862
vn 0.2186 -0.3217 0.9212
vn 0.8608 -0.4368 0.2612
vn 0.3512 -0.5430 0.7628
vn 0.5747 -0.6935 0.4344
vn 0.1676 -0.3922 0.9045
vn 0.6553 -0.7273 0.2041
vn 0.3102 -0.8617 0.4015
vn 0.3538 -0.9203 0.1670
vn 0.0913 -0.4397 0.8935
vn 0.1899 -0.6436 0.7414
vn 0.0008 -0.4565 0.8897
vn 0.0007 -0.6789 0.7342
vn 0.0005 -0.9207 0.3903
vn 0.0004 -0.9880 0.1543
vn -0.1885 -0.6437 0.7417
vn -0.3093 -0.8619 0.4019
vn -0.0897 -0.4397 0.8936
vn -0.3531 -0.9205 0.1674
vn -0.1661 -0.3923 0.9047
vn -0.5738 -0.6938 0.4351
vn -0.6547 -0.7276 0.2048
vn -0.3499 -0.5432 0.7633
vn -0.7542 -0.4403 0.4871
vn -0.8604 -0.4371 0.2622
vn -0.2171 -0.3218 0.9216
vn -0.4596 -0.3920 0.7969
vn -0.5013 -0.2116 0.8390
vn -0.8225 -0.1377 0.5518
vn -0.2357 -0.2388 0.9420
vn -0.9389 -0.0899 0.3323
vn -0.4673 -0.0280 0.8837
vn -0.7660 0.1696 0.6200
vn -0.2192 -0.1547 0.9633
vn -0.8754 0.2634 0.4054
vn -0.5903 0.4341 0.6805
vn -0.6754 0.5686 0.4696
vn -0.1690 -0.0818 0.9822
vn -0.3606 0.1307 0.9235
vn -0.3208 0.6130 0.7220
vn -0.3674 0.7754 0.5135
vn -0.0917 -0.0322 0.9953
vn -0.1960 0.2386 0.9511
vn 0.2519 0.5992 0.7599
vn 0.2826 0.3516 0.8925
vn 0.3621 0.3303 0.8716
vn 0.4234 0.5528 0.7177
vn 0.1698 0.8763 0.4509
vn 0.4562 0.8021 0.3854
vn 0.2901 0.1192 0.9495
vn 0.1166 0.9658 0.2314
vn 0.4445 0.8814 0.1598
vn 0.5695 0.4421 0.6930
vn 0.7018 0.6234 0.3446
vn 0.4302 0.2779 0.8589
vn 0.7254 0.6789 0.1131
vn 0.8721 0.3586 0.3330
vn 0.9206 0.3782 0.0970
vn 0.4770 0.2003 0.8558
vn 0.6699 0.2797 0.6878
vn 0.9353 0.0426 0.3514
vn 0.9933 0.0181 0.1145
vn 0.4943 0.1083 0.8625
vn 0.7074 0.0874 0.7014
vn 0.6739 -0.1051 0.7313
vn 0.8763 -0.2735 0.3966
vn 0.4784 0.0167 0.8780
vn 0.9251 -0.3427 0.1634
vn 0.5746 -0.2669 0.7737
vn 0.7058 -0.5368 0.4622
vn 0.4320 -0.0593 0.8999
vn 0.7286 -0.6430 0.2360
vn 0.4542 -0.7086 0.5400
vn 0.4393 -0.8388 0.3217
vn 0.3632 -0.1084 0.9254
vn 0.4257 -0.3735 0.8241
vn 0.2822 -0.1245 0.9512
vn 0.2489 -0.4103 0.8773
vn 0.1587 -0.7674 0.6212
vn 0.0998 -0.9067 0.4099
vn 0.0683 -0.3705 0.9263
vn -0.1421 -0.7042 0.6956
vn 0.1998 -0.1050 0.9742
vn -0.2463 -0.8365 0.4894
vn 0.1280 -0.0515 0.9904
vn -0.4056 -0.5216 0.7506
vn -0.5508 -0.6299 0.5476
vn -0.0893 -0.2567 0.9624
vn -0.5862 -0.2406 0.7736
vn -0.7599 -0.3093 0.5718
vn 0.0789 0.0293 0.9965
vn -0.1965 -0.0836 0.9769
vn -0.2323 0.1205 0.9652
vn -0.6466 0.0937 0.7570
vn 0.0620 0.1244 0.9903
vn -0.8290 0.0739 0.5543
vn -0.1899 0.3191 0.9285
vn -0.5739 0.4199 0.7030
vn 0.0806 0.2174 0.9728
vn -0.7430 0.4477 0.4976
vn -0.3864 0.6799 0.6232
vn -0.5243 0.7443 0.4137
vn 0.1304 0.2925 0.9473
vn -0.0796 0.4780 0.8747
vn -0.1239 0.8363 0.5340
vn -0.2207 0.9214 0.3198
vn 0.2017 0.3389 0.9190
vn 0.0763 0.5745 0.8149
vn -0.2467 0.5986 0.7621
vn -0.2767 0.3508 0.8947
vn -0.1959 0.3380 0.9206
vn -0.0712 0.5734 0.8162
vn -0.1663 0.8760 0.4528
vn 0.1273 0.8353 0.5348
vn -0.2840 0.1183 0.9515
vn -0.1138 0.9658 0.2331
vn 0.2233 0.9205 0.3206
vn 0.0844 0.4766 0.8751
vn 0.3895 0.6785 0.6229
vn -0.1248 0.2915 0.9484
vn 0.5265 0.7429 0.4135
vn 0.5765 0.4185 0.7018
vn 0.7445 0.4463 0.4964
vn -0.0751 0.2163 0.9734
vn 0.1943 0.3177 0.9281
vn 0.6489 0.0926 0.7552
vn 0.8302 0.0730 0.5526
vn -0.0565 0.1233 0.9908
vn 0.2365 0.1193 0.9643
vn 0.2008 -0.0845 0.9760
vn 0.5886 -0.2412 0.7716
vn -0.0734 0.0282 0.9969
vn 0.7612 -0.3096 0.5699
vn 0.0939 -0.2573 0.9618
vn 0.4083 -0.5219 0.7490
vn -0.1224 -0.0525 0.9911
vn 0.5525 -0.6298 0.5460
vn 0.1451 -0.7044 0.6948
vn 0.2485 -0.8364 0.4885
vn -0.1941 -0.1059 0.9753
vn -0.0634 -0.3711 0.9264
vn -0.2763 -0.1253 0.9529
vn -0.2438 -0.4110 0.8785
vn -0.1556 -0.7678 0.6215
vn -0.0975 -0.9069 0.4099
vn -0.4207 -0.3744 0.8263
vn -0.4514 -0.7093 0.5414
vn -0.3572 -0.1093 0.9276
vn -0.4373 -0.8395 0.3226
vn -0.4261 -0.0601 0.9027
vn -0.7036 -0.5376 0.4647
vn -0.7273 -0.6438 0.2377
vn -0.5699 -0.2678 0.7769
vn -0.8746 -0.2739 0.4000
vn -0.9245 -0.3432 0.1658
vn -0.4725 0.0160 0.8812
vn -0.6695 -0.1058 0.7352
vn -0.7032 0.0871 0.7057
vn -0.9338 0.0427 0.3552
vn -0.4886 0.1077 0.8659
vn -0.9929 0.0183 0.1173
vn -0.6655 0.2798 0.6920
vn -0.8703 0.3592 0.3369
vn -0.4712 0.1999 0.8591
vn -0.9199 0.3791 0.0999
vn -0.6995 0.6241 0.3481
vn -0.7239 0.6801 0.1158
vn -0.4243 0.2774 0.8620
vn -0.5647 0.4422 0.6968
vn -0.4532 0.8025 0.3881
vn -0.4421 0.8822 0.1622
vn -0.3562 0.3297 0.8743
vn -0.4183 0.5527 0.7208
vn -0.0000 0.6880 -0.7257
vn -0.0000 0.4654 -0.8851
vn -0.0835 0.4491 -0.8896
vn -0.1806 0.6533 -0.7352
vn -0.0000 0.9211 -0.3892
vn -0.3015 0.8638 -0.4036
vn -0.0000 0.2431 -0.9700
vn -0.0000 0.9864 -0.1647
vn -0.3454 0.9211 -0.1797
vn -0.3360 0.5532 -0.7622
vn -0.5603 0.6989 -0.4445
vn -0.1559 0.4014 -0.9025
vn -0.6427 0.7330 -0.2227
vn -0.7383 0.4471 -0.5050
vn -0.8483 0.4450 -0.2869
vn -0.2061 0.3276 -0.9220
vn -0.4435 0.3994 -0.8023
vn -0.8060 0.1425 -0.5745
vn -0.9274 0.0958 -0.3617
vn -0.2252 0.2373 -0.9450
vn -0.4849 0.2121 -0.8485
vn -0.4511 0.0194 -0.8923
vn -0.7492 -0.1688 -0.6405
vn -0.2084 0.1450 -0.9672
vn -0.8621 -0.2609 -0.4343
vn -0.3461 -0.1465 -0.9267
vn -0.5749 -0.4360 -0.6923
vn -0.1587 0.0667 -0.9851
vn -0.6609 -0.5658 -0.4931
vn -0.3113 -0.6151 -0.7244
vn -0.3573 -0.7688 -0.5304
vn -0.0853 0.0151 -0.9962
vn -0.1873 -0.2578 -0.9479
vn -0.0000 -0.0027 -1.0000
vn -0.0000 -0.2969 -0.9549
vn -0.0000 -0.6780 -0.7351
vn -0.0000 -0.8397 -0.5431
vn 0.1872 -0.2578 -0.9479
vn 0.3112 -0.6151 -0.7244
vn 0.0852 0.0151 -0.9962
vn 0.3572 -0.7688 -0.5304
vn 0.1586 0.0667 -0.9851
vn 0.5749 -0.4360 -0.6924
vn 0.6609 -0.5658 -0.4931
vn 0.3460 -0.1465 -0.9267
vn 0.7492 -0.1688 -0.6405
vn 0.8621 -0.2609 -0.4344
vn 0.2083 0.1451 -0.9672
vn 0.4510 0.0194 -0.8923
vn 0.4848 0.2121 -0.8485
vn 0.8060 0.1425 -0.5746
vn 0.2251 0.2373 -0.9450
vn 0.9273 0.0958 -0.3618
vn 0.4434 0.3994 -0.8024
vn 0.7383 0.4471 -0.5050
vn 0.2061 0.3276 -0.9221
vn 0.8483 0.4450 -0.2869
vn 0.5603 0.6989 -0.4445
vn 0.6427 0.7330 -0.2227
vn 0.1558 0.4014 -0.9025
vn 0.3360 0.5532 -0.7623
vn 0.3015 0.8638 -0.4036
vn 0.3453 0.9211 -0.1797
vn 0.0835 0.4491 -0.8896
vn 0.1805 0.6533 -0.7352
vn 0.2415 0.4051 -0.8818
vn 0.2755 0.1240 -0.9533
vn 0.1838 0.1037 -0.9775
vn 0.0490 0.3640 -0.9301
vn 0.1525 0.7587 -0.6333
vn -0.1556 0.6912 -0.7057
vn 0.2836 -0.1135 -0.9522
vn 0.0943 0.8993 -0.4270
vn -0.2588 0.8224 -0.5067
vn -0.1164 0.2495 -0.9613
vn -0.4189 0.5055 -0.7543
vn 0.1055 0.0495 -0.9932
vn -0.5586 0.6090 -0.5632
vn -0.5938 0.2307 -0.7708
vn -0.7557 0.2936 -0.5854
vn 0.0538 -0.0288 -0.9981
vn -0.2263 0.0810 -0.9707
vn -0.6514 -0.0887 -0.7536
vn -0.8192 -0.0715 -0.5690
vn 0.0364 -0.1183 -0.9923
vn -0.2626 -0.1137 -0.9582
vn -0.2205 -0.3039 -0.9268
vn -0.5832 -0.4013 -0.7063
vn 0.0553 -0.2062 -0.9770
vn -0.7413 -0.4281 -0.5169
vn -0.1079 -0.4607 -0.8810
vn -0.4023 -0.6582 -0.6364
vn 0.1077 -0.2796 -0.9541
vn -0.5359 -0.7218 -0.4380
vn -0.1396 -0.8208 -0.5539
vn -0.2363 -0.9081 -0.3458
vn 0.1855 -0.3271 -0.9266
vn 0.0562 -0.5600 -0.8266
vn 0.2759 -0.3406 -0.8988
vn 0.2443 -0.5869 -0.7720
vn 0.1624 -0.8666 -0.4719
vn 0.1094 -0.9605 -0.2561
vn 0.4266 -0.5396 -0.7259
vn 0.4583 -0.7920 -0.4034
vn 0.3638 -0.3185 -0.8753
vn 0.4482 -0.8750 -0.1831
vn 0.4364 -0.2654 -0.8597
vn 0.7062 -0.6103 -0.3589
vn 0.7319 -0.6675 -0.1367
vn 0.5775 -0.4275 -0.6956
vn 0.8722 -0.3479 -0.3440
vn 0.9216 -0.3687 -0.1214
vn 0.4841 -0.1897 -0.8542
vn 0.6775 -0.2677 -0.6851
vn 0.7139 -0.0823 -0.6954
vn 0.9322 -0.0416 -0.3596
vn 0.5012 -0.1025 -0.8593
vn 0.9902 -0.0197 -0.1380
vn 0.6811 0.1028 -0.7249
vn 0.8760 0.2647 -0.4032
vn 0.4853 -0.0158 -0.8742
vn 0.9258 0.3301 -0.1839
vn 0.7098 0.5252 -0.4694
vn 0.7350 0.6289 -0.2534
vn 0.4380 0.0579 -0.8971
vn 0.5821 0.2609 -0.7701
vn 0.4564 0.6995 -0.5500
vn 0.4436 0.8300 -0.3381
vn 0.3648 0.1074 -0.9249
vn 0.4287 0.3679 -0.8252
vn -0.2469 0.4046 -0.8805
vn -0.2818 0.1235 -0.9515
vn -0.3698 0.1069 -0.9229
vn -0.4323 0.3671 -0.8236
vn -0.1558 0.7585 -0.6327
vn -0.4583 0.6988 -0.5492
vn -0.2901 -0.1139 -0.9502
vn -0.0970 0.8992 -0.4267
vn -0.4452 0.8292 -0.3380
vn -0.5843 0.2602 -0.7687
vn -0.7106 0.5246 -0.4689
vn -0.4420 0.0576 -0.8952
vn -0.7356 0.6282 -0.2535
vn -0.8763 0.2643 -0.4029
vn -0.9259 0.3298 -0.1841
vn -0.4888 -0.0160 -0.8723
vn -0.6825 0.1023 -0.7237
vn -0.9323 -0.0418 -0.3593
vn -0.9902 -0.0198 -0.1381
vn -0.5045 -0.1028 -0.8573
vn -0.7150 -0.0827 -0.6942
vn -0.6788 -0.2678 -0.6837
vn -0.8724 -0.3478 -0.3434
vn -0.4876 -0.1902 -0.8521
vn -0.9216 -0.3686 -0.1213
vn -0.5796 -0.4274 -0.6938
vn -0.7071 -0.6099 -0.3579
vn -0.4404 -0.2658 -0.8576
vn -0.7325 -0.6670 -0.1362
vn -0.4603 -0.7915 -0.4019
vn -0.4500 -0.8743 -0.1822
vn -0.3688 -0.3188 -0.8731
vn -0.4303 -0.5394 -0.7238
vn -0.2822 -0.3409 -0.8967
vn -0.2498 -0.5870 -0.7701
vn -0.1660 -0.8667 -0.4704
vn -0.1125 -0.9604 -0.2548
vn -0.0634 -0.5609 -0.8255
vn 0.1350 -0.8221 -0.5532
vn -0.1931 -0.3277 -0.9248
vn 0.2325 -0.9095 -0.3447
vn -0.1161 -0.2806 -0.9528
vn 0.3976 -0.6604 -0.6370
vn 0.5326 -0.7244 -0.4377
vn 0.0998 -0.4624 -0.8811
vn 0.5791 -0.4034 -0.7085
vn 0.7393 -0.4304 -0.5178
vn -0.0641 -0.2071 -0.9762
vn 0.2123 -0.3055 -0.9282
vn 0.2545 -0.1146 -0.9603
vn 0.6477 -0.0896 -0.7566
vn -0.0453 -0.1190 -0.9919
vn 0.8180 -0.0721 -0.5706
vn 0.2182 0.0809 -0.9725
vn 0.5900 0.2312 -0.7736
vn -0.0626 -0.0290 -0.9976
vn 0.7541 0.2948 -0.5869
vn 0.4146 0.5066 -0.7560
vn 0.5559 0.6107 -0.5639
vn -0.1139 0.0494 -0.9923
vn 0.1086 0.2499 -0.9622
vn 0.1514 0.6918 -0.7060
vn 0.2555 0.8234 -0.5067
vn -0.1914 0.1034 -0.9761
vn -0.0560 0.3640 -0.9297
vn 0.2912 0.1016 0.9513
vn 0.2859 0.1139 0.9515
vn 0.2816 0.1125 0.9529
vn 0.2887 0.1004 0.9521
vn 0.2687 0.0816 0.9598
vn 0.2722 0.1151 0.9553
vn 0.2800 0.1161 0.9530
vn 0.2741 0.0876 0.9577
vn 0.2490 0.1499 0.9568
vn 0.2642 0.1402 0.9542
vn 0.2815 0.1267 0.9511
vn 0.2757 0.1224 0.9534
vn 0.0260 0.1860 0.9822
vn -0.0000 0.1812 0.9834
vn 0.0296 0.1931 0.9807
vn 0.0243 0.1994 0.9796
vn -0.0000 0.1875 0.9823
vn 0.0296 0.1898 0.9814
vn 0.1890 0.1790 0.9655
vn 0.1839 0.1809 0.9662
vn 0.2446 -0.1100 0.9634
vn 0.2438 -0.1091 0.9637
vn 0.2339 -0.1067 0.9664
vn 0.2311 -0.1078 0.9669
vn 0.2771 -0.1263 0.9525
vn 0.2862 -0.0945 0.9535
vn 0.2754 -0.1071 0.9554
vn 0.2722 -0.1213 0.9546
vn 0.2869 -0.0629 0.9559
vn 0.2868 -0.0642 0.9558
vn 0.2724 0.0340 0.9616
vn 0.2727 0.0329 0.9616
vn 0.2835 -0.0186 0.9588
vn 0.2834 -0.0184 0.9588
vn 0.1026 0.2013 0.9741
vn 0.1126 0.2017 0.9730
vn -0.0000 -0.2358 0.9718
vn 0.0600 -0.2388 0.9692
vn 0.0245 -0.2358 0.9715
vn -0.0000 -0.2359 0.9718
vn -0.0000 -0.2356 0.9719
vn 0.0568 -0.2377 0.9697
vn 0.1163 -0.2342 0.9652
vn 0.1290 -0.2293 0.9648
vn 0.1772 -0.2041 0.9628
vn 0.1848 -0.1991 0.9624
vn 0.2245 -0.1676 0.9599
vn 0.2234 -0.1584 0.9618
vn 0.1238 -0.7350 0.6667
vn 0.1301 -0.7174 0.6844
vn 0.1268 -0.7268 0.6750
vn -0.4614 -0.5503 0.6959
vn -0.4843 -0.5501 0.6803
vn -0.4735 -0.5503 0.6878
vn 0.6879 0.1811 0.7028
vn -0.2769 0.3093 0.9098
vn -0.2891 0.3196 0.9024
vn -0.2900 0.3204 0.9018
vn -0.4785 0.1408 0.8667
vn -0.5128 0.1424 0.8466
vn -0.4674 0.1403 0.8728
vn -0.0811 -0.3657 0.9272
vn -0.1181 -0.3423 0.9321
vn -0.1144 -0.3446 0.9317
vn -0.3690 -0.2581 0.8929
vn -0.3514 -0.2542 0.9011
vn -0.3749 -0.2594 0.8901
vn -0.3363 0.3076 0.8901
vn -0.3647 0.2876 0.8856
vn -0.3311 0.3112 0.8908
vn -0.4510 0.1238 0.8839
vn -0.4376 0.1320 0.8894
vn -0.4392 0.1300 0.8889
vn -0.4514 0.1238 0.8837
vn 0.7052 -0.2690 0.6560
vn 0.6863 -0.2645 0.6775
vn 0.6961 -0.2668 0.6665
vn -0.4663 0.3813 0.7982
vn -0.4785 0.3980 0.7827
vn -0.4688 0.3846 0.7952
vn 0.4513 0.6668 0.5931
vn 0.4547 0.6654 0.5920
vn 0.4479 0.6682 0.5941
vn -0.1510 -0.3208 0.9350
vn -0.5781 0.4696 0.6673
vn -0.5784 0.4717 0.6655
vn -0.5775 0.4658 0.6705
vn -0.4581 0.1240 0.8802
vn -0.0022 -0.4425 0.8968
vn -0.0000 -0.4422 0.8969
vn -0.0000 0.5241 0.8517
vn 0.0018 0.5241 0.8517
vn -0.3927 -0.2632 0.8812
vn 0.7149 -0.2712 0.6445
vn -0.4854 0.2968 0.8224
vn 0.0203 -0.4436 0.8960
vn 0.0104 -0.4428 0.8965
vn 0.0103 -0.4428 0.8966
vn 0.0205 -0.4436 0.8960
vn 0.0612 0.1948 0.9789
vn -0.0065 0.1945 0.9809
vn -0.0037 0.1939 0.9810
vn 0.0471 0.1850 0.9816
vn 0.0790 0.2066 0.9752
vn 0.0654 0.2045 0.9767
vn 0.0658 0.2046 0.9766
vn 0.0770 0.2047 0.9758
vn -0.3877 0.5969 0.7024
vn 0.0035 -0.4426 0.8967
vn 0.0040 -0.4426 0.8967
vn 0.0218 0.2000 0.9796
vn -0.0108 0.1970 0.9803
vn 0.0483 0.1982 0.9790
vn 0.0420 0.2022 0.9785
vn 0.0555 0.1930 0.9796
vn 0.0452 0.1878 0.9812
vn 0.0267 -0.4441 0.8956
vn -0.1896 -0.0761 0.9789
vn -0.1741 -0.0855 0.9810
vn -0.1924 -0.0744 0.9785
vn -0.0000 -0.1177 0.9931
vn -0.0351 -0.1176 0.9924
vn 0.6253 0.0019 0.7804
vn -0.2089 -0.0644 0.9758
vn -0.4390 0.3409 0.8313
vn -0.4515 0.3605 0.8162
vn -0.4516 0.3606 0.8161
vn -0.4384 0.3399 0.8321
vn 0.2473 -0.1491 0.9574
vn 0.2640 -0.1394 0.9544
vn 0.2641 -0.1393 0.9544
vn 0.2431 -0.1455 0.9590
vn 0.2188 -0.1353 0.9663
vn 0.2177 -0.1211 0.9685
vn 0.2182 -0.1205 0.9684
vn 0.2099 -0.1302 0.9690
vn 0.2173 -0.1333 0.9670
vn 0.2113 -0.1280 0.9690
vn -0.4309 0.3278 0.8408
vn -0.2028 0.2365 0.9502
vn -0.2023 0.2372 0.9502
vn -0.2027 0.2366 0.9502
vn 0.7311 0.3853 0.5630
vn 0.4444 0.6696 0.5951
vn -0.4506 -0.5503 0.7030
vn 0.0238 -0.6316 0.7750
vn -0.2034 0.2358 0.9503
vn -0.5772 0.4637 0.6722
vn 0.1203 -0.7444 0.6568
vn 0.5758 0.8010 -0.1641
vn 0.5764 0.7999 -0.1672
vn 0.5764 0.7998 -0.1673
vn 0.9297 -0.2713 -0.2491
vn 0.8920 -0.3797 -0.2452
vn 0.8919 -0.3801 -0.2452
vn 0.9297 -0.2714 -0.2491
vn 0.5600 0.8099 -0.1743
vn 0.5599 0.8100 -0.1744
vn 0.9590 -0.1175 -0.2578
vn 0.9567 -0.1382 -0.2560
vn 0.9568 -0.1380 -0.2560
vn 0.9590 -0.1176 -0.2578
vn 0.6663 -0.7182 -0.2006
vn 0.6226 -0.7586 -0.1920
vn 0.6659 -0.7186 -0.2005
vn 0.7203 -0.6612 -0.2098
vn 0.7200 -0.6615 -0.2098
vn 0.6018 -0.7762 -0.1878
vn 0.9485 -0.1923 -0.2516
vn 0.5307 0.8265 -0.1879
vn 0.4907 0.8491 -0.1957
vn 0.4898 0.8496 -0.1958
vn 0.5306 0.8265 -0.1880
vn 0.9585 -0.1222 -0.2576
vn 0.4222 0.8843 -0.1993
vn 0.3934 0.8974 -0.1995
vn 0.4213 0.8847 -0.1993
vn 0.5535 0.8134 -0.1789
vn 0.7663 -0.6040 -0.2192
vn 0.7661 -0.6041 -0.2192
vn 0.8441 -0.4816 -0.2357
vn 0.8054 -0.5471 -0.2280
vn 0.8056 -0.5469 -0.2280
vn 0.8445 -0.4808 -0.2358
vn 0.7859 -0.5760 -0.2249
vn 0.5480 0.8165 -0.1817
vn 0.5479 0.8165 -0.1817
vn -0.2837 0.0168 -0.9588
vn -0.2891 0.0626 -0.9553
vn -0.2892 0.0559 -0.9556
vn -0.2829 0.0131 -0.9591
vn -0.0837 -0.2062 -0.9749
vn -0.1135 -0.2021 -0.9728
vn -0.1294 -0.1987 -0.9715
vn -0.0867 -0.2061 -0.9747
vn -0.2837 0.0956 -0.9541
vn -0.2855 0.0890 -0.9542
vn -0.0000 -0.1952 -0.9808
vn -0.0325 -0.1971 -0.9798
vn -0.0369 -0.1983 -0.9794
vn -0.2546 0.1329 -0.9579
vn -0.2405 0.1463 -0.9596
vn -0.2400 0.1466 -0.9596
vn -0.2561 0.1313 -0.9577
vn -0.2780 -0.0287 -0.9601
vn -0.2787 -0.0386 -0.9596
vn -0.2758 -0.0834 -0.9576
vn -0.2772 -0.0743 -0.9579
vn -0.2676 0.1196 -0.9561
vn -0.2745 0.1129 -0.9549
vn -0.1821 -0.1870 -0.9653
vn -0.2548 -0.1452 -0.9560
vn -0.2526 -0.1480 -0.9562
vn -0.1988 -0.1831 -0.9628
vn -0.2230 0.1658 -0.9606
vn -0.1621 0.1996 -0.9664
vn -0.1743 0.1960 -0.9650
vn -0.2175 0.1736 -0.9605
vn -0.1157 0.2211 -0.9684
vn -0.0569 0.2404 -0.9690
vn -0.0611 0.2414 -0.9685
vn -0.0983 0.2379 -0.9663
vn -0.0705 -0.2056 -0.9761
vn -0.0714 -0.2056 -0.9760
vn -0.0000 0.2366 -0.9716
vn -0.0541 -0.2027 -0.9777
vn -0.0567 -0.2032 -0.9775
vn -0.2718 -0.1095 -0.9561
vn -0.2715 -0.1108 -0.9560
vn -0.9225 0.3205 0.2153
vn -0.8666 0.4530 0.2090
vn -0.8664 0.4535 0.2090
vn -0.9223 0.3208 0.2153
vn -0.8235 0.5297 0.2029
vn -0.8082 0.5545 0.1983
vn -0.8234 0.5299 0.2029
vn -0.2820 -0.9448 0.1669
vn -0.5185 -0.8383 0.1687
vn -0.5188 -0.8381 0.1686
vn -0.2796 -0.9455 0.1669
vn -0.8309 -0.5138 0.2134
vn -0.8340 -0.5144 0.1998
vn -0.8393 -0.5055 0.2001
vn -0.8317 -0.5126 0.2134
vn 0.0031 0.9837 0.1797
vn -0.0000 0.9837 0.1801
vn 0.0030 0.9837 0.1797
vn -0.4777 -0.8607 0.1760
vn -0.4781 -0.8605 0.1760
vn -0.8691 -0.4349 0.2356
vn -0.8679 -0.4374 0.2354
vn -0.7144 0.6750 0.1846
vn -0.3652 0.9106 0.1933
vn -0.3585 0.9133 0.1933
vn -0.7151 0.6741 0.1847
vn -0.0035 -0.9877 0.1560
vn -0.9557 0.1914 0.2237
vn -0.9494 0.2248 0.2192
vn -0.9494 0.2249 0.2192
vn -0.9556 0.1917 0.2237
vn -0.0000 -0.9878 0.1559
vn -0.0014 -0.9878 0.1560
vn -0.7761 0.6003 0.1932
vn -0.7763 0.6000 0.1932
vn -0.9596 0.1643 0.2284
vn -0.9596 0.1644 0.2283
vn -0.0026 -0.9878 0.1560
vn -0.2859 0.1018 0.9528
vn -0.2859 0.1006 0.9530
vn -0.2799 0.1125 0.9534
vn -0.2827 0.1138 0.9524
vn -0.2569 0.0814 0.9630
vn -0.2635 0.0875 0.9607
vn -0.2725 0.1152 0.9552
vn -0.2621 0.1138 0.9583
vn -0.2599 0.1390 0.9556
vn -0.2454 0.1490 0.9579
vn -0.2750 0.1223 0.9536
vn -0.2796 0.1262 0.9518
vn -0.0260 0.1860 0.9822
vn -0.0296 0.1931 0.9807
vn -0.0243 0.1994 0.9796
vn -0.0296 0.1898 0.9814
vn -0.1890 0.1790 0.9655
vn -0.1839 0.1809 0.9662
vn -0.2446 -0.1100 0.9634
vn -0.2311 -0.1078 0.9669
vn -0.2339 -0.1067 0.9664
vn -0.2438 -0.1091 0.9637
vn -0.2761 -0.1265 0.9528
vn -0.2714 -0.1214 0.9548
vn -0.2736 -0.1072 0.9559
vn -0.2827 -0.0946 0.9545
vn -0.2810 -0.0630 0.9576
vn -0.2811 -0.0643 0.9575
vn -0.2612 0.0341 0.9647
vn -0.2615 0.0330 0.9646
vn -0.2747 -0.0186 0.9613
vn -0.2747 -0.0184 0.9614
vn -0.1026 0.2013 0.9741
vn -0.1126 0.2017 0.9730
vn -0.0245 -0.2358 0.9715
vn -0.0600 -0.2388 0.9692
vn -0.0568 -0.2377 0.9697
vn -0.1163 -0.2342 0.9652
vn -0.1290 -0.2293 0.9648
vn -0.1772 -0.2041 0.9628
vn -0.1848 -0.1991 0.9624
vn -0.2234 -0.1584 0.9618
vn -0.2245 -0.1676 0.9599
vn -0.1201 -0.7349 0.6674
vn -0.1238 -0.7267 0.6757
vn -0.1280 -0.7173 0.6849
vn 0.4614 -0.5503 0.6959
vn 0.4735 -0.5503 0.6878
vn 0.4843 -0.5501 0.6803
vn -0.6879 0.1811 0.7028
vn 0.2769 0.3093 0.9098
vn 0.2900 0.3204 0.9018
vn 0.2891 0.3196 0.9024
vn 0.4824 0.1404 0.8646
vn 0.4713 0.1398 0.8708
vn 0.5169 0.1419 0.8442
vn 0.0811 -0.3657 0.9272
vn 0.1144 -0.3446 0.9317
vn 0.1181 -0.3423 0.9321
vn 0.3692 -0.2581 0.8928
vn 0.3750 -0.2594 0.8900
vn 0.3514 -0.2542 0.9011
vn 0.3363 0.3076 0.8901
vn 0.3311 0.3112 0.8908
vn 0.3647 0.2876 0.8856
vn 0.4522 0.1236 0.8833
vn 0.4526 0.1236 0.8831
vn 0.4419 0.1297 0.8877
vn 0.4405 0.1317 0.8880
vn -0.7052 -0.2690 0.6560
vn -0.6961 -0.2668 0.6665
vn -0.6863 -0.2645 0.6775
vn 0.4663 0.3813 0.7982
vn 0.4688 0.3846 0.7952
vn 0.4785 0.3980 0.7827
vn -0.4513 0.6668 0.5931
vn -0.4479 0.6682 0.5941
vn -0.4547 0.6654 0.5920
vn 0.1510 -0.3208 0.9350
vn 0.5781 0.4696 0.6673
vn 0.5775 0.4658 0.6705
vn 0.5784 0.4717 0.6655
vn 0.4586 0.1240 0.8799
vn 0.0022 -0.4425 0.8968
vn -0.0018 0.5241 0.8517
vn 0.3931 -0.2632 0.8810
vn -0.7149 -0.2712 0.6445
vn 0.4854 0.2968 0.8224
vn -0.0203 -0.4436 0.8960
vn -0.0205 -0.4436 0.8960
vn -0.0103 -0.4428 0.8966
vn -0.0104 -0.4428 0.8965
vn -0.0612 0.1948 0.9789
vn -0.0471 0.1850 0.9816
vn 0.0037 0.1939 0.9810
vn 0.0065 0.1945 0.9809
vn -0.0790 0.2066 0.9752
vn -0.0770 0.2047 0.9758
vn -0.0658 0.2046 0.9766
vn -0.0654 0.2045 0.9767
vn 0.3877 0.5969 0.7024
vn -0.0035 -0.4426 0.8967
vn -0.0040 -0.4426 0.8967
vn -0.0218 0.2000 0.9796
vn 0.0108 0.1970 0.9803
vn -0.0483 0.1982 0.9790
vn -0.0420 0.2022 0.9785
vn -0.0555 0.1930 0.9796
vn -0.0452 0.1878 0.9812
vn -0.0267 -0.4441 0.8956
vn 0.1896 -0.0761 0.9789
vn 0.1924 -0.0744 0.9785
vn 0.1741 -0.0855 0.9810
vn 0.0351 -0.1176 0.9924
vn -0.6253 0.0019 0.7804
vn 0.2089 -0.0644 0.9758
vn 0.4390 0.3409 0.8313
vn 0.4384 0.3399 0.8321
vn 0.4516 0.3606 0.8161
vn 0.4515 0.3605 0.8162
vn -0.2473 -0.1491 0.9574
vn -0.2431 -0.1455 0.9590
vn -0.2641 -0.1393 0.9544
vn -0.2639 -0.1394 0.9544
vn -0.2188 -0.1353 0.9663
vn -0.2099 -0.1302 0.9690
vn -0.2182 -0.1205 0.9684
vn -0.2177 -0.1211 0.9685
vn -0.2173 -0.1333 0.9670
vn -0.2113 -0.1280 0.9690
vn 0.4309 0.3278 0.8408
vn 0.2028 0.2365 0.9502
vn 0.2027 0.2366 0.9502
vn 0.2022 0.2372 0.9502
vn -0.7311 0.3853 0.5630
vn -0.4444 0.6696 0.5951
vn 0.4506 -0.5502 0.7030
vn -0.0238 -0.6316 0.7750
vn 0.2034 0.2358 0.9503
vn 0.5772 0.4637 0.6722
vn -0.1159 -0.7442 0.6578
vn -0.5758 0.8010 -0.1641
vn -0.5764 0.7999 -0.1673
vn -0.5764 0.7999 -0.1672
vn -0.9298 -0.2712 -0.2487
vn -0.9298 -0.2714 -0.2487
vn -0.8919 -0.3802 -0.2450
vn -0.8921 -0.3796 -0.2450
vn -0.5599 0.8100 -0.1744
vn -0.5600 0.8099 -0.1743
vn -0.9594 -0.1172 -0.2566
vn -0.9594 -0.1173 -0.2566
vn -0.9571 -0.1378 -0.2550
vn -0.9570 -0.1380 -0.2550
vn -0.6663 -0.7182 -0.2006
vn -0.6659 -0.7186 -0.2005
vn -0.6226 -0.7586 -0.1920
vn -0.7203 -0.6612 -0.2098
vn -0.7200 -0.6615 -0.2098
vn -0.6018 -0.7762 -0.1878
vn -0.9487 -0.1923 -0.2509
vn -0.9487 -0.1921 -0.2509
vn -0.5306 0.8265 -0.1879
vn -0.5306 0.8265 -0.1880
vn -0.4898 0.8496 -0.1958
vn -0.4907 0.8491 -0.1957
vn -0.9589 -0.1219 -0.2563
vn -0.4221 0.8844 -0.1992
vn -0.4214 0.8848 -0.1992
vn -0.3934 0.8975 -0.1992
vn -0.5535 0.8134 -0.1789
vn -0.7663 -0.6040 -0.2192
vn -0.7661 -0.6041 -0.2192
vn -0.8441 -0.4816 -0.2357
vn -0.8445 -0.4808 -0.2358
vn -0.8056 -0.5469 -0.2280
vn -0.8054 -0.5471 -0.2280
vn -0.7859 -0.5760 -0.2249
vn -0.5480 0.8165 -0.1817
vn -0.5479 0.8166 -0.1817
vn 0.2756 0.0169 -0.9611
vn 0.2745 0.0132 -0.9615
vn 0.2833 0.0560 -0.9574
vn 0.2837 0.0628 -0.9569
vn 0.0837 -0.2062 -0.9749
vn 0.0867 -0.2061 -0.9747
vn 0.1294 -0.1987 -0.9715
vn 0.1134 -0.2021 -0.9728
vn 0.2822 0.0892 -0.9552
vn 0.2809 0.0958 -0.9549
vn 0.0369 -0.1983 -0.9794
vn 0.0325 -0.1971 -0.9798
vn 0.2546 0.1329 -0.9579
vn 0.2560 0.1314 -0.9577
vn 0.2400 0.1466 -0.9596
vn 0.2405 0.1463 -0.9596
vn 0.2678 -0.0288 -0.9631
vn 0.2680 -0.0387 -0.9626
vn 0.2680 -0.0814 -0.9600
vn 0.2681 -0.0730 -0.9606
vn 0.2670 0.1196 -0.9562
vn 0.2733 0.1130 -0.9553
vn 0.1821 -0.1870 -0.9653
vn 0.1988 -0.1831 -0.9628
vn 0.2491 -0.1490 -0.9569
vn 0.2508 -0.1463 -0.9569
vn 0.2230 0.1658 -0.9606
vn 0.2175 0.1736 -0.9605
vn 0.1743 0.1960 -0.9650
vn 0.1621 0.1996 -0.9664
vn 0.1157 0.2211 -0.9684
vn 0.0983 0.2379 -0.9663
vn 0.0611 0.2414 -0.9685
vn 0.0569 0.2404 -0.9690
vn 0.0705 -0.2055 -0.9761
vn 0.0714 -0.2056 -0.9760
vn 0.0567 -0.2032 -0.9775
vn 0.0541 -0.2027 -0.9777
vn 0.2653 -0.1089 -0.9580
vn 0.2651 -0.1105 -0.9579
vn 0.9225 0.3205 0.2153
vn 0.9223 0.3208 0.2153
vn 0.8664 0.4535 0.2090
vn 0.8666 0.4530 0.2090
vn 0.8235 0.5297 0.2029
vn 0.8234 0.5299 0.2029
vn 0.8082 0.5545 0.1983
vn 0.2820 -0.9448 0.1669
vn 0.2796 -0.9455 0.1669
vn 0.5188 -0.8381 0.1686
vn 0.5185 -0.8383 0.1687
vn 0.8309 -0.5138 0.2134
vn 0.8317 -0.5126 0.2134
vn 0.8391 -0.5059 0.2000
vn 0.8342 -0.5141 0.1997
vn -0.0031 0.9837 0.1797
vn -0.0030 0.9837 0.1797
vn 0.4777 -0.8607 0.1760
vn 0.4781 -0.8605 0.1759
vn 0.8680 -0.4372 0.2352
vn 0.8690 -0.4352 0.2354
vn 0.7144 0.6750 0.1846
vn 0.7151 0.6741 0.1847
vn 0.3585 0.9133 0.1933
vn 0.3652 0.9106 0.1933
vn 0.0035 -0.9877 0.1560
vn 0.9557 0.1914 0.2236
vn 0.9557 0.1917 0.2236
vn 0.9494 0.2249 0.2192
vn 0.9494 0.2248 0.2192
vn 0.0014 -0.9878 0.1560
vn 0.7763 0.6000 0.1932
vn 0.7761 0.6003 0.1932
vn 0.9597 0.1644 0.2281
vn 0.9597 0.1643 0.2281
vn 0.0026 -0.9878 0.1560
vn -0.1368 0.5963 0.7910
vn -0.2929 -0.1402 0.9458
vn 0.3693 -0.1446 0.9180
vn 0.1417 0.3086 0.9406
vn 0.3682 0.7287 0.5775
vn -0.1844 0.0500 0.9816
vn 0.4787 0.3396 0.8096
vn 0.3641 0.1956 0.9106
vn 0.0623 -0.3547 0.9329
vn -0.4703 -0.2162 0.8556
vn 0.6064 0.3408 0.7184
vn 0.5800 0.0697 0.8116
vn 0.2256 -0.3028 0.9260
vn -0.1732 -0.1094 0.9788
vn -0.1452 0.3615 0.9210
vn -0.3199 -0.1168 0.9402
vn 0.1364 0.5963 0.7911
vn 0.2925 -0.1402 0.9459
vn -0.3698 -0.1447 0.9178
vn -0.1422 0.3087 0.9405
vn -0.3685 0.7287 0.5773
vn 0.1839 0.0500 0.9817
vn -0.4792 0.3396 0.8094
vn -0.3645 0.1955 0.9104
vn -0.0627 -0.3547 0.9329
vn 0.4699 -0.2162 0.8558
vn -0.6068 0.3408 0.7181
vn -0.5804 0.0697 0.8113
vn -0.2261 -0.3028 0.9259
vn 0.1727 -0.1094 0.9789
vn 0.1447 0.3615 0.9211
vn 0.3194 -0.1168 0.9404
vn 0.0468 0.0371 0.9982
vn -0.0486 0.0371 0.9981
vn 0.6001 0.3638 0.7124
vn 0.0347 -0.6505 0.7587
vn -0.5366 0.3698 0.7585
vn 0.5353 0.3699 0.7594
vn -0.0361 -0.6506 0.7586
vn -0.6014 0.3637 0.7114
vn -0.0009 0.0891 0.9960
vn 0.5662 0.4036 0.7187
vn -0.0007 -0.6142 0.7891
vn -0.5675 0.4034 0.7178
vn -0.0000 0.0651 0.9979
vn 0.1362 0.1058 0.9850
vn 0.0638 0.1329 0.9891
vn -0.0000 0.1335 0.9911
vn 0.1965 -0.1482 0.9693
vn 0.1495 -0.1094 0.9827
vn 0.1095 -0.1396 0.9841
vn 0.1539 -0.1839 0.9708
vn 0.0763 -0.1708 0.9823
vn 0.1069 -0.2105 0.9717
vn 0.0614 -0.2289 0.9715
vn 0.0410 -0.2039 0.9781
vn -0.0000 -0.2053 0.9787
vn -0.0000 -0.1587 0.9873
vn -0.0000 -0.1203 0.9927
vn -0.0000 -0.0860 0.9963
vn 0.2477 0.0800 0.9655
vn 0.2220 0.1043 0.9695
vn 0.2140 0.0435 0.9759
vn 0.2882 0.0731 0.9548
vn 0.2888 0.0315 0.9569
vn 0.2835 -0.0165 0.9588
vn 0.2028 0.0058 0.9792
vn 0.2729 -0.0574 0.9603
vn 0.1922 -0.0363 0.9807
vn 0.2581 -0.0920 0.9617
vn 0.1857 -0.0784 0.9795
vn -0.0000 -0.0619 0.9981
vn -0.0000 -0.0314 0.9995
vn -0.0000 0.0128 0.9999
vn -0.0000 0.0443 0.9990
vn 0.1729 0.1631 0.9713
vn 0.2435 0.1370 0.9602
vn 0.0989 0.1875 0.9773
vn 0.2932 -0.0175 0.9559
vn 0.2921 0.0377 0.9557
vn 0.0410 0.1911 0.9807
vn -0.0000 0.1890 0.9820
vn 0.0223 -0.2316 0.9725
vn 0.0524 -0.2350 0.9706
vn 0.2762 0.1190 0.9537
vn 0.2458 0.1453 0.9584
vn 0.2807 0.1044 0.9541
vn 0.1137 -0.2259 0.9675
vn 0.1687 -0.1915 0.9669
vn 0.2869 0.0839 0.9543
vn 0.1808 0.1791 0.9671
vn 0.0922 0.1950 0.9765
vn 0.2047 -0.1515 0.9670
vn 0.2603 -0.0990 0.9604
vn 0.2857 -0.0674 0.9560
vn 0.2194 -0.1223 0.9679
vn 0.2290 -0.1153 0.9666
vn -0.0000 -0.2305 0.9731
vn -0.0638 0.1329 0.9891
vn -0.1362 0.1058 0.9850
vn -0.1965 -0.1482 0.9693
vn -0.1539 -0.1839 0.9708
vn -0.1095 -0.1396 0.9841
vn -0.1495 -0.1094 0.9827
vn -0.1069 -0.2105 0.9717
vn -0.0763 -0.1708 0.9823
vn -0.0614 -0.2289 0.9715
vn -0.0410 -0.2039 0.9781
vn -0.2453 0.0800 0.9661
vn -0.2127 0.0435 0.9761
vn -0.2211 0.1044 0.9696
vn -0.2816 0.0730 0.9568
vn -0.2835 0.0315 0.9585
vn -0.2802 -0.0166 0.9598
vn -0.2021 0.0057 0.9793
vn -0.2712 -0.0574 0.9608
vn -0.1920 -0.0363 0.9807
vn -0.2577 -0.0921 0.9618
vn -0.1857 -0.0784 0.9795
vn -0.1729 0.1631 0.9713
vn -0.2432 0.1372 0.9602
vn -0.0989 0.1875 0.9773
vn -0.2838 0.0378 0.9581
vn -0.2875 -0.0175 0.9576
vn -0.0410 0.1911 0.9807
vn -0.0524 -0.2350 0.9706
vn -0.0223 -0.2316 0.9725
vn -0.2455 0.1454 0.9584
vn -0.2741 0.1193 0.9543
vn -0.2762 0.1043 0.9554
vn -0.1687 -0.1915 0.9669
vn -0.1137 -0.2259 0.9675
vn -0.2798 0.0836 0.9564
vn -0.0922 0.1950 0.9765
vn -0.1808 0.1791 0.9671
vn -0.2047 -0.1515 0.9670
vn -0.2833 -0.0675 0.9567
vn -0.2597 -0.0990 0.9606
vn -0.2290 -0.1153 0.9666
vn -0.2194 -0.1223 0.9679
vn 0.0039 -0.0705 0.9975
vn 0.0019 -0.0650 0.9979
vn -0.0000 -0.0644 0.9979
vn -0.0000 -0.0696 0.9976
vn -0.0000 -0.0620 0.9981
vn 0.0223 -0.0967 0.9951
vn 0.0127 -0.0879 0.9960
vn -0.0000 -0.0864 0.9963
vn -0.0000 -0.0949 0.9955
vn 0.0096 -0.0812 0.9967
vn -0.0000 -0.0805 0.9968
vn 0.0068 -0.0774 0.9970
vn -0.0000 -0.0758 0.9971
vn 0.0383 -0.0996 0.9943
vn 0.0232 -0.0984 0.9949
vn 0.0123 -0.0984 0.9951
vn -0.0000 -0.0970 0.9953
vn -0.0000 -0.1013 0.9949
vn 0.0047 -0.1514 0.9885
vn 0.0051 -0.1443 0.9895
vn -0.0000 -0.1447 0.9895
vn -0.0000 -0.1513 0.9885
vn 0.0070 -0.1327 0.9911
vn 0.0058 -0.1264 0.9920
vn -0.0000 -0.1259 0.9920
vn -0.0000 -0.1325 0.9912
vn 0.0044 -0.1778 0.9841
vn 0.0065 -0.1684 0.9857
vn -0.0000 -0.1694 0.9855
vn -0.0000 -0.1791 0.9838
vn 0.0077 -0.1099 0.9939
vn -0.0000 -0.1111 0.9938
vn 0.0061 -0.1592 0.9872
vn -0.0000 -0.1585 0.9874
vn 0.0065 -0.1373 0.9905
vn -0.0000 -0.1380 0.9904
vn 0.0051 -0.1176 0.9930
vn -0.0000 -0.1180 0.9930
vn 0.0071 -0.1641 0.9864
vn -0.0000 -0.1641 0.9864
vn -0.0000 -0.1850 0.9827
vn 0.2645 -0.0094 0.9643
vn 0.2563 -0.0109 0.9665
vn 0.2467 -0.0125 0.9690
vn 0.2069 -0.0197 0.9782
vn 0.2072 -0.0196 0.9781
vn 0.1276 -0.0275 0.9914
vn 0.1287 -0.0323 0.9912
vn 0.2297 -0.0610 0.9713
vn 0.2230 -0.0602 0.9730
vn 0.2158 -0.0594 0.9746
vn 0.1849 -0.0590 0.9810
vn 0.1825 -0.0591 0.9814
vn 0.1217 -0.0510 0.9913
vn 0.1199 -0.0547 0.9913
vn 0.1729 -0.0958 0.9803
vn 0.1664 -0.0951 0.9815
vn 0.1621 -0.0946 0.9822
vn 0.1519 -0.0928 0.9840
vn 0.1314 -0.0861 0.9876
vn 0.1352 -0.0875 0.9869
vn 0.0974 -0.0704 0.9928
vn 0.1016 -0.0674 0.9925
vn 0.1026 -0.1149 0.9881
vn 0.0991 -0.1126 0.9887
vn 0.0971 -0.1114 0.9890
vn 0.0898 -0.1029 0.9906
vn 0.0892 -0.1021 0.9908
vn 0.0716 -0.0802 0.9942
vn 0.0773 -0.0778 0.9940
vn 0.0653 -0.0715 0.9953
vn 0.0573 -0.0734 0.9957
vn 0.0571 -0.0734 0.9957
vn 0.0535 -0.0740 0.9958
vn 0.0520 -0.0740 0.9959
vn 0.0738 -0.0691 0.9949
vn 0.0800 -0.0667 0.9946
vn 0.0804 -0.0665 0.9945
vn 0.0868 -0.0636 0.9942
vn 0.0925 -0.0596 0.9939
vn 0.0968 -0.0555 0.9938
vn 0.0970 -0.0553 0.9937
vn 0.1006 -0.0515 0.9936
vn 0.1033 -0.0468 0.9935
vn 0.1048 -0.0412 0.9936
vn 0.1048 -0.0413 0.9936
vn 0.1051 -0.0356 0.9938
vn 0.1034 -0.0286 0.9942
vn 0.0988 -0.0207 0.9949
vn 0.0981 -0.0197 0.9950
vn 0.0934 -0.0130 0.9955
vn 0.0912 -0.0092 0.9958
vn 0.0887 -0.0049 0.9960
vn 0.0550 -0.1414 0.9884
vn 0.0365 -0.1241 0.9916
vn 0.0367 -0.1243 0.9916
vn 0.0428 -0.1406 0.9891
vn 0.0315 -0.1200 0.9923
vn -0.1210 0.6784 0.7246
vn -0.4760 0.4942 0.7274
vn 0.0457 -0.1482 0.9879
vn 0.0804 -0.1480 0.9857
vn 0.0846 -0.1417 0.9863
vn 0.0851 -0.1375 0.9868
vn 0.0963 -0.1434 0.9850
vn 0.0890 -0.1636 0.9825
vn 0.0363 -0.1472 0.9884
vn 0.0349 -0.1506 0.9880
vn 0.0344 -0.1520 0.9878
vn 0.0333 -0.1547 0.9874
vn 0.0142 -0.0427 0.9990
vn 0.0115 -0.0383 0.9992
vn 0.0120 -0.0404 0.9991
vn 0.0247 -0.0398 0.9989
vn 0.0218 -0.0353 0.9991
vn 0.0223 -0.0381 0.9990
vn 0.0355 -0.0383 0.9986
vn 0.0348 -0.0358 0.9988
vn 0.0341 -0.0334 0.9989
vn 0.0291 -0.0295 0.9991
vn 0.0268 -0.0306 0.9992
vn 0.0182 -0.0284 0.9994
vn 0.0169 -0.0339 0.9993
vn 0.0172 -0.0245 0.9996
vn 0.0156 -0.0362 0.9992
vn 0.0083 -0.0267 0.9996
vn -0.0000 -0.0266 0.9996
vn -0.0000 -0.0346 0.9994
vn 0.0080 -0.0344 0.9994
vn 0.0058 -0.0187 0.9998
vn -0.0000 -0.0162 0.9999
vn -0.0000 -0.0104 0.9999
vn 0.0066 -0.0386 0.9992
vn -0.0000 -0.0395 0.9992
vn -0.0000 -0.0456 0.9990
vn 0.0031 -0.0442 0.9990
vn -0.0000 -0.0501 0.9987
vn 0.9824 0.1344 -0.1294
vn 0.3155 0.9487 0.0222
vn 0.3185 0.9477 0.0218
vn 0.9767 0.1738 -0.1259
vn -0.0000 -0.9894 -0.1454
vn 0.9395 -0.3389 -0.0497
vn 0.9383 -0.3421 -0.0502
vn 0.4168 0.9090 0.0087
vn 0.4201 0.9075 0.0082
vn 0.5495 0.8329 0.0663
vn 0.5715 0.8181 0.0639
vn 0.2570 0.9629 0.0819
vn 0.2650 0.9608 0.0811
vn -0.6257 -0.7800 0.0051
vn -0.4106 -0.9115 -0.0248
vn -0.4202 -0.9071 -0.0235
vn -0.6279 -0.7783 0.0054
vn 0.8584 0.5127 0.0185
vn 0.8541 0.5198 0.0192
vn 0.1449 -0.9865 -0.0762
vn 0.5596 -0.8172 -0.1377
vn 0.5471 -0.8260 -0.1359
vn 0.1344 -0.9881 -0.0746
vn 0.4694 0.8808 0.0620
vn 0.4606 0.8854 0.0626
vn 0.0674 0.9973 0.0284
vn 0.7698 0.6368 -0.0444
vn 0.8022 0.5951 -0.0486
vn 0.0686 0.9972 0.0282
vn -0.1827 0.9793 0.0868
vn -0.1480 -0.9885 -0.0323
vn -0.1535 -0.9876 -0.0316
vn -0.6546 0.7521 0.0771
vn 0.8790 0.4546 -0.1438
vn -0.0337 0.9984 0.0447
vn -0.0285 0.9986 0.0438
vn 0.8517 0.5058 -0.1368
vn -0.9809 0.1914 0.0336
vn -0.9779 0.2063 0.0349
vn -0.9374 -0.3480 -0.0140
vn -0.9395 -0.3423 -0.0135
vn 0.4182 -0.9057 -0.0696
vn 0.4546 -0.8878 -0.0720
vn -0.8498 0.5214 0.0781
vn -0.8597 0.5050 0.0767
vn -0.3480 0.9315 0.1062
vn -0.3464 0.9321 0.1062
vn 0.3526 -0.9317 -0.0867
vn 0.7624 -0.6263 -0.1630
vn 0.7527 -0.6383 -0.1612
vn 0.3365 -0.9379 -0.0838
vn -0.3655 0.9291 0.0569
vn -0.6874 0.7240 0.0571
vn -0.6864 0.7250 0.0571
vn -0.3662 0.9288 0.0569
vn -0.8394 0.5383 0.0758
vn -0.8341 0.5463 0.0765
vn -0.2813 0.9583 0.0508
vn 0.3995 0.9166 -0.0127
vn 0.4455 0.8951 -0.0170
vn -0.2801 0.9586 0.0505
vn -0.9808 0.1911 0.0382
vn -0.9796 0.1973 0.0385
vn -0.9748 -0.2230 -0.0025
vn -0.9806 -0.1963 0.0004
vn 0.0907 -0.9952 -0.0380
vn 0.0897 -0.9952 -0.0378
vn -0.9066 -0.4220 0.0022
vn -0.9104 -0.4136 0.0028
vn -0.7544 -0.6543 -0.0533
vn 0.6859 0.7116 -0.1520
vn -0.3885 0.9184 0.0753
vn -0.3827 0.9209 0.0740
vn 0.6356 0.7589 -0.1417
vn -0.3999 -0.9155 -0.0439
vn -0.4097 -0.9112 -0.0433
vn 0.9955 -0.0849 -0.0426
vn 0.9940 -0.0999 -0.0442
vn 0.9785 0.2058 -0.0097
vn 0.2240 -0.9719 -0.0718
vn 0.2213 -0.9726 -0.0717
vn -0.8513 -0.5245 -0.0115
vn -0.8306 -0.5567 -0.0163
vn 0.5225 -0.8454 -0.1110
vn 0.5234 -0.8449 -0.1110
vn 0.7261 -0.6828 -0.0811
vn 0.7563 -0.6490 -0.0827
vn -0.0000 1.0000 0.0028
vn 0.7730 0.6344 0.0026
vn 0.7722 0.6354 0.0026
vn -0.4361 -0.8994 -0.0304
vn -0.4054 -0.9135 -0.0329
vn 0.6209 0.7839 0.0031
vn 0.6207 0.7841 0.0031
vn -0.8925 -0.4508 0.0165
vn -0.8960 -0.4438 0.0172
vn -0.9339 0.3460 0.0906
vn 0.7414 0.6711 -0.0045
vn 0.7430 0.6693 -0.0046
vn -0.6025 -0.7976 -0.0297
vn -0.6115 -0.7908 -0.0286
vn 0.7088 -0.6940 -0.1265
vn 0.7096 -0.6932 -0.1265
vn 0.6731 -0.7287 -0.1262
vn 0.4628 -0.8855 -0.0420
vn 0.9452 0.3260 -0.0194
vn 0.9442 0.3289 -0.0193
vn 0.4621 -0.8858 -0.0420
vn 0.8464 -0.5189 -0.1197
vn 0.8560 -0.5031 -0.1192
vn -0.2567 -0.9642 -0.0666
vn -0.2501 -0.9659 -0.0672
vn 0.9299 -0.3516 -0.1078
vn 0.9342 -0.3403 -0.1069
vn 0.8744 0.4850 -0.0144
vn 0.8607 0.5091 -0.0108
vn -0.5206 -0.8538 -0.0098
vn -0.5179 -0.8554 -0.0099
vn 0.8543 0.5191 -0.0265
vn 0.8554 0.5173 -0.0267
vn 0.2940 -0.9554 -0.0296
vn 0.2971 -0.9544 -0.0296
vn 0.8842 0.4661 -0.0307
vn 0.8846 0.4654 -0.0307
vn 0.9536 -0.3001 -0.0256
vn 0.9545 -0.2971 -0.0255
vn 0.9590 -0.2730 -0.0766
vn 0.9534 -0.2915 -0.0773
vn 0.3242 -0.9453 -0.0371
vn 0.3282 -0.9439 -0.0371
vn 0.5977 -0.7972 -0.0843
vn 0.5970 -0.7978 -0.0843
vn -0.5980 -0.8014 -0.0145
vn -0.6008 -0.7992 -0.0144
vn -0.0108 -0.9987 -0.0503
vn 0.0228 -0.9983 -0.0527
vn 0.2423 -0.9697 -0.0306
vn 0.2408 -0.9701 -0.0306
vn -0.4955 0.8663 0.0639
vn -0.3834 0.9217 0.0594
vn -0.3833 0.9217 0.0594
vn -0.4943 0.8669 0.0638
vn 0.9381 -0.3458 -0.0205
vn 0.9395 -0.3420 -0.0204
vn -0.6221 0.7800 0.0681
vn -0.6218 0.7802 0.0681
vn 0.3727 -0.9273 -0.0353
vn 0.3724 -0.9274 -0.0353
vn -0.3312 0.9418 0.0572
vn -0.3307 0.9420 0.0572
vn -0.5566 -0.8305 -0.0217
vn -0.5586 -0.8292 -0.0216
vn 0.1580 -0.9869 -0.0314
vn 0.1577 -0.9870 -0.0314
vn 0.9713 0.2284 -0.0668
vn 0.8828 -0.4607 -0.0916
vn 0.8829 -0.4606 -0.0916
vn 0.9781 0.1966 -0.0688
vn 0.8459 -0.5330 -0.0201
vn 0.8484 -0.5290 -0.0200
vn 0.9708 -0.2398 -0.0107
vn 0.9947 -0.0550 -0.0869
vn 0.9948 -0.0539 -0.0869
vn 0.7053 0.7082 0.0325
vn 0.8417 0.5394 0.0237
vn 0.8426 0.5380 0.0237
vn 0.7072 0.7063 0.0324
vn 0.7394 0.6727 0.0283
vn 0.7367 0.6757 0.0285
vn 0.8330 0.5502 -0.0582
vn 0.8312 0.5530 -0.0580
vn 0.8882 0.4592 0.0125
vn 0.8871 0.4614 0.0126
vn 0.6050 0.7954 -0.0370
vn 0.6010 0.7984 -0.0367
vn 0.7072 0.7062 0.0334
vn 0.7148 0.6985 0.0327
vn -0.7030 0.7099 0.0438
vn -0.7199 0.6926 0.0448
vn 0.9241 0.3819 0.0166
vn 0.9248 0.3801 0.0166
vn -0.9420 -0.3303 0.0592
vn -0.9890 -0.1322 0.0667
vn -0.9889 -0.1329 0.0667
vn -0.9413 -0.3324 0.0591
vn -0.0000 0.9991 0.0434
vn -0.8872 -0.4584 0.0521
vn 0.9978 -0.0557 -0.0366
vn 0.9991 -0.0250 -0.0344
vn -0.9784 0.1927 0.0749
vn -0.9068 0.4147 0.0763
vn -0.9786 0.1918 0.0749
vn 0.4344 -0.8973 -0.0785
vn 0.4339 -0.8975 -0.0785
vn -0.9975 -0.0052 0.0707
vn -0.9975 -0.0060 0.0706
vn 0.6699 -0.7392 -0.0690
vn 0.6677 -0.7412 -0.0692
vn 0.8575 -0.5120 -0.0513
vn 0.8555 -0.5153 -0.0516
vn -0.7757 0.6268 0.0733
vn -0.7031 0.7075 0.0710
vn -0.7027 0.7079 0.0709
vn -0.7756 0.6270 0.0733
vn 0.9744 -0.2234 -0.0265
vn 0.9728 -0.2299 -0.0271
vn -0.8307 0.5517 0.0751
vn -0.8306 0.5518 0.0751
vn 0.9689 0.2468 0.0161
vn 0.9719 0.2349 0.0150
vn 0.9961 0.0882 -0.0025
vn 0.9943 0.1067 -0.0006
vn 0.9498 -0.3101 -0.0408
vn 0.9494 -0.3113 -0.0410
vn 0.9861 -0.1642 -0.0248
vn 0.9852 -0.1697 -0.0254
vn 0.5047 0.8633 -0.0016
vn 0.5061 0.8625 -0.0017
vn 0.9983 0.0587 -0.0002
vn 0.9986 0.0534 -0.0008
vn -0.0504 -0.9962 -0.0714
vn 0.3451 -0.9314 -0.1155
vn 0.3361 -0.9348 -0.1146
vn -0.0604 -0.9957 -0.0702
vn 0.9501 0.3107 0.0287
vn 0.9525 0.3033 0.0278
vn 0.9998 0.0145 -0.0097
vn 0.9993 0.0375 -0.0069
vn 0.9157 -0.3976 -0.0588
vn 0.9156 -0.3977 -0.0588
vn -0.0039 -0.0705 0.9975
vn -0.0019 -0.0650 0.9979
vn -0.0223 -0.0967 0.9951
vn -0.0127 -0.0879 0.9960
vn -0.0096 -0.0812 0.9967
vn -0.0068 -0.0774 0.9970
vn -0.0383 -0.0996 0.9943
vn -0.0232 -0.0984 0.9949
vn -0.0123 -0.0984 0.9951
vn -0.0047 -0.1514 0.9885
vn -0.0051 -0.1443 0.9895
vn -0.0070 -0.1327 0.9911
vn -0.0058 -0.1264 0.9920
vn -0.0044 -0.1778 0.9841
vn -0.0065 -0.1684 0.9857
vn -0.0077 -0.1099 0.9939
vn -0.0061 -0.1592 0.9872
vn -0.0065 -0.1373 0.9905
vn -0.0051 -0.1176 0.9930
vn -0.0071 -0.1641 0.9864
vn -0.2644 -0.0094 0.9644
vn -0.2467 -0.0125 0.9690
vn -0.2563 -0.0109 0.9665
vn -0.2069 -0.0197 0.9782
vn -0.2072 -0.0196 0.9781
vn -0.1287 -0.0323 0.9912
vn -0.1276 -0.0275 0.9914
vn -0.2297 -0.0610 0.9713
vn -0.2158 -0.0594 0.9746
vn -0.2230 -0.0602 0.9730
vn -0.1849 -0.0590 0.9810
vn -0.1825 -0.0591 0.9814
vn -0.1199 -0.0547 0.9913
vn -0.1217 -0.0510 0.9913
vn -0.1729 -0.0958 0.9803
vn -0.1621 -0.0946 0.9822
vn -0.1664 -0.0951 0.9815
vn -0.1519 -0.0928 0.9840
vn -0.1352 -0.0875 0.9869
vn -0.1314 -0.0862 0.9876
vn -0.0974 -0.0704 0.9928
vn -0.1016 -0.0674 0.9925
vn -0.1026 -0.1149 0.9881
vn -0.0971 -0.1114 0.9890
vn -0.0991 -0.1126 0.9887
vn -0.0898 -0.1029 0.9906
vn -0.0892 -0.1021 0.9908
vn -0.0716 -0.0802 0.9942
vn -0.0773 -0.0778 0.9940
vn -0.0571 -0.0734 0.9957
vn -0.0573 -0.0734 0.9957
vn -0.0653 -0.0715 0.9953
vn -0.0535 -0.0740 0.9958
vn -0.0520 -0.0740 0.9959
vn -0.0738 -0.0691 0.9949
vn -0.0800 -0.0667 0.9946
vn -0.0804 -0.0665 0.9945
vn -0.0868 -0.0636 0.9942
vn -0.0925 -0.0596 0.9939
vn -0.0968 -0.0555 0.9938
vn -0.0970 -0.0553 0.9937
vn -0.1006 -0.0515 0.9936
vn -0.1033 -0.0468 0.9935
vn -0.1048 -0.0412 0.9936
vn -0.1048 -0.0413 0.9936
vn -0.1051 -0.0356 0.9938
vn -0.1034 -0.0286 0.9942
vn -0.0988 -0.0207 0.9949
vn -0.0981 -0.0197 0.9950
vn -0.0934 -0.0130 0.9955
vn -0.0912 -0.0092 0.9958
vn -0.0887 -0.0049 0.9960
vn -0.0550 -0.1414 0.9884
vn -0.0428 -0.1406 0.9891
vn -0.0367 -0.1243 0.9916
vn -0.0365 -0.1241 0.9916
vn -0.0315 -0.1200 0.9923
vn -0.0325 -0.1227 0.9919
vn -0.0457 -0.1482 0.9879
vn -0.0804 -0.1480 0.9857
vn -0.0851 -0.1375 0.9868
vn -0.0846 -0.1417 0.9863
vn -0.0963 -0.1434 0.9850
vn -0.0890 -0.1636 0.9825
vn -0.0363 -0.1472 0.9884
vn -0.0344 -0.1520 0.9878
vn -0.0349 -0.1506 0.9880
vn -0.0333 -0.1547 0.9874
vn -0.0142 -0.0427 0.9990
vn -0.0120 -0.0404 0.9991
vn -0.0115 -0.0383 0.9992
vn -0.0247 -0.0398 0.9989
vn -0.0223 -0.0381 0.9990
vn -0.0218 -0.0353 0.9991
vn -0.0355 -0.0383 0.9986
vn -0.0341 -0.0334 0.9989
vn -0.0348 -0.0358 0.9988
vn -0.0291 -0.0295 0.9991
vn -0.0268 -0.0306 0.9992
vn -0.0169 -0.0339 0.9993
vn -0.0182 -0.0284 0.9994
vn -0.0172 -0.0245 0.9996
vn -0.0156 -0.0362 0.9992
vn -0.0083 -0.0267 0.9996
vn -0.0080 -0.0344 0.9994
vn -0.0058 -0.0187 0.9998
vn -0.0066 -0.0386 0.9992
vn -0.0031 -0.0442 0.9990
vn -0.9824 0.1344 -0.1294
vn -0.9767 0.1738 -0.1259
vn -0.3185 0.9477 0.0218
vn -0.3155 0.9487 0.0222
vn -0.9383 -0.3421 -0.0502
vn -0.9395 -0.3389 -0.0497
vn -0.4201 0.9075 0.0082
vn -0.4168 0.9090 0.0087
vn -0.5495 0.8329 0.0663
vn -0.2650 0.9608 0.0811
vn -0.2570 0.9629 0.0819
vn -0.5715 0.8181 0.0639
vn 0.6257 -0.7800 0.0051
vn 0.6279 -0.7783 0.0054
vn 0.4202 -0.9071 -0.0235
vn 0.4106 -0.9115 -0.0248
vn -0.8584 0.5127 0.0185
vn -0.8541 0.5198 0.0192
vn -0.1449 -0.9865 -0.0762
vn -0.1344 -0.9881 -0.0746
vn -0.5471 -0.8260 -0.1359
vn -0.5596 -0.8172 -0.1377
vn -0.4694 0.8808 0.0620
vn -0.4606 0.8854 0.0626
vn -0.0674 0.9973 0.0284
vn -0.0686 0.9972 0.0282
vn -0.8022 0.5951 -0.0486
vn -0.7698 0.6368 -0.0444
vn 0.1827 0.9793 0.0868
vn 0.1837 0.9791 0.0868
vn 0.1480 -0.9885 -0.0323
vn 0.1535 -0.9876 -0.0316
vn 0.6546 0.7521 0.0771
vn 0.6514 0.7548 0.0773
vn -0.8790 0.4546 -0.1438
vn -0.8517 0.5058 -0.1368
vn 0.0285 0.9986 0.0438
vn 0.0337 0.9984 0.0447
vn 0.9809 0.1914 0.0336
vn 0.9779 0.2063 0.0349
vn 0.9374 -0.3480 -0.0140
vn 0.9395 -0.3423 -0.0135
vn -0.4182 -0.9057 -0.0696
vn -0.4546 -0.8878 -0.0720
vn 0.8498 0.5214 0.0781
vn 0.8597 0.5050 0.0767
vn 0.3480 0.9315 0.1062
vn 0.3464 0.9321 0.1062
vn -0.3526 -0.9317 -0.0867
vn -0.3365 -0.9379 -0.0838
vn -0.7527 -0.6383 -0.1612
vn -0.7624 -0.6263 -0.1630
vn 0.3655 0.9291 0.0569
vn 0.3662 0.9288 0.0569
vn 0.6864 0.7250 0.0571
vn 0.6874 0.7240 0.0571
vn 0.8394 0.5383 0.0758
vn 0.8341 0.5463 0.0765
vn 0.2813 0.9583 0.0508
vn 0.2801 0.9586 0.0505
vn -0.4455 0.8951 -0.0170
vn -0.3995 0.9166 -0.0127
vn 0.9796 0.1973 0.0385
vn 0.9808 0.1911 0.0382
vn 0.9748 -0.2230 -0.0026
vn 0.9806 -0.1963 0.0004
vn -0.0907 -0.9952 -0.0380
vn -0.0897 -0.9952 -0.0378
vn 0.9104 -0.4136 0.0028
vn 0.9066 -0.4220 0.0022
vn 0.7544 -0.6543 -0.0533
vn -0.6859 0.7116 -0.1520
vn -0.6356 0.7589 -0.1417
vn 0.3827 0.9209 0.0740
vn 0.3885 0.9184 0.0753
vn 0.4097 -0.9112 -0.0433
vn 0.3999 -0.9155 -0.0439
vn -0.9955 -0.0849 -0.0426
vn -0.9785 0.2058 -0.0097
vn -0.9940 -0.0999 -0.0442
vn -0.2213 -0.9726 -0.0717
vn -0.2240 -0.9719 -0.0717
vn 0.8513 -0.5245 -0.0115
vn -0.5234 -0.8448 -0.1109
vn -0.5225 -0.8454 -0.1110
vn 0.8305 -0.5567 -0.0163
vn -0.7261 -0.6828 -0.0810
vn -0.7563 -0.6490 -0.0827
vn -0.7722 0.6354 0.0026
vn -0.7730 0.6344 0.0026
vn 0.4054 -0.9135 -0.0329
vn 0.4361 -0.8994 -0.0304
vn -0.6207 0.7841 0.0031
vn -0.6209 0.7839 0.0031
vn 0.8925 -0.4508 0.0165
vn 0.8960 -0.4438 0.0172
vn 0.9339 0.3460 0.0906
vn -0.7430 0.6693 -0.0046
vn -0.7414 0.6711 -0.0045
vn 0.6025 -0.7976 -0.0297
vn 0.6115 -0.7908 -0.0286
vn -0.7088 -0.6940 -0.1265
vn -0.6731 -0.7287 -0.1262
vn -0.7096 -0.6932 -0.1265
vn -0.4628 -0.8855 -0.0420
vn -0.4621 -0.8858 -0.0420
vn -0.9442 0.3289 -0.0193
vn -0.9452 0.3260 -0.0194
vn -0.8464 -0.5189 -0.1197
vn 0.2501 -0.9659 -0.0672
vn 0.2567 -0.9642 -0.0666
vn -0.8560 -0.5031 -0.1191
vn -0.9299 -0.3516 -0.1078
vn -0.9342 -0.3403 -0.1069
vn -0.8744 0.4850 -0.0144
vn -0.8607 0.5091 -0.0108
vn 0.5206 -0.8538 -0.0098
vn 0.5179 -0.8554 -0.0099
vn -0.8543 0.5191 -0.0265
vn -0.8554 0.5173 -0.0267
vn -0.2940 -0.9554 -0.0296
vn -0.2971 -0.9544 -0.0296
vn -0.8842 0.4661 -0.0307
vn -0.8846 0.4654 -0.0308
vn -0.9545 -0.2971 -0.0255
vn -0.9536 -0.3001 -0.0256
vn -0.9590 -0.2730 -0.0766
vn -0.9534 -0.2915 -0.0773
vn -0.3282 -0.9439 -0.0371
vn -0.3242 -0.9453 -0.0371
vn -0.5970 -0.7978 -0.0843
vn -0.5977 -0.7972 -0.0843
vn 0.6008 -0.7992 -0.0144
vn 0.5980 -0.8014 -0.0145
vn -0.0228 -0.9983 -0.0527
vn 0.0108 -0.9987 -0.0503
vn -0.2408 -0.9701 -0.0306
vn -0.2423 -0.9697 -0.0306
vn 0.4955 0.8663 0.0639
vn 0.4943 0.8669 0.0638
vn 0.3833 0.9217 0.0594
vn 0.3834 0.9217 0.0594
vn -0.9395 -0.3420 -0.0204
vn -0.9381 -0.3458 -0.0205
vn 0.6221 0.7800 0.0681
vn 0.6218 0.7802 0.0681
vn -0.3724 -0.9274 -0.0353
vn -0.3727 -0.9273 -0.0353
vn 0.3307 0.9420 0.0572
vn 0.3312 0.9418 0.0572
vn 0.5586 -0.8292 -0.0216
vn 0.5566 -0.8305 -0.0217
vn -0.1577 -0.9870 -0.0314
vn -0.1580 -0.9869 -0.0314
vn -0.9713 0.2284 -0.0668
vn -0.9781 0.1966 -0.0688
vn -0.8829 -0.4606 -0.0916
vn -0.8828 -0.4607 -0.0916
vn -0.8484 -0.5290 -0.0200
vn -0.8459 -0.5330 -0.0201
vn -0.9708 -0.2398 -0.0107
vn -0.9948 -0.0539 -0.0869
vn -0.9947 -0.0550 -0.0869
vn -0.7053 0.7082 0.0325
vn -0.7072 0.7063 0.0324
vn -0.8426 0.5380 0.0237
vn -0.8417 0.5394 0.0237
vn -0.7394 0.6727 0.0283
vn -0.7367 0.6757 0.0285
vn -0.8312 0.5530 -0.0580
vn -0.8330 0.5502 -0.0582
vn -0.8882 0.4592 0.0125
vn -0.8871 0.4614 0.0126
vn -0.6010 0.7984 -0.0367
vn -0.6050 0.7954 -0.0370
vn -0.7072 0.7062 0.0334
vn -0.7148 0.6985 0.0327
vn 0.7199 0.6926 0.0447
vn 0.7030 0.7099 0.0438
vn -0.9248 0.3801 0.0166
vn -0.9241 0.3819 0.0167
vn 0.9420 -0.3303 0.0592
vn 0.9413 -0.3324 0.0591
vn 0.9889 -0.1329 0.0667
vn 0.9890 -0.1322 0.0667
vn 0.8872 -0.4584 0.0521
vn -0.9978 -0.0557 -0.0366
vn -0.9991 -0.0250 -0.0344
vn 0.9784 0.1927 0.0749
vn 0.9786 0.1918 0.0749
vn 0.9068 0.4147 0.0764
vn -0.4344 -0.8973 -0.0784
vn -0.4339 -0.8975 -0.0785
vn 0.9975 -0.0052 0.0707
vn 0.9975 -0.0060 0.0706
vn -0.6699 -0.7392 -0.0690
vn -0.6677 -0.7412 -0.0692
vn -0.8575 -0.5120 -0.0513
vn -0.8555 -0.5153 -0.0516
vn 0.7757 0.6268 0.0733
vn 0.7756 0.6270 0.0733
vn 0.7027 0.7079 0.0709
vn 0.7031 0.7075 0.0710
vn -0.9744 -0.2234 -0.0265
vn -0.9728 -0.2299 -0.0271
vn 0.8307 0.5517 0.0751
vn 0.8306 0.5518 0.0751
vn -0.9689 0.2468 0.0161
vn -0.9719 0.2349 0.0150
vn -0.9961 0.0882 -0.0025
vn -0.9943 0.1067 -0.0006
vn -0.9498 -0.3101 -0.0408
vn -0.9494 -0.3113 -0.0410
vn -0.9861 -0.1642 -0.0248
vn -0.9852 -0.1697 -0.0254
vn -0.5047 0.8633 -0.0016
vn -0.5061 0.8625 -0.0017
vn -0.9983 0.0587 -0.0002
vn -0.9986 0.0534 -0.0008
vn 0.0504 -0.9962 -0.0714
vn 0.0604 -0.9957 -0.0702
vn -0.3361 -0.9348 -0.1146
vn -0.3451 -0.9314 -0.1155
vn -0.9501 0.3107 0.0287
vn -0.9525 0.3033 0.0278
vn -0.9998 0.0145 -0.0097
vn -0.9993 0.0375 -0.0068
vn -0.9157 -0.3976 -0.0588
vn -0.9156 -0.3977 -0.0588
vn -0.0000 -0.0654 -0.9979
vn 0.1363 -0.1059 -0.9850
vn 0.0638 -0.1331 -0.9890
vn -0.0000 -0.1337 -0.9910
vn 0.1964 0.1482 -0.9693
vn 0.1495 0.1095 -0.9827
vn 0.1095 0.1397 -0.9841
vn 0.1539 0.1839 -0.9708
vn 0.0763 0.1709 -0.9823
vn 0.1070 0.2105 -0.9717
vn 0.0613 0.2289 -0.9715
vn 0.0410 0.2039 -0.9781
vn -0.0000 0.2053 -0.9787
vn -0.0000 0.1589 -0.9873
vn -0.0000 0.1206 -0.9927
vn -0.0000 0.0863 -0.9963
vn 0.2451 -0.0800 -0.9662
vn 0.2211 -0.1044 -0.9696
vn 0.2126 -0.0435 -0.9762
vn 0.2813 -0.0730 -0.9568
vn 0.2833 -0.0315 -0.9585
vn 0.2800 0.0166 -0.9598
vn 0.2021 -0.0057 -0.9793
vn 0.2712 0.0574 -0.9608
vn 0.1920 0.0364 -0.9807
vn 0.2576 0.0921 -0.9618
vn 0.1857 0.0784 -0.9795
vn -0.0000 0.0621 -0.9981
vn -0.0000 0.0314 -0.9995
vn -0.0000 -0.0128 -0.9999
vn -0.0000 -0.0444 -0.9990
vn 0.1729 -0.1631 -0.9713
vn 0.2431 -0.1372 -0.9602
vn 0.0989 -0.1875 -0.9773
vn 0.2873 0.0176 -0.9577
vn 0.2834 -0.0378 -0.9583
vn 0.0409 -0.1911 -0.9807
vn -0.0000 -0.1890 -0.9820
vn 0.0223 0.2316 -0.9725
vn 0.0523 0.2350 -0.9706
vn 0.2741 -0.1194 -0.9543
vn 0.2454 -0.1455 -0.9584
vn 0.2760 -0.1043 -0.9555
vn 0.1136 0.2259 -0.9675
vn 0.1686 0.1916 -0.9669
vn 0.2794 -0.0837 -0.9565
vn 0.1807 -0.1791 -0.9671
vn 0.0921 -0.1950 -0.9765
vn 0.2046 0.1516 -0.9670
vn 0.2596 0.0991 -0.9606
vn 0.2832 0.0676 -0.9567
vn 0.2194 0.1224 -0.9679
vn 0.2289 0.1153 -0.9666
vn -0.0000 0.2305 -0.9731
vn -0.0638 -0.1331 -0.9890
vn -0.1363 -0.1059 -0.9850
vn -0.1964 0.1482 -0.9693
vn -0.1539 0.1839 -0.9708
vn -0.1095 0.1397 -0.9841
vn -0.1495 0.1095 -0.9827
vn -0.1070 0.2105 -0.9717
vn -0.0763 0.1709 -0.9823
vn -0.0613 0.2289 -0.9715
vn -0.0410 0.2039 -0.9781
vn -0.2475 -0.0800 -0.9656
vn -0.2140 -0.0435 -0.9759
vn -0.2219 -0.1043 -0.9695
vn -0.2880 -0.0731 -0.9548
vn -0.2886 -0.0315 -0.9569
vn -0.2834 0.0165 -0.9589
vn -0.2028 -0.0057 -0.9792
vn -0.2728 0.0574 -0.9604
vn -0.1922 0.0363 -0.9807
vn -0.2581 0.0920 -0.9617
vn -0.1857 0.0784 -0.9795
vn -0.1729 -0.1631 -0.9713
vn -0.2435 -0.1370 -0.9602
vn -0.0989 -0.1875 -0.9773
vn -0.2917 -0.0377 -0.9558
vn -0.2930 0.0175 -0.9559
vn -0.0409 -0.1911 -0.9807
vn -0.0523 0.2350 -0.9706
vn -0.0223 0.2316 -0.9725
vn -0.2457 -0.1454 -0.9584
vn -0.2761 -0.1190 -0.9537
vn -0.2805 -0.1044 -0.9541
vn -0.1686 0.1916 -0.9669
vn -0.1136 0.2259 -0.9675
vn -0.2866 -0.0840 -0.9544
vn -0.0921 -0.1950 -0.9765
vn -0.1807 -0.1791 -0.9671
vn -0.2046 0.1516 -0.9670
vn -0.2856 0.0675 -0.9560
vn -0.2602 0.0990 -0.9605
vn -0.2289 0.1153 -0.9666
vn -0.2194 0.1224 -0.9679
vn 0.0834 -0.0226 -0.9963
vn 0.0839 -0.0226 -0.9962
vn -0.0845 -0.0228 -0.9962
vn -0.0841 -0.0228 -0.9962
vn 0.0004 -1.0000 -0.0097
vn 0.0005 -1.0000 -0.0098
vn -0.0005 -1.0000 -0.0098
vn -0.0004 -1.0000 -0.0097
vn 0.0031 0.9993 -0.0360
vn 0.0021 0.9994 -0.0359
vn 0.0031 0.9993 -0.0361
vn 0.9992 -0.0088 -0.0378
vn 0.0008 -1.0000 -0.0098
vn 0.9993 -0.0000 -0.0374
vn -0.1683 -0.0278 -0.9853
vn -0.0021 0.9994 -0.0359
vn 0.0016 0.9994 -0.0357
vn -0.0016 0.9994 -0.0357
vn 0.0031 0.9994 -0.0358
vn -0.0000 -0.1176 -0.9931
vn -0.0031 0.9993 -0.0360
vn -0.0030 0.9993 -0.0361
vn -0.9992 -0.0088 -0.0378
vn -0.0008 -1.0000 -0.0098
vn -0.9993 -0.0000 -0.0374
vn 0.1670 -0.0273 -0.9856
vn -0.0031 0.9994 -0.0358
vn -0.0000 0.1164 -0.9932
vn -0.0000 -0.1049 -0.9945
vn -0.0097 -0.1049 -0.9944
vn 0.0097 -0.1049 -0.9944
vn 0.0003 -0.9988 0.0482
vn -0.0000 -0.9988 0.0482
vn 0.9583 -0.2856 -0.0041
vn -0.9175 0.3938 -0.0563
vn -0.9583 -0.2856 -0.0041
vn -0.9272 0.3704 -0.0548
vn 0.4715 0.8781 -0.0820
vn -0.4715 0.8781 -0.0820
vn -0.0003 -0.9988 0.0482
vn -0.0003 0.4060 -0.9139
vn -0.0004 0.1257 -0.9921
vn -0.0896 0.1078 -0.9901
vn -0.1927 0.3671 -0.9100
vn -0.0002 0.7628 -0.6466
vn -0.3174 0.6985 -0.6413
vn -0.0004 -0.1102 -0.9939
vn -0.0001 0.9032 -0.4292
vn -0.3641 0.8294 -0.4238
vn -0.3543 0.2571 -0.8991
vn -0.5834 0.5170 -0.6264
vn -0.1649 0.0570 -0.9847
vn -0.6690 0.6208 -0.4087
vn -0.7571 0.2490 -0.6040
vn -0.8677 0.3132 -0.3860
vn -0.2146 -0.0186 -0.9765
vn -0.4599 0.0943 -0.8829
vn -0.8140 -0.0626 -0.5774
vn -0.9323 -0.0439 -0.3590
vn -0.2314 -0.1073 -0.9669
vn -0.4945 -0.0951 -0.8640
vn -0.4542 -0.2823 -0.8450
vn -0.7481 -0.3705 -0.5505
vn -0.2130 -0.1953 -0.9573
vn -0.8562 -0.3964 -0.3314
vn -0.3461 -0.4393 -0.8290
vn -0.5707 -0.6295 -0.5274
vn -0.1625 -0.2693 -0.9493
vn -0.6526 -0.6924 -0.3076
vn -0.3084 -0.8019 -0.5117
vn -0.3525 -0.8893 -0.2915
vn -0.0879 -0.3184 -0.9439
vn -0.1870 -0.5436 -0.8182
vn -0.0004 -0.3356 -0.9420
vn -0.0003 -0.5801 -0.8145
vn -0.0002 -0.8624 -0.5063
vn -0.0002 -0.9583 -0.2858
vn 0.1863 -0.5437 -0.8184
vn 0.3079 -0.8019 -0.5119
vn 0.0872 -0.3184 -0.9439
vn 0.3522 -0.8893 -0.2917
vn 0.1618 -0.2693 -0.9494
vn 0.5702 -0.6296 -0.5277
vn 0.6523 -0.6925 -0.3080
vn 0.3455 -0.4394 -0.8292
vn 0.7477 -0.3706 -0.5510
vn 0.8560 -0.3965 -0.3319
vn 0.2122 -0.1953 -0.9575
vn 0.4535 -0.2823 -0.8453
vn 0.4939 -0.0952 -0.8643
vn 0.8137 -0.0627 -0.5780
vn 0.2306 -0.1073 -0.9671
vn 0.9321 -0.0440 -0.3595
vn 0.4593 0.0943 -0.8833
vn 0.7567 0.2490 -0.6045
vn 0.2139 -0.0186 -0.9767
vn 0.8674 0.3132 -0.3866
vn 0.5830 0.5170 -0.6268
vn 0.6687 0.6208 -0.4091
vn 0.1641 0.0570 -0.9848
vn 0.3536 0.2571 -0.8994
vn 0.3170 0.6985 -0.6415
vn 0.3638 0.8294 -0.4240
vn 0.0888 0.1078 -0.9902
vn 0.1921 0.3671 -0.9101
vn -0.0002 -0.1556 -0.9878
vn -0.0002 -0.1113 -0.9938
vn 0.0002 0.1554 0.9879
vn 0.0002 0.1110 0.9938
vn 0.9999 0.0011 -0.0149
vn 0.9999 0.0012 -0.0149
vn -0.9999 0.0011 -0.0146
vn -0.9999 0.0011 -0.0145
vn -0.9999 0.0010 -0.0145
vn 0.0106 0.1662 -0.9860
vn 0.0010 0.1663 -0.9861
vn 0.0203 0.1661 -0.9859
vn 0.0112 0.9929 0.1186
vn 0.0109 0.9929 0.1186
vn 0.9616 0.2733 0.0244
vn -0.9550 0.2964 0.0077
vn 0.4622 -0.8757 -0.1396
vn -0.4806 -0.8644 -0.1479
vn 0.0107 0.9929 0.1186
vn 0.0037 -0.3468 -0.9379
vn -0.1878 -0.3062 -0.9333
vn -0.0813 -0.0450 -0.9957
vn 0.0076 -0.0637 -0.9979
vn -0.0028 -0.7176 -0.6965
vn -0.3183 -0.6504 -0.6897
vn 0.0103 0.1715 -0.9851
vn -0.0064 -0.8712 -0.4909
vn -0.3682 -0.7940 -0.4837
vn -0.5820 -0.4681 -0.6649
vn -0.3480 -0.1958 -0.9168
vn -0.1561 0.0061 -0.9877
vn -0.6703 -0.5847 -0.4569
vn -0.8663 -0.2783 -0.4147
vn -0.7533 -0.2011 -0.6261
vn -0.4523 -0.0336 -0.8912
vn -0.2052 0.0816 -0.9753
vn -0.9285 0.0763 -0.3634
vn -0.8080 0.1083 -0.5791
vn -0.4856 0.1546 -0.8604
vn -0.2212 0.1697 -0.9603
vn -0.7398 0.4134 -0.5308
vn -0.4439 0.3400 -0.8291
vn -0.2021 0.2569 -0.9451
vn -0.8499 0.4256 -0.3106
vn -0.5600 0.6691 -0.4885
vn -0.3344 0.4952 -0.8019
vn -0.1509 0.3299 -0.9319
vn -0.6437 0.7182 -0.2643
vn -0.3409 0.9111 -0.2317
vn -0.2954 0.8380 -0.4588
vn -0.1737 0.5973 -0.7830
vn -0.0756 0.3780 -0.9227
vn 0.0141 0.6315 -0.7752
vn 0.0124 0.3941 -0.9190
vn 0.0145 0.8947 -0.4465
vn 0.0135 0.9758 -0.2181
vn 0.3231 0.8306 -0.4536
vn 0.2011 0.5928 -0.7798
vn 0.1000 0.3759 -0.9213
vn 0.3665 0.9026 -0.2257
vn 0.1743 0.3260 -0.9292
vn 0.6651 0.7025 -0.2532
vn 0.5840 0.6554 -0.4789
vn 0.3596 0.4869 -0.7960
vn 0.8650 0.4051 -0.2961
vn 0.7584 0.3954 -0.5182
vn 0.4658 0.3291 -0.8214
vn 0.2240 0.2518 -0.9415
vn 0.8200 0.0888 -0.5654
vn 0.5035 0.1427 -0.8521
vn 0.2413 0.1642 -0.9565
vn 0.9361 0.0539 -0.3477
vn 0.7587 -0.2193 -0.6134
vn 0.4662 -0.0446 -0.8835
vn 0.2234 0.0765 -0.9717
vn 0.8663 -0.2992 -0.4001
vn 0.6637 -0.6008 -0.4456
vn 0.5817 -0.4821 -0.6551
vn 0.3585 -0.2043 -0.9109
vn 0.1727 0.0022 -0.9850
vn 0.3571 -0.8028 -0.4775
vn 0.3142 -0.6580 -0.6843
vn 0.1960 -0.3108 -0.9300
vn 0.0969 -0.0471 -0.9942
vn 0.9999 -0.0013 -0.0148
vn 0.9999 -0.0017 -0.0149
vn 0.9999 -0.0014 -0.0148
vn 0.0002 -0.1833 0.9831
vn 0.0002 -0.0780 0.9970
vn -0.0002 0.1836 -0.9830
vn -0.0002 0.0782 -0.9969
vn -0.0002 0.2530 -0.9675
vn -0.0002 0.1673 -0.9859
vn -0.0002 0.0584 -0.9983
vn -0.0002 -0.0547 -0.9985
vn -0.0002 -0.1148 -0.9934
vn -0.0002 -0.1640 -0.9865
vn -0.0002 -0.2038 -0.9790
vn 0.0002 0.2035 0.9791
vn 0.0002 0.1638 0.9865
vn 0.0002 0.1146 0.9934
vn 0.0002 0.0546 0.9985
vn 0.0002 -0.0583 0.9983
vn 0.0002 -0.1670 0.9860
vn 0.0002 -0.2526 0.9676
vn 0.9999 -0.0006 -0.0146
vn 0.9999 -0.0004 -0.0145
vn 0.9999 -0.0003 -0.0142
vn 0.9999 -0.0004 -0.0141
vn 0.9999 -0.0006 -0.0138
vn 0.9999 -0.0002 -0.0137
vn 0.9999 0.0001 -0.0140
vn 0.9999 0.0001 -0.0139
vn 0.9999 0.0005 -0.0143
vn 0.9999 0.0004 -0.0143
vn 0.9999 0.0008 -0.0147
vn 0.9999 0.0008 -0.0146
vn -0.9999 -0.0014 -0.0145
vn -0.9999 -0.0013 -0.0144
vn -0.9999 -0.0003 -0.0142
vn -0.9999 -0.0006 -0.0142
vn -0.9999 -0.0004 -0.0138
vn -0.9999 -0.0002 -0.0138
vn -0.9999 -0.0006 -0.0135
vn -0.9999 -0.0002 -0.0134
vn -0.9999 0.0001 -0.0136
vn -0.9999 0.0004 -0.0139
vn -0.9999 0.0005 -0.0139
vn -0.9999 0.0008 -0.0142
vn -0.9999 0.0008 -0.0143
vn -0.9999 -0.0016 -0.0145
vn 0.9132 -0.3730 0.1642
vn 0.9130 -0.3733 0.1642
vn 0.9882 0.0154 0.1522
vn 0.9883 0.0101 0.1525
vn -0.9090 0.3713 -0.1895
vn -0.9092 0.3707 -0.1895
vn -0.9838 -0.0123 -0.1791
vn -0.9837 -0.0176 -0.1788
vn 0.7002 -0.6980 0.1501
vn 0.6960 -0.7023 0.1497
vn -0.6934 0.6998 -0.1716
vn -0.6978 0.6954 -0.1721
vn 0.3834 -0.9168 0.1118
vn 0.3737 -0.9209 0.1105
vn -0.3735 0.9186 -0.1294
vn -0.3833 0.9143 -0.1308
vn 0.0110 -0.9984 0.0547
vn -0.0025 -0.9986 0.0525
vn 0.3771 0.9261 -0.0031
vn 0.3638 0.9315 -0.0057
vn -0.0118 0.9973 -0.0725
vn 0.0016 0.9975 -0.0702
vn -0.3631 -0.9317 -0.0133
vn -0.3766 -0.9262 -0.0159
vn 0.6973 0.7141 0.0623
vn 0.6878 0.7234 0.0602
vn -0.6847 -0.7242 -0.0821
vn -0.6942 -0.7148 -0.0844
vn 0.9124 0.3923 0.1168
vn 0.9085 0.4016 0.1156
vn -0.9040 -0.4036 -0.1407
vn -0.9080 -0.3941 -0.1420
vn 0.2088 -0.0813 -0.9746
vn 0.2096 -0.0840 -0.9742
vn 0.2329 -0.0808 -0.9691
vn 0.2321 -0.0781 -0.9695
vn 0.2322 -0.0782 -0.9695
vn 0.2096 -0.0786 -0.9746
vn 0.2096 -0.0785 -0.9746
vn 0.2322 -0.0835 -0.9691
vn 0.2321 -0.0835 -0.9691
vn 0.2120 -0.0760 -0.9743
vn 0.2298 -0.0861 -0.9694
vn 0.2297 -0.0861 -0.9694
vn 0.2159 -0.0740 -0.9736
vn 0.2258 -0.0881 -0.9702
vn 0.2209 -0.0732 -0.9726
vn 0.2159 -0.0883 -0.9724
vn 0.2209 -0.0889 -0.9712
vn 0.2258 -0.0738 -0.9714
vn 0.2120 -0.0864 -0.9734
vn 0.2120 -0.0865 -0.9734
vn 0.2298 -0.0757 -0.9703
vn 0.2297 -0.0757 -0.9703
vn 0.9131 0.3772 0.1549
vn 0.9883 -0.0061 0.1527
vn 0.9883 -0.0092 0.1525
vn 0.9122 0.3794 0.1549
vn -0.9080 -0.3782 -0.1801
vn -0.9838 0.0106 -0.1792
vn -0.9838 0.0074 -0.1793
vn -0.9090 -0.3758 -0.1802
vn 0.6997 0.7020 0.1327
vn 0.6944 0.7073 0.1321
vn -0.6917 -0.7055 -0.1541
vn -0.6971 -0.7000 -0.1548
vn 0.3822 0.9198 0.0890
vn 0.3718 0.9242 0.0875
vn -0.3715 -0.9223 -0.1064
vn -0.3820 -0.9178 -0.1080
vn 0.0091 0.9995 0.0298
vn -0.0044 0.9996 0.0275
vn 0.3785 -0.9254 0.0199
vn 0.0035 -0.9990 -0.0453
vn -0.0100 -0.9988 -0.0476
vn 0.3658 -0.9305 0.0176
vn -0.3652 0.9302 -0.0366
vn -0.3780 0.9250 -0.0389
vn 0.6979 -0.7117 0.0799
vn 0.6895 -0.7200 0.0783
vn -0.6865 0.7202 -0.1002
vn -0.6950 0.7117 -0.1020
vn 0.9126 -0.3889 0.1264
vn 0.9094 -0.3964 0.1256
vn -0.9051 0.3976 -0.1508
vn -0.9083 0.3899 -0.1517
vn 0.2088 0.0489 -0.9767
vn 0.2096 0.0516 -0.9764
vn 0.2329 0.0486 -0.9713
vn 0.2322 0.0459 -0.9716
vn 0.2096 0.0462 -0.9767
vn 0.2322 0.0513 -0.9713
vn 0.2120 0.0436 -0.9763
vn 0.2298 0.0539 -0.9718
vn 0.2297 0.0539 -0.9718
vn 0.2159 0.0416 -0.9755
vn 0.2258 0.0559 -0.9726
vn 0.2209 0.0408 -0.9744
vn 0.2159 0.0560 -0.9748
vn 0.2209 0.0567 -0.9737
vn 0.2258 0.0415 -0.9733
vn 0.2120 0.0541 -0.9758
vn 0.2298 0.0434 -0.9723
vn 0.2297 0.0434 -0.9723
vn -0.4750 0.8600 -0.1865
vn -0.4707 0.8500 -0.2366
vn -0.8393 0.4896 -0.2364
vn -0.8436 0.4951 -0.2078
vn 0.0160 0.9928 -0.1187
vn 0.0195 0.9841 -0.1767
vn 0.5012 0.8650 -0.0231
vn 0.5038 0.8607 -0.0737
vn 0.8567 0.5101 0.0762
vn 0.8584 0.5109 0.0463
vn 0.9878 0.0180 0.1544
vn 0.9880 0.0221 0.1530
vn 0.8557 -0.4811 0.1904
vn 0.8512 -0.4775 0.2180
vn 0.4945 -0.8516 0.1736
vn 0.4808 -0.8483 0.2218
vn 0.0023 -0.9942 0.1078
vn -0.0194 -0.9865 0.1626
vn -0.4906 -0.8713 0.0101
vn -0.5113 -0.8575 0.0569
vn -0.8539 -0.5119 -0.0937
vn -0.8644 -0.4984 -0.0666
vn -0.9847 -0.0093 -0.1742
vn -0.9847 -0.0046 -0.1743
vn -0.8285 0.4760 -0.2951
vn -0.9847 -0.0032 -0.1743
vn -0.4498 0.8266 -0.3382
vn 0.0460 0.9549 -0.2934
vn 0.5262 0.8321 -0.1750
vn 0.8696 0.4936 -0.0140
vn 0.9884 0.0221 0.1505
vn 0.8423 -0.4631 0.2759
vn 0.4615 -0.8257 0.3245
vn -0.0462 -0.9588 0.2804
vn -0.5353 -0.8298 0.1577
vn -0.8770 -0.4803 -0.0086
vn -0.8175 0.4523 -0.3567
vn -0.9847 -0.0023 -0.1744
vn -0.4282 0.7865 -0.4450
vn 0.0741 0.9066 -0.4155
vn 0.5500 0.7868 -0.2802
vn 0.8815 0.4660 -0.0764
vn 0.9888 0.0216 0.1478
vn 0.8329 -0.4392 0.3368
vn 0.4409 -0.7861 0.4333
vn -0.0747 -0.9114 0.4048
vn -0.5607 -0.7852 0.2629
vn -0.8901 -0.4529 0.0514
vn -0.8071 0.4180 -0.4171
vn -0.9846 -0.0021 -0.1746
vn -0.4071 0.7289 -0.5505
vn 0.1020 0.8384 -0.5354
vn 0.5737 0.7243 -0.3824
vn 0.8933 0.4282 -0.1367
vn 0.9892 0.0204 0.1454
vn 0.8234 -0.4056 0.3970
vn 0.4200 -0.7284 0.5413
vn -0.1033 -0.8431 0.5278
vn -0.5856 -0.7233 0.3659
vn -0.9027 -0.4161 0.1096
vn -0.7980 0.3748 -0.4720
vn -0.9847 -0.0027 -0.1745
vn -0.3880 0.6562 -0.6472
vn 0.1278 0.7536 -0.6448
vn 0.5957 0.6481 -0.4744
vn 0.9041 0.3823 -0.1906
vn 0.9895 0.0186 0.1435
vn 0.8144 -0.3638 0.4521
vn 0.4005 -0.6552 0.6406
vn -0.1297 -0.7572 0.6402
vn -0.6083 -0.6474 0.4591
vn -0.9139 -0.3721 0.1621
vn -0.7908 0.3263 -0.5179
vn -0.9848 -0.0039 -0.1739
vn -0.3720 0.5744 -0.7292
vn 0.1500 0.6589 -0.7371
vn 0.6146 0.5643 -0.5512
vn 0.9134 0.3323 -0.2351
vn 0.9897 0.0165 0.1423
vn 0.8065 -0.3173 0.4989
vn 0.3834 -0.5728 0.7245
vn -0.1523 -0.6613 0.7345
vn -0.6273 -0.5642 0.5369
vn -0.9231 -0.3246 0.2061
vn -0.7855 0.2770 -0.5535
vn -0.9849 -0.0053 -0.1728
vn -0.3595 0.4907 -0.7937
vn 0.1679 0.5626 -0.8095
vn 0.6297 0.4803 -0.6106
vn 0.9207 0.2825 -0.2692
vn 0.9898 0.0145 0.1418
vn 0.8000 -0.2701 0.5358
vn 0.3696 -0.4888 0.7902
vn -0.1702 -0.5641 0.8080
vn -0.6419 -0.4808 0.5973
vn -0.9301 -0.2774 0.2405
vn -0.7819 0.2306 -0.5792
vn -0.9852 -0.0066 -0.1713
vn -0.3503 0.4115 -0.8414
vn 0.1813 0.4719 -0.8628
vn 0.6410 0.4020 -0.6538
vn 0.9262 0.2365 -0.2937
vn 0.9898 0.0128 0.1418
vn 0.7949 -0.2258 0.5632
vn 0.3589 -0.4098 0.8386
vn -0.1836 -0.4731 0.8617
vn -0.6526 -0.4034 0.6414
vn -0.9352 -0.2337 0.2661
vn -0.7797 0.1898 -0.5967
vn -0.9855 -0.0077 -0.1695
vn -0.3439 0.3413 -0.8748
vn 0.1910 0.3918 -0.9000
vn 0.6491 0.3334 -0.6837
vn 0.9300 0.1965 -0.3105
vn 0.9898 0.0114 0.1421
vn 0.7911 -0.1866 0.5826
vn 0.3511 -0.3400 0.8724
vn -0.1932 -0.3929 0.8991
vn -0.6600 -0.3354 0.6722
vn -0.9386 -0.1955 0.2844
vn -0.7799 0.1706 -0.6023
vn -0.9855 -0.0078 -0.1694
vn -0.3453 0.3082 -0.8864
vn 0.1897 0.3547 -0.9156
vn 0.6489 0.3024 -0.6982
vn 0.9306 0.1787 -0.3195
vn 0.9898 0.0110 0.1417
vn 0.7883 -0.1689 0.5917
vn 0.3444 -0.3080 0.8869
vn -0.2010 -0.3556 0.9128
vn -0.6654 -0.3034 0.6820
vn -0.9406 -0.1771 0.2895
vn -0.0914 0.9363 0.3392
vn -0.1039 0.9387 0.3287
vn -0.1037 0.9385 0.3293
vn -0.0907 0.9363 0.3393
vn 0.0788 -0.9544 -0.2878
vn 0.0808 -0.9539 -0.2890
vn 0.0808 -0.9539 -0.2891
vn 0.0849 -0.9546 -0.2856
vn 0.0883 -0.9534 -0.2885
vn 0.0847 -0.9546 -0.2855
vn 0.0819 -0.9546 -0.2864
vn 0.0818 -0.9546 -0.2865
vn -0.0858 0.9465 0.3111
vn -0.0782 0.9471 0.3113
vn -0.0778 0.9471 0.3115
vn 0.0822 -0.9507 -0.2990
vn 0.0751 -0.9518 -0.2974
vn 0.0751 -0.9518 -0.2973
vn 0.0819 -0.9507 -0.2991
vn -0.0856 0.9469 0.3101
vn -0.0850 0.9456 0.3141
vn -0.0855 0.9468 0.3102
vn 0.0810 -0.9540 -0.2886
vn -0.0752 0.9395 0.3343
vn 0.0752 -0.9546 -0.2881
vn 0.0751 -0.9546 -0.2882
vn -0.0884 0.9453 0.3141
vn -0.0884 0.9452 0.3142
vn 0.0880 -0.9515 -0.2946
vn 0.0879 -0.9515 -0.2948
vn 0.9355 0.1660 -0.3119
vn 0.9885 0.0059 0.1511
vn 0.9905 0.0109 0.1374
vn 0.9304 0.1701 -0.3248
vn 0.7837 -0.1706 0.5973
vn 0.3443 -0.3111 0.8858
vn 0.3479 -0.3104 0.8847
vn 0.7913 -0.1667 0.5883
vn -0.9355 -0.1808 0.3034
vn -0.9873 -0.0127 -0.1584
vn -0.9850 -0.0074 -0.1724
vn -0.9421 -0.1748 0.2862
vn -0.3400 0.2913 -0.8942
vn 0.2027 0.3332 -0.9208
vn 0.1918 0.3333 -0.9231
vn -0.3435 0.2907 -0.8930
vn -0.1919 -0.3614 0.9125
vn -0.6543 -0.3090 0.6903
vn -0.6676 -0.3056 0.6789
vn -0.2006 -0.3613 0.9106
vn 0.6602 0.2825 -0.6960
vn 0.6499 0.2849 -0.7046
vn -0.7826 0.1605 -0.6015
vn -0.7785 0.1625 -0.6063
vn 0.0811 -0.9537 -0.2896
vn -0.0710 0.9447 0.3202
vn -0.0709 0.9445 0.3207
vn 0.0727 -0.9537 -0.2918
vn 0.0726 -0.9536 -0.2920
vn -0.0925 0.9469 0.3079
vn -0.0921 0.9469 0.3079
vn -0.1022 0.9438 0.3143
vn -0.0872 0.9449 0.3157
vn -0.0871 0.9449 0.3157
vn -0.4727 -0.8656 -0.1651
vn -0.8421 -0.5027 -0.1955
vn -0.8383 -0.4970 -0.2243
vn -0.4688 -0.8566 -0.2154
vn 0.0179 -0.9954 -0.0941
vn 0.0214 -0.9881 -0.1522
vn 0.5020 -0.8649 -0.0019
vn 0.5050 -0.8615 -0.0524
vn 0.8568 -0.5079 0.0886
vn 0.8590 -0.5086 0.0588
vn 0.9879 -0.0143 0.1547
vn 0.9880 -0.0169 0.1534
vn 0.8556 0.4859 0.1785
vn 0.8503 0.4842 0.2061
vn 0.4935 0.8562 0.1526
vn 0.4790 0.8545 0.2007
vn 0.0004 0.9965 0.0831
vn -0.0213 0.9902 0.1381
vn -0.4927 0.8701 -0.0116
vn -0.5126 0.8579 0.0357
vn -0.8553 0.5071 -0.1065
vn -0.8650 0.4954 -0.0789
vn -0.9847 0.0021 -0.1745
vn -0.9847 -0.0012 -0.1745
vn -0.9847 -0.0026 -0.1744
vn -0.8273 -0.4851 -0.2834
vn -0.4477 -0.8359 -0.3175
vn 0.0478 -0.9618 -0.2695
vn 0.5271 -0.8357 -0.1544
vn 0.8700 -0.4930 -0.0020
vn 0.9884 -0.0170 0.1509
vn 0.8413 0.4716 0.2643
vn 0.4595 0.8347 0.3037
vn -0.0479 0.9654 0.2563
vn -0.5362 0.8329 0.1370
vn -0.8775 0.4792 -0.0204
vn -0.9847 -0.0034 -0.1745
vn -0.8161 -0.4632 -0.3455
vn -0.4258 -0.7987 -0.4251
vn 0.0757 -0.9167 -0.3924
vn 0.5504 -0.7932 -0.2605
vn 0.8817 -0.4674 -0.0651
vn 0.9888 -0.0166 0.1483
vn 0.8316 0.4497 0.3257
vn 0.4386 0.7981 0.4131
vn -0.0763 0.9213 0.3812
vn -0.5611 0.7913 0.2430
vn -0.8903 0.4537 0.0402
vn -0.9846 -0.0036 -0.1746
vn -0.8056 -0.4308 -0.4066
vn -0.4046 -0.7442 -0.5316
vn 0.1034 -0.8519 -0.5134
vn 0.5737 -0.7338 -0.3639
vn 0.8932 -0.4315 -0.1263
vn 0.9892 -0.0154 0.1458
vn 0.8221 0.4180 0.3866
vn 0.4177 0.7436 0.5221
vn -0.1046 0.8567 0.5052
vn -0.5855 0.7326 0.3471
vn -0.9026 0.4188 0.0993
vn -0.9846 -0.0030 -0.1745
vn -0.7966 -0.3894 -0.4624
vn -0.3855 -0.6746 -0.6295
vn 0.1289 -0.7706 -0.6242
vn 0.5953 -0.6606 -0.4575
vn 0.9039 -0.3875 -0.1812
vn 0.9895 -0.0137 0.1439
vn 0.8131 0.3780 0.4427
vn 0.3981 0.6737 0.6226
vn -0.1307 0.7745 0.6189
vn -0.6078 0.6599 0.4417
vn -0.9137 0.3766 0.1528
vn -0.9848 -0.0018 -0.1739
vn -0.7894 -0.3426 -0.5095
vn -0.3696 -0.5957 -0.7131
vn 0.1509 -0.6792 -0.7183
vn 0.6138 -0.5797 -0.5359
vn 0.9130 -0.3391 -0.2268
vn 0.9897 -0.0117 0.1427
vn 0.8052 0.3331 0.4906
vn 0.3813 0.5944 0.7081
vn -0.1530 0.6821 0.7151
vn -0.6265 0.5795 0.5212
vn -0.9228 0.3307 0.1979
vn -0.9850 -0.0004 -0.1728
vn -0.7842 -0.2946 -0.5462
vn -0.3573 -0.5145 -0.7795
vn 0.1684 -0.5858 -0.7927
vn 0.6287 -0.4980 -0.5972
vn 0.9202 -0.2906 -0.2621
vn 0.9898 -0.0097 0.1421
vn 0.7988 0.2873 0.5286
vn 0.3676 0.5130 0.7757
vn -0.1707 0.5879 0.7907
vn -0.6411 0.4986 0.5835
vn -0.9297 0.2847 0.2335
vn -0.9852 0.0009 -0.1713
vn -0.7808 -0.2493 -0.5730
vn -0.3484 -0.4374 -0.8290
vn 0.1817 -0.4976 -0.8481
vn 0.6400 -0.4217 -0.6423
vn 0.9257 -0.2456 -0.2877
vn 0.9898 -0.0080 0.1421
vn 0.7938 0.2440 0.5571
vn 0.3572 0.4360 0.8260
vn -0.1839 0.4994 0.8467
vn -0.6517 0.4230 0.6295
vn -0.9348 0.2420 0.2601
vn -0.9855 0.0020 -0.1696
vn -0.7787 -0.2092 -0.5915
vn -0.3422 -0.3688 -0.8642
vn 0.1913 -0.4194 -0.8874
vn 0.6482 -0.3546 -0.6739
vn 0.9296 -0.2063 -0.3055
vn 0.9898 -0.0067 0.1423
vn 0.7902 0.2055 0.5774
vn 0.3496 0.3677 0.8617
vn -0.1934 0.4210 0.8862
vn -0.6592 0.3565 0.6621
vn -0.9382 0.2045 0.2793
vn -0.9853 0.0017 -0.1706
vn -0.7781 -0.1906 -0.5985
vn -0.3430 -0.3364 -0.8770
vn 0.1899 -0.3832 -0.9040
vn 0.6475 -0.3244 -0.6896
vn 0.9297 -0.1892 -0.3159
vn 0.9900 -0.0067 0.1408
vn 0.7882 0.1878 0.5861
vn 0.3437 0.3362 0.8768
vn -0.2011 0.3844 0.9010
vn -0.6650 0.3249 0.6724
vn -0.9406 0.1861 0.2840
vn -0.0897 -0.9276 0.3628
vn -0.0891 -0.9276 0.3629
vn -0.1020 -0.9301 0.3528
vn -0.1022 -0.9303 0.3522
vn 0.0767 0.9477 -0.3099
vn 0.0787 0.9472 -0.3108
vn 0.0786 0.9472 -0.3107
vn 0.0829 0.9477 -0.3083
vn 0.0827 0.9477 -0.3082
vn 0.0864 0.9462 -0.3117
vn 0.0797 0.9479 -0.3086
vn 0.0796 0.9478 -0.3086
vn -0.0838 -0.9391 0.3332
vn -0.0759 -0.9394 0.3342
vn -0.0763 -0.9395 0.3341
vn 0.0805 0.9431 -0.3226
vn 0.0802 0.9431 -0.3227
vn 0.0733 0.9443 -0.3208
vn 0.0734 0.9443 -0.3209
vn -0.0835 -0.9395 0.3322
vn -0.0834 -0.9394 0.3324
vn -0.0828 -0.9383 0.3358
vn 0.0787 0.9474 -0.3103
vn 0.0787 0.9474 -0.3102
vn -0.0735 -0.9309 0.3578
vn 0.0733 0.9476 -0.3108
vn 0.0731 0.9476 -0.3109
vn -0.0864 -0.9380 0.3358
vn -0.0863 -0.9379 0.3359
vn 0.0862 0.9441 -0.3182
vn 0.0861 0.9440 -0.3184
vn 0.9354 -0.1757 -0.3068
vn 0.9295 -0.1809 -0.3214
vn 0.9906 -0.0069 0.1364
vn 0.9883 -0.0004 0.1523
vn 0.7822 0.1904 0.5933
vn 0.7912 0.1855 0.5828
vn 0.3472 0.3385 0.8746
vn 0.3424 0.3395 0.8761
vn -0.9348 0.1908 0.2994
vn -0.9421 0.1835 0.2807
vn -0.9848 0.0012 -0.1737
vn -0.9875 0.0078 -0.1576
vn -0.3392 -0.3196 -0.8848
vn -0.3411 -0.3193 -0.8841
vn 0.1920 -0.3622 -0.9121
vn 0.2028 -0.3620 -0.9099
vn -0.1921 0.3901 0.9005
vn -0.2007 0.3899 0.8987
vn -0.6673 0.3269 0.6693
vn -0.6531 0.3309 0.6812
vn 0.6597 -0.3043 -0.6872
vn 0.6484 -0.3072 -0.6965
vn -0.7825 -0.1797 -0.5962
vn -0.7767 -0.1826 -0.6028
vn 0.0789 0.9471 -0.3111
vn -0.0692 -0.9366 0.3435
vn -0.0691 -0.9364 0.3440
vn 0.0708 0.9464 -0.3151
vn 0.0708 0.9464 -0.3153
vn -0.0906 -0.9394 0.3307
vn -0.0901 -0.9394 0.3306
vn -0.1004 -0.9359 0.3375
vn -0.1004 -0.9360 0.3375
vn -0.0850 -0.9376 0.3372
vn -0.0849 -0.9376 0.3372
vn -0.7611 0.4219 -0.4926
vn -0.7788 0.2693 -0.5665
vn -0.9826 0.1410 -0.1209
vn -0.9537 0.2939 -0.0641
vn -0.3409 0.5238 -0.7807
vn -0.3449 0.3701 -0.8626
vn 0.1783 0.5517 -0.8147
vn 0.1890 0.4019 -0.8960
vn 0.6172 0.5062 -0.6024
vn 0.6439 0.3612 -0.6745
vn 0.8782 0.4197 -0.2295
vn 0.9184 0.2735 -0.2861
vn 0.9214 0.3172 0.2244
vn 0.9688 0.1616 0.1877
vn 0.7165 0.2160 0.6633
vn 0.7611 0.0457 0.6470
vn 0.2913 0.1375 0.9467
vn 0.3209 -0.0444 0.9461
vn -0.2171 0.1028 0.9707
vn -0.2127 -0.0798 0.9739
vn -0.6469 0.1198 0.7531
vn -0.6669 -0.0529 0.7433
vn -0.9060 0.1861 0.3801
vn -0.9376 0.0259 0.3468
vn -0.7776 0.1066 -0.6196
vn -0.9863 -0.0089 -0.1647
vn -0.3351 0.1967 -0.9214
vn 0.2055 0.2272 -0.9519
vn 0.6611 0.1939 -0.7248
vn 0.9356 0.1155 -0.3335
vn 0.9897 0.0091 0.1428
vn 0.7851 -0.1061 0.6102
vn 0.3391 -0.1965 0.9200
vn -0.2073 -0.2288 0.9512
vn -0.6704 -0.1969 0.7154
vn -0.9431 -0.1171 0.3113
vn -0.7769 0.0854 -0.6239
vn -0.9864 -0.0088 -0.1644
vn -0.3331 0.1593 -0.9293
vn 0.2080 0.1847 -0.9605
vn 0.6628 0.1582 -0.7319
vn 0.9363 0.0951 -0.3381
vn 0.9898 0.0089 0.1419
vn 0.7847 -0.0850 0.6141
vn 0.3374 -0.1591 0.9278
vn -0.2099 -0.1862 0.9598
vn -0.6726 -0.1609 0.7223
vn -0.9441 -0.0965 0.3153
vn -0.7763 0.0631 -0.6272
vn -0.9865 -0.0087 -0.1638
vn -0.3314 0.1201 -0.9358
vn 0.2103 0.1402 -0.9675
vn 0.6643 0.1209 -0.7376
vn 0.9369 0.0736 -0.3418
vn 0.9899 0.0085 0.1414
vn 0.7840 -0.0628 0.6175
vn 0.3357 -0.1198 0.9343
vn -0.2122 -0.1413 0.9670
vn -0.6743 -0.1231 0.7281
vn -0.9448 -0.0750 0.3189
vn -0.7761 0.0420 -0.6292
vn -0.9866 -0.0086 -0.1629
vn -0.3303 0.0829 -0.9402
vn 0.2120 0.0981 -0.9723
vn 0.6655 0.0856 -0.7414
vn 0.9374 0.0533 -0.3441
vn 0.9899 0.0082 0.1414
vn 0.7833 -0.0419 0.6202
vn 0.3342 -0.0826 0.9389
vn -0.2139 -0.0988 0.9718
vn -0.6754 -0.0874 0.7323
vn -0.9453 -0.0547 0.3217
vn -0.7763 0.0240 -0.6300
vn -0.9868 -0.0085 -0.1619
vn -0.3297 0.0509 -0.9427
vn 0.2132 0.0619 -0.9751
vn 0.6664 0.0552 -0.7435
vn 0.9378 0.0358 -0.3452
vn 0.9899 0.0078 0.1416
vn 0.7827 -0.0240 0.6219
vn 0.3330 -0.0507 0.9416
vn -0.2150 -0.0625 0.9746
vn -0.6760 -0.0568 0.7348
vn -0.9454 -0.0372 0.3237
vn -0.7765 0.0098 -0.6300
vn -0.9869 -0.0082 -0.1609
vn -0.3295 0.0256 -0.9438
vn 0.2139 0.0332 -0.9763
vn 0.6670 0.0311 -0.7444
vn 0.9381 0.0218 -0.3457
vn 0.9899 0.0073 0.1418
vn 0.7822 -0.0100 0.6229
vn 0.3322 -0.0254 0.9429
vn -0.2156 -0.0336 0.9759
vn -0.6761 -0.0324 0.7361
vn -0.9454 -0.0231 0.3251
vn -0.7766 -0.0020 -0.6300
vn -0.9870 -0.0075 -0.1605
vn -0.3292 0.0042 -0.9442
vn 0.2143 0.0088 -0.9767
vn 0.6672 0.0105 -0.7448
vn 0.9382 0.0097 -0.3461
vn 0.9899 0.0067 0.1416
vn 0.7822 0.0017 0.6230
vn 0.3319 -0.0041 0.9433
vn -0.2160 -0.0091 0.9764
vn -0.6764 -0.0115 0.7365
vn -0.9455 -0.0109 0.3256
vn -0.3295 -0.0117 -0.9441
vn -0.7772 -0.0103 -0.6292
vn 0.2147 -0.0098 -0.9766
vn 0.6676 -0.0055 -0.7445
vn 0.9384 -0.0001 -0.3456
vn 0.9898 0.0055 0.1421
vn 0.7818 0.0101 0.6235
vn 0.3314 0.0117 0.9434
vn -0.2161 0.0097 0.9763
vn -0.6761 0.0049 0.7368
vn -0.9452 -0.0008 0.3265
vn -0.9872 -0.0062 -0.1593
vn -0.7780 -0.0119 -0.6282
vn -0.9874 -0.0042 -0.1580
vn -0.3300 -0.0166 -0.9438
vn 0.2148 -0.0164 -0.9765
vn 0.6681 -0.0118 -0.7440
vn 0.9386 -0.0046 -0.3449
vn 0.9897 0.0038 0.1429
vn 0.7813 0.0118 0.6241
vn 0.3310 0.0166 0.9435
vn -0.2160 0.0163 0.9762
vn -0.6757 0.0115 0.7371
vn -0.9449 0.0041 0.3274
vn -0.7781 -0.0094 -0.6281
vn -0.9875 -0.0020 -0.1578
vn -0.3301 -0.0145 -0.9438
vn 0.2149 -0.0152 -0.9765
vn 0.6682 -0.0118 -0.7439
vn 0.9387 -0.0058 -0.3448
vn 0.9897 0.0018 0.1430
vn 0.7812 0.0093 0.6242
vn 0.3309 0.0145 0.9435
vn -0.2160 0.0153 0.9763
vn -0.6756 0.0118 0.7372
vn -0.9448 0.0056 0.3275
vn -0.9872 0.0017 -0.1597
vn -0.9874 0.0002 -0.1586
vn -0.7777 -0.0083 -0.6286
vn -0.7771 -0.0122 -0.6293
vn -0.9857 -0.0611 -0.1568
vn -0.9864 0.0035 -0.1645
vn -0.7763 -0.1054 -0.6215
vn -0.7739 -0.2153 -0.5956
vn -0.3322 -0.1887 -0.9241
vn -0.3357 -0.3289 -0.8827
vn 0.2081 -0.2149 -0.9542
vn 0.1961 -0.3631 -0.9109
vn 0.6622 -0.1813 -0.7271
vn 0.6483 -0.3160 -0.6927
vn 0.9360 -0.1058 -0.3357
vn 0.9258 -0.2112 -0.3134
vn 0.9898 -0.0043 0.1421
vn 0.9861 -0.0688 0.1514
vn 0.7842 0.1046 0.6116
vn 0.7880 0.0885 0.6093
vn 0.3367 0.1886 0.9225
vn 0.3438 0.2156 0.9139
vn -0.2099 0.2166 0.9534
vn -0.2072 0.2604 0.9430
vn -0.6721 0.1838 0.7173
vn -0.6748 0.2098 0.7075
vn -0.9438 0.1065 0.3128
vn -0.9469 0.0913 0.3083
vn -0.9865 0.0034 -0.1639
vn -0.7759 -0.0833 -0.6253
vn -0.3307 -0.1499 -0.9317
vn 0.2103 -0.1709 -0.9626
vn 0.6638 -0.1443 -0.7338
vn 0.9367 -0.0845 -0.3398
vn 0.9899 -0.0040 0.1416
vn 0.7837 0.0826 0.6156
vn 0.3351 0.1496 0.9302
vn -0.2122 0.1721 0.9620
vn -0.6739 0.1463 0.7242
vn -0.9446 0.0852 0.3169
vn -0.9866 0.0034 -0.1631
vn -0.7759 -0.0623 -0.6278
vn -0.3298 -0.1129 -0.9373
vn 0.2120 -0.1291 -0.9687
vn 0.6652 -0.1092 -0.7387
vn 0.9373 -0.0643 -0.3427
vn 0.9899 -0.0036 0.1415
vn 0.7831 0.0618 0.6188
vn 0.3338 0.1126 0.9359
vn -0.2139 0.1300 0.9682
vn -0.6751 0.1108 0.7294
vn -0.9451 0.0650 0.3202
vn -0.9868 0.0032 -0.1621
vn -0.7761 -0.0442 -0.6291
vn -0.3294 -0.0811 -0.9407
vn 0.2132 -0.0931 -0.9726
vn 0.6662 -0.0791 -0.7416
vn 0.9377 -0.0469 -0.3443
vn 0.9899 -0.0032 0.1417
vn 0.7826 0.0440 0.6210
vn 0.3327 0.0809 0.9395
vn -0.2150 0.0938 0.9721
vn -0.6757 0.0803 0.7328
vn -0.9453 0.0475 0.3227
vn -0.9869 0.0029 -0.1611
vn -0.7764 -0.0301 -0.6295
vn -0.3293 -0.0559 -0.9426
vn 0.2139 -0.0645 -0.9747
vn 0.6669 -0.0550 -0.7432
vn 0.9380 -0.0329 -0.3450
vn 0.9899 -0.0028 0.1419
vn 0.7821 0.0300 0.6224
vn 0.3320 0.0558 0.9416
vn -0.2156 0.0650 0.9743
vn -0.6760 0.0560 0.7348
vn -0.9453 0.0336 0.3244
vn -0.9871 0.0025 -0.1602
vn -0.7768 -0.0197 -0.6294
vn -0.3294 -0.0373 -0.9435
vn 0.2143 -0.0433 -0.9758
vn 0.6673 -0.0371 -0.7439
vn 0.9382 -0.0224 -0.3453
vn 0.9898 -0.0023 0.1422
vn 0.7818 0.0197 0.6232
vn 0.3316 0.0372 0.9427
vn -0.2159 0.0437 0.9754
vn -0.6761 0.0379 0.7359
vn -0.9453 0.0230 0.3255
vn -0.3294 -0.0231 -0.9439
vn 0.2146 -0.0269 -0.9763
vn 0.6675 -0.0231 -0.7442
vn 0.9383 -0.0140 -0.3455
vn 0.9898 -0.0015 0.1421
vn 0.7818 0.0122 0.6234
vn 0.3314 0.0231 0.9432
vn -0.2161 0.0271 0.9760
vn -0.6761 0.0236 0.7364
vn -0.9452 0.0144 0.3260
vn -0.3298 -0.0148 -0.9439
vn 0.2148 -0.0168 -0.9765
vn 0.6679 -0.0140 -0.7441
vn 0.9385 -0.0081 -0.3451
vn 0.9898 -0.0002 0.1426
vn 0.7815 0.0083 0.6239
vn 0.3311 0.0148 0.9435
vn -0.2161 0.0169 0.9762
vn -0.6758 0.0143 0.7369
vn -0.9450 0.0082 0.3270
vn -0.7832 -0.3050 -0.5419
vn -0.9876 -0.1107 -0.1109
vn 0.3302 0.2274 0.9161
vn 0.7695 0.0736 0.6344
vn 0.9185 -0.2957 -0.2625
vn 0.6431 -0.4260 -0.6364
vn -0.9371 0.0793 0.3399
vn -0.3445 -0.4475 -0.8253
vn -0.2022 0.2820 0.9379
vn 0.9737 -0.1198 0.1936
vn 0.1906 -0.4873 -0.8522
vn -0.6590 0.2233 0.7182
vt 0.239446 0.421788
vt 0.243413 0.398833
vt 0.253374 0.398644
vt 0.258432 0.421058
vt 0.236308 0.441284
vt 0.262902 0.440394
vt 0.247873 0.373658
vt 0.233910 0.458563
vt 0.266775 0.456905
vt 0.275664 0.413545
vt 0.286968 0.429256
vt 0.262503 0.394671
vt 0.297162 0.443773
vt 0.305466 0.410610
vt 0.319591 0.419632
vt 0.269380 0.387460
vt 0.288906 0.399980
vt 0.314890 0.386098
vt 0.331701 0.389506
vt 0.273063 0.378204
vt 0.295752 0.382304
vt 0.295410 0.363410
vt 0.314644 0.359728
vt 0.272848 0.368249
vt 0.331701 0.356574
vt 0.287987 0.346015
vt 0.304444 0.335284
vt 0.268940 0.359074
vt 0.319142 0.325827
vt 0.285596 0.316470
vt 0.295636 0.302017
vt 0.261754 0.352133
vt 0.274435 0.332766
vt 0.252463 0.348470
vt 0.256779 0.325687
vt 0.260837 0.306252
vt 0.264592 0.288934
vt 0.237742 0.325982
vt 0.233812 0.306340
vt 0.242489 0.348647
vt 0.230659 0.288768
vt 0.233270 0.352535
vt 0.208800 0.316645
vt 0.199028 0.301534
vt 0.219964 0.333209
vt 0.190073 0.336116
vt 0.174526 0.326031
vt 0.226219 0.359727
vt 0.206600 0.347117
vt 0.199703 0.364925
vt 0.179730 0.361270
vt 0.222579 0.369103
vt 0.162540 0.358171
vt 0.199887 0.384129
vt 0.180328 0.388446
vt 0.222814 0.379140
vt 0.162744 0.391979
vt 0.191635 0.413121
vt 0.176390 0.423960
vt 0.226797 0.388367
vt 0.207881 0.401599
vt 0.211229 0.431892
vt 0.202108 0.447325
vt 0.234078 0.395271
vt 0.221578 0.414866
vt 0.183968 0.736669
vt 0.190300 0.721419
vt 0.198029 0.724305
vt 0.192600 0.735175
vt 0.161367 0.740222
vt 0.156643 0.707601
vt 0.182726 0.718743
vt 0.174528 0.739064
vt 0.195849 0.688582
vt 0.199185 0.701129
vt 0.201699 0.707570
vt 0.204147 0.713247
vt 0.298468 0.621474
vt 0.309120 0.613549
vt 0.309583 0.634253
vt 0.301295 0.635761
vt 0.305035 0.650253
vt 0.310318 0.667835
vt 0.310652 0.683371
vt 0.307555 0.683479
vt 0.233908 0.679733
vt 0.229193 0.669698
vt 0.216182 0.873770
vt 0.213239 0.858343
vt 0.219541 0.855795
vt 0.225080 0.863203
vt 0.199572 0.883275
vt 0.187150 0.861289
vt 0.201232 0.862315
vt 0.205194 0.878588
vt 0.178984 0.841364
vt 0.192399 0.837624
vt 0.165008 0.774395
vt 0.177398 0.772867
vt 0.170765 0.809339
vt 0.184233 0.806052
vt 0.271462 0.658290
vt 0.265423 0.645570
vt 0.316934 0.947631
vt 0.293389 0.947868
vt 0.304825 0.928334
vt 0.316385 0.927884
vt 0.318139 0.989705
vt 0.292464 0.971391
vt 0.264902 0.950372
vt 0.269838 0.934104
vt 0.239514 0.928446
vt 0.246590 0.916207
vt 0.216047 0.903488
vt 0.226514 0.893922
vt 0.197297 0.740684
vt 0.188553 0.742222
vt 0.232389 0.883200
vt 0.235934 0.877411
vt 0.243473 0.875955
vt 0.240119 0.882558
vt 0.291940 0.937907
vt 0.301350 0.921157
vt 0.273930 0.927042
vt 0.180583 0.743489
vt 0.185186 0.773303
vt 0.238158 0.688353
vt 0.207225 0.705852
vt 0.211493 0.715945
vt 0.203718 0.729348
vt 0.234565 0.892460
vt 0.252433 0.911042
vt 0.191801 0.805856
vt 0.199574 0.835720
vt 0.280809 0.670620
vt 0.290160 0.684154
vt 0.288485 0.692838
vt 0.277570 0.677628
vt 0.221260 0.848983
vt 0.229491 0.858158
vt 0.205553 0.854727
vt 0.214896 0.851127
vt 0.271457 0.668535
vt 0.209358 0.710676
vt 0.310822 0.692147
vt 0.307848 0.692238
vt 0.316192 0.920838
vt 0.309813 0.644527
vt 0.297558 0.683782
vt 0.301481 0.683676
vt 0.302028 0.692415
vt 0.297452 0.692555
vt 0.287862 0.658494
vt 0.299320 0.666983
vt 0.273685 0.639862
vt 0.278042 0.636591
vt 0.286420 0.647905
vt 0.282202 0.652777
vt 0.291314 0.655116
vt 0.305131 0.683559
vt 0.304157 0.692351
vt 0.295751 0.653038
vt 0.285457 0.631383
vt 0.291875 0.643491
vt 0.229504 0.869087
vt 0.228071 0.867207
vt 0.233353 0.863006
vt 0.235170 0.865299
vt 0.208663 0.894833
vt 0.204105 0.889458
vt 0.209786 0.883885
vt 0.212874 0.886730
vt 0.218991 0.878314
vt 0.222816 0.871993
vt 0.213421 0.880050
vt 0.122880 0.180034
vt 0.122890 0.168315
vt 0.140188 0.168330
vt 0.140178 0.180049
vt 0.122798 0.860396
vt 0.122762 0.840218
vt 0.140061 0.840110
vt 0.140096 0.860366
vt 0.122903 0.153776
vt 0.140201 0.153790
vt 0.122970 0.958249
vt 0.122911 0.924840
vt 0.140209 0.924809
vt 0.140268 0.958219
vt 0.122711 0.728716
vt 0.122696 0.695895
vt 0.139994 0.695887
vt 0.140009 0.728708
vt 0.122725 0.760586
vt 0.140023 0.760578
vt 0.122683 0.666285
vt 0.139981 0.666278
vt 0.122852 0.891160
vt 0.140150 0.891130
vt 0.122922 0.131675
vt 0.122957 0.091751
vt 0.140255 0.091766
vt 0.140220 0.131691
vt 0.123023 0.988485
vt 0.140321 0.988455
vt 0.122988 0.056038
vt 0.123023 0.015982
vt 0.140321 0.015997
vt 0.140286 0.056054
vt 0.122910 0.145630
vt 0.140208 0.145645
vt 0.122740 0.793092
vt 0.140037 0.793084
vt 0.122750 0.817290
vt 0.122747 0.810335
vt 0.140045 0.810335
vt 0.140048 0.817326
vt 0.122744 0.803804
vt 0.140042 0.803771
vt 0.122914 0.140750
vt 0.140212 0.140765
vt 0.561597 0.132828
vt 0.568474 0.110208
vt 0.579141 0.118164
vt 0.574055 0.137188
vt 0.641457 0.256688
vt 0.635866 0.253602
vt 0.635999 0.240381
vt 0.643091 0.243658
vt 0.574860 0.096241
vt 0.583668 0.105658
vt 0.665117 0.271282
vt 0.658233 0.266981
vt 0.657461 0.243884
vt 0.663984 0.243725
vt 0.587094 0.077404
vt 0.590389 0.073756
vt 0.599683 0.081530
vt 0.595185 0.086995
vt 0.557236 0.159424
vt 0.569589 0.165493
vt 0.554728 0.187436
vt 0.570003 0.178307
vt 0.583898 0.081542
vt 0.589390 0.095097
vt 0.610453 0.238439
vt 0.586169 0.226930
vt 0.594311 0.216274
vt 0.612517 0.227063
vt 0.595870 0.067910
vt 0.613873 0.051872
vt 0.618750 0.062788
vt 0.607351 0.072904
vt 0.633231 0.038776
vt 0.653900 0.023782
vt 0.656661 0.043876
vt 0.647622 0.044114
vt 0.644463 0.258604
vt 0.646897 0.243836
vt 0.673879 0.011527
vt 0.670330 0.044845
vt 0.649533 0.261577
vt 0.650589 0.243921
vt 0.552177 0.214933
vt 0.588294 0.193609
vt 0.594539 0.098309
vt 0.589183 0.108146
vt 0.604236 0.085371
vt 0.599972 0.090650
vt 0.638563 0.234927
vt 0.644288 0.238225
vt 0.593832 0.190053
vt 0.600130 0.212158
vt 0.669670 0.050979
vt 0.656634 0.050033
vt 0.615401 0.222041
vt 0.576186 0.175744
vt 0.649304 0.050005
vt 0.622280 0.067289
vt 0.647334 0.238316
vt 0.584905 0.119984
vt 0.580123 0.138431
vt 0.657411 0.238257
vt 0.663835 0.238146
vt 0.611547 0.077051
vt 0.576513 0.165540
vt 0.650765 0.238311
vt 0.439869 0.731420
vt 0.431129 0.730282
vt 0.425140 0.719566
vt 0.432817 0.716321
vt 0.462817 0.734105
vt 0.449484 0.733462
vt 0.440342 0.713293
vt 0.466167 0.700917
vt 0.422966 0.696298
vt 0.425759 0.683539
vt 0.418504 0.708702
vt 0.420721 0.702886
vt 0.320114 0.620991
vt 0.317929 0.635390
vt 0.314837 0.650032
vt 0.313753 0.683353
vt 0.387208 0.676349
vt 0.391487 0.666095
vt 0.412940 0.868723
vt 0.403656 0.858639
vt 0.408848 0.851117
vt 0.415149 0.853400
vt 0.429701 0.877257
vt 0.423971 0.872952
vt 0.427070 0.856836
vt 0.440746 0.855268
vt 0.447992 0.835706
vt 0.434790 0.832478
vt 0.460291 0.768822
vt 0.447749 0.767632
vt 0.455247 0.804231
vt 0.441782 0.801367
vt 0.348737 0.656560
vt 0.354204 0.643582
vt 0.327940 0.927695
vt 0.340437 0.946530
vt 0.342706 0.969933
vt 0.368955 0.947394
vt 0.363114 0.931490
vt 0.392922 0.924130
vt 0.385202 0.912404
vt 0.403791 0.889193
vt 0.414660 0.898030
vt 0.435490 0.737185
vt 0.426697 0.736019
vt 0.397392 0.878924
vt 0.389693 0.878734
vt 0.385981 0.872408
vt 0.393554 0.873381
vt 0.331005 0.920345
vt 0.341323 0.936520
vt 0.358649 0.924695
vt 0.439913 0.768298
vt 0.443540 0.738153
vt 0.415088 0.701399
vt 0.383324 0.685162
vt 0.419592 0.724899
vt 0.411228 0.711733
vt 0.379118 0.907614
vt 0.395754 0.888206
vt 0.427732 0.830866
vt 0.434238 0.801460
vt 0.339950 0.669292
vt 0.343502 0.676140
vt 0.333366 0.691818
vt 0.331233 0.683245
vt 0.399067 0.853760
vt 0.406917 0.844471
vt 0.413254 0.846365
vt 0.422561 0.849574
vt 0.349196 0.666793
vt 0.413151 0.706341
vt 0.313800 0.692135
vt 0.323781 0.683229
vt 0.324260 0.692073
vt 0.319646 0.692105
vt 0.319843 0.683296
vt 0.332360 0.657498
vt 0.321277 0.666490
vt 0.345692 0.638249
vt 0.337760 0.651534
vt 0.333329 0.646854
vt 0.341193 0.635177
vt 0.328761 0.654277
vt 0.316182 0.683333
vt 0.317505 0.692118
vt 0.324238 0.652399
vt 0.333553 0.630306
vt 0.327683 0.642689
vt 0.399522 0.864700
vt 0.393680 0.861182
vt 0.395390 0.858799
vt 0.400862 0.862760
vt 0.421437 0.889079
vt 0.416842 0.881340
vt 0.419731 0.878381
vt 0.425602 0.883546
vt 0.410387 0.873349
vt 0.406300 0.867271
vt 0.415964 0.874792
vt 0.140168 0.191768
vt 0.122870 0.191753
vt 0.122626 0.472174
vt 0.139924 0.472190
vt 0.139907 0.492446
vt 0.122608 0.492353
vt 0.140155 0.206307
vt 0.122857 0.206292
vt 0.122711 0.374321
vt 0.140009 0.374336
vt 0.139980 0.407746
vt 0.122682 0.407731
vt 0.122656 0.603855
vt 0.139953 0.603847
vt 0.139968 0.636668
vt 0.122670 0.636676
vt 0.122642 0.571985
vt 0.139939 0.571977
vt 0.139950 0.441425
vt 0.122652 0.441411
vt 0.122838 0.228392
vt 0.140136 0.228407
vt 0.140101 0.268332
vt 0.122803 0.268316
vt 0.122737 0.344085
vt 0.140035 0.344100
vt 0.122772 0.304029
vt 0.140070 0.304044
vt 0.140148 0.214453
vt 0.122850 0.214437
vt 0.122627 0.539479
vt 0.139925 0.539471
vt 0.122616 0.515281
vt 0.139914 0.515229
vt 0.139917 0.522220
vt 0.122620 0.522236
vt 0.139920 0.528784
vt 0.122622 0.528767
vt 0.122846 0.219317
vt 0.140144 0.219332
vt 0.758522 0.146765
vt 0.746220 0.149417
vt 0.743747 0.130583
vt 0.755050 0.124557
vt 0.686521 0.254164
vt 0.684098 0.242480
vt 0.690091 0.239391
vt 0.691137 0.250780
vt 0.741423 0.117977
vt 0.751159 0.110400
vt 0.670439 0.243489
vt 0.671612 0.266103
vt 0.742414 0.090765
vt 0.733307 0.098561
vt 0.729882 0.092670
vt 0.739877 0.086826
vt 0.759742 0.172211
vt 0.747992 0.176484
vt 0.758762 0.196972
vt 0.746376 0.187552
vt 0.744802 0.095143
vt 0.737609 0.107113
vt 0.710312 0.236815
vt 0.708372 0.227879
vt 0.722805 0.219059
vt 0.729311 0.227904
vt 0.735682 0.080523
vt 0.724117 0.083242
vt 0.715249 0.071720
vt 0.721913 0.062567
vt 0.707290 0.046602
vt 0.692961 0.048556
vt 0.684042 0.046658
vt 0.690866 0.027675
vt 0.683942 0.256244
vt 0.680581 0.242836
vt 0.677097 0.243128
vt 0.679498 0.259637
vt 0.758551 0.220318
vt 0.728677 0.199247
vt 0.735840 0.119459
vt 0.732274 0.109381
vt 0.728196 0.101315
vt 0.724907 0.095585
vt 0.682995 0.237559
vt 0.687827 0.234906
vt 0.717738 0.215757
vt 0.723812 0.195610
vt 0.682842 0.052816
vt 0.705903 0.223891
vt 0.741246 0.184659
vt 0.711043 0.075229
vt 0.690374 0.053933
vt 0.679959 0.237658
vt 0.740286 0.149947
vt 0.737923 0.131514
vt 0.670203 0.237988
vt 0.719450 0.086393
vt 0.741807 0.176076
vt 0.676663 0.237783
vt 0.166397 0.007146
vt 0.223224 0.036089
vt 0.238348 0.025765
vt 0.277144 0.168774
vt 0.293204 0.177988
vt 0.300957 0.118788
vt 0.291454 0.115480
vt 0.241209 0.101694
vt 0.223234 0.088012
vt 0.179942 0.103278
vt 0.204506 0.117615
vt 0.205866 0.189227
vt 0.181673 0.205441
vt 0.254978 0.236960
vt 0.252351 0.207912
vt 0.298547 0.098048
vt 0.312670 0.119270
vt 0.210006 0.044411
vt 0.308097 0.186136
vt 0.262581 0.266139
vt 0.158351 0.221937
vt 0.154714 0.086941
vt 0.206664 0.074521
vt 0.633491 0.127013
vt 0.662580 0.177807
vt 0.686797 0.128232
vt 0.343124 0.830344
vt 0.304311 0.762574
vt 0.272000 0.828719
vt 0.663778 0.212233
vt 0.715175 0.110973
vt 0.603169 0.110973
vt 0.302713 0.716642
vt 0.234138 0.851746
vt 0.383580 0.851746
vt 0.383752 0.610970
vt 0.459569 0.650602
vt 0.450347 0.570491
vt 0.488154 0.692047
vt 0.471696 0.526893
vt 0.333786 0.615098
vt 0.881967 0.946446
vt 0.836344 0.946983
vt 0.865071 0.954520
vt 0.882063 0.954561
vt 0.817367 0.802769
vt 0.826088 0.814919
vt 0.840169 0.802394
vt 0.830753 0.786655
vt 0.854250 0.789869
vt 0.847068 0.773300
vt 0.861306 0.763514
vt 0.868332 0.777344
vt 0.879970 0.776872
vt 0.880121 0.789689
vt 0.880257 0.801254
vt 0.880410 0.814279
vt 0.794209 0.921354
vt 0.805910 0.939968
vt 0.798126 0.900145
vt 0.780494 0.920772
vt 0.783833 0.896155
vt 0.788366 0.870443
vt 0.802044 0.878937
vt 0.793329 0.847105
vt 0.805961 0.857729
vt 0.797554 0.831364
vt 0.809879 0.836520
vt 0.880663 0.835699
vt 0.880912 0.856889
vt 0.881161 0.878005
vt 0.881410 0.899164
vt 0.827208 0.960458
vt 0.802248 0.947600
vt 0.853900 0.974694
vt 0.780713 0.869153
vt 0.776182 0.897118
vt 0.865987 0.989112
vt 0.882470 0.989183
vt 0.870644 0.751485
vt 0.861503 0.753806
vt 0.790657 0.950149
vt 0.798245 0.956672
vt 0.777705 0.934072
vt 0.843009 0.765021
vt 0.824858 0.781543
vt 0.774040 0.926077
vt 0.822934 0.970168
vt 0.852922 0.986307
vt 0.810798 0.797101
vt 0.792007 0.826910
vt 0.787572 0.843081
vt 0.803763 0.806498
vt 0.797493 0.816052
vt 0.879651 0.749802
vt 0.899049 0.954119
vt 0.927590 0.945909
vt 0.943165 0.801288
vt 0.929404 0.785494
vt 0.920361 0.801450
vt 0.934733 0.813640
vt 0.912778 0.772527
vt 0.905988 0.789260
vt 0.898313 0.763078
vt 0.891616 0.777070
vt 0.969110 0.919294
vt 0.964694 0.898183
vt 0.957851 0.938179
vt 0.982807 0.918390
vt 0.978889 0.893858
vt 0.973752 0.868260
vt 0.960278 0.877073
vt 0.968241 0.845045
vt 0.955862 0.855963
vt 0.963646 0.829408
vt 0.951446 0.834853
vt 0.937041 0.959164
vt 0.961691 0.945722
vt 0.910692 0.974025
vt 0.986561 0.894641
vt 0.981372 0.866789
vt 0.898948 0.988723
vt 0.897888 0.753377
vt 0.888695 0.751272
vt 0.965906 0.954697
vt 0.973339 0.947997
vt 0.985909 0.931619
vt 0.935176 0.780244
vt 0.916641 0.764154
vt 0.989385 0.923541
vt 0.911943 0.985612
vt 0.941542 0.968771
vt 0.949598 0.795466
vt 0.973902 0.840887
vt 0.969087 0.824825
vt 0.963346 0.814098
vt 0.956853 0.804695
vt 0.292041 0.080496
vt 0.282181 0.074801
vt 0.282285 0.071870
vt 0.292334 0.072226
vt 0.272549 0.071525
vt 0.351976 0.120483
vt 0.319586 0.105518
vt 0.320730 0.073232
vt 0.353609 0.074397
vt 0.308904 0.098344
vt 0.309808 0.072845
vt 0.302127 0.088714
vt 0.302698 0.072593
vt 0.360362 0.141656
vt 0.368557 0.119892
vt 0.378679 0.105401
vt 0.370149 0.074983
vt 0.379744 0.075323
vt 0.479610 0.091726
vt 0.466502 0.091917
vt 0.466980 0.078413
vt 0.480065 0.078877
vt 0.437156 0.100485
vt 0.420080 0.089399
vt 0.420527 0.076767
vt 0.437974 0.077386
vt 0.542099 0.090665
vt 0.523276 0.098078
vt 0.523901 0.080430
vt 0.542439 0.081086
vt 0.394829 0.093309
vt 0.395447 0.075879
vt 0.494355 0.094651
vt 0.494895 0.079402
vt 0.452397 0.095566
vt 0.453022 0.077918
vt 0.404128 0.089707
vt 0.404607 0.076203
vt 0.510208 0.103292
vt 0.511034 0.079974
vt 0.574498 0.082222
vt 0.347774 0.580203
vt 0.312784 0.602643
vt 0.320677 0.579338
vt 0.353909 0.567087
vt 0.353097 0.553185
vt 0.324660 0.553050
vt 0.332075 0.468119
vt 0.344117 0.468274
vt 0.397695 0.540845
vt 0.378772 0.562590
vt 0.377818 0.548698
vt 0.398779 0.532987
vt 0.396494 0.521884
vt 0.373022 0.527171
vt 0.355903 0.465523
vt 0.366685 0.461324
vt 0.428403 0.493522
vt 0.420085 0.513459
vt 0.413062 0.499154
vt 0.428030 0.484641
vt 0.424505 0.476852
vt 0.406901 0.489220
vt 0.401240 0.482148
vt 0.418576 0.471056
vt 0.384055 0.445002
vt 0.375431 0.454414
vt 0.436633 0.437579
vt 0.441152 0.453305
vt 0.429043 0.448147
vt 0.432637 0.431592
vt 0.427424 0.428768
vt 0.420901 0.445442
vt 0.391580 0.426186
vt 0.388569 0.435954
vt 0.365457 0.423468
vt 0.366211 0.417033
vt 0.393656 0.418941
vt 0.368095 0.410658
vt 0.391988 0.409601
vt 0.375180 0.404837
vt 0.383736 0.404383
vt 0.364192 0.429325
vt 0.386698 0.441000
vt 0.363085 0.434058
vt 0.361003 0.438234
vt 0.358846 0.441845
vt 0.370750 0.458778
vt 0.355873 0.445517
vt 0.352680 0.448901
vt 0.350285 0.450934
vt 0.350232 0.467435
vt 0.346586 0.452957
vt 0.341924 0.454081
vt 0.333821 0.454923
vt 0.322058 0.465416
vt 0.323446 0.454736
vt 0.311666 0.459026
vt 0.311814 0.451064
vt 0.304165 0.448737
vt 0.175683 0.273143
vt 0.204622 0.262730
vt 0.198875 0.251156
vt 0.175565 0.262648
vt 0.207084 0.260680
vt 0.202441 0.250419
vt 0.207650 0.256493
vt 0.205941 0.253070
vt 0.166533 0.266346
vt 0.164391 0.289228
vt 0.166832 0.304774
vt 0.175388 0.304779
vt 0.169845 0.307577
vt 0.173556 0.307649
vt 0.147092 0.282271
vt 0.175669 0.257322
vt 0.173776 0.255025
vt 0.165012 0.265670
vt 0.170087 0.253823
vt 0.153185 0.267861
vt 0.421475 0.172914
vt 0.427490 0.163086
vt 0.428388 0.171080
vt 0.410034 0.161335
vt 0.419404 0.146027
vt 0.420766 0.157316
vt 0.391443 0.142411
vt 0.401075 0.130242
vt 0.413055 0.138435
vt 0.417062 0.121962
vt 0.419031 0.139556
vt 0.435161 0.139780
vt 0.432101 0.146906
vt 0.441592 0.119508
vt 0.426758 0.158337
vt 0.450080 0.144993
vt 0.461028 0.151323
vt 0.455135 0.160950
vt 0.444624 0.154526
vt 0.469913 0.115403
vt 0.479444 0.121237
vt 0.490228 0.103619
vt 0.433952 0.172050
vt 0.444419 0.178457
vt 0.442495 0.181599
vt 0.435806 0.177505
vt 0.425901 0.208710
vt 0.006644 0.158585
vt 0.006644 0.174356
vt 0.002913 0.174356
vt 0.002913 0.158585
vt 0.024528 0.988522
vt 0.024528 0.944404
vt 0.034202 0.944404
vt 0.034201 0.988522
vt 0.006644 0.185924
vt 0.002913 0.185924
vt 0.081838 0.689055
vt 0.066502 0.689055
vt 0.066502 0.817739
vt 0.081838 0.817738
vt 0.006644 0.111744
vt 0.006644 0.119949
vt 0.002913 0.119949
vt 0.002913 0.111744
vt 0.081838 0.563959
vt 0.066502 0.563959
vt 0.006644 0.321477
vt 0.006644 0.329327
vt 0.002912 0.329327
vt 0.002912 0.321477
vt 0.081838 0.550928
vt 0.066502 0.550928
vt 0.006644 0.393461
vt 0.006644 0.456777
vt 0.002912 0.456777
vt 0.002912 0.393461
vt 0.081838 0.533745
vt 0.066502 0.533745
vt 0.006644 0.310259
vt 0.002912 0.310259
vt 0.081838 0.518182
vt 0.066502 0.518182
vt 0.006644 0.357854
vt 0.006644 0.371634
vt 0.002912 0.371634
vt 0.002912 0.357854
vt 0.081838 0.500323
vt 0.066502 0.500323
vt 0.081838 0.485511
vt 0.066502 0.485511
vt 0.006644 0.243461
vt 0.002913 0.243461
vt 0.081838 0.379804
vt 0.066502 0.379804
vt 0.081838 0.358139
vt 0.066502 0.358139
vt 0.006644 0.567087
vt 0.006644 0.581416
vt 0.002912 0.581416
vt 0.002912 0.567087
vt 0.006644 0.878079
vt 0.006644 0.884657
vt 0.002912 0.884657
vt 0.002912 0.878079
vt 0.081838 0.346034
vt 0.066502 0.346034
vt 0.006644 0.673214
vt 0.006644 0.757584
vt 0.002912 0.757584
vt 0.002912 0.673214
vt 0.006644 0.893732
vt 0.002912 0.893732
vt 0.081838 0.330250
vt 0.066502 0.330250
vt 0.006644 0.553306
vt 0.002912 0.553306
vt 0.006644 0.902211
vt 0.002912 0.902211
vt 0.081838 0.240882
vt 0.066502 0.240882
vt 0.006644 0.622552
vt 0.006644 0.646902
vt 0.002912 0.646902
vt 0.002912 0.622552
vt 0.006644 0.911873
vt 0.002912 0.911873
vt 0.081838 0.191956
vt 0.066502 0.191956
vt 0.006644 0.921263
vt 0.002912 0.921263
vt 0.081839 0.091709
vt 0.066502 0.091709
vt 0.066502 0.185189
vt 0.081838 0.185189
vt 0.006644 0.468808
vt 0.002912 0.468808
vt 0.109402 0.499542
vt 0.093857 0.499542
vt 0.093857 0.453390
vt 0.109402 0.453390
vt 0.006644 0.928721
vt 0.002912 0.928721
vt 0.093857 0.397157
vt 0.109402 0.397157
vt 0.006644 0.964285
vt 0.002912 0.964285
vt 0.081839 0.015869
vt 0.066502 0.015869
vt 0.093857 0.348711
vt 0.109402 0.348711
vt 0.006644 0.970152
vt 0.002912 0.970152
vt 0.081838 0.863425
vt 0.066502 0.863425
vt 0.066502 0.985180
vt 0.081839 0.985180
vt 0.109402 0.282834
vt 0.109402 0.313332
vt 0.093857 0.313332
vt 0.093857 0.282834
vt 0.006644 0.993468
vt 0.002913 0.993468
vt 0.002913 0.977275
vt 0.006644 0.977275
vt 0.081838 0.846688
vt 0.066502 0.846688
vt 0.081838 0.831588
vt 0.066502 0.831588
vt 0.109402 0.239650
vt 0.093857 0.239650
vt 0.006644 0.017036
vt 0.002913 0.017036
vt 0.002913 0.004010
vt 0.006644 0.004010
vt 0.109402 0.227703
vt 0.093857 0.227703
vt 0.006644 0.025526
vt 0.002913 0.025526
vt 0.093857 0.214966
vt 0.109403 0.214966
vt 0.006644 0.058872
vt 0.002913 0.058872
vt 0.093857 0.179697
vt 0.109403 0.179697
vt 0.006644 0.064198
vt 0.002913 0.064198
vt 0.093857 0.157178
vt 0.109403 0.157178
vt 0.006644 0.068943
vt 0.002913 0.068943
vt 0.093857 0.145233
vt 0.109403 0.145233
vt 0.006644 0.860928
vt 0.006644 0.865737
vt 0.002912 0.865737
vt 0.002912 0.860928
vt 0.093857 0.135790
vt 0.109403 0.135790
vt 0.006644 0.856309
vt 0.002912 0.856309
vt 0.093857 0.113146
vt 0.109402 0.113146
vt 0.006644 0.871668
vt 0.002912 0.871668
vt 0.093857 0.099091
vt 0.109402 0.099091
vt 0.093857 0.087992
vt 0.109402 0.087992
vt 0.006644 0.232381
vt 0.006644 0.238715
vt 0.002913 0.238715
vt 0.002913 0.232381
vt 0.093857 0.076671
vt 0.109402 0.076671
vt 0.093857 0.012335
vt 0.109402 0.012335
vt 0.006644 0.462700
vt 0.002912 0.462700
vt 0.024528 0.547014
vt 0.024528 0.529871
vt 0.034202 0.529871
vt 0.034202 0.547014
vt 0.024528 0.562531
vt 0.034202 0.562531
vt 0.006644 0.767852
vt 0.002912 0.767852
vt 0.024528 0.579486
vt 0.034202 0.579486
vt 0.006644 0.779924
vt 0.002912 0.779924
vt 0.024528 0.626504
vt 0.034202 0.626504
vt 0.006644 0.792525
vt 0.002912 0.792525
vt 0.024528 0.514866
vt 0.034202 0.514866
vt 0.006644 0.812509
vt 0.006644 0.822777
vt 0.002912 0.822777
vt 0.002912 0.812509
vt 0.024528 0.501460
vt 0.034202 0.501460
vt 0.006644 0.800437
vt 0.002912 0.800437
vt 0.024528 0.656513
vt 0.034202 0.656513
vt 0.006644 0.835586
vt 0.006644 0.839758
vt 0.002912 0.839758
vt 0.002912 0.835586
vt 0.024528 0.687158
vt 0.034202 0.687158
vt 0.006644 0.830840
vt 0.002912 0.830840
vt 0.024528 0.710449
vt 0.034202 0.710449
vt 0.024528 0.737036
vt 0.034202 0.737036
vt 0.006644 0.847471
vt 0.006644 0.852147
vt 0.002912 0.852147
vt 0.002912 0.847471
vt 0.024528 0.750176
vt 0.034202 0.750176
vt 0.006644 0.842867
vt 0.002912 0.842867
vt 0.024528 0.771199
vt 0.034202 0.771199
vt 0.024528 0.798028
vt 0.034202 0.798028
vt 0.024528 0.819132
vt 0.034202 0.819132
vt 0.024528 0.838330
vt 0.034202 0.838330
vt 0.006644 0.194889
vt 0.002913 0.194889
vt 0.024528 0.855605
vt 0.034202 0.855605
vt 0.006644 0.128410
vt 0.006644 0.137207
vt 0.002913 0.137207
vt 0.002913 0.128410
vt 0.024528 0.875414
vt 0.034202 0.875414
vt 0.024528 0.899205
vt 0.034202 0.899205
vt 0.024528 0.917746
vt 0.034202 0.917746
vt 0.292627 0.063956
vt 0.282389 0.068939
vt 0.355241 0.028310
vt 0.321873 0.040946
vt 0.310711 0.047346
vt 0.303269 0.056472
vt 0.365105 0.007784
vt 0.371740 0.030074
vt 0.380810 0.045244
vt 0.480521 0.066027
vt 0.467458 0.064909
vt 0.438792 0.054286
vt 0.420975 0.064136
vt 0.542778 0.071508
vt 0.524526 0.062782
vt 0.396064 0.058449
vt 0.495436 0.064153
vt 0.453648 0.060271
vt 0.405085 0.062699
vt 0.511860 0.056656
vt 0.401208 0.205789
vt 0.403783 0.220038
vt 0.374792 0.199690
vt 0.373126 0.175142
vt 0.399440 0.233269
vt 0.371915 0.226122
vt 0.369029 0.313054
vt 0.357348 0.310123
vt 0.439395 0.256612
vt 0.438432 0.264485
vt 0.422190 0.243933
vt 0.426667 0.230748
vt 0.433381 0.274634
vt 0.412044 0.263516
vt 0.389068 0.325549
vt 0.379718 0.318730
vt 0.456970 0.310217
vt 0.454336 0.318707
vt 0.443581 0.300847
vt 0.454031 0.288815
vt 0.448936 0.325335
vt 0.435083 0.308873
vt 0.441721 0.329421
vt 0.427801 0.314261
vt 0.401682 0.345772
vt 0.395754 0.334467
vt 0.450609 0.366404
vt 0.445214 0.371168
vt 0.445976 0.354245
vt 0.459002 0.352357
vt 0.439452 0.372565
vt 0.437413 0.354777
vt 0.404141 0.365887
vt 0.403730 0.355674
vt 0.404294 0.373422
vt 0.377274 0.368243
vt 0.378192 0.361830
vt 0.400290 0.382025
vt 0.377464 0.374888
vt 0.382824 0.382328
vt 0.390978 0.384957
vt 0.378468 0.355843
vt 0.403213 0.350317
vt 0.378610 0.350986
vt 0.377665 0.346415
vt 0.376504 0.342373
vt 0.392345 0.329049
vt 0.374570 0.338062
vt 0.372349 0.333974
vt 0.370554 0.331395
vt 0.374726 0.315430
vt 0.367497 0.328493
vt 0.363277 0.326214
vt 0.355659 0.323326
vt 0.346973 0.310172
vt 0.345583 0.320852
vt 0.335292 0.313690
vt 0.333397 0.321425
vt 0.325408 0.321717
vt 0.240738 0.148895
vt 0.232713 0.155661
vt 0.239236 0.180817
vt 0.251754 0.177610
vt 0.241007 0.184000
vt 0.251809 0.180813
vt 0.249009 0.183976
vt 0.245300 0.184918
vt 0.229614 0.146406
vt 0.245543 0.129839
vt 0.264501 0.128009
vt 0.258909 0.121534
vt 0.262999 0.121984
vt 0.265478 0.124747
vt 0.228976 0.121283
vt 0.228748 0.159218
vt 0.228110 0.145696
vt 0.225773 0.159285
vt 0.222453 0.157276
vt 0.222043 0.135309
vt 0.459792 0.196369
vt 0.458281 0.189378
vt 0.465808 0.186541
vt 0.475308 0.201289
vt 0.474005 0.189904
vt 0.484678 0.185982
vt 0.500618 0.209238
vt 0.494327 0.188182
vt 0.507073 0.195124
vt 0.507175 0.177121
vt 0.490611 0.183371
vt 0.478120 0.175074
vt 0.483074 0.169107
vt 0.498202 0.154159
vt 0.470370 0.185032
vt 0.471644 0.158193
vt 0.465637 0.167388
vt 0.488975 0.127071
vt 0.454886 0.184864
vt 0.449185 0.185694
vt 0.013567 0.157499
vt 0.009831 0.157499
vt 0.009831 0.173290
vt 0.013567 0.173290
vt 0.024528 0.014397
vt 0.034202 0.014397
vt 0.034202 0.058516
vt 0.024528 0.058516
vt 0.009831 0.184872
vt 0.013567 0.184872
vt 0.042498 0.461342
vt 0.042498 0.588611
vt 0.057666 0.588611
vt 0.057666 0.461342
vt 0.013567 0.110600
vt 0.009831 0.110600
vt 0.009831 0.118816
vt 0.013567 0.118816
vt 0.042498 0.337620
vt 0.057666 0.337620
vt 0.013567 0.320591
vt 0.009831 0.320591
vt 0.009831 0.328451
vt 0.013567 0.328451
vt 0.042498 0.324732
vt 0.057666 0.324732
vt 0.013567 0.392663
vt 0.009831 0.392663
vt 0.009831 0.456058
vt 0.013567 0.456058
vt 0.042498 0.307738
vt 0.057666 0.307738
vt 0.013567 0.309359
vt 0.009831 0.309359
vt 0.042498 0.292345
vt 0.057666 0.292345
vt 0.013567 0.357013
vt 0.009831 0.357013
vt 0.009831 0.370810
vt 0.013567 0.370810
vt 0.042498 0.274683
vt 0.057666 0.274683
vt 0.042498 0.260034
vt 0.057666 0.260034
vt 0.013567 0.242479
vt 0.009831 0.242479
vt 0.042498 0.155489
vt 0.057666 0.155489
vt 0.042498 0.134062
vt 0.057666 0.134062
vt 0.013567 0.566503
vt 0.009831 0.566503
vt 0.009831 0.580850
vt 0.013567 0.580850
vt 0.013567 0.877877
vt 0.009831 0.877877
vt 0.009831 0.884463
vt 0.013567 0.884463
vt 0.042498 0.122089
vt 0.057666 0.122089
vt 0.013567 0.672760
vt 0.009831 0.672760
vt 0.009831 0.757234
vt 0.013567 0.757234
vt 0.009831 0.893549
vt 0.013567 0.893549
vt 0.042498 0.106479
vt 0.057666 0.106479
vt 0.013567 0.552705
vt 0.009831 0.552705
vt 0.009831 0.902039
vt 0.013567 0.902039
vt 0.042498 0.018093
vt 0.057666 0.018093
vt 0.013567 0.622036
vt 0.009831 0.622036
vt 0.009831 0.646416
vt 0.013567 0.646416
vt 0.009831 0.911712
vt 0.013567 0.911712
vt 0.042498 0.928365
vt 0.042498 0.976754
vt 0.057666 0.976754
vt 0.057666 0.928365
vt 0.009831 0.921114
vt 0.013567 0.921114
vt 0.042498 0.829220
vt 0.042498 0.921672
vt 0.057666 0.921672
vt 0.057666 0.829220
vt 0.013567 0.468103
vt 0.009831 0.468103
vt 0.109402 0.545694
vt 0.093857 0.545694
vt 0.009831 0.928581
vt 0.013567 0.928581
vt 0.109402 0.601928
vt 0.093857 0.601928
vt 0.013567 0.964189
vt 0.009831 0.964189
vt 0.042498 0.754212
vt 0.057666 0.754212
vt 0.109402 0.650373
vt 0.093857 0.650373
vt 0.013567 0.970063
vt 0.009831 0.970063
vt 0.042497 0.633796
vt 0.057666 0.633796
vt 0.109402 0.716250
vt 0.093857 0.716250
vt 0.093857 0.685752
vt 0.109402 0.685752
vt 0.013567 0.993408
vt 0.013567 0.977195
vt 0.009831 0.977195
vt 0.009831 0.993408
vt 0.042497 0.617242
vt 0.057666 0.617242
vt 0.042498 0.602308
vt 0.057666 0.602308
vt 0.109402 0.759434
vt 0.093857 0.759434
vt 0.013567 0.015776
vt 0.013567 0.002734
vt 0.009831 0.002734
vt 0.009831 0.015776
vt 0.109402 0.771381
vt 0.093857 0.771381
vt 0.013567 0.024277
vt 0.009831 0.024277
vt 0.109402 0.784118
vt 0.093857 0.784118
vt 0.013567 0.057663
vt 0.009831 0.057663
vt 0.109402 0.819387
vt 0.093857 0.819387
vt 0.009831 0.062996
vt 0.013567 0.062996
vt 0.109402 0.841906
vt 0.093857 0.841906
vt 0.009831 0.067747
vt 0.013567 0.067747
vt 0.109402 0.853851
vt 0.093857 0.853851
vt 0.013567 0.860704
vt 0.009831 0.860704
vt 0.009831 0.865520
vt 0.013567 0.865520
vt 0.109402 0.863295
vt 0.093857 0.863295
vt 0.013567 0.856080
vt 0.009831 0.856080
vt 0.109402 0.885939
vt 0.093857 0.885939
vt 0.009831 0.871458
vt 0.013567 0.871458
vt 0.109402 0.899994
vt 0.093857 0.899994
vt 0.109403 0.911092
vt 0.093857 0.911092
vt 0.013567 0.231386
vt 0.009831 0.231386
vt 0.009831 0.237728
vt 0.013567 0.237728
vt 0.109403 0.922413
vt 0.093857 0.922413
vt 0.109402 0.986750
vt 0.093857 0.986750
vt 0.009831 0.461987
vt 0.013567 0.461987
vt 0.024528 0.455905
vt 0.034202 0.455905
vt 0.034202 0.473049
vt 0.024528 0.473049
vt 0.024528 0.440388
vt 0.034202 0.440388
vt 0.009831 0.767514
vt 0.013567 0.767514
vt 0.024528 0.423433
vt 0.034202 0.423433
vt 0.009831 0.779601
vt 0.013567 0.779601
vt 0.024528 0.376416
vt 0.034202 0.376416
vt 0.009831 0.792218
vt 0.013567 0.792218
vt 0.034202 0.488054
vt 0.024528 0.488054
vt 0.013567 0.812226
vt 0.009831 0.812226
vt 0.009831 0.822507
vt 0.013567 0.822507
vt 0.013567 0.800140
vt 0.009831 0.800140
vt 0.024528 0.346407
vt 0.034202 0.346407
vt 0.013567 0.835331
vt 0.009831 0.835331
vt 0.009831 0.839508
vt 0.013567 0.839508
vt 0.024528 0.315762
vt 0.034202 0.315762
vt 0.013567 0.830580
vt 0.009831 0.830580
vt 0.024528 0.292471
vt 0.034202 0.292471
vt 0.024528 0.265884
vt 0.034202 0.265884
vt 0.013567 0.847232
vt 0.009831 0.847232
vt 0.009831 0.851913
vt 0.013567 0.851913
vt 0.024528 0.252744
vt 0.034202 0.252744
vt 0.013567 0.842621
vt 0.009831 0.842621
vt 0.024528 0.231720
vt 0.034202 0.231720
vt 0.024528 0.204892
vt 0.034202 0.204892
vt 0.024528 0.183788
vt 0.034202 0.183788
vt 0.024528 0.164590
vt 0.034202 0.164590
vt 0.013567 0.193848
vt 0.009831 0.193848
vt 0.024528 0.147315
vt 0.034202 0.147315
vt 0.013567 0.127287
vt 0.009831 0.127287
vt 0.009831 0.136095
vt 0.013567 0.136095
vt 0.024528 0.127506
vt 0.034202 0.127506
vt 0.024528 0.103715
vt 0.034202 0.103715
vt 0.024528 0.085174
vt 0.034202 0.085174
vt 0.885559 0.697199
vt 0.839664 0.697739
vt 0.868562 0.705320
vt 0.885655 0.705362
vt 0.820574 0.552667
vt 0.829347 0.564889
vt 0.843512 0.552289
vt 0.834040 0.536457
vt 0.857677 0.539690
vt 0.850452 0.523023
vt 0.864775 0.513178
vt 0.871842 0.527090
vt 0.883550 0.526615
vt 0.883701 0.539508
vt 0.883838 0.551142
vt 0.883993 0.564245
vt 0.797278 0.671957
vt 0.809048 0.690682
vt 0.801219 0.650622
vt 0.783482 0.671372
vt 0.786840 0.646609
vt 0.791401 0.620743
vt 0.805160 0.629288
vt 0.796393 0.597267
vt 0.809100 0.607953
vt 0.800643 0.581432
vt 0.813041 0.586619
vt 0.884247 0.585793
vt 0.884498 0.607109
vt 0.884748 0.628350
vt 0.884998 0.649635
vt 0.830473 0.711294
vt 0.805365 0.698359
vt 0.857325 0.725615
vt 0.783702 0.619445
vt 0.779144 0.647577
vt 0.869483 0.740118
vt 0.886065 0.740190
vt 0.874168 0.501077
vt 0.864973 0.503412
vt 0.793705 0.700924
vt 0.801339 0.707485
vt 0.780676 0.684750
vt 0.846368 0.514694
vt 0.828110 0.531315
vt 0.776989 0.676709
vt 0.826175 0.721062
vt 0.856341 0.737297
vt 0.813966 0.546965
vt 0.795063 0.576951
vt 0.790602 0.593219
vt 0.806889 0.556418
vt 0.800582 0.566028
vt 0.883229 0.499385
vt 0.902742 0.704917
vt 0.931453 0.696658
vt 0.947121 0.551176
vt 0.933277 0.535288
vt 0.924181 0.551339
vt 0.938639 0.563602
vt 0.916553 0.522244
vt 0.909723 0.539077
vt 0.902002 0.512739
vt 0.895265 0.526814
vt 0.973220 0.669885
vt 0.968778 0.648649
vt 0.961894 0.688882
vt 0.986999 0.668975
vt 0.983058 0.644298
vt 0.977890 0.618547
vt 0.964336 0.627413
vt 0.972346 0.595194
vt 0.959894 0.606177
vt 0.967724 0.579464
vt 0.955451 0.584941
vt 0.940961 0.709992
vt 0.965757 0.696470
vt 0.914454 0.724942
vt 0.990776 0.645085
vt 0.985556 0.617068
vt 0.902641 0.739727
vt 0.901574 0.502981
vt 0.892327 0.500863
vt 0.969997 0.705498
vt 0.977475 0.698759
vt 0.990119 0.682284
vt 0.939084 0.530008
vt 0.920439 0.513821
vt 0.993616 0.674157
vt 0.915713 0.736598
vt 0.945488 0.719656
vt 0.953593 0.545320
vt 0.978040 0.591011
vt 0.973197 0.574853
vt 0.967422 0.564063
vt 0.960890 0.554604
vt 0.693891 0.683670
vt 0.755358 0.683405
vt 0.755358 0.748086
vt 0.693889 0.747819
vt 0.690578 0.747819
vt 0.690579 0.683670
vt 0.758640 0.924805
vt 0.758670 0.748087
vt 0.761859 0.748087
vt 0.761830 0.924805
vt 0.499385 0.601883
vt 0.499399 0.605117
vt 0.664081 0.604400
vt 0.664067 0.601166
vt 0.690587 0.914350
vt 0.687397 0.914350
vt 0.687388 0.747819
vt 0.426212 0.982543
vt 0.426227 0.985909
vt 0.669109 0.984852
vt 0.669095 0.981485
vt 0.693898 0.914350
vt 0.755328 0.924804
vt 0.758670 0.683405
vt 0.664067 0.535567
vt 0.499385 0.534850
vt 0.758645 0.507718
vt 0.761835 0.507718
vt 0.761859 0.683404
vt 0.664081 0.532333
vt 0.499399 0.531616
vt 0.687390 0.683669
vt 0.687403 0.518170
vt 0.690593 0.518170
vt 0.426212 0.914830
vt 0.669095 0.915888
vt 0.669109 0.912521
vt 0.426227 0.911464
vt 0.693904 0.518171
vt 0.755333 0.507719
vt 0.229046 0.496488
vt 0.227720 0.609765
vt 0.170128 0.593147
vt 0.198359 0.496349
vt 0.259724 0.497397
vt 0.284597 0.594958
vt 0.229276 0.482360
vt 0.260130 0.483195
vt 0.156460 0.589161
vt 0.184690 0.492363
vt 0.273500 0.493884
vt 0.298373 0.591446
vt 0.227940 0.622690
vt 0.166234 0.607862
vt 0.287783 0.607565
vt 0.198451 0.482159
vt 0.463760 0.505858
vt 0.502910 0.505739
vt 0.502801 0.512499
vt 0.463908 0.512603
vt 0.543419 0.506234
vt 0.543420 0.512998
vt 0.505097 0.512959
vt 0.505166 0.506262
vt 0.461642 0.513086
vt 0.461485 0.506382
vt 0.503648 0.225025
vt 0.503389 0.218324
vt 0.505677 0.217828
vt 0.505834 0.224404
vt 0.543361 0.224802
vt 0.543420 0.218052
vt 0.464356 0.225342
vt 0.464607 0.218728
vt 0.502580 0.257157
vt 0.466003 0.256899
vt 0.502997 0.290781
vt 0.465499 0.290485
vt 0.502605 0.327441
vt 0.465691 0.326933
vt 0.502493 0.364933
vt 0.465402 0.364302
vt 0.502773 0.403046
vt 0.464662 0.402697
vt 0.502371 0.439804
vt 0.464943 0.439383
vt 0.502667 0.474728
vt 0.464294 0.474455
vt 0.504873 0.475286
vt 0.543193 0.475054
vt 0.504610 0.440247
vt 0.542839 0.440003
vt 0.505034 0.403327
vt 0.542789 0.403169
vt 0.504792 0.365013
vt 0.542595 0.364803
vt 0.504839 0.327234
vt 0.542472 0.327110
vt 0.505212 0.290358
vt 0.542629 0.290498
vt 0.504736 0.256544
vt 0.542848 0.256412
vt 0.462158 0.224738
vt 0.463859 0.256316
vt 0.463270 0.290049
vt 0.463449 0.326709
vt 0.463098 0.364355
vt 0.462369 0.402963
vt 0.462693 0.439811
vt 0.462045 0.474999
vt 0.462412 0.218224
vt 0.557617 0.417364
vt 0.598531 0.408168
vt 0.599018 0.383526
vt 0.557639 0.376455
vt 0.763532 0.376151
vt 0.722544 0.385394
vt 0.722074 0.410079
vt 0.763532 0.417163
vt 0.573210 0.455231
vt 0.607521 0.431085
vt 0.747847 0.338222
vt 0.713535 0.362449
vt 0.602141 0.484297
vt 0.624616 0.448820
vt 0.718773 0.309217
vt 0.696467 0.344722
vt 0.640055 0.500076
vt 0.647213 0.458670
vt 0.639794 0.293699
vt 0.649066 0.334659
vt 0.673747 0.335132
vt 0.680821 0.293666
vt 0.681157 0.500049
vt 0.671831 0.459142
vt 0.601916 0.309477
vt 0.626170 0.343610
vt 0.719021 0.484192
vt 0.694682 0.449870
vt 0.573123 0.338609
vt 0.608647 0.360837
vt 0.747984 0.455095
vt 0.712464 0.432791
vt 0.636854 0.391681
vt 0.640593 0.383042
vt 0.684103 0.401939
vt 0.680376 0.410610
vt 0.636667 0.401082
vt 0.684298 0.392516
vt 0.640097 0.409853
vt 0.680860 0.383727
vt 0.646636 0.416656
vt 0.674303 0.376914
vt 0.655296 0.420448
vt 0.656185 0.372992
vt 0.665614 0.373168
vt 0.664767 0.420641
vt 0.647384 0.376462
vt 0.673555 0.417153
vt 0.495440 0.795435
vt 0.514973 0.791886
vt 0.519597 0.812627
vt 0.502573 0.818171
vt 0.492353 0.771015
vt 0.513353 0.770929
vt 0.495239 0.746569
vt 0.514802 0.749958
vt 0.502185 0.723773
vt 0.519256 0.729178
vt 0.511624 0.702480
vt 0.526067 0.708340
vt 0.521822 0.681822
vt 0.534222 0.686916
vt 0.530974 0.660629
vt 0.542163 0.664441
vt 0.537947 0.638348
vt 0.548420 0.641468
vt 0.531866 0.881068
vt 0.543023 0.877168
vt 0.549463 0.900085
vt 0.539017 0.903289
vt 0.522546 0.859954
vt 0.534903 0.854760
vt 0.512183 0.839383
vt 0.526576 0.833407
vt 0.534629 0.809032
vt 0.539619 0.829344
vt 0.531568 0.789714
vt 0.530589 0.770858
vt 0.531414 0.751994
vt 0.534318 0.732651
vt 0.539144 0.712297
vt 0.545378 0.690449
vt 0.551804 0.667082
vt 0.556878 0.643591
vt 0.552641 0.874450
vt 0.557902 0.897895
vt 0.546028 0.851138
vt 0.548209 0.806747
vt 0.551513 0.826708
vt 0.546279 0.788357
vt 0.545692 0.770797
vt 0.546137 0.753233
vt 0.547917 0.734827
vt 0.551061 0.714837
vt 0.555366 0.692736
vt 0.560028 0.668764
vt 0.563766 0.644922
vt 0.560850 0.872702
vt 0.564778 0.896510
vt 0.555996 0.848771
vt 0.560787 0.805433
vt 0.562562 0.825197
vt 0.559772 0.787548
vt 0.559448 0.770741
vt 0.559636 0.753932
vt 0.560507 0.736039
vt 0.562123 0.716260
vt 0.564474 0.694032
vt 0.567216 0.669725
vt 0.569592 0.645703
vt 0.568028 0.871683
vt 0.570597 0.895681
vt 0.565092 0.847402
vt 0.572688 0.804912
vt 0.573050 0.824502
vt 0.572458 0.787287
vt 0.572282 0.770690
vt 0.572325 0.754091
vt 0.572412 0.736464
vt 0.572617 0.716870
vt 0.573069 0.694664
vt 0.573884 0.670249
vt 0.574951 0.646076
vt 0.574691 0.871105
vt 0.575952 0.895265
vt 0.573680 0.846701
vt 0.584137 0.805047
vt 0.583230 0.824598
vt 0.584638 0.787371
vt 0.584680 0.770640
vt 0.584504 0.753910
vt 0.583861 0.736238
vt 0.582797 0.716693
vt 0.581536 0.694613
vt 0.580579 0.670334
vt 0.580390 0.646163
vt 0.581384 0.870967
vt 0.581389 0.895136
vt 0.582146 0.846685
vt 0.595350 0.805748
vt 0.593311 0.825377
vt 0.596548 0.787766
vt 0.596828 0.770591
vt 0.596411 0.753419
vt 0.595069 0.735446
vt 0.592872 0.715833
vt 0.590150 0.693946
vt 0.587692 0.669998
vt 0.586332 0.645957
vt 0.588498 0.871246
vt 0.587331 0.895293
vt 0.590765 0.847282
vt 0.606496 0.806955
vt 0.603441 0.826758
vt 0.608384 0.788450
vt 0.608926 0.770543
vt 0.608241 0.752640
vt 0.606205 0.734151
vt 0.602992 0.714370
vt 0.599075 0.692711
vt 0.595436 0.669229
vt 0.593031 0.645414
vt 0.596247 0.871953
vt 0.594033 0.895783
vt 0.599697 0.848446
vt 0.617696 0.808628
vt 0.613701 0.828675
vt 0.620316 0.789425
vt 0.621197 0.770494
vt 0.620166 0.751570
vt 0.617392 0.732388
vt 0.613237 0.712372
vt 0.608357 0.690961
vt 0.603861 0.668032
vt 0.600588 0.644489
vt 0.604680 0.873082
vt 0.601596 0.896647
vt 0.608993 0.850121
vt 0.628887 0.810558
vt 0.623962 0.830910
vt 0.632357 0.790505
vt 0.633922 0.770444
vt 0.632198 0.750395
vt 0.628569 0.730369
vt 0.623482 0.710055
vt 0.617792 0.688904
vt 0.612719 0.666601
vt 0.608537 0.643188
vt 0.613548 0.874442
vt 0.609555 0.897884
vt 0.618442 0.852103
vt 0.616953 0.875013
vt 0.613083 0.899487
vt 0.645959 0.727121
vt 0.650170 0.748448
vt 0.640258 0.749572
vt 0.636244 0.728956
vt 0.640973 0.834665
vt 0.635295 0.855684
vt 0.625502 0.853515
vt 0.631276 0.832470
vt 0.646301 0.813668
vt 0.636572 0.811910
vt 0.626451 0.709347
vt 0.631462 0.729804
vt 0.626725 0.642459
vt 0.629370 0.663850
vt 0.619745 0.665448
vt 0.616012 0.640964
vt 0.635237 0.790801
vt 0.631785 0.811100
vt 0.650343 0.792310
vt 0.640423 0.791264
vt 0.612054 0.641557
vt 0.616120 0.666003
vt 0.640464 0.706163
vt 0.630783 0.708436
vt 0.635076 0.750076
vt 0.630218 0.877060
vt 0.627745 0.898468
vt 0.617046 0.900048
vt 0.620583 0.875539
vt 0.620900 0.688193
vt 0.624841 0.687435
vt 0.621556 0.852789
vt 0.626937 0.831594
vt 0.636564 0.770433
vt 0.641917 0.770412
vt 0.652775 0.770370
vt 0.634618 0.685188
vt 0.848143 0.031474
vt 0.848910 0.041564
vt 0.832599 0.042736
vt 0.831751 0.033376
vt 0.864480 0.030201
vt 0.864904 0.040745
vt 0.880627 0.029896
vt 0.880641 0.040346
vt 0.896775 0.030156
vt 0.896380 0.040702
vt 0.913116 0.031385
vt 0.912376 0.041477
vt 0.929512 0.033242
vt 0.928690 0.042603
vt 0.945944 0.035120
vt 0.945346 0.043742
vt 0.962454 0.036274
vt 0.962361 0.044420
vt 0.979144 0.035881
vt 0.980122 0.044069
vt 0.798817 0.036500
vt 0.798934 0.044645
vt 0.781171 0.044343
vt 0.782127 0.036152
vt 0.815325 0.035300
vt 0.815946 0.043921
vt 0.849286 0.050591
vt 0.833029 0.051310
vt 0.865096 0.050074
vt 0.880655 0.049850
vt 0.896214 0.050031
vt 0.912025 0.050505
vt 0.928284 0.051178
vt 0.945068 0.051828
vt 0.962365 0.052117
vt 0.980191 0.051877
vt 0.798951 0.052342
vt 0.781124 0.052152
vt 0.816247 0.052006
vt 0.849544 0.059660
vt 0.833289 0.059985
vt 0.865268 0.059410
vt 0.880668 0.059301
vt 0.896067 0.059368
vt 0.911792 0.059574
vt 0.928047 0.059854
vt 0.944930 0.060084
vt 0.962405 0.060089
vt 0.980295 0.059816
vt 0.798932 0.060314
vt 0.781042 0.060091
vt 0.816407 0.060261
vt 0.849607 0.069218
vt 0.833347 0.069168
vt 0.865306 0.069218
vt 0.880681 0.069183
vt 0.896057 0.069176
vt 0.911756 0.069132
vt 0.928015 0.069038
vt 0.944950 0.068860
vt 0.962508 0.068560
vt 0.980415 0.068185
vt 0.798854 0.068786
vt 0.780945 0.068460
vt 0.816411 0.069037
vt 0.849494 0.079567
vt 0.833195 0.079224
vt 0.865247 0.079765
vt 0.880696 0.079797
vt 0.896144 0.079722
vt 0.911897 0.079481
vt 0.928195 0.079093
vt 0.945157 0.078596
vt 0.962726 0.078050
vt 0.980618 0.077553
vt 0.798661 0.078277
vt 0.780768 0.077829
vt 0.816232 0.078774
vt 0.849229 0.091054
vt 0.832857 0.090532
vt 0.865107 0.091376
vt 0.880712 0.091455
vt 0.896317 0.091333
vt 0.912194 0.090967
vt 0.928565 0.090400
vt 0.945542 0.089713
vt 0.963075 0.089019
vt 0.980920 0.088431
vt 0.798342 0.089246
vt 0.780496 0.088708
vt 0.815877 0.089892
vt 0.848851 0.104067
vt 0.832375 0.103480
vt 0.864906 0.104438
vt 0.880730 0.104540
vt 0.896554 0.104394
vt 0.912608 0.103979
vt 0.929082 0.103347
vt 0.946074 0.102597
vt 0.963548 0.101859
vt 0.981316 0.101242
vt 0.797905 0.102087
vt 0.780135 0.101519
vt 0.815381 0.102778
vt 0.848405 0.119020
vt 0.831806 0.118459
vt 0.864669 0.119380
vt 0.880751 0.119482
vt 0.896832 0.119335
vt 0.913094 0.118931
vt 0.929692 0.118324
vt 0.946704 0.117612
vt 0.964106 0.116916
vt 0.981771 0.116333
vt 0.797388 0.117146
vt 0.779722 0.116612
vt 0.814792 0.117794
vt 0.864240 0.156664
vt 0.847579 0.156423
vt 0.880802 0.156734
vt 0.897364 0.156619
vt 0.914024 0.156332
vt 0.930870 0.155915
vt 0.947949 0.155434
vt 0.965256 0.154960
vt 0.982745 0.154552
vt 0.796343 0.155193
vt 0.778853 0.154833
vt 0.813651 0.155620
vt 0.830732 0.156054
vt 0.847029 0.206566
vt 0.830003 0.206420
vt 0.863968 0.206661
vt 0.880871 0.206688
vt 0.897773 0.206614
vt 0.914713 0.206472
vt 0.931738 0.206280
vt 0.948880 0.206060
vt 0.966143 0.205839
vt 0.983526 0.205635
vt 0.795597 0.206074
vt 0.778213 0.205918
vt 0.812861 0.206248
vt 0.846943 0.271418
vt 0.829836 0.271439
vt 0.863972 0.271395
vt 0.880960 0.271371
vt 0.897948 0.271348
vt 0.914978 0.271324
vt 0.932084 0.271298
vt 0.949288 0.271271
vt 0.966589 0.271241
vt 0.983977 0.271205
vt 0.795331 0.271477
vt 0.777943 0.271489
vt 0.812632 0.271459
vt 0.831086 0.373388
vt 0.830247 0.329495
vt 0.847285 0.329258
vt 0.847963 0.372963
vt 0.832089 0.459465
vt 0.832498 0.450494
vt 0.849199 0.450977
vt 0.848834 0.460353
vt 0.865368 0.451281
vt 0.865143 0.460929
vt 0.881208 0.451339
vt 0.881222 0.461007
vt 0.897049 0.451238
vt 0.897300 0.460885
vt 0.913217 0.450889
vt 0.913607 0.460264
vt 0.929916 0.450360
vt 0.930350 0.459330
vt 0.947247 0.449734
vt 0.947649 0.458259
vt 0.965104 0.449103
vt 0.965438 0.457250
vt 0.983074 0.448513
vt 0.983396 0.456414
vt 0.779035 0.456696
vt 0.779335 0.448794
vt 0.797307 0.449334
vt 0.796996 0.457482
vt 0.815166 0.449916
vt 0.814787 0.458442
vt 0.832679 0.441069
vt 0.849331 0.441162
vt 0.865424 0.441213
vt 0.881194 0.441224
vt 0.896965 0.441169
vt 0.913058 0.441074
vt 0.929709 0.440935
vt 0.947021 0.440749
vt 0.964876 0.440505
vt 0.982856 0.440186
vt 0.779530 0.440466
vt 0.797511 0.440735
vt 0.815366 0.440930
vt 0.832648 0.430788
vt 0.849284 0.430572
vt 0.865383 0.430421
vt 0.881179 0.430372
vt 0.896976 0.430377
vt 0.913075 0.430484
vt 0.929712 0.430654
vt 0.946988 0.430823
vt 0.964793 0.430907
vt 0.982751 0.430846
vt 0.779609 0.431126
vt 0.797568 0.431137
vt 0.815372 0.431004
vt 0.832426 0.419267
vt 0.849083 0.418856
vt 0.865256 0.418575
vt 0.881163 0.418480
vt 0.897070 0.418531
vt 0.913244 0.418767
vt 0.929902 0.419133
vt 0.947137 0.419530
vt 0.964859 0.419841
vt 0.982768 0.419987
vt 0.779563 0.420267
vt 0.797471 0.420071
vt 0.815192 0.419713
vt 0.832056 0.406120
vt 0.848765 0.405626
vt 0.865067 0.405288
vt 0.881145 0.405168
vt 0.897223 0.405243
vt 0.913525 0.405536
vt 0.930236 0.405985
vt 0.947438 0.406483
vt 0.965065 0.406908
vt 0.982900 0.407183
vt 0.779395 0.407463
vt 0.797229 0.407140
vt 0.814855 0.406666
vt 0.831590 0.390957
vt 0.848377 0.390469
vt 0.864839 0.390132
vt 0.881124 0.390008
vt 0.897408 0.390087
vt 0.913871 0.390378
vt 0.930660 0.390821
vt 0.947842 0.391317
vt 0.965377 0.391759
vt 0.983119 0.392074
vt 0.779135 0.392356
vt 0.796876 0.391991
vt 0.814409 0.391501
vt 0.864596 0.372667
vt 0.881100 0.372553
vt 0.897603 0.372622
vt 0.914238 0.372871
vt 0.931115 0.373250
vt 0.948289 0.373676
vt 0.965738 0.374065
vt 0.983369 0.374353
vt 0.778836 0.374635
vt 0.796466 0.374299
vt 0.813914 0.373862
vt 0.864196 0.329086
vt 0.881040 0.329010
vt 0.897883 0.329040
vt 0.914795 0.329164
vt 0.931833 0.329355
vt 0.949029 0.329571
vt 0.966378 0.329771
vt 0.983852 0.329919
vt 0.778230 0.330203
vt 0.795704 0.330006
vt 0.813052 0.329759
vt 0.846381 0.475263
vt 0.829348 0.472931
vt 0.966980 0.468477
vt 0.950047 0.470393
vt 0.916101 0.475167
vt 0.898850 0.477015
vt 0.812422 0.470583
vt 0.863638 0.477064
vt 0.983977 0.467283
vt 0.933128 0.472788
vt 0.881245 0.477933
vt 0.795485 0.468713
vt 0.778484 0.467566
s 1
usemtl Shield
f 65/1/1 64/2/2 3/3/3 4/4/4
f 1/5/5 65/1/1 4/4/4 5/6/6
f 64/2/2 35/7/7 3/3/3
f 2/8/8 1/5/5 5/6/6 6/9/9
f 5/6/6 4/4/4 8/10/10 9/11/11
f 3/3/3 35/7/7 7/12/12
f 6/9/9 5/6/6 9/11/11 10/13/13
f 4/4/4 3/3/3 7/12/12 8/10/10
f 10/13/13 9/11/11 13/14/14 14/15/15
f 8/10/10 7/12/12 11/16/16 12/17/17
f 9/11/11 8/10/10 12/17/17 13/14/14
f 7/12/12 35/7/7 11/16/16
f 14/15/15 13/14/14 17/18/18 18/19/19
f 12/17/17 11/16/16 15/20/20 16/21/21
f 13/14/14 12/17/17 16/21/21 17/18/18
f 11/16/16 35/7/7 15/20/20
f 17/18/18 16/21/21 20/22/22 21/23/23
f 15/20/20 35/7/7 19/24/24
f 18/19/19 17/18/18 21/23/23 22/25/25
f 16/21/21 15/20/20 19/24/24 20/22/22
f 21/23/23 20/22/22 24/26/26 25/27/27
f 19/24/24 35/7/7 23/28/28
f 22/25/25 21/23/23 25/27/27 26/29/29
f 20/22/22 19/24/24 23/28/28 24/26/26
f 26/29/29 25/27/27 29/30/30 30/31/31
f 24/26/26 23/28/28 27/32/32 28/33/33
f 25/27/27 24/26/26 28/33/33 29/30/30
f 23/28/28 35/7/7 27/32/32
f 28/33/33 27/32/32 31/34/34 32/35/35
f 29/30/30 28/33/33 32/35/35 33/36/36
f 27/32/32 35/7/7 31/34/34
f 30/31/31 29/30/30 33/36/36 34/37/37
f 33/36/36 32/35/35 37/38/38 38/39/39
f 31/34/34 35/7/7 36/40/40
f 34/37/37 33/36/36 38/39/39 39/41/41
f 32/35/35 31/34/34 36/40/40 37/38/38
f 36/40/40 35/7/7 40/42/42
f 39/41/41 38/39/39 42/43/43 43/44/44
f 37/38/38 36/40/40 40/42/42 41/45/45
f 38/39/39 37/38/38 41/45/45 42/43/43
f 43/44/44 42/43/43 46/46/46 47/47/47
f 41/45/45 40/42/42 44/48/48 45/49/49
f 42/43/43 41/45/45 45/49/49 46/46/46
f 40/42/42 35/7/7 44/48/48
f 46/46/46 45/49/49 49/50/50 50/51/51
f 44/48/48 35/7/7 48/52/52
f 47/47/47 46/46/46 50/51/51 51/53/53
f 45/49/49 44/48/48 48/52/52 49/50/50
f 50/51/51 49/50/50 53/54/54 54/55/55
f 48/52/52 35/7/7 52/56/56
f 51/53/53 50/51/51 54/55/55 55/57/57
f 49/50/50 48/52/52 52/56/56 53/54/54
f 55/57/57 54/55/55 58/58/58 59/59/59
f 53/54/54 52/56/56 56/60/60 57/61/61
f 54/55/55 53/54/54 57/61/61 58/58/58
f 52/56/56 35/7/7 56/60/60
f 59/59/59 58/58/58 62/62/62 63/63/63
f 57/61/61 56/60/60 60/64/64 61/65/65
f 58/58/58 57/61/61 61/65/65 62/62/62
f 56/60/60 35/7/7 60/64/64
f 62/62/62 61/65/65 65/1/1 1/5/5
f 60/64/64 35/7/7 64/2/2
f 63/63/63 62/62/62 1/5/5 2/8/8
f 61/65/65 60/64/64 64/2/2 65/1/1
f 130/1/66 129/2/67 68/3/68 69/4/69
f 66/5/70 130/1/66 69/4/69 70/6/71
f 129/2/67 100/7/72 68/3/68
f 67/8/73 66/5/70 70/6/71 71/9/74
f 70/6/71 69/4/69 73/10/75 74/11/76
f 68/3/68 100/7/72 72/12/77
f 71/9/74 70/6/71 74/11/76 75/13/78
f 69/4/69 68/3/68 72/12/77 73/10/75
f 75/13/78 74/11/76 78/14/79 79/15/80
f 73/10/75 72/12/77 76/16/81 77/17/82
f 74/11/76 73/10/75 77/17/82 78/14/79
f 72/12/77 100/7/72 76/16/81
f 79/15/80 78/14/79 82/18/83 83/19/84
f 77/17/82 76/16/81 80/20/85 81/21/86
f 78/14/79 77/17/82 81/21/86 82/18/83
f 76/16/81 100/7/72 80/20/85
f 82/18/83 81/21/86 85/22/87 86/23/88
f 80/20/85 100/7/72 84/24/89
f 83/19/84 82/18/83 86/23/88 87/25/90
f 81/21/86 80/20/85 84/24/89 85/22/87
f 86/23/88 85/22/87 89/26/91 90/27/92
f 84/24/89 100/7/72 88/28/93
f 87/25/90 86/23/88 90/27/92 91/29/94
f 85/22/87 84/24/89 88/28/93 89/26/91
f 91/29/94 90/27/92 94/30/95 95/31/96
f 89/26/91 88/28/93 92/32/97 93/33/98
f 90/27/92 89/26/91 93/33/98 94/30/95
f 88/28/93 100/7/72 92/32/97
f 93/33/98 92/32/97 96/34/99 97/35/100
f 94/30/95 93/33/98 97/35/100 98/36/101
f 92/32/97 100/7/72 96/34/99
f 95/31/96 94/30/95 98/36/101 99/37/102
f 98/36/101 97/35/100 102/38/103 103/39/104
f 96/34/99 100/7/72 101/40/105
f 99/37/102 98/36/101 103/39/104 104/41/106
f 97/35/100 96/34/99 101/40/105 102/38/103
f 101/40/105 100/7/72 105/42/107
f 104/41/106 103/39/104 107/43/108 108/44/109
f 102/38/103 101/40/105 105/42/107 106/45/110
f 103/39/104 102/38/103 106/45/110 107/43/108
f 108/44/109 107/43/108 111/46/111 112/47/112
f 106/45/110 105/42/107 109/48/113 110/49/114
f 107/43/108 106/45/110 110/49/114 111/46/111
f 105/42/107 100/7/72 109/48/113
f 111/46/111 110/49/114 114/50/115 115/51/116
f 109/48/113 100/7/72 113/52/117
f 112/47/112 111/46/111 115/51/116 116/53/118
f 110/49/114 109/48/113 113/52/117 114/50/115
f 115/51/116 114/50/115 118/54/119 119/55/120
f 113/52/117 100/7/72 117/56/121
f 116/53/118 115/51/116 119/55/120 120/57/122
f 114/50/115 113/52/117 117/56/121 118/54/119
f 120/57/122 119/55/120 123/58/123 124/59/124
f 118/54/119 117/56/121 121/60/125 122/61/126
f 119/55/120 118/54/119 122/61/126 123/58/123
f 117/56/121 100/7/72 121/60/125
f 124/59/124 123/58/123 127/62/127 128/63/128
f 122/61/126 121/60/125 125/64/129 126/65/130
f 123/58/123 122/61/126 126/65/130 127/62/127
f 121/60/125 100/7/72 125/64/129
f 127/62/127 126/65/130 130/1/66 66/5/70
f 125/64/129 100/7/72 129/2/67
f 128/63/128 127/62/127 66/5/70 67/8/73
f 126/65/130 125/64/129 129/2/67 130/1/66
f 195/1/131 194/2/132 133/3/133 134/4/134
f 131/5/135 195/1/131 134/4/134 135/6/136
f 194/2/132 165/7/137 133/3/133
f 132/8/138 131/5/135 135/6/136 136/9/139
f 135/6/136 134/4/134 138/10/140 139/11/141
f 133/3/133 165/7/137 137/12/142
f 136/9/139 135/6/136 139/11/141 140/13/143
f 134/4/134 133/3/133 137/12/142 138/10/140
f 140/13/143 139/11/141 143/14/144 144/15/145
f 138/10/140 137/12/142 141/16/146 142/17/147
f 139/11/141 138/10/140 142/17/147 143/14/144
f 137/12/142 165/7/137 141/16/146
f 144/15/145 143/14/144 147/18/148 148/19/149
f 142/17/147 141/16/146 145/20/150 146/21/151
f 143/14/144 142/17/147 146/21/151 147/18/148
f 141/16/146 165/7/137 145/20/150
f 147/18/148 146/21/151 150/22/152 151/23/153
f 145/20/150 165/7/137 149/24/154
f 148/19/149 147/18/148 151/23/153 152/25/155
f 146/21/151 145/20/150 149/24/154 150/22/152
f 151/23/153 150/22/152 154/26/156 155/27/157
f 149/24/154 165/7/137 153/28/158
f 152/25/155 151/23/153 155/27/157 156/29/159
f 150/22/152 149/24/154 153/28/158 154/26/156
f 156/29/159 155/27/157 159/30/160 160/31/161
f 154/26/156 153/28/158 157/32/162 158/33/163
f 155/27/157 154/26/156 158/33/163 159/30/160
f 153/28/158 165/7/137 157/32/162
f 158/33/163 157/32/162 161/34/164 162/35/165
f 159/30/160 158/33/163 162/35/165 163/36/166
f 157/32/162 165/7/137 161/34/164
f 160/31/161 159/30/160 163/36/166 164/37/167
f 163/36/166 162/35/165 167/38/168 168/39/169
f 161/34/164 165/7/137 166/40/170
f 164/37/167 163/36/166 168/39/169 169/41/171
f 162/35/165 161/34/164 166/40/170 167/38/168
f 166/40/170 165/7/137 170/42/172
f 169/41/171 168/39/169 172/43/173 173/44/174
f 167/38/168 166/40/170 170/42/172 171/45/175
f 168/39/169 167/38/168 171/45/175 172/43/173
f 173/44/174 172/43/173 176/46/176 177/47/177
f 171/45/175 170/42/172 174/48/178 175/49/179
f 172/43/173 171/45/175 175/49/179 176/46/176
f 170/42/172 165/7/137 174/48/178
f 176/46/176 175/49/179 179/50/180 180/51/181
f 174/48/178 165/7/137 178/52/182
f 177/47/177 176/46/176 180/51/181 181/53/183
f 175/49/179 174/48/178 178/52/182 179/50/180
f 180/51/181 179/50/180 183/54/184 184/55/185
f 178/52/182 165/7/137 182/56/186
f 181/53/183 180/51/181 184/55/185 185/57/187
f 179/50/180 178/52/182 182/56/186 183/54/184
f 185/57/187 184/55/185 188/58/188 189/59/189
f 183/54/184 182/56/186 186/60/190 187/61/191
f 184/55/185 183/54/184 187/61/191 188/58/188
f 182/56/186 165/7/137 186/60/190
f 189/59/189 188/58/188 192/62/192 193/63/193
f 187/61/191 186/60/190 190/64/194 191/65/195
f 188/58/188 187/61/191 191/65/195 192/62/192
f 186/60/190 165/7/137 190/64/194
f 192/62/192 191/65/195 195/1/131 131/5/135
f 190/64/194 165/7/137 194/2/132
f 193/63/193 192/62/192 131/5/135 132/8/138
f 191/65/195 190/64/194 194/2/132 195/1/131
f 260/1/196 259/2/197 198/3/198 199/4/199
f 196/5/200 260/1/196 199/4/199 200/6/201
f 259/2/197 230/7/202 198/3/198
f 197/8/203 196/5/200 200/6/201 201/9/204
f 200/6/201 199/4/199 203/10/205 204/11/206
f 198/3/198 230/7/202 202/12/207
f 201/9/204 200/6/201 204/11/206 205/13/208
f 199/4/199 198/3/198 202/12/207 203/10/205
f 205/13/208 204/11/206 208/14/209 209/15/210
f 203/10/205 202/12/207 206/16/211 207/17/212
f 204/11/206 203/10/205 207/17/212 208/14/209
f 202/12/207 230/7/202 206/16/211
f 209/15/210 208/14/209 212/18/213 213/19/214
f 207/17/212 206/16/211 210/20/215 211/21/216
f 208/14/209 207/17/212 211/21/216 212/18/213
f 206/16/211 230/7/202 210/20/215
f 212/18/213 211/21/216 215/22/217 216/23/218
f 210/20/215 230/7/202 214/24/219
f 213/19/214 212/18/213 216/23/218 217/25/220
f 211/21/216 210/20/215 214/24/219 215/22/217
f 216/23/218 215/22/217 219/26/221 220/27/222
f 214/24/219 230/7/202 218/28/223
f 217/25/220 216/23/218 220/27/222 221/29/224
f 215/22/217 214/24/219 218/28/223 219/26/221
f 221/29/224 220/27/222 224/30/225 225/31/226
f 219/26/221 218/28/223 222/32/227 223/33/228
f 220/27/222 219/26/221 223/33/228 224/30/225
f 218/28/223 230/7/202 222/32/227
f 223/33/228 222/32/227 226/34/229 227/35/230
f 224/30/225 223/33/228 227/35/230 228/36/231
f 222/32/227 230/7/202 226/34/229
f 225/31/226 224/30/225 228/36/231 229/37/232
f 228/36/231 227/35/230 232/38/233 233/39/234
f 226/34/229 230/7/202 231/40/235
f 229/37/232 228/36/231 233/39/234 234/41/236
f 227/35/230 226/34/229 231/40/235 232/38/233
f 231/40/235 230/7/202 235/42/237
f 234/41/236 233/39/234 237/43/238 238/44/239
f 232/38/233 231/40/235 235/42/237 236/45/240
f 233/39/234 232/38/233 236/45/240 237/43/238
f 238/44/239 237/43/238 241/46/241 242/47/242
f 236/45/240 235/42/237 239/48/243 240/49/244
f 237/43/238 236/45/240 240/49/244 241/46/241
f 235/42/237 230/7/202 239/48/243
f 241/46/241 240/49/244 244/50/245 245/51/246
f 239/48/243 230/7/202 243/52/247
f 242/47/242 241/46/241 245/51/246 246/53/248
f 240/49/244 239/48/243 243/52/247 244/50/245
f 245/51/246 244/50/245 248/54/249 249/55/250
f 243/52/247 230/7/202 247/56/251
f 246/53/248 245/51/246 249/55/250 250/57/252
f 244/50/245 243/52/247 247/56/251 248/54/249
f 250/57/252 249/55/250 253/58/253 254/59/254
f 248/54/249 247/56/251 251/60/255 252/61/256
f 249/55/250 248/54/249 252/61/256 253/58/253
f 247/56/251 230/7/202 251/60/255
f 254/59/254 253/58/253 257/62/257 258/63/258
f 252/61/256 251/60/255 255/64/259 256/65/260
f 253/58/253 252/61/256 256/65/260 257/62/257
f 251/60/255 230/7/202 255/64/259
f 257/62/257 256/65/260 260/1/196 196/5/200
f 255/64/259 230/7/202 259/2/197
f 258/63/258 257/62/257 196/5/200 197/8/203
f 256/65/260 255/64/259 259/2/197 260/1/196
f 325/1/261 324/2/262 263/3/263 264/4/264
f 261/5/265 325/1/261 264/4/264 265/6/266
f 324/2/262 295/7/267 263/3/263
f 262/8/268 261/5/265 265/6/266 266/9/269
f 265/6/266 264/4/264 268/10/270 269/11/271
f 263/3/263 295/7/267 267/12/272
f 266/9/269 265/6/266 269/11/271 270/13/273
f 264/4/264 263/3/263 267/12/272 268/10/270
f 270/13/273 269/11/271 273/14/274 274/15/275
f 268/10/270 267/12/272 271/16/276 272/17/277
f 269/11/271 268/10/270 272/17/277 273/14/274
f 267/12/272 295/7/267 271/16/276
f 274/15/275 273/14/274 277/18/278 278/19/279
f 272/17/277 271/16/276 275/20/280 276/21/281
f 273/14/274 272/17/277 276/21/281 277/18/278
f 271/16/276 295/7/267 275/20/280
f 277/18/278 276/21/281 280/22/282 281/23/283
f 275/20/280 295/7/267 279/24/284
f 278/19/279 277/18/278 281/23/283 282/25/285
f 276/21/281 275/20/280 279/24/284 280/22/282
f 281/23/283 280/22/282 284/26/286 285/27/287
f 279/24/284 295/7/267 283/28/288
f 282/25/285 281/23/283 285/27/287 286/29/289
f 280/22/282 279/24/284 283/28/288 284/26/286
f 286/29/289 285/27/287 289/30/290 290/31/291
f 284/26/286 283/28/288 287/32/292 288/33/293
f 285/27/287 284/26/286 288/33/293 289/30/290
f 283/28/288 295/7/267 287/32/292
f 288/33/293 287/32/292 291/34/294 292/35/295
f 289/30/290 288/33/293 292/35/295 293/36/296
f 287/32/292 295/7/267 291/34/294
f 290/31/291 289/30/290 293/36/296 294/37/297
f 293/36/296 292/35/295 297/38/298 298/39/299
f 291/34/294 295/7/267 296/40/300
f 294/37/297 293/36/296 298/39/299 299/41/301
f 292/35/295 291/34/294 296/40/300 297/38/298
f 296/40/300 295/7/267 300/42/302
f 299/41/301 298/39/299 302/43/303 303/44/304
f 297/38/298 296/40/300 300/42/302 301/45/305
f 298/39/299 297/38/298 301/45/305 302/43/303
f 303/44/304 302/43/303 306/46/306 307/47/307
f 301/45/305 300/42/302 304/48/308 305/49/309
f 302/43/303 301/45/305 305/49/309 306/46/306
f 300/42/302 295/7/267 304/48/308
f 306/46/306 305/49/309 309/50/310 310/51/311
f 304/48/308 295/7/267 308/52/312
f 307/47/307 306/46/306 310/51/311 311/53/313
f 305/49/309 304/48/308 308/52/312 309/50/310
f 310/51/311 309/50/310 313/54/314 314/55/315
f 308/52/312 295/7/267 312/56/316
f 311/53/313 310/51/311 314/55/315 315/57/317
f 309/50/310 308/52/312 312/56/316 313/54/314
f 315/57/317 314/55/315 318/58/318 319/59/319
f 313/54/314 312/56/316 316/60/320 317/61/321
f 314/55/315 313/54/314 317/61/321 318/58/318
f 312/56/316 295/7/267 316/60/320
f 319/59/319 318/58/318 322/62/322 323/63/323
f 317/61/321 316/60/320 320/64/324 321/65/325
f 318/58/318 317/61/321 321/65/325 322/62/322
f 316/60/320 295/7/267 320/64/324
f 322/62/322 321/65/325 325/1/261 261/5/265
f 320/64/324 295/7/267 324/2/262
f 323/63/323 322/62/322 261/5/265 262/8/268
f 321/65/325 320/64/324 324/2/262 325/1/261
f 390/1/326 389/2/327 328/3/328 329/4/329
f 326/5/330 390/1/326 329/4/329 330/6/331
f 389/2/327 360/7/332 328/3/328
f 327/8/333 326/5/330 330/6/331 331/9/334
f 330/6/331 329/4/329 333/10/335 334/11/336
f 328/3/328 360/7/332 332/12/337
f 331/9/334 330/6/331 334/11/336 335/13/338
f 329/4/329 328/3/328 332/12/337 333/10/335
f 335/13/338 334/11/336 338/14/339 339/15/340
f 333/10/335 332/12/337 336/16/341 337/17/342
f 334/11/336 333/10/335 337/17/342 338/14/339
f 332/12/337 360/7/332 336/16/341
f 339/15/340 338/14/339 342/18/343 343/19/344
f 337/17/342 336/16/341 340/20/345 341/21/346
f 338/14/339 337/17/342 341/21/346 342/18/343
f 336/16/341 360/7/332 340/20/345
f 342/18/343 341/21/346 345/22/347 346/23/348
f 340/20/345 360/7/332 344/24/349
f 343/19/344 342/18/343 346/23/348 347/25/350
f 341/21/346 340/20/345 344/24/349 345/22/347
f 346/23/348 345/22/347 349/26/351 350/27/352
f 344/24/349 360/7/332 348/28/353
f 347/25/350 346/23/348 350/27/352 351/29/354
f 345/22/347 344/24/349 348/28/353 349/26/351
f 351/29/354 350/27/352 354/30/355 355/31/356
f 349/26/351 348/28/353 352/32/357 353/33/358
f 350/27/352 349/26/351 353/33/358 354/30/355
f 348/28/353 360/7/332 352/32/357
f 353/33/358 352/32/357 356/34/359 357/35/360
f 354/30/355 353/33/358 357/35/360 358/36/361
f 352/32/357 360/7/332 356/34/359
f 355/31/356 354/30/355 358/36/361 359/37/362
f 358/36/361 357/35/360 362/38/363 363/39/364
f 356/34/359 360/7/332 361/40/365
f 359/37/362 358/36/361 363/39/364 364/41/366
f 357/35/360 356/34/359 361/40/365 362/38/363
f 361/40/365 360/7/332 365/42/367
f 364/41/366 363/39/364 367/43/368 368/44/369
f 362/38/363 361/40/365 365/42/367 366/45/370
f 363/39/364 362/38/363 366/45/370 367/43/368
f 368/44/369 367/43/368 371/46/371 372/47/372
f 366/45/370 365/42/367 369/48/373 370/49/374
f 367/43/368 366/45/370 370/49/374 371/46/371
f 365/42/367 360/7/332 369/48/373
f 371/46/371 370/49/374 374/50/375 375/51/376
f 369/48/373 360/7/332 373/52/377
f 372/47/372 371/46/371 375/51/376 376/53/378
f 370/49/374 369/48/373 373/52/377 374/50/375
f 375/51/376 374/50/375 378/54/379 379/55/380
f 373/52/377 360/7/332 377/56/381
f 376/53/378 375/51/376 379/55/380 380/57/382
f 374/50/375 373/52/377 377/56/381 378/54/379
f 380/57/382 379/55/380 383/58/383 384/59/384
f 378/54/379 377/56/381 381/60/385 382/61/386
f 379/55/380 378/54/379 382/61/386 383/58/383
f 377/56/381 360/7/332 381/60/385
f 384/59/384 383/58/383 387/62/387 388/63/388
f 382/61/386 381/60/385 385/64/389 386/65/390
f 383/58/383 382/61/386 386/65/390 387/62/387
f 381/60/385 360/7/332 385/64/389
f 387/62/387 386/65/390 390/1/326 326/5/330
f 385/64/389 360/7/332 389/2/327
f 388/63/388 387/62/387 326/5/330 327/8/333
f 386/65/390 385/64/389 389/2/327 390/1/326
f 498/66/391 497/67/392 406/68/393 407/69/394
f 397/70/395 394/71/396 410/72/397 411/73/398
f 394/71/396 402/74/399 409/75/400 410/72/397
f 497/67/392 496/76/401 408/77/402 406/68/393
f 459/78/403 396/79/404 405/80/404 462/81/405
f 463/82/406 452/83/407 400/84/407 460/85/408
f 422/86/409 409/75/400 402/74/399 421/87/410
f 493/88/411 488/89/412 413/90/413 481/91/414
f 480/92/415 401/93/416 414/94/417 483/95/418
f 417/96/419 418/97/420 414/94/417 401/93/416
f 419/98/421 397/70/395 411/73/398 420/99/422
f 393/100/423 416/101/424 418/97/420 417/96/419
f 393/100/423 419/98/421 420/99/422 416/101/424
f 391/102/425 422/86/409 421/87/410 404/103/426
f 426/104/427 425/105/428 423/106/429 424/107/430
f 395/108/431 392/109/432 425/105/428 426/104/427
f 428/110/433 429/111/434 425/105/428 392/109/432
f 403/112/435 427/113/436 429/111/434 428/110/433
f 403/112/435 399/114/437 415/115/438 427/113/436
f 498/66/439 407/69/440 434/116/440 500/117/441
f 489/118/442 412/119/443 438/120/443 491/121/444
f 423/106/445 425/105/445 448/122/445 446/123/445
f 425/105/446 429/111/447 450/124/448 448/122/446
f 420/99/449 411/73/450 437/125/450 444/126/451
f 409/75/452 422/86/453 445/127/454 436/128/452
f 406/68/455 408/77/456 435/129/456 433/130/457
f 427/113/458 415/115/459 441/131/459 449/132/460
f 418/97/461 416/101/462 442/133/463 443/134/464
f 451/135/465 398/136/466 431/137/466 453/138/467
f 481/91/468 413/90/469 439/139/469 482/140/470
f 416/101/462 420/99/449 444/126/451 442/133/463
f 488/89/471 414/94/472 440/141/472 490/142/473
f 422/86/453 391/102/474 430/143/474 445/127/454
f 496/76/475 409/75/476 436/128/476 499/144/477
f 414/94/478 418/97/461 443/134/464 440/141/478
f 429/111/447 427/113/458 449/132/460 450/124/448
f 460/85/479 400/84/480 432/145/480 461/146/479
f 424/107/481 423/106/482 446/123/482 447/147/481
f 407/69/483 406/68/455 433/130/457 434/116/483
f 391/102/484 451/135/465 453/138/467 430/143/484
f 462/81/485 474/148/485 452/83/485 463/82/485
f 472/149/486 456/150/487 457/151/488 473/152/489
f 470/153/490 458/154/491 456/150/492 472/149/493
f 471/155/494 454/156/495 455/157/496 469/158/497
f 469/158/498 475/159/498 458/154/498 470/153/498
f 467/160/499 460/85/479 461/146/479 468/161/500
f 465/162/501 463/82/406 460/85/408 467/160/502
f 466/163/503 459/78/403 462/81/405 464/164/504
f 454/156/495 466/163/503 464/164/504 455/157/496
f 458/154/491 465/162/501 467/160/502 456/150/492
f 456/150/487 467/160/499 468/161/500 457/151/488
f 464/164/504 462/81/405 463/82/406 465/162/501
f 404/103/426 471/155/494 469/158/497 391/102/425
f 451/135/505 470/153/490 472/149/493 398/136/506
f 398/136/507 472/149/486 473/152/489 431/137/507
f 455/157/508 464/164/509 475/159/510
f 474/148/511 462/81/512 405/80/511
f 475/159/513 464/164/513 465/162/513 458/154/513
f 475/159/510 469/158/514 455/157/508
f 391/102/425 469/158/497 470/153/490 451/135/505
f 486/165/515 477/166/516 479/167/517 487/168/518
f 485/169/519 476/170/520 478/171/521 484/172/522
f 494/173/523 492/174/524 477/166/525 486/165/526
f 477/166/516 481/91/468 482/140/470 479/167/517
f 476/170/520 480/92/415 483/95/418 478/171/521
f 492/174/524 493/88/411 481/91/414 477/166/525
f 489/118/527 494/173/523 486/165/526 412/119/528
f 399/114/437 485/169/519 484/172/522 415/115/438
f 412/119/529 486/165/515 487/168/518 438/120/529
f 415/115/438 484/172/522 494/173/523 489/118/527
f 478/171/530 483/95/531 495/175/532
f 484/172/533 495/175/533 492/174/533 494/173/533
f 413/90/534 488/89/471 490/142/473 439/139/534
f 415/115/535 489/118/442 491/121/444 441/131/535
f 483/95/418 414/94/417 488/89/412 493/88/411
f 495/175/536 483/95/536 493/88/536 492/174/536
f 495/175/532 484/172/537 478/171/530
f 408/77/538 496/76/475 499/144/477 435/129/538
f 411/73/539 498/66/439 500/117/441 437/125/539
f 410/72/397 409/75/400 496/76/401 497/67/392
f 411/73/398 410/72/397 497/67/392 498/66/391
f 396/176/540 459/177/541 517/178/542 505/179/540
f 417/180/543 401/181/544 508/182/545 512/183/546
f 459/177/541 466/184/547 518/185/548 517/178/542
f 397/186/549 419/187/550 513/188/551 506/189/552
f 428/190/553 392/191/554 501/192/554 515/193/555
f 403/194/556 428/190/553 515/193/555 510/195/557
f 392/191/554 395/196/558 504/197/558 501/192/554
f 419/187/550 393/198/559 502/199/559 513/188/551
f 404/200/560 421/201/561 514/202/562 511/203/563
f 394/204/564 397/186/549 506/189/552 503/205/564
f 402/206/565 394/207/566 503/208/566 509/209/567
f 466/184/547 454/210/568 516/211/568 518/185/548
f 399/212/569 403/194/556 510/195/557 507/213/570
f 480/214/571 476/215/572 520/216/573 521/217/574
f 393/198/559 417/180/543 512/183/546 502/199/559
f 476/215/572 485/218/575 522/219/575 520/216/573
f 485/218/575 399/212/569 507/213/570 522/219/575
f 421/201/561 402/206/565 509/209/567 514/202/562
f 471/220/576 404/200/560 511/203/563 519/221/577
f 401/181/544 480/214/571 521/217/574 508/182/545
f 454/210/568 471/220/576 519/221/577 516/211/568
f 502/222/578 512/223/579 528/224/580 535/225/581
f 519/226/582 511/227/583 540/228/584 543/229/585
f 512/223/579 508/230/586 525/231/587 528/224/580
f 505/232/588 517/233/589 531/234/590 538/235/588
f 520/236/591 522/237/592 534/238/593 533/239/594
f 513/240/595 502/222/578 535/225/581 541/241/596
f 506/242/597 513/240/595 541/241/596 524/243/598
f 521/244/599 520/236/591 533/239/594 544/245/600
f 514/246/601 509/247/602 526/248/603 542/249/604
f 507/250/605 510/251/606 527/252/607 539/253/608
f 522/237/592 507/250/605 539/253/608 534/238/593
f 515/254/609 501/255/610 523/256/611 529/257/612
f 508/230/586 521/244/599 544/245/600 525/231/587
f 516/258/613 519/226/582 543/229/585 530/259/614
f 510/251/606 515/254/609 529/257/612 527/252/607
f 501/255/610 504/260/615 537/261/615 523/256/611
f 517/233/589 518/262/616 532/263/617 531/234/590
f 511/227/583 514/246/601 542/249/604 540/228/584
f 503/264/618 506/242/597 524/243/598 536/265/619
f 518/262/616 516/258/613 530/259/614 532/263/617
f 509/247/602 503/264/618 536/265/619 526/248/603
f 525/231/620 544/245/621 566/266/622 547/267/623
f 533/239/624 534/238/625 556/268/625 555/269/626
f 543/229/627 540/228/628 562/270/629 565/271/630
f 526/248/631 536/265/632 558/272/633 548/273/634
f 523/256/635 537/261/636 559/274/636 545/275/637
f 542/249/638 526/248/631 548/273/634 564/276/639
f 536/265/632 524/243/640 546/277/641 558/272/633
f 527/252/642 529/257/643 551/278/644 549/279/645
f 530/259/646 543/229/627 565/271/630 552/280/646
f 535/225/647 528/224/648 550/281/649 557/282/650
f 528/224/648 525/231/620 547/267/623 550/281/649
f 544/245/621 533/239/624 555/269/626 566/266/622
f 538/235/651 531/234/652 553/283/652 560/284/651
f 529/257/643 523/256/635 545/275/637 551/278/644
f 534/238/625 539/253/653 561/285/654 556/268/625
f 524/243/640 541/241/655 563/286/656 546/277/641
f 531/234/652 532/263/657 554/287/657 553/283/652
f 540/228/628 542/249/638 564/276/639 562/270/629
f 539/253/653 527/252/642 549/279/645 561/285/654
f 532/263/657 530/259/646 552/280/646 554/287/657
f 541/241/655 535/225/647 557/282/650 563/286/656
f 664/288/658 579/289/659 578/290/660 663/291/661
f 571/292/662 583/293/663 582/294/664 570/295/665
f 570/295/665 582/294/664 581/296/666 575/297/667
f 663/291/661 578/290/660 580/298/668 662/299/669
f 626/300/670 629/301/671 405/80/404 396/79/404
f 630/302/672 627/303/673 400/84/407 452/83/407
f 594/304/674 593/305/675 575/297/667 581/296/666
f 659/306/676 647/307/677 585/308/678 654/309/679
f 646/310/680 649/311/681 586/312/682 574/313/683
f 589/314/684 574/313/683 586/312/682 590/315/685
f 591/316/686 592/317/687 583/293/663 571/292/662
f 569/318/688 589/314/684 590/315/685 588/319/689
f 569/318/688 588/319/689 592/317/687 591/316/686
f 567/320/690 577/321/691 593/305/675 594/304/674
f 426/104/427 424/107/430 595/322/692 596/323/693
f 395/108/431 426/104/427 596/323/693 568/324/694
f 598/325/695 568/324/694 596/323/693 599/326/696
f 576/327/697 598/325/695 599/326/696 597/328/698
f 576/327/697 597/328/698 587/329/699 573/330/700
f 664/288/701 666/331/702 603/332/703 579/289/703
f 655/333/704 657/334/705 607/335/706 584/336/706
f 595/322/707 615/337/707 616/338/707 596/323/707
f 596/323/708 616/338/708 618/339/709 599/326/710
f 592/317/711 613/340/712 606/341/713 583/293/713
f 581/296/714 605/342/714 614/343/715 594/304/716
f 578/290/717 602/344/718 604/345/719 580/298/719
f 597/328/720 617/346/721 610/347/722 587/329/722
f 590/315/723 612/348/724 611/349/725 588/319/726
f 619/350/727 620/351/728 601/352/729 572/353/729
f 647/307/730 648/354/731 608/355/732 585/308/732
f 588/319/726 611/349/725 613/340/712 592/317/711
f 654/309/733 656/356/734 609/357/735 586/312/735
f 594/304/716 614/343/715 600/358/736 567/320/736
f 662/299/737 665/359/738 605/342/739 581/296/739
f 586/312/740 609/357/740 612/348/724 590/315/723
f 599/326/710 618/339/709 617/346/721 597/328/720
f 627/303/741 628/360/741 432/145/480 400/84/480
f 424/107/481 447/147/481 615/337/742 595/322/742
f 579/289/743 603/332/743 602/344/718 578/290/717
f 567/320/744 600/358/744 620/351/728 619/350/727
f 629/301/745 630/302/745 452/83/745 474/148/745
f 639/361/746 640/362/747 624/363/748 623/364/749
f 637/365/750 639/361/751 623/364/752 625/366/753
f 638/367/754 636/368/755 622/369/756 621/370/757
f 636/368/758 637/365/758 625/366/758 641/371/758
f 634/372/759 635/373/760 628/360/741 627/303/741
f 632/374/761 634/372/762 627/303/673 630/302/672
f 633/375/763 631/376/764 629/301/671 626/300/670
f 621/370/757 622/369/756 631/376/764 633/375/763
f 625/366/753 623/364/752 634/372/762 632/374/761
f 623/364/749 624/363/748 635/373/760 634/372/759
f 631/376/764 632/374/761 630/302/672 629/301/671
f 577/321/691 567/320/690 636/368/755 638/367/754
f 619/350/765 572/353/766 639/361/751 637/365/750
f 572/353/767 601/352/767 640/362/747 639/361/746
f 622/369/768 641/371/769 631/376/770
f 474/148/511 405/80/511 629/301/771
f 641/371/772 625/366/772 632/374/772 631/376/772
f 641/371/769 622/369/768 636/368/773
f 567/320/690 619/350/765 637/365/750 636/368/755
f 652/377/774 653/378/775 645/379/776 643/380/777
f 651/381/778 650/382/779 644/383/780 642/384/781
f 660/385/782 652/377/783 643/380/784 658/386/785
f 643/380/777 645/379/776 648/354/731 647/307/730
f 642/384/781 644/383/780 649/311/681 646/310/680
f 658/386/785 643/380/784 647/307/677 659/306/676
f 655/333/786 584/336/787 652/377/783 660/385/782
f 573/330/700 587/329/699 650/382/779 651/381/778
f 584/336/788 607/335/788 653/378/775 652/377/774
f 587/329/699 655/333/786 660/385/782 650/382/779
f 644/383/789 661/387/790 649/311/791
f 650/382/792 660/385/792 658/386/792 661/387/792
f 585/308/793 608/355/793 656/356/734 654/309/733
f 587/329/794 610/347/794 657/334/705 655/333/704
f 649/311/681 659/306/676 654/309/679 586/312/682
f 661/387/795 658/386/795 659/306/795 649/311/795
f 661/387/790 644/383/789 650/382/796
f 580/298/797 604/345/797 665/359/738 662/299/737
f 583/293/798 606/341/798 666/331/702 664/288/701
f 582/294/664 663/291/661 662/299/669 581/296/666
f 583/293/663 664/288/658 663/291/661 582/294/664
f 396/176/799 505/179/799 681/388/800 626/389/801
f 589/390/802 676/391/803 672/392/804 574/393/805
f 626/389/801 681/388/800 682/394/806 633/395/807
f 571/396/808 670/397/809 677/398/810 591/399/811
f 598/400/812 679/401/813 667/402/814 568/403/814
f 576/404/815 674/405/816 679/401/813 598/400/812
f 568/403/814 667/402/814 504/197/817 395/196/817
f 591/399/811 677/398/810 668/406/818 569/407/819
f 577/408/820 675/409/821 678/410/822 593/411/823
f 570/412/824 669/413/824 670/397/809 571/396/808
f 575/414/825 673/415/826 669/413/827 570/412/827
f 633/395/807 682/394/806 680/416/828 621/417/828
f 573/418/829 671/419/830 674/405/816 576/404/815
f 646/420/831 685/421/832 684/422/833 642/423/834
f 569/407/819 668/406/818 676/391/803 589/390/802
f 642/423/834 684/422/833 686/424/835 651/425/835
f 651/425/835 686/424/835 671/419/830 573/418/829
f 593/411/823 678/410/822 673/415/826 575/414/825
f 638/426/836 683/427/837 675/409/821 577/408/820
f 574/393/805 672/392/804 685/421/832 646/420/831
f 621/417/828 680/416/828 683/427/837 638/426/836
f 668/428/838 699/429/839 692/430/840 676/431/841
f 683/432/842 705/433/843 702/434/844 675/435/845
f 676/431/841 692/430/840 689/436/846 672/437/847
f 505/232/588 538/235/588 695/438/848 681/439/849
f 684/440/850 697/441/851 698/442/852 686/443/853
f 677/444/854 703/445/855 699/429/839 668/428/838
f 670/446/856 688/447/857 703/445/855 677/444/854
f 685/448/858 706/449/859 697/441/851 684/440/850
f 678/450/860 704/451/861 690/452/862 673/453/863
f 671/454/864 701/455/865 691/456/866 674/457/867
f 686/443/853 698/442/852 701/455/865 671/454/864
f 679/458/868 693/459/869 687/460/870 667/461/871
f 672/437/847 689/436/846 706/449/859 685/448/858
f 680/462/872 694/463/873 705/433/843 683/432/842
f 674/457/867 691/456/866 693/459/869 679/458/868
f 667/461/871 687/460/870 537/261/615 504/260/615
f 681/439/849 695/438/848 696/464/874 682/465/875
f 675/435/845 702/434/844 704/451/861 678/450/860
f 669/466/876 700/467/877 688/447/857 670/446/856
f 682/465/875 696/464/874 694/463/873 680/462/872
f 673/453/863 690/452/862 700/467/877 669/466/876
f 689/436/878 709/468/879 726/469/880 706/449/881
f 697/441/882 717/470/883 718/471/884 698/442/884
f 705/433/885 725/472/886 722/473/887 702/434/888
f 690/452/889 710/474/890 720/475/891 700/467/892
f 687/460/893 707/476/894 559/274/636 537/261/636
f 704/451/895 724/477/896 710/474/890 690/452/889
f 700/467/892 720/475/891 708/478/897 688/447/898
f 691/456/899 711/479/900 713/480/901 693/459/902
f 694/463/903 714/481/903 725/472/886 705/433/885
f 699/429/904 719/482/905 712/483/906 692/430/907
f 692/430/907 712/483/906 709/468/879 689/436/878
f 706/449/881 726/469/880 717/470/883 697/441/882
f 538/235/651 560/284/651 715/484/908 695/438/908
f 693/459/902 713/480/901 707/476/894 687/460/893
f 698/442/884 718/471/884 721/485/909 701/455/910
f 688/447/898 708/478/897 723/486/911 703/445/912
f 695/438/908 715/484/908 716/487/913 696/464/913
f 702/434/888 722/473/887 724/477/896 704/451/895
f 701/455/910 721/485/909 711/479/900 691/456/899
f 696/464/913 716/487/913 714/481/903 694/463/903
f 703/445/912 723/486/911 719/482/905 699/429/904
f 727/488/914 739/489/914 730/490/914
f 733/491/915 742/492/915 743/493/915 734/494/915
f 729/495/916 738/496/916 737/497/916 728/498/916
f 731/499/917 740/500/917 741/501/917 732/502/917
f 735/503/918 743/493/918 744/504/918
f 732/502/919 741/501/919 742/492/919 733/491/919
f 730/490/920 739/489/920 738/496/920 729/495/920
f 728/498/921 737/497/921 740/500/921 731/499/921
f 736/505/922 739/489/922 727/488/922
f 734/494/923 743/493/923 735/503/923
f 743/493/924 742/492/924 749/506/924 744/504/924
f 742/492/925 741/501/925 748/507/925 749/506/925
f 741/501/926 740/500/926 747/508/926 748/507/926
f 740/500/927 737/497/927 746/509/927 747/508/927
f 737/497/928 738/496/928 745/510/928 746/509/928
f 738/496/929 739/489/929 736/505/929 745/510/929
f 750/488/930 753/490/930 762/489/930
f 756/491/931 757/494/931 766/493/931 765/492/931
f 752/495/932 751/498/932 760/497/932 761/496/932
f 754/499/933 755/502/933 764/501/933 763/500/933
f 758/503/934 767/504/934 766/493/934
f 755/502/935 756/491/935 765/492/935 764/501/935
f 753/490/936 752/495/936 761/496/936 762/489/936
f 751/498/937 754/499/937 763/500/937 760/497/937
f 759/505/938 750/488/938 762/489/938
f 757/494/939 758/503/939 766/493/939
f 766/493/940 767/504/940 772/506/940 765/492/940
f 765/492/941 772/506/941 771/507/941 764/501/941
f 764/501/942 771/507/942 770/508/942 763/500/942
f 763/500/943 770/508/943 769/509/943 760/497/943
f 760/497/944 769/509/944 768/510/944 761/496/944
f 761/496/945 768/510/945 759/505/945 762/489/945
f 773/511/946 774/512/946 775/513/946
f 779/514/947 780/515/947 781/516/947
f 774/512/948 777/517/948 778/518/948 775/513/948
f 773/511/949 776/519/949 777/517/949 774/512/949
f 775/513/950 778/518/950 776/519/950 773/511/950
f 780/515/951 783/520/951 784/521/951 781/516/951
f 779/514/952 782/522/952 783/520/952 780/515/952
f 781/516/953 784/521/953 782/522/953 779/514/953
f 785/523/954 786/524/954 787/525/954
f 786/524/955 789/526/955 790/527/955 787/525/955
f 785/523/956 788/528/956 789/526/956 786/524/956
f 787/525/957 790/527/957 788/528/957 785/523/957
f 824/529/958 811/530/959 794/531/960 793/532/961
f 801/533/962 798/534/963 815/535/964 809/536/965
f 815/535/964 814/537/966 810/538/967 809/536/965
f 808/539/968 810/538/967 814/537/966 806/540/969
f 807/541/970 806/540/969 814/537/966 813/542/971
f 813/542/971 814/537/966 815/535/964 812/543/972
f 812/543/972 815/535/964 798/534/963 816/544/973
f 792/545/974 791/546/975 811/530/959 818/547/976
f 797/548/977 792/545/974 818/547/976 804/549/978
f 802/550/979 804/549/978 818/547/976 819/551/980
f 803/552/981 802/550/979 819/551/980 820/553/982
f 800/554/983 803/552/981 820/553/982 799/555/984
f 817/556/985 799/555/984 820/553/982 821/557/986
f 821/557/986 820/553/982 819/551/980 822/558/987
f 822/558/987 819/551/980 818/547/976 823/559/988
f 805/560/989 811/530/959 791/546/975 796/561/990
f 795/562/991 794/531/960 811/530/959 805/560/989
f 823/559/988 818/547/976 811/530/959 824/529/958
f 799/555/984 817/556/985 816/544/973 798/534/963
f 804/549/978 802/550/979 836/563/992 838/564/993
f 793/532/961 794/531/960 828/565/994 827/566/995
f 806/540/969 840/567/996 842/568/997 808/539/968
f 791/546/975 825/569/998 830/570/999 796/561/990
f 791/546/975 792/545/974 826/571/1000 825/569/998
f 810/538/967 844/572/1001 843/573/1002 809/536/965
f 792/545/974 797/548/977 831/574/1003 826/571/1000
f 808/539/968 842/568/997 844/572/1001 810/538/967
f 805/560/989 839/575/1004 829/576/1005 795/562/991
f 809/536/965 843/573/1002 835/577/1006 801/533/962
f 796/561/990 830/570/999 839/575/1004 805/560/989
f 797/548/977 804/549/978 838/564/993 831/574/1003
f 795/562/991 829/576/1005 828/565/994 794/531/960
f 803/552/981 800/554/983 834/578/1007 837/579/1008
f 799/555/984 798/534/963 832/580/1009 833/581/1010
f 802/550/979 803/552/981 837/579/1008 836/563/992
f 800/554/983 799/555/984 833/581/1010 834/578/1007
f 806/540/969 807/541/970 841/582/1011 840/567/996
f 801/533/962 835/577/1006 832/580/1009 798/534/963
f 824/529/958 793/532/961 847/583/1012 863/584/1013
f 854/585/1014 861/586/1015 865/587/1016 851/588/1017
f 865/587/1016 861/586/1015 862/589/1018 864/590/1019
f 860/591/1020 859/592/1021 864/590/1019 862/589/1018
f 807/541/970 813/542/971 864/590/1019 859/592/1021
f 813/542/971 812/543/972 865/587/1016 864/590/1019
f 812/543/972 816/544/973 851/588/1017 865/587/1016
f 846/593/1022 866/594/1023 863/584/1013 845/595/1024
f 850/596/1025 857/597/1026 866/594/1023 846/593/1022
f 855/598/1027 867/599/1028 866/594/1023 857/597/1026
f 856/600/1029 868/601/1030 867/599/1028 855/598/1027
f 853/602/1031 852/603/1032 868/601/1030 856/600/1029
f 817/556/985 821/557/986 868/601/1030 852/603/1032
f 821/557/986 822/558/987 867/599/1028 868/601/1030
f 822/558/987 823/559/988 866/594/1023 867/599/1028
f 858/604/1033 849/605/1034 845/595/1024 863/584/1013
f 848/606/1035 858/604/1033 863/584/1013 847/583/1012
f 823/559/988 824/529/958 863/584/1013 866/594/1023
f 852/603/1032 851/588/1017 816/544/973 817/556/985
f 857/597/1026 881/607/1036 879/608/1037 855/598/1027
f 793/532/961 827/566/995 871/609/1038 847/583/1012
f 859/592/1021 860/591/1020 884/610/1039 883/611/1040
f 845/595/1024 849/605/1034 873/612/1041 869/613/1042
f 845/595/1024 869/613/1042 870/614/1043 846/593/1022
f 862/589/1018 861/586/1015 885/615/1044 886/616/1045
f 846/593/1022 870/614/1043 874/617/1046 850/596/1025
f 860/591/1020 862/589/1018 886/616/1045 884/610/1039
f 858/604/1033 848/606/1035 872/618/1047 882/619/1048
f 861/586/1015 854/585/1014 878/620/1049 885/615/1044
f 849/605/1034 858/604/1033 882/619/1048 873/612/1041
f 850/596/1025 874/617/1046 881/607/1036 857/597/1026
f 848/606/1035 847/583/1012 871/609/1038 872/618/1047
f 856/600/1029 880/621/1050 877/622/1051 853/602/1031
f 852/603/1032 876/623/1052 875/624/1053 851/588/1017
f 855/598/1027 879/608/1037 880/621/1050 856/600/1029
f 853/602/1031 877/622/1051 876/623/1052 852/603/1032
f 859/592/1021 883/611/1040 841/582/1011 807/541/970
f 854/585/1014 851/588/1017 875/624/1053 878/620/1049
f 1025/625/1054 1029/626/1055 1067/627/1056 1066/628/1057
f 1030/629/1058 1067/627/1056 1029/626/1055
f 1028/630/1059 1027/631/1060 1070/632/1061 1071/633/1062
f 1027/631/1060 1026/634/1063 1069/635/1064 1070/632/1061
f 1026/634/1063 1024/636/1065 1068/637/1066 1069/635/1064
f 1024/636/1065 1025/625/1054 1066/628/1057 1068/637/1066
f 1031/638/1067 1028/630/1059 1032/639/1068
f 1033/640/1069 1032/639/1068 1072/641/1070 1073/642/1071
f 1040/643/1072 1039/644/1073 1079/645/1074 1080/646/1075
f 1037/647/1076 1036/648/1077 1076/649/1078 1077/650/1079
f 1044/651/1080 1043/652/1081 1083/653/1082 1084/654/1083
f 1034/655/1084 1033/640/1069 1073/642/1071 1074/656/1085
f 1041/657/1086 1040/643/1072 1080/646/1075 1081/658/1087
f 1038/659/1088 1037/647/1076 1077/650/1079 1078/660/1089
f 1035/661/1090 1034/655/1084 1074/656/1085 1075/662/1091
f 1042/663/1092 1041/657/1086 1081/658/1087 1082/664/1093
f 1039/644/1073 1038/659/1088 1078/660/1089 1079/645/1074
f 1036/648/1077 1035/661/1090 1075/662/1091 1076/649/1078
f 1043/652/1081 1042/663/1092 1082/664/1093 1083/653/1082
f 1071/633/1062 1072/641/1070 1032/639/1068 1028/630/1059
f 1044/651/1080 1084/654/1083 1045/665/1094
f 1138/666/1095 1139/667/1095 1141/668/1096 1140/669/1097
f 1143/670/1098 1140/669/1097 1141/668/1096 1142/671/1099
f 1142/671/1099 1111/672/1100 1110/673/1101 1143/670/1098
f 1132/674/1102 1133/675/1102 1135/676/1103 1134/677/1104
f 1136/678/1105 1134/677/1104 1135/676/1103 1137/679/1106
f 1137/679/1106 1108/680/1107 1107/681/1108 1136/678/1105
f 1126/682/1109 1127/683/1109 1129/684/1110 1128/685/1111
f 1131/686/1112 1128/685/1111 1129/684/1110 1130/687/1112
f 1130/687/1112 1125/688/1113 1124/689/1114 1131/686/1112
f 1100/690/1115 1124/689/1114 1125/688/1113 1105/691/1116
f 1095/692/1117 1094/693/1117 1096/694/1118 1093/695/1119
f 1092/696/1120 1093/695/1119 1096/694/1118 1097/697/1121
f 1091/698/1122 1092/696/1120 1097/697/1121 1098/699/1123
f 1091/698/1122 1104/700/1124 1085/701/1125 1090/702/1126
f 1085/701/1125 1086/703/1127 1089/704/1127 1090/702/1126
f 1087/705/1128 1088/706/1128 1089/704/1127 1086/703/1127
f 1101/707/1129 1104/700/1124 1091/698/1122 1098/699/1123
f 1099/708/1130 1102/709/1131 1101/707/1129 1098/699/1123
f 1100/690/1115 1103/710/1132 1102/709/1131 1099/708/1130
f 1121/711/1133 1103/710/1132 1100/690/1115 1105/691/1116
f 1106/712/1134 1122/713/1135 1121/711/1133 1105/691/1116
f 1107/681/1108 1123/714/1136 1122/713/1135 1106/712/1134
f 1123/714/1136 1107/681/1108 1108/680/1107 1118/715/1137
f 1109/716/1138 1119/717/1139 1118/715/1137 1108/680/1107
f 1110/673/1101 1120/718/1140 1119/717/1139 1109/716/1138
f 1120/718/1140 1110/673/1101 1111/672/1100 1115/719/1141
f 1112/720/1142 1116/721/1143 1115/719/1141 1111/672/1100
f 1113/722/1144 1117/723/1145 1116/721/1143 1112/720/1142
f 1114/724/1146 1117/723/1145 1113/722/1144
f 1047/725/1147 1048/726/1148 1053/727/1149 1054/728/1150
f 1048/726/1148 1049/729/1151 1052/730/1151 1053/727/1149
f 1050/731/1152 1051/732/1153 1052/730/1151 1049/729/1151
f 1061/733/1154 1060/734/1155 1047/725/1147 1054/728/1150
f 1047/725/1147 1060/734/1155 1063/735/1156 1046/736/1157
f 1064/737/1158 1065/738/1158 1046/736/1157 1063/735/1156
f 1060/734/1155 1062/739/1159 1063/735/1156
f 1054/728/1150 1055/740/1160 1061/733/1154
f 1055/740/1160 1056/741/1161 1059/742/1162 1061/733/1154
f 1057/743/1163 1058/744/1163 1059/742/1162 1056/741/1161
f 1019/745/1164 1018/746/1165 1020/747/1166
f 1015/748/1167 1014/749/1168 1016/750/1169
f 1010/751/1170 1011/752/1171 1012/753/1172
f 1009/754/1173 1013/755/1174 1012/753/1172 1011/752/1171
f 1013/755/1174 1144/756/1175 1145/757/1176 1014/749/1168
f 1009/754/1173 1008/758/1177 1144/756/1175 1013/755/1174
f 1017/759/1178 1016/750/1169 1014/749/1168 1145/757/1176
f 1146/760/1179 1149/761/1180 1150/762/1181 1147/763/1182
f 1007/764/1183 1146/760/1179 1144/756/1175 1008/758/1177
f 1145/757/1176 1144/756/1175 1146/760/1179 1147/763/1182
f 1007/764/1183 1148/765/1184 1149/761/1180 1146/760/1179
f 1007/764/1183 1006/766/1185 1148/765/1184
f 1021/767/1186 1151/768/1187 1152/769/1188 1022/770/1189
f 1147/763/1182 1150/762/1181 1151/768/1187 1021/767/1186
f 1021/767/1186 1020/747/1166 1018/746/1165 1147/763/1182
f 1018/746/1165 1017/759/1178 1145/757/1176 1147/763/1182
f 1023/771/1190 1022/770/1189 1152/769/1188
f 989/772/1191 991/773/1192 1129/774/1193 1127/775/1194
f 926/776/1195 925/777/1196 1044/778/1197 1045/779/1195
f 991/773/1192 992/780/1198 1130/781/1199 1129/774/1193
f 928/782/1200 1047/783/1201 1046/784/1202 927/785/1203
f 986/786/1204 993/787/1205 1131/788/1206 1124/789/1207
f 929/790/1208 1048/791/1209 1047/783/1201 928/782/1200
f 996/792/1210 994/793/1211 1132/794/1212 1134/795/1213
f 930/796/1214 1049/797/1215 1048/791/1209 929/790/1208
f 999/798/1216 970/799/1217 1108/800/1218 1137/801/1219
f 931/802/1220 1050/803/1152 1049/797/1215 930/796/1214
f 998/804/1221 996/792/1210 1134/795/1213 1136/805/1222
f 932/806/1223 1051/807/1153 1050/803/1152 931/802/1220
f 995/808/1224 997/809/1225 1135/810/1226 1133/811/1227
f 933/812/1228 1052/813/1229 1051/807/1153 932/806/1223
f 994/793/1211 995/808/1224 1133/811/1227 1132/794/1212
f 934/814/1230 1053/815/1231 1052/813/1229 933/812/1228
f 969/816/1232 998/804/1221 1136/805/1222 1107/817/1233
f 935/818/1234 1054/819/1235 1053/815/1231 934/814/1230
f 997/809/1225 999/798/1216 1137/801/1219 1135/810/1226
f 936/820/1236 1055/821/1237 1054/819/1235 935/818/1234
f 1002/822/1238 1000/823/1239 1138/824/1240 1140/825/1241
f 947/826/1242 948/827/1243 1086/828/1244 1085/829/1245
f 937/830/1246 1056/831/1247 1055/821/1237 936/820/1236
f 1004/832/1248 973/833/1249 1111/834/1250 1142/835/1251
f 948/827/1243 949/836/1252 1087/837/1253 1086/828/1244
f 938/838/1254 1057/839/1255 1056/831/1247 937/830/1246
f 1005/840/1256 1002/822/1238 1140/825/1241 1143/841/1257
f 949/836/1252 950/842/1258 1088/843/1259 1087/837/1253
f 939/844/1260 1058/845/1260 1057/839/1255 938/838/1254
f 1001/846/1261 1003/847/1262 1141/848/1263 1139/849/1264
f 950/842/1258 951/850/1265 1089/851/1266 1088/843/1259
f 940/852/1267 1059/853/1268 1058/845/1269 939/844/1269
f 1003/847/1262 1004/832/1248 1142/835/1251 1141/848/1263
f 951/850/1265 952/854/1270 1090/855/1271 1089/851/1266
f 941/856/1272 1060/857/1273 1061/858/1274 942/859/1275
f 972/860/1276 1005/840/1256 1143/841/1257 1110/861/1277
f 887/862/1278 1006/863/1278 1007/864/1279 888/865/1280
f 952/854/1270 953/866/1281 1091/867/1282 1090/855/1271
f 942/859/1275 1061/858/1274 1059/853/1268 940/852/1267
f 1000/823/1239 1001/846/1261 1139/849/1264 1138/824/1240
f 888/865/1280 1007/864/1279 1008/868/1283 889/869/1284
f 954/870/1285 1092/871/1286 1091/867/1282 953/866/1281
f 943/872/1287 1062/873/1287 1060/857/1273 941/856/1272
f 889/869/1284 1008/868/1283 1009/874/1288 890/875/1289
f 955/876/1290 1093/877/1291 1092/871/1286 954/870/1285
f 944/878/1292 1063/879/1293 1062/880/1294 943/881/1294
f 891/882/1295 892/883/1296 1011/884/1297 1010/885/1298
f 956/886/1299 1094/887/1300 1095/888/1301 957/889/1302
f 945/890/1303 1064/891/1304 1063/879/1293 944/878/1292
f 892/883/1296 890/875/1289 1009/874/1288 1011/884/1297
f 957/889/1302 1095/888/1301 1093/877/1291 955/876/1290
f 946/892/1305 1065/893/1306 1064/891/1304 945/890/1303
f 893/894/1307 891/882/1295 1010/885/1298 1012/895/1308
f 958/896/1309 1096/897/1310 1094/898/1300 956/899/1299
f 927/785/1203 1046/784/1202 1065/893/1306 946/892/1305
f 894/900/1311 893/894/1307 1012/895/1308 1013/901/1312
f 959/902/1313 1097/903/1314 1096/897/1310 958/896/1309
f 894/900/1311 1013/901/1312 1014/904/1315 895/905/1316
f 960/906/1317 1098/907/1318 1097/903/1314 959/902/1313
f 895/905/1316 1014/904/1315 1015/908/1319 896/909/1320
f 960/906/1317 961/910/1321 1099/911/1322 1098/907/1318
f 896/909/1320 1015/908/1319 1016/912/1323 897/913/1324
f 961/910/1321 962/914/1325 1100/915/1326 1099/911/1322
f 897/913/1324 1016/912/1323 1017/916/1327 898/917/1328
f 964/918/1329 963/919/1330 1101/920/1331 1102/921/1332
f 898/917/1328 1017/916/1327 1018/922/1333 899/923/1334
f 965/924/1335 964/918/1329 1102/921/1332 1103/925/1336
f 899/923/1334 1018/922/1333 1019/926/1337 900/927/1338
f 963/919/1330 966/928/1339 1104/929/1340 1101/920/1331
f 900/927/1338 1019/926/1337 1020/930/1341 901/931/1342
f 966/928/1339 947/826/1242 1085/829/1245 1104/929/1340
f 901/931/1342 1020/930/1341 1021/932/1343 902/933/1344
f 967/934/1345 968/935/1346 1106/936/1347 1105/937/1348
f 902/933/1344 1021/932/1343 1022/938/1349 903/939/1350
f 968/935/1346 969/816/1232 1107/817/1233 1106/936/1347
f 903/939/1350 1022/938/1349 1023/940/1351 904/941/1351
f 970/799/1217 971/942/1352 1109/943/1353 1108/800/1218
f 905/944/1354 906/945/1355 1025/946/1356 1024/947/1357
f 971/942/1352 972/860/1276 1110/861/1277 1109/943/1353
f 907/948/1358 905/944/1354 1024/947/1357 1026/949/1359
f 973/833/1249 974/950/1360 1112/951/1361 1111/834/1250
f 908/952/1362 907/948/1358 1026/949/1359 1027/953/1363
f 974/950/1360 975/954/1364 1113/955/1365 1112/951/1361
f 909/956/1366 908/952/1362 1027/953/1363 1028/957/1367
f 975/954/1364 976/958/1368 1114/959/1369 1113/955/1365
f 906/945/1355 910/960/1370 1029/961/1371 1025/946/1356
f 978/962/1372 977/963/1373 1115/964/1374 1116/965/1375
f 910/960/1370 911/966/1376 1030/967/1376 1029/961/1371
f 979/968/1377 978/962/1372 1116/965/1375 1117/969/1377
f 912/970/1378 909/956/1366 1028/957/1367 1031/971/1379
f 981/972/1380 980/973/1381 1118/974/1381 1119/975/1382
f 913/976/1383 912/970/1378 1031/971/1379 1032/977/1384
f 982/978/1385 981/972/1380 1119/975/1382 1120/979/1386
f 914/980/1387 913/976/1383 1032/977/1384 1033/981/1388
f 977/963/1373 982/978/1385 1120/979/1386 1115/964/1374
f 915/982/1389 914/980/1387 1033/981/1388 1034/983/1390
f 984/984/1391 983/985/1392 1121/986/1393 1122/987/1394
f 916/988/1395 915/982/1389 1034/983/1390 1035/989/1396
f 985/990/1397 984/984/1391 1122/987/1394 1123/991/1398
f 917/992/1399 916/988/1395 1035/989/1396 1036/993/1400
f 983/985/1392 965/924/1335 1103/925/1336 1121/986/1393
f 918/994/1401 917/992/1399 1036/993/1400 1037/995/1402
f 980/973/1381 985/990/1397 1123/991/1398 1118/974/1381
f 976/958/1368 979/968/1377 1117/969/1377 1114/959/1369
f 919/996/1403 918/994/1401 1037/995/1402 1038/997/1404
f 962/914/1325 986/786/1204 1124/789/1207 1100/915/1326
f 920/998/1405 919/996/1403 1038/997/1404 1039/999/1406
f 987/1000/1407 967/934/1345 1105/937/1348 1125/1001/1408
f 921/1002/1409 920/998/1405 1039/999/1406 1040/1003/1410
f 990/1004/1411 988/1005/1412 1126/1006/1413 1128/1007/1414
f 922/1008/1415 921/1002/1409 1040/1003/1410 1041/1009/1416
f 992/780/1198 987/1000/1407 1125/1001/1408 1130/781/1199
f 923/1010/1417 922/1008/1415 1041/1009/1416 1042/1011/1418
f 988/1005/1412 989/772/1191 1127/775/1194 1126/1006/1413
f 924/1012/1419 923/1010/1417 1042/1011/1418 1043/1013/1420
f 993/787/1205 990/1004/1411 1128/1007/1414 1131/788/1206
f 925/777/1196 924/1012/1419 1043/1013/1420 1044/778/1197
f 1285/1014/1421 1066/628/1057 1067/627/1056 1289/1015/1422
f 1030/629/1058 1289/1015/1422 1067/627/1056
f 1288/1016/1423 1071/633/1062 1070/632/1061 1287/1017/1424
f 1287/1017/1424 1070/632/1061 1069/635/1064 1286/1018/1425
f 1286/1018/1425 1069/635/1064 1068/637/1066 1284/1019/1426
f 1284/1019/1426 1068/637/1066 1066/628/1057 1285/1014/1421
f 1290/1020/1427 1291/1021/1428 1288/1016/1423
f 1292/1022/1429 1073/642/1071 1072/641/1070 1291/1021/1428
f 1299/1023/1430 1080/646/1075 1079/645/1074 1298/1024/1431
f 1296/1025/1432 1077/650/1079 1076/649/1078 1295/1026/1433
f 1303/1027/1434 1084/654/1083 1083/653/1082 1302/1028/1435
f 1293/1029/1436 1074/656/1085 1073/642/1071 1292/1022/1429
f 1300/1030/1437 1081/658/1087 1080/646/1075 1299/1023/1430
f 1297/1031/1438 1078/660/1089 1077/650/1079 1296/1025/1432
f 1294/1032/1439 1075/662/1091 1074/656/1085 1293/1029/1436
f 1301/1033/1440 1082/664/1093 1081/658/1087 1300/1030/1437
f 1298/1024/1431 1079/645/1074 1078/660/1089 1297/1031/1438
f 1295/1026/1433 1076/649/1078 1075/662/1091 1294/1032/1439
f 1302/1028/1435 1083/653/1082 1082/664/1093 1301/1033/1440
f 1071/633/1062 1288/1016/1423 1291/1021/1428 1072/641/1070
f 1303/1027/1434 1045/665/1094 1084/654/1083
f 1377/1034/1441 1379/1035/1442 1380/1036/1443 1378/1037/1441
f 1382/1038/1444 1381/1039/1445 1380/1036/1443 1379/1035/1442
f 1381/1039/1445 1382/1038/1444 1349/1040/1446 1350/1041/1447
f 1371/1042/1448 1373/1043/1449 1374/1044/1450 1372/1045/1448
f 1375/1046/1451 1376/1047/1452 1374/1044/1450 1373/1043/1449
f 1376/1047/1452 1375/1046/1451 1346/1048/1453 1347/1049/1454
f 1365/1050/1455 1367/1051/1456 1368/1052/1457 1366/1053/1455
f 1370/1054/1458 1369/1055/1458 1368/1052/1457 1367/1051/1456
f 1369/1055/1458 1370/1054/1458 1363/1056/1459 1364/1057/1460
f 1339/1058/1461 1344/1059/1462 1364/1057/1460 1363/1056/1459
f 1334/1060/1463 1332/1061/1464 1335/1062/1465 1333/1063/1463
f 1331/1064/1466 1336/1065/1467 1335/1062/1465 1332/1061/1464
f 1330/1066/1468 1337/1067/1469 1336/1065/1467 1331/1064/1466
f 1330/1066/1468 1329/1068/1470 1324/1069/1471 1343/1070/1472
f 1324/1069/1471 1329/1068/1470 1328/1071/1473 1325/1072/1473
f 1326/1073/1474 1325/1072/1473 1328/1071/1473 1327/1074/1474
f 1340/1075/1475 1337/1067/1469 1330/1066/1468 1343/1070/1472
f 1338/1076/1476 1337/1067/1469 1340/1075/1475 1341/1077/1477
f 1339/1058/1461 1338/1076/1476 1341/1077/1477 1342/1078/1478
f 1360/1079/1479 1344/1059/1462 1339/1058/1461 1342/1078/1478
f 1345/1080/1480 1344/1059/1462 1360/1079/1479 1361/1081/1481
f 1346/1048/1453 1345/1080/1480 1361/1081/1481 1362/1082/1482
f 1362/1082/1482 1357/1083/1483 1347/1049/1454 1346/1048/1453
f 1348/1084/1484 1347/1049/1454 1357/1083/1483 1358/1085/1485
f 1349/1040/1446 1348/1084/1484 1358/1085/1485 1359/1086/1486
f 1359/1086/1486 1354/1087/1487 1350/1041/1447 1349/1040/1446
f 1351/1088/1488 1350/1041/1447 1354/1087/1487 1355/1089/1489
f 1352/1090/1490 1351/1088/1488 1355/1089/1489 1356/1091/1491
f 1353/1092/1492 1352/1090/1490 1356/1091/1491
f 1305/1093/1493 1312/1094/1494 1311/1095/1495 1306/1096/1496
f 1306/1096/1496 1311/1095/1495 1310/1097/1497 1307/1098/1497
f 1308/1099/1498 1307/1098/1497 1310/1097/1497 1309/1100/1498
f 1319/1101/1499 1312/1094/1494 1305/1093/1493 1318/1102/1500
f 1305/1093/1493 1304/1103/1501 1321/1104/1502 1318/1102/1500
f 1322/1105/1503 1321/1104/1502 1304/1103/1501 1323/1106/1503
f 1318/1102/1500 1321/1104/1502 1320/1107/1504
f 1312/1094/1494 1319/1101/1499 1313/1108/1505
f 1313/1108/1505 1319/1101/1499 1317/1109/1506 1314/1110/1507
f 1315/1111/1508 1314/1110/1507 1317/1109/1506 1316/1112/1508
f 1280/1113/1509 1281/1114/1510 1279/1115/1511
f 1276/1116/1512 1277/1117/1513 1275/1118/1514
f 1271/1119/1515 1273/1120/1516 1272/1121/1517
f 1270/1122/1518 1272/1121/1517 1273/1120/1516 1274/1123/1519
f 1274/1123/1519 1275/1118/1514 1384/1124/1520 1383/1125/1521
f 1270/1122/1518 1274/1123/1519 1383/1125/1521 1269/1126/1522
f 1278/1127/1523 1384/1124/1520 1275/1118/1514 1277/1117/1513
f 1385/1128/1524 1386/1129/1525 1150/762/1181 1149/761/1180
f 1268/1130/1526 1269/1126/1522 1383/1125/1521 1385/1128/1524
f 1384/1124/1520 1386/1129/1525 1385/1128/1524 1383/1125/1521
f 1268/1130/1526 1385/1128/1524 1149/761/1180 1148/765/1184
f 1268/1130/1526 1148/765/1184 1006/766/1185
f 1282/1131/1527 1283/1132/1528 1152/769/1188 1151/768/1187
f 1386/1129/1525 1282/1131/1527 1151/768/1187 1150/762/1181
f 1282/1131/1527 1386/1129/1525 1279/1115/1511 1281/1114/1510
f 1279/1115/1511 1386/1129/1525 1384/1124/1520 1278/1127/1523
f 1023/771/1190 1152/769/1188 1283/1132/1528
f 1251/1133/1529 1366/1134/1530 1368/1135/1531 1253/1136/1532
f 926/1137/1195 1045/1138/1195 1303/1139/1533 1188/1140/1534
f 1253/1136/1532 1368/1135/1531 1369/1141/1535 1254/1142/1536
f 1190/1143/1537 1189/1144/1538 1304/1145/1539 1305/1146/1540
f 1248/1147/1541 1363/1148/1542 1370/1149/1543 1255/1150/1544
f 1191/1151/1545 1190/1143/1537 1305/1146/1540 1306/1152/1546
f 1258/1153/1547 1373/1154/1548 1371/1155/1549 1256/1156/1550
f 1192/1157/1551 1191/1151/1545 1306/1152/1546 1307/1158/1552
f 1261/1159/1553 1376/1160/1554 1347/1161/1555 1232/1162/1556
f 1193/1163/1557 1192/1157/1551 1307/1158/1552 1308/1164/1558
f 1260/1165/1559 1375/1166/1560 1373/1154/1548 1258/1153/1547
f 1194/1167/1561 1193/1163/1557 1308/1164/1558 1309/1168/1562
f 1257/1169/1563 1372/1170/1564 1374/1171/1565 1259/1172/1566
f 1195/1173/1567 1194/1167/1561 1309/1168/1562 1310/1174/1568
f 1256/1156/1550 1371/1155/1549 1372/1170/1564 1257/1169/1563
f 1196/1175/1569 1195/1173/1567 1310/1174/1568 1311/1176/1570
f 1231/1177/1571 1346/1178/1572 1375/1166/1560 1260/1165/1559
f 1197/1179/1573 1196/1175/1569 1311/1176/1570 1312/1180/1574
f 1259/1172/1566 1374/1171/1565 1376/1160/1554 1261/1159/1553
f 1198/1181/1575 1197/1179/1573 1312/1180/1574 1313/1182/1576
f 1264/1183/1577 1379/1184/1578 1377/1185/1579 1262/1186/1580
f 1209/1187/1581 1324/1188/1582 1325/1189/1583 1210/1190/1584
f 1199/1191/1585 1198/1181/1575 1313/1182/1576 1314/1192/1586
f 1266/1193/1587 1381/1194/1588 1350/1195/1589 1235/1196/1590
f 1210/1190/1584 1325/1189/1583 1326/1197/1591 1211/1198/1592
f 1200/1199/1593 1199/1191/1585 1314/1192/1586 1315/1200/1594
f 1267/1201/1595 1382/1202/1596 1379/1184/1578 1264/1183/1577
f 1211/1198/1592 1326/1197/1591 1327/1203/1597 1212/1204/1598
f 1201/1205/1599 1200/1199/1593 1315/1200/1594 1316/1206/1599
f 1263/1207/1600 1378/1208/1601 1380/1209/1602 1265/1210/1603
f 1212/1204/1598 1327/1203/1597 1328/1211/1604 1213/1212/1605
f 1202/1213/1606 1201/1214/1607 1316/1215/1607 1317/1216/1608
f 1265/1210/1603 1380/1209/1602 1381/1194/1588 1266/1193/1587
f 1213/1212/1605 1328/1211/1604 1329/1217/1609 1214/1218/1610
f 1203/1219/1611 1204/1220/1612 1319/1221/1613 1318/1222/1614
f 1234/1223/1615 1349/1224/1616 1382/1202/1596 1267/1201/1595
f 887/862/1278 1153/1225/1617 1268/1226/1618 1006/863/1278
f 1214/1218/1610 1329/1217/1609 1330/1227/1619 1215/1228/1620
f 1204/1220/1612 1202/1213/1606 1317/1216/1608 1319/1221/1613
f 1262/1186/1580 1377/1185/1579 1378/1208/1601 1263/1207/1600
f 1153/1225/1617 1154/1229/1621 1269/1230/1622 1268/1226/1618
f 1216/1231/1623 1215/1228/1620 1330/1227/1619 1331/1232/1624
f 1205/1233/1625 1203/1219/1611 1318/1222/1614 1320/1234/1625
f 1154/1229/1621 1155/1235/1626 1270/1236/1627 1269/1230/1622
f 1217/1237/1628 1216/1231/1623 1331/1232/1624 1332/1238/1629
f 1206/1239/1630 1205/1233/1631 1320/1234/1631 1321/1240/1632
f 1156/1241/1633 1271/1242/1634 1272/1243/1635 1157/1244/1636
f 1218/1245/1637 1219/1246/1638 1334/1247/1639 1333/1248/1640
f 1207/1249/1641 1206/1239/1630 1321/1240/1632 1322/1250/1642
f 1157/1244/1636 1272/1243/1635 1270/1236/1627 1155/1235/1626
f 1219/1246/1638 1217/1237/1628 1332/1238/1629 1334/1247/1639
f 1208/1251/1643 1207/1249/1641 1322/1250/1642 1323/1252/1644
f 1158/1253/1645 1273/1254/1646 1271/1242/1634 1156/1241/1633
f 1220/1255/1647 1218/1256/1637 1333/1257/1640 1335/1258/1648
f 1189/1144/1538 1208/1251/1643 1323/1252/1644 1304/1145/1539
f 1159/1259/1649 1274/1260/1650 1273/1254/1646 1158/1253/1645
f 1221/1261/1651 1220/1255/1647 1335/1258/1648 1336/1262/1652
f 1159/1259/1649 1160/1263/1653 1275/1264/1654 1274/1260/1650
f 1222/1265/1655 1221/1261/1651 1336/1262/1652 1337/1266/1656
f 1160/1263/1653 1161/1267/1657 1276/1268/1658 1275/1264/1654
f 1222/1265/1655 1337/1266/1656 1338/1269/1659 1223/1270/1660
f 1161/1267/1657 1162/1271/1661 1277/1272/1662 1276/1268/1658
f 1223/1270/1660 1338/1269/1659 1339/1273/1663 1224/1274/1664
f 1162/1271/1661 1163/1275/1665 1278/1276/1666 1277/1272/1662
f 1226/1277/1667 1341/1278/1668 1340/1279/1669 1225/1280/1670
f 1163/1275/1665 1164/1281/1671 1279/1282/1672 1278/1276/1666
f 1227/1283/1673 1342/1284/1674 1341/1278/1668 1226/1277/1667
f 1164/1281/1671 1165/1285/1675 1280/1286/1676 1279/1282/1672
f 1225/1280/1670 1340/1279/1669 1343/1287/1677 1228/1288/1678
f 1165/1285/1675 1166/1289/1679 1281/1290/1680 1280/1286/1676
f 1228/1288/1678 1343/1287/1677 1324/1188/1582 1209/1187/1581
f 1166/1289/1679 1167/1291/1681 1282/1292/1682 1281/1290/1680
f 1229/1293/1683 1344/1294/1684 1345/1295/1685 1230/1296/1686
f 1167/1291/1681 1168/1297/1687 1283/1298/1688 1282/1292/1682
f 1230/1296/1686 1345/1295/1685 1346/1178/1572 1231/1177/1571
f 1168/1297/1687 904/1299/1689 1023/1300/1689 1283/1298/1688
f 1232/1162/1556 1347/1161/1555 1348/1301/1690 1233/1302/1691
f 1169/1303/1692 1284/1304/1693 1285/1305/1694 1170/1306/1695
f 1233/1302/1691 1348/1301/1690 1349/1224/1616 1234/1223/1615
f 1171/1307/1696 1286/1308/1697 1284/1304/1693 1169/1303/1692
f 1235/1196/1590 1350/1195/1589 1351/1309/1698 1236/1310/1699
f 1172/1311/1700 1287/1312/1701 1286/1308/1697 1171/1307/1696
f 1236/1310/1699 1351/1309/1698 1352/1313/1702 1237/1314/1703
f 1173/1315/1704 1288/1316/1705 1287/1312/1701 1172/1311/1700
f 1237/1314/1703 1352/1313/1702 1353/1317/1706 1238/1318/1707
f 1170/1306/1695 1285/1305/1694 1289/1319/1708 1174/1320/1709
f 1240/1321/1710 1355/1322/1711 1354/1323/1712 1239/1324/1713
f 1174/1320/1709 1289/1319/1708 1030/967/1376 911/966/1376
f 1241/1325/1714 1356/1326/1714 1355/1322/1711 1240/1321/1710
f 1175/1327/1715 1290/1328/1716 1288/1316/1705 1173/1315/1704
f 1243/1329/1717 1358/1330/1718 1357/1331/1719 1242/1332/1719
f 1176/1333/1720 1291/1334/1721 1290/1328/1716 1175/1327/1715
f 1244/1335/1722 1359/1336/1723 1358/1330/1718 1243/1329/1717
f 1177/1337/1724 1292/1338/1725 1291/1334/1721 1176/1333/1720
f 1239/1324/1713 1354/1323/1712 1359/1336/1723 1244/1335/1722
f 1178/1339/1726 1293/1340/1727 1292/1338/1725 1177/1337/1724
f 1246/1341/1728 1361/1342/1729 1360/1343/1730 1245/1344/1731
f 1179/1345/1732 1294/1346/1733 1293/1340/1727 1178/1339/1726
f 1247/1347/1734 1362/1348/1735 1361/1342/1729 1246/1341/1728
f 1180/1349/1736 1295/1350/1737 1294/1346/1733 1179/1345/1732
f 1245/1344/1731 1360/1343/1730 1342/1284/1674 1227/1283/1673
f 1181/1351/1738 1296/1352/1739 1295/1350/1737 1180/1349/1736
f 1242/1332/1719 1357/1331/1719 1362/1348/1735 1247/1347/1734
f 1238/1318/1707 1353/1317/1706 1356/1326/1714 1241/1325/1714
f 1182/1353/1740 1297/1354/1741 1296/1352/1739 1181/1351/1738
f 1224/1274/1664 1339/1273/1663 1363/1148/1542 1248/1147/1541
f 1183/1355/1742 1298/1356/1743 1297/1354/1741 1182/1353/1740
f 1249/1357/1744 1364/1358/1745 1344/1294/1684 1229/1293/1683
f 1184/1359/1746 1299/1360/1747 1298/1356/1743 1183/1355/1742
f 1252/1361/1748 1367/1362/1749 1365/1363/1750 1250/1364/1751
f 1185/1365/1752 1300/1366/1753 1299/1360/1747 1184/1359/1746
f 1254/1142/1536 1369/1141/1535 1364/1358/1745 1249/1357/1744
f 1186/1367/1754 1301/1368/1755 1300/1366/1753 1185/1365/1752
f 1250/1364/1751 1365/1363/1750 1366/1134/1530 1251/1133/1529
f 1187/1369/1756 1302/1370/1757 1301/1368/1755 1186/1367/1754
f 1255/1150/1544 1370/1149/1543 1367/1362/1749 1252/1361/1748
f 1188/1140/1534 1303/1139/1533 1302/1370/1757 1187/1369/1756
f 1420/1371/1758 1407/1372/1759 1390/1373/1760 1389/1374/1761
f 1397/1375/1762 1394/1376/1763 1411/1377/1764 1405/1378/1765
f 1411/1377/1764 1410/1379/1766 1406/1380/1767 1405/1378/1765
f 1404/1381/1768 1406/1380/1767 1410/1379/1766 1402/1382/1769
f 1403/1383/1770 1402/1382/1769 1410/1379/1766 1409/1384/1771
f 1409/1384/1771 1410/1379/1766 1411/1377/1764 1408/1385/1772
f 1408/1385/1772 1411/1377/1764 1394/1376/1763 1412/1386/1773
f 1388/1387/1774 1387/1388/1775 1407/1372/1759 1414/1389/1776
f 1393/1390/1777 1388/1387/1774 1414/1389/1776 1400/1391/1778
f 1398/1392/1779 1400/1391/1778 1414/1389/1776 1415/1393/1780
f 1399/1394/1781 1398/1392/1779 1415/1393/1780 1416/1395/1782
f 1396/1396/1783 1399/1394/1781 1416/1395/1782 1395/1397/1784
f 1413/1398/1785 1395/1397/1784 1416/1395/1782 1417/1399/1786
f 1417/1399/1786 1416/1395/1782 1415/1393/1780 1418/1400/1787
f 1418/1400/1787 1415/1393/1780 1414/1389/1776 1419/1401/1788
f 1401/1402/1789 1407/1372/1759 1387/1388/1775 1392/1403/1790
f 1391/1404/1791 1390/1373/1760 1407/1372/1759 1401/1402/1789
f 1419/1401/1788 1414/1389/1776 1407/1372/1759 1420/1371/1758
f 1395/1397/1784 1413/1398/1785 1412/1386/1773 1394/1376/1763
f 1400/1391/1778 1398/1392/1779 1432/1405/1792 1434/1406/1793
f 1389/1374/1761 1390/1373/1760 1424/1407/1794 1423/1408/1795
f 1402/1382/1769 1436/1409/1796 1438/1410/1797 1404/1381/1768
f 1387/1388/1775 1421/1411/1798 1426/1412/1799 1392/1403/1790
f 1387/1388/1775 1388/1387/1774 1422/1413/1800 1421/1411/1798
f 1406/1380/1767 1440/1414/1801 1439/1415/1802 1405/1378/1765
f 1388/1387/1774 1393/1390/1777 1427/1416/1803 1422/1413/1800
f 1404/1381/1768 1438/1410/1797 1440/1414/1801 1406/1380/1767
f 1401/1402/1789 1435/1417/1804 1425/1418/1805 1391/1404/1791
f 1405/1378/1765 1439/1415/1802 1431/1419/1806 1397/1375/1762
f 1392/1403/1790 1426/1412/1799 1435/1417/1804 1401/1402/1789
f 1393/1390/1777 1400/1391/1778 1434/1406/1793 1427/1416/1803
f 1391/1404/1791 1425/1418/1805 1424/1407/1794 1390/1373/1760
f 1399/1394/1781 1396/1396/1783 1430/1420/1807 1433/1421/1808
f 1395/1397/1784 1394/1376/1763 1428/1422/1809 1429/1423/1810
f 1398/1392/1779 1399/1394/1781 1433/1421/1808 1432/1405/1792
f 1396/1396/1783 1395/1397/1784 1429/1423/1810 1430/1420/1807
f 1402/1382/1769 1403/1383/1770 1437/1424/1811 1436/1409/1796
f 1397/1375/1762 1431/1419/1806 1428/1422/1809 1394/1376/1763
f 1420/1371/1758 1389/1374/1761 1443/1425/1812 1459/1426/1813
f 1450/1427/1814 1457/1428/1815 1461/1429/1816 1447/1430/1817
f 1461/1429/1816 1457/1428/1815 1458/1431/1818 1460/1432/1819
f 1456/1433/1820 1455/1434/1821 1460/1432/1819 1458/1431/1818
f 1403/1383/1770 1409/1384/1771 1460/1432/1819 1455/1434/1821
f 1409/1384/1771 1408/1385/1772 1461/1429/1816 1460/1432/1819
f 1408/1385/1772 1412/1386/1773 1447/1430/1817 1461/1429/1816
f 1442/1435/1822 1462/1436/1823 1459/1426/1813 1441/1437/1824
f 1446/1438/1825 1453/1439/1826 1462/1436/1823 1442/1435/1822
f 1451/1440/1827 1463/1441/1828 1462/1436/1823 1453/1439/1826
f 1452/1442/1829 1464/1443/1830 1463/1441/1828 1451/1440/1827
f 1449/1444/1831 1448/1445/1832 1464/1443/1830 1452/1442/1829
f 1413/1398/1785 1417/1399/1786 1464/1443/1830 1448/1445/1832
f 1417/1399/1786 1418/1400/1787 1463/1441/1828 1464/1443/1830
f 1418/1400/1787 1419/1401/1788 1462/1436/1823 1463/1441/1828
f 1454/1446/1833 1445/1447/1834 1441/1437/1824 1459/1426/1813
f 1444/1448/1835 1454/1446/1833 1459/1426/1813 1443/1425/1812
f 1419/1401/1788 1420/1371/1758 1459/1426/1813 1462/1436/1823
f 1448/1445/1832 1447/1430/1817 1412/1386/1773 1413/1398/1785
f 1453/1439/1826 1477/1449/1836 1475/1450/1837 1451/1440/1827
f 1389/1374/1761 1423/1408/1795 1467/1451/1838 1443/1425/1812
f 1455/1434/1821 1456/1433/1820 1480/1452/1839 1479/1453/1840
f 1441/1437/1824 1445/1447/1834 1469/1454/1841 1465/1455/1842
f 1441/1437/1824 1465/1455/1842 1466/1456/1843 1442/1435/1822
f 1458/1431/1818 1457/1428/1815 1481/1457/1844 1482/1458/1845
f 1442/1435/1822 1466/1456/1843 1470/1459/1846 1446/1438/1825
f 1456/1433/1820 1458/1431/1818 1482/1458/1845 1480/1452/1839
f 1454/1446/1833 1444/1448/1835 1468/1460/1847 1478/1461/1848
f 1457/1428/1815 1450/1427/1814 1474/1462/1849 1481/1457/1844
f 1445/1447/1834 1454/1446/1833 1478/1461/1848 1469/1454/1841
f 1446/1438/1825 1470/1459/1846 1477/1449/1836 1453/1439/1826
f 1444/1448/1835 1443/1425/1812 1467/1451/1838 1468/1460/1847
f 1452/1442/1829 1476/1463/1850 1473/1464/1851 1449/1444/1831
f 1448/1445/1832 1472/1465/1852 1471/1466/1853 1447/1430/1817
f 1451/1440/1827 1475/1450/1837 1476/1463/1850 1452/1442/1829
f 1449/1444/1831 1473/1464/1851 1472/1465/1852 1448/1445/1832
f 1455/1434/1821 1479/1453/1840 1437/1424/1811 1403/1383/1770
f 1450/1427/1814 1447/1430/1817 1471/1466/1853 1474/1462/1849
f 1514/1467/1854 1513/1468/1855 1497/1469/1856 1498/1470/1857
f 1498/1470/1858 1486/1471/1859 1502/1472/1860 1514/1467/1861
f 1487/1473/1862 1484/1474/1863 1490/1475/1864 1493/1476/1864
f 1488/1477/1865 1494/1478/1865 1490/1479/1865 1484/1480/1865
f 1486/1471/1859 1485/1481/1866 1491/1482/1866 1492/1483/1866
f 1486/1484/1867 1492/1485/1867 1489/1486/1867 1483/1487/1867
f 1495/1488/1868 1498/1470/1857 1497/1469/1856 1496/1489/1868
f 1500/1490/1869 1484/1474/1863 1497/1469/1870 1513/1468/1871
f 1484/1474/1863 1487/1473/1862 1496/1489/1872 1497/1469/1870
f 1485/1481/1866 1486/1471/1859 1498/1470/1858 1495/1488/1866
f 1500/1491/1873 1504/1492/1873 1488/1477/1873 1484/1480/1873
f 1503/1493/1874 1509/1494/1875 1506/1495/1875 1500/1490/1869
f 1504/1492/1876 1500/1491/1876 1506/1496/1876 1510/1497/1876
f 1502/1472/1860 1508/1498/1877 1507/1499/1877 1501/1500/1877
f 1502/1501/1878 1499/1502/1878 1505/1503/1878 1508/1504/1878
f 1511/1505/1879 1512/1506/1879 1513/1468/1855 1514/1467/1854
f 1500/1490/1869 1513/1468/1871 1512/1506/1880 1503/1493/1874
f 1501/1500/1877 1511/1505/1877 1514/1467/1861 1502/1472/1860
f 1499/1502/1881 1502/1501/1881 1486/1484/1881 1483/1487/1881
f 1519/1507/1882 1520/1508/1882 1518/1509/1883 1516/1510/1883
f 1515/1511/1884 1517/1512/1884 1520/1508/1882 1519/1507/1882
f 1515/1511/1885 1519/1507/1886 1525/1513/1886 1521/1514/1885
f 1516/1510/1887 1518/1509/1887 1524/1515/1887 1522/1516/1887
f 1517/1512/1888 1515/1511/1889 1521/1517/1889 1523/1518/1890
f 1518/1509/1891 1520/1508/1891 1526/1519/1891 1524/1520/1891
f 1520/1508/1892 1517/1512/1888 1523/1521/1890 1526/1519/1892
f 1519/1507/1886 1516/1510/1893 1522/1522/1893 1525/1513/1886
f 1591/1/1894 1590/2/1895 1529/3/1896 1530/4/1897
f 1527/5/1898 1591/1/1894 1530/4/1897 1531/6/1899
f 1590/2/1895 1561/7/1900 1529/3/1896
f 1528/8/1901 1527/5/1898 1531/6/1899 1532/9/1902
f 1531/6/1899 1530/4/1897 1534/10/1903 1535/11/1904
f 1529/3/1896 1561/7/1900 1533/12/1905
f 1532/9/1902 1531/6/1899 1535/11/1904 1536/13/1906
f 1530/4/1897 1529/3/1896 1533/12/1905 1534/10/1903
f 1536/13/1906 1535/11/1904 1539/14/1907 1540/15/1908
f 1534/10/1903 1533/12/1905 1537/16/1909 1538/17/1910
f 1535/11/1904 1534/10/1903 1538/17/1910 1539/14/1907
f 1533/12/1905 1561/7/1900 1537/16/1909
f 1540/15/1908 1539/14/1907 1543/18/1911 1544/19/1912
f 1538/17/1910 1537/16/1909 1541/20/1913 1542/21/1914
f 1539/14/1907 1538/17/1910 1542/21/1914 1543/18/1911
f 1537/16/1909 1561/7/1900 1541/20/1913
f 1543/18/1911 1542/21/1914 1546/22/1915 1547/23/1916
f 1541/20/1913 1561/7/1900 1545/24/1917
f 1544/19/1912 1543/18/1911 1547/23/1916 1548/25/1918
f 1542/21/1914 1541/20/1913 1545/24/1917 1546/22/1915
f 1547/23/1916 1546/22/1915 1550/26/1919 1551/27/1920
f 1545/24/1917 1561/7/1900 1549/28/1921
f 1548/25/1918 1547/23/1916 1551/27/1920 1552/29/1922
f 1546/22/1915 1545/24/1917 1549/28/1921 1550/26/1919
f 1552/29/1922 1551/27/1920 1555/30/1923 1556/31/1924
f 1550/26/1919 1549/28/1921 1553/32/1925 1554/33/1926
f 1551/27/1920 1550/26/1919 1554/33/1926 1555/30/1923
f 1549/28/1921 1561/7/1900 1553/32/1925
f 1554/33/1926 1553/32/1925 1557/34/1927 1558/35/1928
f 1555/30/1923 1554/33/1926 1558/35/1928 1559/36/1929
f 1553/32/1925 1561/7/1900 1557/34/1927
f 1556/31/1924 1555/30/1923 1559/36/1929 1560/37/1930
f 1559/36/1929 1558/35/1928 1563/38/1931 1564/39/1932
f 1557/34/1927 1561/7/1900 1562/40/1933
f 1560/37/1930 1559/36/1929 1564/39/1932 1565/41/1934
f 1558/35/1928 1557/34/1927 1562/40/1933 1563/38/1931
f 1562/40/1933 1561/7/1900 1566/42/1935
f 1565/41/1934 1564/39/1932 1568/43/1936 1569/44/1937
f 1563/38/1931 1562/40/1933 1566/42/1935 1567/45/1938
f 1564/39/1932 1563/38/1931 1567/45/1938 1568/43/1936
f 1569/44/1937 1568/43/1936 1572/46/1939 1573/47/1940
f 1567/45/1938 1566/42/1935 1570/48/1941 1571/49/1942
f 1568/43/1936 1567/45/1938 1571/49/1942 1572/46/1939
f 1566/42/1935 1561/7/1900 1570/48/1941
f 1572/46/1939 1571/49/1942 1575/50/1943 1576/51/1944
f 1570/48/1941 1561/7/1900 1574/52/1945
f 1573/47/1940 1572/46/1939 1576/51/1944 1577/53/1946
f 1571/49/1942 1570/48/1941 1574/52/1945 1575/50/1943
f 1576/51/1944 1575/50/1943 1579/54/1947 1580/55/1948
f 1574/52/1945 1561/7/1900 1578/56/1949
f 1577/53/1946 1576/51/1944 1580/55/1948 1581/57/1950
f 1575/50/1943 1574/52/1945 1578/56/1949 1579/54/1947
f 1581/57/1950 1580/55/1948 1584/58/1951 1585/59/1952
f 1579/54/1947 1578/56/1949 1582/60/1953 1583/61/1954
f 1580/55/1948 1579/54/1947 1583/61/1954 1584/58/1951
f 1578/56/1949 1561/7/1900 1582/60/1953
f 1585/59/1952 1584/58/1951 1588/62/1955 1589/63/1956
f 1583/61/1954 1582/60/1953 1586/64/1957 1587/65/1958
f 1584/58/1951 1583/61/1954 1587/65/1958 1588/62/1955
f 1582/60/1953 1561/7/1900 1586/64/1957
f 1588/62/1955 1587/65/1958 1591/1/1894 1527/5/1898
f 1586/64/1957 1561/7/1900 1590/2/1895
f 1589/63/1956 1588/62/1955 1527/5/1898 1528/8/1901
f 1587/65/1958 1586/64/1957 1590/2/1895 1591/1/1894
f 1677/1523/1959 1687/1524/1959 1674/1525/1960 1673/1526/1960
f 1696/1527/1961 1675/1528/1962 1676/1529/1962 1704/1530/1961
f 1687/1524/1963 1704/1530/1963 1676/1529/1964 1674/1525/1964
f 1673/1526/1965 1675/1531/1965 1696/1532/1966 1677/1523/1967
f 1600/1507/1968 1597/1510/1969 1599/1509/1969 1601/1508/1968
f 1596/1511/1970 1600/1507/1968 1601/1508/1968 1598/1512/1970
f 1596/1511/1971 1602/1514/1971 1606/1513/1972 1600/1507/1972
f 1597/1510/1973 1603/1516/1973 1605/1515/1973 1599/1509/1973
f 1598/1512/1974 1604/1518/1974 1602/1517/1974 1596/1511/1974
f 1599/1509/1975 1605/1520/1975 1607/1519/1975 1601/1508/1975
f 1601/1508/1976 1607/1519/1976 1604/1521/1976 1598/1512/1976
f 1600/1507/1972 1606/1513/1972 1603/1522/1977 1597/1510/1977
f 1672/1/1978 1611/4/1979 1610/3/1980 1671/2/1981
f 1608/5/1982 1612/6/1983 1611/4/1979 1672/1/1978
f 1671/2/1981 1610/3/1980 1642/7/1984
f 1609/8/1985 1613/9/1986 1612/6/1983 1608/5/1982
f 1612/6/1983 1616/11/1987 1615/10/1988 1611/4/1979
f 1610/3/1980 1614/12/1989 1642/7/1984
f 1613/9/1986 1617/13/1990 1616/11/1987 1612/6/1983
f 1611/4/1979 1615/10/1988 1614/12/1989 1610/3/1980
f 1617/13/1990 1621/15/1991 1620/14/1992 1616/11/1987
f 1615/10/1988 1619/17/1993 1618/16/1994 1614/12/1989
f 1616/11/1987 1620/14/1992 1619/17/1993 1615/10/1988
f 1614/12/1989 1618/16/1994 1642/7/1984
f 1621/15/1991 1625/19/1995 1624/18/1996 1620/14/1992
f 1619/17/1993 1623/21/1997 1622/20/1998 1618/16/1994
f 1620/14/1992 1624/18/1996 1623/21/1997 1619/17/1993
f 1618/16/1994 1622/20/1998 1642/7/1984
f 1624/18/1996 1628/23/1999 1627/22/2000 1623/21/1997
f 1622/20/1998 1626/24/2001 1642/7/1984
f 1625/19/1995 1629/25/2002 1628/23/1999 1624/18/1996
f 1623/21/1997 1627/22/2000 1626/24/2001 1622/20/1998
f 1628/23/1999 1632/27/2003 1631/26/2004 1627/22/2000
f 1626/24/2001 1630/28/2005 1642/7/1984
f 1629/25/2002 1633/29/2006 1632/27/2003 1628/23/1999
f 1627/22/2000 1631/26/2004 1630/28/2005 1626/24/2001
f 1633/29/2006 1637/31/2007 1636/30/2008 1632/27/2003
f 1631/26/2004 1635/33/2009 1634/32/2010 1630/28/2005
f 1632/27/2003 1636/30/2008 1635/33/2009 1631/26/2004
f 1630/28/2005 1634/32/2010 1642/7/1984
f 1635/33/2009 1639/35/2011 1638/34/2012 1634/32/2010
f 1636/30/2008 1640/36/2013 1639/35/2011 1635/33/2009
f 1634/32/2010 1638/34/2012 1642/7/1984
f 1637/31/2007 1641/37/2014 1640/36/2013 1636/30/2008
f 1640/36/2013 1645/39/2015 1644/38/2016 1639/35/2011
f 1638/34/2012 1643/40/2017 1642/7/1984
f 1641/37/2014 1646/41/2018 1645/39/2015 1640/36/2013
f 1639/35/2011 1644/38/2016 1643/40/2017 1638/34/2012
f 1643/40/2017 1647/42/2019 1642/7/1984
f 1646/41/2018 1650/44/2020 1649/43/2021 1645/39/2015
f 1644/38/2016 1648/45/2022 1647/42/2019 1643/40/2017
f 1645/39/2015 1649/43/2021 1648/45/2022 1644/38/2016
f 1650/44/2020 1654/47/2023 1653/46/2024 1649/43/2021
f 1648/45/2022 1652/49/2025 1651/48/2026 1647/42/2019
f 1649/43/2021 1653/46/2024 1652/49/2025 1648/45/2022
f 1647/42/2019 1651/48/2026 1642/7/1984
f 1653/46/2024 1657/51/2027 1656/50/2028 1652/49/2025
f 1651/48/2026 1655/52/2029 1642/7/1984
f 1654/47/2023 1658/53/2030 1657/51/2027 1653/46/2024
f 1652/49/2025 1656/50/2028 1655/52/2029 1651/48/2026
f 1657/51/2027 1661/55/2031 1660/54/2032 1656/50/2028
f 1655/52/2029 1659/56/2033 1642/7/1984
f 1658/53/2030 1662/57/2034 1661/55/2031 1657/51/2027
f 1656/50/2028 1660/54/2032 1659/56/2033 1655/52/2029
f 1662/57/2034 1666/59/2035 1665/58/2036 1661/55/2031
f 1660/54/2032 1664/61/2037 1663/60/2038 1659/56/2033
f 1661/55/2031 1665/58/2036 1664/61/2037 1660/54/2032
f 1659/56/2033 1663/60/2038 1642/7/1984
f 1666/59/2035 1670/63/2039 1669/62/2040 1665/58/2036
f 1664/61/2037 1668/65/2041 1667/64/2042 1663/60/2038
f 1665/58/2036 1669/62/2040 1668/65/2041 1664/61/2037
f 1663/60/2038 1667/64/2042 1642/7/1984
f 1669/62/2040 1608/5/1982 1672/1/1978 1668/65/2041
f 1667/64/2042 1671/2/1981 1642/7/1984
f 1670/63/2039 1609/8/1985 1608/5/1982 1669/62/2040
f 1668/65/2041 1672/1/1978 1671/2/1981 1667/64/2042
f 1686/1533/2043 1593/1534/2044 1595/1535/2044 1705/1536/2045
f 1695/1537/2046 1705/1536/2046 1595/1535/2047 1594/1538/2047
f 1678/1539/2048 1592/1540/2049 1593/1534/2049 1686/1533/2048
f 1678/1539/2048 1686/1533/2048 1688/1541/2050 1685/1542/2050
f 1685/1542/2050 1688/1541/2050 1689/1543/2051 1684/1544/2051
f 1684/1544/2051 1689/1543/2051 1690/1545/2052 1683/1546/2052
f 1683/1546/2052 1690/1545/2052 1691/1547/2053 1682/1548/2053
f 1682/1548/2053 1691/1547/2053 1692/1549/2054 1681/1550/2054
f 1681/1550/2054 1692/1549/2054 1693/1551/2055 1680/1552/2055
f 1680/1552/2055 1693/1551/2055 1694/1553/2056 1679/1554/2056
f 1679/1554/2056 1694/1553/2056 1687/1524/1959 1677/1523/1959
f 1696/1527/1961 1704/1530/1961 1706/1555/2057 1703/1556/2057
f 1703/1556/2057 1706/1555/2057 1707/1557/2058 1702/1558/2058
f 1702/1558/2058 1707/1557/2058 1708/1559/2059 1701/1560/2059
f 1701/1560/2059 1708/1559/2059 1709/1561/2060 1700/1562/2060
f 1700/1562/2060 1709/1561/2060 1710/1563/2061 1699/1564/2061
f 1699/1564/2061 1710/1563/2061 1711/1565/2062 1698/1566/2062
f 1698/1566/2062 1711/1565/2062 1712/1567/2063 1697/1568/2063
f 1697/1568/2063 1712/1567/2063 1705/1536/2046 1695/1537/2046
f 1686/1533/2043 1705/1536/2045 1712/1567/2064 1688/1541/2065
f 1688/1541/2065 1712/1567/2064 1711/1565/2066 1689/1543/2067
f 1689/1543/2067 1711/1565/2066 1710/1563/2068 1690/1545/2068
f 1690/1545/2068 1710/1563/2068 1709/1561/2069 1691/1547/2069
f 1691/1547/2069 1709/1561/2069 1708/1559/2070 1692/1549/2071
f 1692/1549/2071 1708/1559/2070 1707/1557/2072 1693/1551/2073
f 1693/1551/2073 1707/1557/2072 1706/1555/2074 1694/1553/2075
f 1694/1553/2075 1706/1555/2074 1704/1530/1963 1687/1524/1963
f 1695/1569/2076 1678/1539/2077 1685/1542/2078 1697/1570/2079
f 1697/1570/2079 1685/1542/2078 1684/1544/2080 1698/1571/2081
f 1698/1571/2081 1684/1544/2080 1683/1546/2082 1699/1572/2082
f 1699/1572/2082 1683/1546/2082 1682/1548/2083 1700/1573/2083
f 1700/1573/2083 1682/1548/2083 1681/1550/2084 1701/1574/2084
f 1701/1574/2084 1681/1550/2084 1680/1552/2085 1702/1575/2086
f 1702/1575/2086 1680/1552/2085 1679/1554/2087 1703/1576/2088
f 1703/1576/2088 1679/1554/2087 1677/1523/1967 1696/1532/1966
f 1592/1540/2089 1678/1539/2077 1695/1569/2076 1594/1577/2089
f 1718/1578/2090 1734/1579/2091 1733/1580/2092 1717/1581/2093
f 1726/1582/2094 1742/1583/2095 1741/1584/2096 1725/1585/2097
f 1719/1586/2098 1735/1587/2099 1734/1579/2091 1718/1578/2090
f 1727/1588/2100 1743/1589/2101 1742/1583/2095 1726/1582/2094
f 1720/1590/2102 1736/1591/2103 1735/1587/2099 1719/1586/2098
f 1728/1592/2104 1744/1593/2105 1743/1589/2101 1727/1588/2100
f 1721/1594/2106 1737/1595/2107 1736/1591/2103 1720/1590/2102
f 1714/1596/2108 1730/1597/2109 1729/1598/2110 1713/1599/2111
f 1713/1599/2111 1729/1598/2110 1744/1593/2105 1728/1592/2104
f 1722/1600/2112 1738/1601/2113 1737/1595/2107 1721/1594/2106
f 1715/1602/2114 1731/1603/2115 1730/1597/2109 1714/1596/2108
f 1723/1604/2116 1739/1605/2117 1738/1601/2113 1722/1600/2112
f 1716/1606/2118 1732/1607/2119 1731/1603/2115 1715/1602/2114
f 1724/1608/2120 1740/1609/2121 1739/1605/2117 1723/1604/2116
f 1717/1581/2093 1733/1580/2092 1732/1607/2119 1716/1606/2118
f 1725/1585/2097 1741/1584/2096 1740/1609/2121 1724/1608/2120
f 1733/1580/2122 1749/1610/2122 1748/1611/2123 1732/1607/2123
f 1741/1584/2124 1757/1612/2124 1756/1613/2125 1740/1609/2126
f 1734/1579/2127 1750/1614/2128 1749/1610/2122 1733/1580/2122
f 1742/1583/2129 1758/1615/2130 1757/1612/2124 1741/1584/2124
f 1735/1587/2131 1751/1616/2131 1750/1614/2128 1734/1579/2127
f 1743/1589/2132 1759/1617/2133 1758/1615/2130 1742/1583/2129
f 1736/1591/2134 1752/1618/2134 1751/1616/2131 1735/1587/2131
f 1744/1593/2135 1760/1619/2135 1759/1617/2133 1743/1589/2132
f 1737/1595/2136 1753/1620/2136 1752/1618/2134 1736/1591/2134
f 1730/1597/2137 1746/1621/2137 1745/1622/2138 1729/1598/2138
f 1729/1598/2138 1745/1622/2138 1760/1619/2135 1744/1593/2135
f 1738/1601/2139 1754/1623/2139 1753/1620/2136 1737/1595/2136
f 1731/1603/2140 1747/1624/2141 1746/1621/2137 1730/1597/2137
f 1739/1605/2142 1755/1625/2143 1754/1623/2139 1738/1601/2139
f 1732/1607/2123 1748/1611/2123 1747/1624/2141 1731/1603/2140
f 1740/1609/2126 1756/1613/2125 1755/1625/2143 1739/1605/2142
f 1766/1578/2144 1765/1581/2145 1781/1580/2146 1782/1579/2147
f 1774/1582/2148 1773/1585/2149 1789/1584/2150 1790/1583/2151
f 1767/1586/2152 1766/1578/2144 1782/1579/2147 1783/1587/2153
f 1775/1588/2154 1774/1582/2148 1790/1583/2151 1791/1589/2155
f 1768/1590/2156 1767/1586/2152 1783/1587/2153 1784/1591/2157
f 1776/1592/2158 1775/1588/2154 1791/1589/2155 1792/1593/2159
f 1769/1594/2160 1768/1590/2156 1784/1591/2157 1785/1595/2161
f 1762/1596/2162 1761/1599/2163 1777/1598/2164 1778/1597/2165
f 1761/1599/2163 1776/1592/2158 1792/1593/2159 1777/1598/2164
f 1770/1600/2166 1769/1594/2160 1785/1595/2161 1786/1601/2167
f 1763/1602/2168 1762/1596/2162 1778/1597/2165 1779/1603/2169
f 1771/1604/2170 1770/1600/2166 1786/1601/2167 1787/1605/2171
f 1764/1606/2172 1763/1602/2168 1779/1603/2169 1780/1607/2173
f 1772/1608/2174 1771/1604/2170 1787/1605/2171 1788/1609/2175
f 1765/1581/2145 1764/1606/2172 1780/1607/2173 1781/1580/2146
f 1773/1585/2149 1772/1608/2174 1788/1609/2175 1789/1584/2150
f 1781/1580/2176 1780/1607/2177 1796/1611/2177 1797/1610/2176
f 1789/1584/2178 1788/1609/2179 1804/1613/2179 1805/1612/2178
f 1782/1579/2180 1781/1580/2176 1797/1610/2176 1798/1614/2180
f 1790/1583/2181 1789/1584/2178 1805/1612/2178 1806/1615/2181
f 1783/1587/2182 1782/1579/2180 1798/1614/2180 1799/1616/2182
f 1791/1589/2183 1790/1583/2181 1806/1615/2181 1807/1617/2184
f 1784/1591/2185 1783/1587/2182 1799/1616/2182 1800/1618/2185
f 1792/1593/2186 1791/1589/2183 1807/1617/2184 1808/1619/2186
f 1785/1595/2187 1784/1591/2185 1800/1618/2185 1801/1620/2187
f 1778/1597/2188 1777/1598/2189 1793/1622/2189 1794/1621/2188
f 1777/1598/2189 1792/1593/2186 1808/1619/2186 1793/1622/2189
f 1786/1601/2190 1785/1595/2187 1801/1620/2187 1802/1623/2190
f 1779/1603/2191 1778/1597/2188 1794/1621/2188 1795/1624/2191
f 1787/1605/2192 1786/1601/2190 1802/1623/2190 1803/1625/2193
f 1780/1607/2177 1779/1603/2191 1795/1624/2191 1796/1611/2177
f 1788/1609/2179 1787/1605/2192 1803/1625/2193 1804/1613/2179
f 1810/1626/2194 1822/1627/2195 1821/1628/2196 1809/1629/2197
f 1811/1630/2198 1823/1631/2199 1822/1627/2195 1810/1626/2194
f 1812/1632/2200 1824/1633/2201 1823/1631/2199 1811/1630/2198
f 1813/1634/2202 1825/1635/2203 1824/1633/2201 1812/1632/2200
f 1814/1636/2204 1826/1637/2205 1825/1635/2203 1813/1634/2202
f 1815/1638/2206 1827/1639/2207 1826/1637/2205 1814/1636/2204
f 1816/1640/2208 1828/1641/2209 1827/1639/2207 1815/1638/2206
f 1817/1642/2210 1829/1643/2211 1828/1641/2209 1816/1640/2208
f 1818/1644/2212 1830/1645/2213 1829/1646/2211 1817/1647/2210
f 1819/1648/2214 1831/1649/2215 1830/1645/2213 1818/1644/2212
f 1820/1650/2216 1832/1651/2217 1831/1649/2215 1819/1648/2214
f 1821/1628/2196 1833/1652/2218 1844/1653/2219 1832/1651/2217
f 1822/1627/2195 1834/1654/2220 1833/1652/2218 1821/1628/2196
f 1823/1631/2199 1835/1655/2221 1834/1654/2220 1822/1627/2195
f 1824/1633/2201 1836/1656/2222 1835/1655/2221 1823/1631/2199
f 1825/1635/2203 1837/1657/2223 1836/1656/2222 1824/1633/2201
f 1826/1637/2205 1838/1658/2224 1837/1657/2223 1825/1635/2203
f 1827/1639/2207 1839/1659/2225 1838/1658/2224 1826/1637/2205
f 1828/1641/2209 1840/1660/2226 1839/1659/2225 1827/1639/2207
f 1829/1643/2211 1841/1661/2227 1840/1660/2226 1828/1641/2209
f 1830/1645/2213 1842/1662/2228 1841/1663/2227 1829/1646/2211
f 1831/1649/2215 1843/1664/2229 1842/1662/2228 1830/1645/2213
f 1832/1651/2217 1844/1653/2219 1843/1664/2229 1831/1649/2215
f 1833/1652/2218 1845/1665/2230 1856/1666/2231 1844/1653/2219
f 1834/1654/2220 1846/1667/2232 1845/1665/2230 1833/1652/2218
f 1835/1655/2221 1847/1668/2233 1846/1667/2232 1834/1654/2220
f 1836/1656/2222 1848/1669/2234 1847/1668/2233 1835/1655/2221
f 1837/1657/2223 1849/1670/2235 1848/1669/2234 1836/1656/2222
f 1838/1658/2224 1850/1671/2236 1849/1670/2235 1837/1657/2223
f 1839/1659/2225 1851/1672/2237 1850/1671/2236 1838/1658/2224
f 1840/1660/2226 1852/1673/2238 1851/1672/2237 1839/1659/2225
f 1841/1661/2227 1853/1674/2239 1852/1673/2238 1840/1660/2226
f 1842/1662/2228 1854/1675/2240 1853/1676/2239 1841/1663/2227
f 1843/1664/2229 1855/1677/2241 1854/1675/2240 1842/1662/2228
f 1844/1653/2219 1856/1666/2231 1855/1677/2241 1843/1664/2229
f 1845/1665/2230 1857/1678/2242 1868/1679/2243 1856/1666/2231
f 1846/1667/2232 1858/1680/2244 1857/1678/2242 1845/1665/2230
f 1847/1668/2233 1859/1681/2245 1858/1680/2244 1846/1667/2232
f 1848/1669/2234 1860/1682/2246 1859/1681/2245 1847/1668/2233
f 1849/1670/2235 1861/1683/2247 1860/1682/2246 1848/1669/2234
f 1850/1671/2236 1862/1684/2248 1861/1683/2247 1849/1670/2235
f 1851/1672/2237 1863/1685/2249 1862/1684/2248 1850/1671/2236
f 1852/1673/2238 1864/1686/2250 1863/1685/2249 1851/1672/2237
f 1853/1674/2239 1865/1687/2251 1864/1686/2250 1852/1673/2238
f 1854/1675/2240 1866/1688/2252 1865/1689/2251 1853/1676/2239
f 1855/1677/2241 1867/1690/2253 1866/1688/2252 1854/1675/2240
f 1856/1666/2231 1868/1679/2243 1867/1690/2253 1855/1677/2241
f 1857/1678/2242 1869/1691/2254 1880/1692/2255 1868/1679/2243
f 1858/1680/2244 1870/1693/2256 1869/1691/2254 1857/1678/2242
f 1859/1681/2245 1871/1694/2257 1870/1693/2256 1858/1680/2244
f 1860/1682/2246 1872/1695/2258 1871/1694/2257 1859/1681/2245
f 1861/1683/2247 1873/1696/2259 1872/1695/2258 1860/1682/2246
f 1862/1684/2248 1874/1697/2260 1873/1696/2259 1861/1683/2247
f 1863/1685/2249 1875/1698/2261 1874/1697/2260 1862/1684/2248
f 1864/1686/2250 1876/1699/2262 1875/1698/2261 1863/1685/2249
f 1865/1687/2251 1877/1700/2263 1876/1699/2262 1864/1686/2250
f 1866/1688/2252 1878/1701/2264 1877/1702/2263 1865/1689/2251
f 1867/1690/2253 1879/1703/2265 1878/1701/2264 1866/1688/2252
f 1868/1679/2243 1880/1692/2255 1879/1703/2265 1867/1690/2253
f 1869/1691/2254 1881/1704/2266 1892/1705/2267 1880/1692/2255
f 1870/1693/2256 1882/1706/2268 1881/1704/2266 1869/1691/2254
f 1871/1694/2257 1883/1707/2269 1882/1706/2268 1870/1693/2256
f 1872/1695/2258 1884/1708/2270 1883/1707/2269 1871/1694/2257
f 1873/1696/2259 1885/1709/2271 1884/1708/2270 1872/1695/2258
f 1874/1697/2260 1886/1710/2272 1885/1709/2271 1873/1696/2259
f 1875/1698/2261 1887/1711/2273 1886/1710/2272 1874/1697/2260
f 1876/1699/2262 1888/1712/2274 1887/1711/2273 1875/1698/2261
f 1877/1700/2263 1889/1713/2275 1888/1712/2274 1876/1699/2262
f 1878/1701/2264 1890/1714/2276 1889/1715/2275 1877/1702/2263
f 1879/1703/2265 1891/1716/2277 1890/1714/2276 1878/1701/2264
f 1880/1692/2255 1892/1705/2267 1891/1716/2277 1879/1703/2265
f 1881/1704/2266 1893/1717/2278 1904/1718/2279 1892/1705/2267
f 1882/1706/2268 1894/1719/2280 1893/1717/2278 1881/1704/2266
f 1883/1707/2269 1895/1720/2281 1894/1719/2280 1882/1706/2268
f 1884/1708/2270 1896/1721/2282 1895/1720/2281 1883/1707/2269
f 1885/1709/2271 1897/1722/2283 1896/1721/2282 1884/1708/2270
f 1886/1710/2272 1898/1723/2284 1897/1722/2283 1885/1709/2271
f 1887/1711/2273 1899/1724/2285 1898/1723/2284 1886/1710/2272
f 1888/1712/2274 1900/1725/2286 1899/1724/2285 1887/1711/2273
f 1889/1713/2275 1901/1726/2287 1900/1725/2286 1888/1712/2274
f 1890/1714/2276 1902/1727/2288 1901/1728/2287 1889/1715/2275
f 1891/1716/2277 1903/1729/2289 1902/1727/2288 1890/1714/2276
f 1892/1705/2267 1904/1718/2279 1903/1729/2289 1891/1716/2277
f 1893/1717/2278 1905/1730/2290 1916/1731/2291 1904/1718/2279
f 1894/1719/2280 1906/1732/2292 1905/1730/2290 1893/1717/2278
f 1895/1720/2281 1907/1733/2293 1906/1732/2292 1894/1719/2280
f 1896/1721/2282 1908/1734/2294 1907/1733/2293 1895/1720/2281
f 1897/1722/2283 1909/1735/2295 1908/1734/2294 1896/1721/2282
f 1898/1723/2284 1910/1736/2296 1909/1735/2295 1897/1722/2283
f 1899/1724/2285 1911/1737/2297 1910/1736/2296 1898/1723/2284
f 1900/1725/2286 1912/1738/2298 1911/1737/2297 1899/1724/2285
f 1901/1726/2287 1913/1739/2299 1912/1738/2298 1900/1725/2286
f 1902/1727/2288 1914/1740/2300 1913/1741/2299 1901/1728/2287
f 1903/1729/2289 1915/1742/2301 1914/1740/2300 1902/1727/2288
f 1904/1718/2279 1916/1731/2291 1915/1742/2301 1903/1729/2289
f 1905/1730/2290 1917/1743/2302 1928/1744/2303 1916/1731/2291
f 1906/1732/2292 1918/1745/2304 1917/1743/2302 1905/1730/2290
f 1907/1733/2293 1919/1746/2305 1918/1745/2304 1906/1732/2292
f 1908/1734/2294 1920/1747/2306 1919/1746/2305 1907/1733/2293
f 1909/1735/2295 1921/1748/2307 1920/1747/2306 1908/1734/2294
f 1910/1736/2296 1922/1749/2308 1921/1748/2307 1909/1735/2295
f 1911/1737/2297 1923/1750/2309 1922/1749/2308 1910/1736/2296
f 1912/1738/2298 1924/1751/2310 1923/1750/2309 1911/1737/2297
f 1913/1739/2299 1925/1752/2311 1924/1751/2310 1912/1738/2298
f 1914/1740/2300 1926/1753/2312 1925/1754/2311 1913/1741/2299
f 1915/1742/2301 1927/1755/2313 1926/1753/2312 1914/1740/2300
f 1916/1731/2291 1928/1744/2303 1927/1755/2313 1915/1742/2301
f 1917/1743/2302 1929/1756/2314 1940/1757/2315 1928/1744/2303
f 1918/1745/2304 1930/1758/2316 1929/1756/2314 1917/1743/2302
f 1919/1746/2305 1931/1759/2317 1930/1758/2316 1918/1745/2304
f 1920/1747/2306 1932/1760/2318 1931/1759/2317 1919/1746/2305
f 1921/1748/2307 1933/1761/2319 1932/1760/2318 1920/1747/2306
f 1922/1749/2308 1934/1762/2320 1933/1761/2319 1921/1748/2307
f 1923/1750/2309 1935/1763/2321 1934/1762/2320 1922/1749/2308
f 1924/1751/2310 1936/1764/2322 1935/1763/2321 1923/1750/2309
f 1925/1752/2311 1937/1765/2323 1936/1764/2322 1924/1751/2310
f 1926/1753/2312 1938/1766/2324 1937/1767/2323 1925/1754/2311
f 1927/1755/2313 1939/1768/2325 1938/1766/2324 1926/1753/2312
f 1928/1744/2303 1940/1757/2315 1939/1768/2325 1927/1755/2313
f 1937/1767/2326 1938/1766/2327 1954/1769/2328 1955/1770/2329
f 1972/1771/2330 1973/1772/2331 1952/1773/2332 1946/1774/2330
f 1965/1775/2333 1966/1776/2334 1949/1777/2334 1947/1778/2335
f 1976/1779/2336 1965/1775/2333 1947/1778/2335 1943/1780/2337
f 1933/1761/2338 1934/1762/2339 1958/1781/2340 1959/1782/2338
f 1968/1783/2341 1969/1784/2342 1944/1785/2343 1951/1786/2344
f 1929/1756/2345 1930/1758/2346 1962/1787/2346 1964/1788/2347
f 1975/1789/2348 1976/1779/2336 1943/1780/2337 1950/1790/2348
f 1936/1764/2349 1937/1765/2326 1955/1791/2329 1956/1792/2349
f 1971/1793/2350 1972/1771/2330 1946/1774/2330 1942/1794/2351
f 1932/1760/2352 1933/1761/2338 1959/1782/2338 1960/1795/2353
f 1967/1796/2354 1968/1797/2341 1951/1798/2344 1945/1799/2355
f 1959/1782/2356 1958/1781/2357 1942/1794/2358 1946/1774/2359
f 1957/1800/2360 1956/1792/2361 1944/1785/2362 1948/1801/2363
f 1953/1802/2364 1963/1803/2365 1947/1778/2366 1949/1777/2367
f 1962/1787/2368 1961/1804/2369 1941/1805/2370 1950/1790/2371
f 1955/1770/2372 1954/1769/2373 1945/1799/2374 1951/1798/2375
f 1960/1795/2376 1959/1782/2356 1946/1774/2359 1952/1773/2377
f 1958/1781/2357 1957/1800/2360 1948/1801/2363 1942/1794/2358
f 1964/1788/2378 1962/1787/2368 1950/1790/2371 1943/1780/2379
f 1963/1803/2365 1964/1788/2378 1943/1780/2379 1947/1778/2366
f 1956/1792/2361 1955/1791/2372 1951/1786/2375 1944/1785/2362
f 1961/1804/2369 1960/1795/2376 1952/1773/2377 1941/1805/2370
f 1954/1769/2373 1953/1802/2364 1949/1777/2367 1945/1799/2374
f 1974/1806/2380 1975/1789/2348 1950/1790/2348 1941/1805/2380
f 1935/1763/2381 1936/1764/2349 1956/1792/2349 1957/1800/2382
f 1970/1807/2383 1971/1793/2350 1942/1794/2351 1948/1801/2384
f 1940/1757/2385 1929/1756/2345 1964/1788/2347 1963/1803/2386
f 1939/1768/2387 1940/1757/2385 1963/1803/2386 1953/1802/2387
f 1931/1759/2388 1932/1760/2352 1960/1795/2353 1961/1804/2389
f 1966/1776/2334 1967/1796/2354 1945/1799/2355 1949/1777/2334
f 1938/1766/2327 1939/1768/2387 1953/1802/2387 1954/1769/2328
f 1973/1772/2331 1974/1806/2380 1941/1805/2380 1952/1773/2332
f 1934/1762/2339 1935/1763/2381 1957/1800/2382 1958/1781/2340
f 1969/1784/2342 1970/1807/2383 1948/1801/2384 1944/1785/2343
f 1930/1758/2346 1931/1759/2388 1961/1804/2389 1962/1787/2346
f 1809/1629/2197 1821/1628/2196 1832/1651/2217 1820/1650/2216
f 1978/1626/2390 1977/1629/2391 1989/1628/2392 1990/1627/2393
f 1979/1630/2394 1978/1626/2390 1990/1627/2393 1991/1631/2395
f 1980/1632/2396 1979/1630/2394 1991/1631/2395 1992/1633/2397
f 1981/1634/2398 1980/1632/2396 1992/1633/2397 1993/1635/2399
f 1982/1636/2400 1981/1634/2398 1993/1635/2399 1994/1637/2401
f 1983/1638/2402 1982/1636/2400 1994/1637/2401 1995/1639/2403
f 1984/1640/2404 1983/1638/2402 1995/1639/2403 1996/1641/2405
f 1985/1642/2406 1984/1640/2404 1996/1641/2405 1997/1643/2407
f 1986/1644/2408 1985/1647/2406 1997/1646/2407 1998/1645/2409
f 1987/1648/2410 1986/1644/2408 1998/1645/2409 1999/1649/2411
f 1988/1650/2412 1987/1648/2410 1999/1649/2411 2000/1651/2413
f 1989/1628/2392 2000/1651/2413 2012/1653/2414 2001/1652/2415
f 1990/1627/2393 1989/1628/2392 2001/1652/2415 2002/1654/2416
f 1991/1631/2395 1990/1627/2393 2002/1654/2416 2003/1655/2417
f 1992/1633/2397 1991/1631/2395 2003/1655/2417 2004/1656/2418
f 1993/1635/2399 1992/1633/2397 2004/1656/2418 2005/1657/2419
f 1994/1637/2401 1993/1635/2399 2005/1657/2419 2006/1658/2420
f 1995/1639/2403 1994/1637/2401 2006/1658/2420 2007/1659/2421
f 1996/1641/2405 1995/1639/2403 2007/1659/2421 2008/1660/2422
f 1997/1643/2407 1996/1641/2405 2008/1660/2422 2009/1661/2423
f 1998/1645/2409 1997/1646/2407 2009/1663/2423 2010/1662/2424
f 1999/1649/2411 1998/1645/2409 2010/1662/2424 2011/1664/2425
f 2000/1651/2413 1999/1649/2411 2011/1664/2425 2012/1653/2414
f 2001/1652/2415 2012/1653/2414 2024/1666/2426 2013/1665/2427
f 2002/1654/2416 2001/1652/2415 2013/1665/2427 2014/1667/2428
f 2003/1655/2417 2002/1654/2416 2014/1667/2428 2015/1668/2429
f 2004/1656/2418 2003/1655/2417 2015/1668/2429 2016/1669/2430
f 2005/1657/2419 2004/1656/2418 2016/1669/2430 2017/1670/2431
f 2006/1658/2420 2005/1657/2419 2017/1670/2431 2018/1671/2432
f 2007/1659/2421 2006/1658/2420 2018/1671/2432 2019/1672/2433
f 2008/1660/2422 2007/1659/2421 2019/1672/2433 2020/1673/2434
f 2009/1661/2423 2008/1660/2422 2020/1673/2434 2021/1674/2435
f 2010/1662/2424 2009/1663/2423 2021/1676/2435 2022/1675/2436
f 2011/1664/2425 2010/1662/2424 2022/1675/2436 2023/1677/2437
f 2012/1653/2414 2011/1664/2425 2023/1677/2437 2024/1666/2426
f 2013/1665/2427 2024/1666/2426 2036/1679/2438 2025/1678/2439
f 2014/1667/2428 2013/1665/2427 2025/1678/2439 2026/1680/2440
f 2015/1668/2429 2014/1667/2428 2026/1680/2440 2027/1681/2441
f 2016/1669/2430 2015/1668/2429 2027/1681/2441 2028/1682/2442
f 2017/1670/2431 2016/1669/2430 2028/1682/2442 2029/1683/2443
f 2018/1671/2432 2017/1670/2431 2029/1683/2443 2030/1684/2444
f 2019/1672/2433 2018/1671/2432 2030/1684/2444 2031/1685/2445
f 2020/1673/2434 2019/1672/2433 2031/1685/2445 2032/1686/2446
f 2021/1674/2435 2020/1673/2434 2032/1686/2446 2033/1687/2447
f 2022/1675/2436 2021/1676/2435 2033/1689/2447 2034/1688/2448
f 2023/1677/2437 2022/1675/2436 2034/1688/2448 2035/1690/2449
f 2024/1666/2426 2023/1677/2437 2035/1690/2449 2036/1679/2438
f 2025/1678/2439 2036/1679/2438 2048/1692/2450 2037/1691/2451
f 2026/1680/2440 2025/1678/2439 2037/1691/2451 2038/1693/2452
f 2027/1681/2441 2026/1680/2440 2038/1693/2452 2039/1694/2453
f 2028/1682/2442 2027/1681/2441 2039/1694/2453 2040/1695/2454
f 2029/1683/2443 2028/1682/2442 2040/1695/2454 2041/1696/2455
f 2030/1684/2444 2029/1683/2443 2041/1696/2455 2042/1697/2456
f 2031/1685/2445 2030/1684/2444 2042/1697/2456 2043/1698/2457
f 2032/1686/2446 2031/1685/2445 2043/1698/2457 2044/1699/2458
f 2033/1687/2447 2032/1686/2446 2044/1699/2458 2045/1700/2459
f 2034/1688/2448 2033/1689/2447 2045/1702/2459 2046/1701/2460
f 2035/1690/2449 2034/1688/2448 2046/1701/2460 2047/1703/2461
f 2036/1679/2438 2035/1690/2449 2047/1703/2461 2048/1692/2450
f 2037/1691/2451 2048/1692/2450 2060/1705/2462 2049/1704/2463
f 2038/1693/2452 2037/1691/2451 2049/1704/2463 2050/1706/2464
f 2039/1694/2453 2038/1693/2452 2050/1706/2464 2051/1707/2465
f 2040/1695/2454 2039/1694/2453 2051/1707/2465 2052/1708/2466
f 2041/1696/2455 2040/1695/2454 2052/1708/2466 2053/1709/2467
f 2042/1697/2456 2041/1696/2455 2053/1709/2467 2054/1710/2468
f 2043/1698/2457 2042/1697/2456 2054/1710/2468 2055/1711/2469
f 2044/1699/2458 2043/1698/2457 2055/1711/2469 2056/1712/2470
f 2045/1700/2459 2044/1699/2458 2056/1712/2470 2057/1713/2471
f 2046/1701/2460 2045/1702/2459 2057/1715/2471 2058/1714/2472
f 2047/1703/2461 2046/1701/2460 2058/1714/2472 2059/1716/2473
f 2048/1692/2450 2047/1703/2461 2059/1716/2473 2060/1705/2462
f 2049/1704/2463 2060/1705/2462 2072/1718/2474 2061/1717/2475
f 2050/1706/2464 2049/1704/2463 2061/1717/2475 2062/1719/2476
f 2051/1707/2465 2050/1706/2464 2062/1719/2476 2063/1720/2477
f 2052/1708/2466 2051/1707/2465 2063/1720/2477 2064/1721/2478
f 2053/1709/2467 2052/1708/2466 2064/1721/2478 2065/1722/2479
f 2054/1710/2468 2053/1709/2467 2065/1722/2479 2066/1723/2480
f 2055/1711/2469 2054/1710/2468 2066/1723/2480 2067/1724/2481
f 2056/1712/2470 2055/1711/2469 2067/1724/2481 2068/1725/2482
f 2057/1713/2471 2056/1712/2470 2068/1725/2482 2069/1726/2483
f 2058/1714/2472 2057/1715/2471 2069/1728/2483 2070/1727/2484
f 2059/1716/2473 2058/1714/2472 2070/1727/2484 2071/1729/2485
f 2060/1705/2462 2059/1716/2473 2071/1729/2485 2072/1718/2474
f 2061/1717/2475 2072/1718/2474 2084/1731/2486 2073/1730/2487
f 2062/1719/2476 2061/1717/2475 2073/1730/2487 2074/1732/2488
f 2063/1720/2477 2062/1719/2476 2074/1732/2488 2075/1733/2489
f 2064/1721/2478 2063/1720/2477 2075/1733/2489 2076/1734/2490
f 2065/1722/2479 2064/1721/2478 2076/1734/2490 2077/1735/2491
f 2066/1723/2480 2065/1722/2479 2077/1735/2491 2078/1736/2492
f 2067/1724/2481 2066/1723/2480 2078/1736/2492 2079/1737/2493
f 2068/1725/2482 2067/1724/2481 2079/1737/2493 2080/1738/2494
f 2069/1726/2483 2068/1725/2482 2080/1738/2494 2081/1739/2495
f 2070/1727/2484 2069/1728/2483 2081/1741/2495 2082/1740/2496
f 2071/1729/2485 2070/1727/2484 2082/1740/2496 2083/1742/2497
f 2072/1718/2474 2071/1729/2485 2083/1742/2497 2084/1731/2486
f 2073/1730/2487 2084/1731/2486 2096/1744/2498 2085/1743/2499
f 2074/1732/2488 2073/1730/2487 2085/1743/2499 2086/1745/2500
f 2075/1733/2489 2074/1732/2488 2086/1745/2500 2087/1746/2501
f 2076/1734/2490 2075/1733/2489 2087/1746/2501 2088/1747/2502
f 2077/1735/2491 2076/1734/2490 2088/1747/2502 2089/1748/2503
f 2078/1736/2492 2077/1735/2491 2089/1748/2503 2090/1749/2504
f 2079/1737/2493 2078/1736/2492 2090/1749/2504 2091/1750/2505
f 2080/1738/2494 2079/1737/2493 2091/1750/2505 2092/1751/2506
f 2081/1739/2495 2080/1738/2494 2092/1751/2506 2093/1752/2507
f 2082/1740/2496 2081/1741/2495 2093/1754/2507 2094/1753/2508
f 2083/1742/2497 2082/1740/2496 2094/1753/2508 2095/1755/2509
f 2084/1731/2486 2083/1742/2497 2095/1755/2509 2096/1744/2498
f 2085/1743/2499 2096/1744/2498 2108/1757/2510 2097/1756/2511
f 2086/1745/2500 2085/1743/2499 2097/1756/2511 2098/1758/2512
f 2087/1746/2501 2086/1745/2500 2098/1758/2512 2099/1759/2513
f 2088/1747/2502 2087/1746/2501 2099/1759/2513 2100/1760/2514
f 2089/1748/2503 2088/1747/2502 2100/1760/2514 2101/1761/2515
f 2090/1749/2504 2089/1748/2503 2101/1761/2515 2102/1762/2516
f 2091/1750/2505 2090/1749/2504 2102/1762/2516 2103/1763/2517
f 2092/1751/2506 2091/1750/2505 2103/1763/2517 2104/1764/2518
f 2093/1752/2507 2092/1751/2506 2104/1764/2518 2105/1765/2519
f 2094/1753/2508 2093/1754/2507 2105/1767/2519 2106/1766/2520
f 2095/1755/2509 2094/1753/2508 2106/1766/2520 2107/1768/2521
f 2096/1744/2498 2095/1755/2509 2107/1768/2521 2108/1757/2510
f 2105/1767/2522 2123/1770/2523 2122/1769/2524 2106/1766/2525
f 2140/1771/2526 2114/1774/2526 2120/1773/2527 2141/1772/2528
f 2133/1775/2529 2115/1778/2530 2117/1777/2531 2134/1776/2531
f 2144/1779/2532 2111/1780/2533 2115/1778/2530 2133/1775/2529
f 2101/1761/2534 2127/1782/2534 2126/1781/2535 2102/1762/2536
f 2136/1783/2537 2119/1786/2538 2112/1785/2539 2137/1784/2540
f 2097/1756/2541 2132/1788/2542 2130/1787/2543 2098/1758/2543
f 2143/1789/2544 2118/1790/2545 2111/1780/2533 2144/1779/2532
f 2104/1764/2546 2124/1792/2546 2123/1791/2523 2105/1765/2522
f 2139/1793/2547 2110/1794/2548 2114/1774/2526 2140/1771/2526
f 2100/1760/2549 2128/1795/2550 2127/1782/2534 2101/1761/2534
f 2135/1796/2551 2113/1799/2552 2119/1798/2538 2136/1797/2537
f 2127/1782/2553 2114/1774/2554 2110/1794/2555 2126/1781/2556
f 2125/1800/2557 2116/1801/2558 2112/1785/2559 2124/1792/2560
f 2121/1802/2561 2117/1777/2562 2115/1778/2563 2131/1803/2564
f 2130/1787/2565 2118/1790/2566 2109/1805/2567 2129/1804/2568
f 2123/1770/2569 2119/1798/2570 2113/1799/2571 2122/1769/2572
f 2128/1795/2573 2120/1773/2574 2114/1774/2554 2127/1782/2553
f 2126/1781/2556 2110/1794/2555 2116/1801/2558 2125/1800/2557
f 2132/1788/2575 2111/1780/2576 2118/1790/2566 2130/1787/2565
f 2131/1803/2564 2115/1778/2563 2111/1780/2576 2132/1788/2575
f 2124/1792/2560 2112/1785/2559 2119/1786/2570 2123/1791/2569
f 2129/1804/2568 2109/1805/2567 2120/1773/2574 2128/1795/2573
f 2122/1769/2572 2113/1799/2571 2117/1777/2562 2121/1802/2561
f 2142/1806/2577 2109/1805/2577 2118/1790/2545 2143/1789/2544
f 2103/1763/2578 2125/1800/2579 2124/1792/2546 2104/1764/2546
f 2138/1807/2580 2116/1801/2581 2110/1794/2548 2139/1793/2547
f 2108/1757/2582 2131/1803/2583 2132/1788/2542 2097/1756/2541
f 2107/1768/2584 2121/1802/2585 2131/1803/2583 2108/1757/2582
f 2099/1759/2586 2129/1804/2587 2128/1795/2550 2100/1760/2549
f 2134/1776/2531 2117/1777/2531 2113/1799/2552 2135/1796/2551
f 2106/1766/2525 2122/1769/2524 2121/1802/2585 2107/1768/2584
f 2141/1772/2528 2120/1773/2527 2109/1805/2577 2142/1806/2577
f 2102/1762/2536 2126/1781/2535 2125/1800/2579 2103/1763/2578
f 2137/1784/2540 2112/1785/2539 2116/1801/2581 2138/1807/2580
f 2098/1758/2543 2130/1787/2543 2129/1804/2587 2099/1759/2586
f 1977/1629/2391 1988/1650/2412 2000/1651/2413 1989/1628/2392
f 2145/1808/2588 2157/1809/2589 2168/1810/2590 2156/1811/2591
f 2146/1812/2592 2158/1813/2593 2157/1809/2589 2145/1808/2588
f 2147/1814/2594 2159/1815/2595 2158/1813/2593 2146/1812/2592
f 2148/1816/2596 2160/1817/2597 2159/1815/2595 2147/1814/2594
f 2149/1818/2598 2161/1819/2599 2160/1817/2597 2148/1816/2596
f 2150/1820/2600 2162/1821/2601 2161/1819/2599 2149/1818/2598
f 2151/1822/2602 2163/1823/2603 2162/1821/2601 2150/1820/2600
f 2152/1824/2604 2164/1825/2605 2163/1823/2603 2151/1822/2602
f 2153/1826/2606 2165/1827/2607 2164/1825/2605 2152/1824/2604
f 2154/1828/2608 2166/1829/2609 2165/1830/2607 2153/1831/2606
f 2155/1832/2610 2167/1833/2611 2166/1829/2609 2154/1828/2608
f 2156/1811/2591 2168/1810/2590 2167/1833/2611 2155/1832/2610
f 2157/1809/2589 2169/1834/2612 2180/1835/2613 2168/1810/2590
f 2158/1813/2593 2170/1836/2614 2169/1834/2612 2157/1809/2589
f 2159/1815/2595 2171/1837/2615 2170/1836/2614 2158/1813/2593
f 2160/1817/2597 2172/1838/2616 2171/1837/2615 2159/1815/2595
f 2161/1819/2599 2173/1839/2617 2172/1838/2616 2160/1817/2597
f 2162/1821/2601 2174/1840/2618 2173/1839/2617 2161/1819/2599
f 2163/1823/2603 2175/1841/2619 2174/1840/2618 2162/1821/2601
f 2164/1825/2605 2176/1842/2620 2175/1841/2619 2163/1823/2603
f 2165/1827/2607 2177/1843/2621 2176/1842/2620 2164/1825/2605
f 2166/1829/2609 2178/1844/2622 2177/1845/2621 2165/1830/2607
f 2167/1833/2611 2179/1846/2623 2178/1844/2622 2166/1829/2609
f 2168/1810/2590 2180/1835/2613 2179/1846/2623 2167/1833/2611
f 2169/1834/2612 2181/1847/2624 2192/1848/2625 2180/1835/2613
f 2170/1836/2614 2182/1849/2626 2181/1847/2624 2169/1834/2612
f 2171/1837/2615 2183/1850/2627 2182/1849/2626 2170/1836/2614
f 2172/1838/2616 2184/1851/2628 2183/1850/2627 2171/1837/2615
f 2173/1839/2617 2185/1852/2629 2184/1851/2628 2172/1838/2616
f 2174/1840/2618 2186/1853/2630 2185/1852/2629 2173/1839/2617
f 2175/1841/2619 2187/1854/2631 2186/1853/2630 2174/1840/2618
f 2176/1842/2620 2188/1855/2632 2187/1854/2631 2175/1841/2619
f 2177/1843/2621 2189/1856/2633 2188/1855/2632 2176/1842/2620
f 2178/1844/2622 2190/1857/2634 2189/1858/2633 2177/1845/2621
f 2179/1846/2623 2191/1859/2635 2190/1857/2634 2178/1844/2622
f 2180/1835/2613 2192/1848/2625 2191/1859/2635 2179/1846/2623
f 2181/1847/2624 2193/1860/2636 2204/1861/2637 2192/1848/2625
f 2182/1849/2626 2194/1862/2638 2193/1860/2636 2181/1847/2624
f 2183/1850/2627 2195/1863/2639 2194/1862/2638 2182/1849/2626
f 2184/1851/2628 2196/1864/2640 2195/1863/2639 2183/1850/2627
f 2185/1852/2629 2197/1865/2641 2196/1864/2640 2184/1851/2628
f 2186/1853/2630 2198/1866/2642 2197/1865/2641 2185/1852/2629
f 2187/1854/2631 2199/1867/2643 2198/1866/2642 2186/1853/2630
f 2188/1855/2632 2200/1868/2644 2199/1867/2643 2187/1854/2631
f 2189/1856/2633 2201/1869/2645 2200/1868/2644 2188/1855/2632
f 2190/1857/2634 2202/1870/2646 2201/1871/2645 2189/1858/2633
f 2191/1859/2635 2203/1872/2647 2202/1870/2646 2190/1857/2634
f 2192/1848/2625 2204/1861/2637 2203/1872/2647 2191/1859/2635
f 2193/1860/2636 2205/1873/2648 2216/1874/2649 2204/1861/2637
f 2194/1862/2638 2206/1875/2650 2205/1873/2648 2193/1860/2636
f 2195/1863/2639 2207/1876/2651 2206/1875/2650 2194/1862/2638
f 2196/1864/2640 2208/1877/2652 2207/1876/2651 2195/1863/2639
f 2197/1865/2641 2209/1878/2653 2208/1877/2652 2196/1864/2640
f 2198/1866/2642 2210/1879/2654 2209/1878/2653 2197/1865/2641
f 2199/1867/2643 2211/1880/2655 2210/1879/2654 2198/1866/2642
f 2200/1868/2644 2212/1881/2656 2211/1880/2655 2199/1867/2643
f 2201/1869/2645 2213/1882/2657 2212/1881/2656 2200/1868/2644
f 2202/1870/2646 2214/1883/2658 2213/1884/2657 2201/1871/2645
f 2203/1872/2647 2215/1885/2659 2214/1883/2658 2202/1870/2646
f 2204/1861/2637 2216/1874/2649 2215/1885/2659 2203/1872/2647
f 2205/1873/2648 2217/1886/2660 2228/1887/2661 2216/1874/2649
f 2206/1875/2650 2218/1888/2662 2217/1886/2660 2205/1873/2648
f 2207/1876/2651 2219/1889/2663 2218/1888/2662 2206/1875/2650
f 2208/1877/2652 2220/1890/2664 2219/1889/2663 2207/1876/2651
f 2209/1878/2653 2221/1891/2665 2220/1890/2664 2208/1877/2652
f 2210/1879/2654 2222/1892/2666 2221/1891/2665 2209/1878/2653
f 2211/1880/2655 2223/1893/2667 2222/1892/2666 2210/1879/2654
f 2212/1881/2656 2224/1894/2668 2223/1893/2667 2211/1880/2655
f 2213/1882/2657 2225/1895/2669 2224/1894/2668 2212/1881/2656
f 2214/1883/2658 2226/1896/2670 2225/1897/2669 2213/1884/2657
f 2215/1885/2659 2227/1898/2671 2226/1896/2670 2214/1883/2658
f 2216/1874/2649 2228/1887/2661 2227/1898/2671 2215/1885/2659
f 2217/1886/2660 2229/1899/2672 2240/1900/2673 2228/1887/2661
f 2218/1888/2662 2230/1901/2674 2229/1899/2672 2217/1886/2660
f 2219/1889/2663 2231/1902/2675 2230/1901/2674 2218/1888/2662
f 2220/1890/2664 2232/1903/2676 2231/1902/2675 2219/1889/2663
f 2221/1891/2665 2233/1904/2677 2232/1903/2676 2220/1890/2664
f 2222/1892/2666 2234/1905/2678 2233/1904/2677 2221/1891/2665
f 2223/1893/2667 2235/1906/2679 2234/1905/2678 2222/1892/2666
f 2224/1894/2668 2236/1907/2680 2235/1906/2679 2223/1893/2667
f 2225/1895/2669 2237/1908/2681 2236/1907/2680 2224/1894/2668
f 2226/1896/2670 2238/1909/2682 2237/1910/2681 2225/1897/2669
f 2227/1898/2671 2239/1911/2683 2238/1909/2682 2226/1896/2670
f 2228/1887/2661 2240/1900/2673 2239/1911/2683 2227/1898/2671
f 2229/1899/2672 2241/1912/2684 2252/1913/2685 2240/1900/2673
f 2230/1901/2674 2242/1914/2686 2241/1912/2684 2229/1899/2672
f 2231/1902/2675 2243/1915/2687 2242/1914/2686 2230/1901/2674
f 2232/1903/2676 2244/1916/2688 2243/1915/2687 2231/1902/2675
f 2233/1904/2677 2245/1917/2689 2244/1916/2688 2232/1903/2676
f 2234/1905/2678 2246/1918/2690 2245/1917/2689 2233/1904/2677
f 2235/1906/2679 2247/1919/2691 2246/1918/2690 2234/1905/2678
f 2236/1907/2680 2248/1920/2692 2247/1919/2691 2235/1906/2679
f 2237/1908/2681 2249/1921/2693 2248/1920/2692 2236/1907/2680
f 2238/1909/2682 2250/1922/2694 2249/1923/2693 2237/1910/2681
f 2239/1911/2683 2251/1924/2695 2250/1922/2694 2238/1909/2682
f 2240/1900/2673 2252/1913/2685 2251/1924/2695 2239/1911/2683
f 2242/1914/2686 2254/1925/2696 2253/1926/2697 2241/1912/2684
f 2243/1915/2687 2255/1927/2698 2254/1925/2696 2242/1914/2686
f 2244/1916/2688 2256/1928/2699 2255/1927/2698 2243/1915/2687
f 2245/1917/2689 2257/1929/2700 2256/1928/2699 2244/1916/2688
f 2246/1918/2690 2258/1930/2701 2257/1929/2700 2245/1917/2689
f 2247/1919/2691 2259/1931/2702 2258/1930/2701 2246/1918/2690
f 2248/1920/2692 2260/1932/2703 2259/1931/2702 2247/1919/2691
f 2249/1921/2693 2261/1933/2704 2260/1932/2703 2248/1920/2692
f 2250/1922/2694 2262/1934/2705 2261/1935/2704 2249/1923/2693
f 2251/1924/2695 2263/1936/2706 2262/1934/2705 2250/1922/2694
f 2252/1913/2685 2264/1937/2707 2263/1936/2706 2251/1924/2695
f 2253/1926/2697 2265/1938/2708 2276/1939/2709 2264/1937/2707
f 2254/1925/2696 2266/1940/2710 2265/1938/2708 2253/1926/2697
f 2255/1927/2698 2267/1941/2711 2266/1940/2710 2254/1925/2696
f 2256/1928/2699 2268/1942/2712 2267/1941/2711 2255/1927/2698
f 2257/1929/2700 2269/1943/2713 2268/1942/2712 2256/1928/2699
f 2258/1930/2701 2270/1944/2714 2269/1943/2713 2257/1929/2700
f 2259/1931/2702 2271/1945/2715 2270/1944/2714 2258/1930/2701
f 2260/1932/2703 2272/1946/2716 2271/1945/2715 2259/1931/2702
f 2261/1933/2704 2273/1947/2717 2272/1946/2716 2260/1932/2703
f 2262/1934/2705 2274/1948/2718 2273/1949/2717 2261/1935/2704
f 2263/1936/2706 2275/1950/2719 2274/1948/2718 2262/1934/2705
f 2264/1937/2707 2276/1939/2709 2275/1950/2719 2263/1936/2706
f 2385/1951/2720 2396/1952/2721 2276/1939/2709 2265/1938/2708
f 2386/1953/2722 2385/1951/2720 2265/1938/2708 2266/1940/2710
f 2387/1954/2723 2386/1953/2722 2266/1940/2710 2267/1941/2711
f 2388/1955/2724 2387/1954/2723 2267/1941/2711 2268/1942/2712
f 2389/1956/2725 2388/1955/2724 2268/1942/2712 2269/1943/2713
f 2390/1957/2726 2389/1956/2725 2269/1943/2713 2270/1944/2714
f 2391/1958/2727 2390/1957/2726 2270/1944/2714 2271/1945/2715
f 2392/1959/2728 2391/1958/2727 2271/1945/2715 2272/1946/2716
f 2393/1960/2729 2392/1959/2728 2272/1946/2716 2273/1947/2717
f 2394/1961/2730 2393/1962/2729 2273/1949/2717 2274/1948/2718
f 2395/1963/2731 2394/1961/2730 2274/1948/2718 2275/1950/2719
f 2396/1952/2721 2395/1963/2731 2275/1950/2719 2276/1939/2709
f 2372/1964/2732 2384/1965/2733 2373/1966/2734 2361/1967/2735
f 2288/1968/2736 2300/1969/2737 2289/1970/2738 2277/1971/2739
f 2277/1971/2739 2289/1970/2738 2290/1972/2740 2278/1973/2741
f 2278/1973/2741 2290/1972/2740 2291/1974/2742 2279/1975/2743
f 2279/1975/2743 2291/1974/2742 2292/1976/2744 2280/1977/2745
f 2280/1977/2745 2292/1976/2744 2293/1978/2746 2281/1979/2747
f 2281/1979/2747 2293/1978/2746 2294/1980/2748 2282/1981/2749
f 2282/1981/2749 2294/1980/2748 2295/1982/2750 2283/1983/2751
f 2283/1983/2751 2295/1982/2750 2296/1984/2752 2284/1985/2753
f 2284/1985/2753 2296/1984/2752 2297/1986/2754 2285/1987/2755
f 2285/1988/2755 2297/1989/2754 2298/1990/2756 2286/1991/2757
f 2286/1991/2757 2298/1990/2756 2299/1992/2758 2287/1993/2759
f 2287/1993/2759 2299/1992/2758 2300/1969/2737 2288/1968/2736
f 2300/1969/2737 2312/1994/2760 2301/1995/2761 2289/1970/2738
f 2289/1970/2738 2301/1995/2761 2302/1996/2762 2290/1972/2740
f 2290/1972/2740 2302/1996/2762 2303/1997/2763 2291/1974/2742
f 2291/1974/2742 2303/1997/2763 2304/1998/2764 2292/1976/2744
f 2292/1976/2744 2304/1998/2764 2305/1999/2765 2293/1978/2746
f 2293/1978/2746 2305/1999/2765 2306/2000/2766 2294/1980/2748
f 2294/1980/2748 2306/2000/2766 2307/2001/2767 2295/1982/2750
f 2295/1982/2750 2307/2001/2767 2308/2002/2768 2296/1984/2752
f 2296/1984/2752 2308/2002/2768 2309/2003/2769 2297/1986/2754
f 2297/1989/2754 2309/2004/2769 2310/2005/2770 2298/1990/2756
f 2298/1990/2756 2310/2005/2770 2311/2006/2771 2299/1992/2758
f 2299/1992/2758 2311/2006/2771 2312/1994/2760 2300/1969/2737
f 2312/1994/2760 2324/2007/2772 2313/2008/2773 2301/1995/2761
f 2301/1995/2761 2313/2008/2773 2314/2009/2774 2302/1996/2762
f 2302/1996/2762 2314/2009/2774 2315/2010/2775 2303/1997/2763
f 2303/1997/2763 2315/2010/2775 2316/2011/2776 2304/1998/2764
f 2304/1998/2764 2316/2011/2776 2317/2012/2777 2305/1999/2765
f 2305/1999/2765 2317/2012/2777 2318/2013/2778 2306/2000/2766
f 2306/2000/2766 2318/2013/2778 2319/2014/2779 2307/2001/2767
f 2307/2001/2767 2319/2014/2779 2320/2015/2780 2308/2002/2768
f 2308/2002/2768 2320/2015/2780 2321/2016/2781 2309/2003/2769
f 2309/2004/2769 2321/2017/2781 2322/2018/2782 2310/2005/2770
f 2310/2005/2770 2322/2018/2782 2323/2019/2783 2311/2006/2771
f 2311/2006/2771 2323/2019/2783 2324/2007/2772 2312/1994/2760
f 2324/2007/2772 2336/2020/2784 2325/2021/2785 2313/2008/2773
f 2313/2008/2773 2325/2021/2785 2326/2022/2786 2314/2009/2774
f 2314/2009/2774 2326/2022/2786 2327/2023/2787 2315/2010/2775
f 2315/2010/2775 2327/2023/2787 2328/2024/2788 2316/2011/2776
f 2316/2011/2776 2328/2024/2788 2329/2025/2789 2317/2012/2777
f 2317/2012/2777 2329/2025/2789 2330/2026/2790 2318/2013/2778
f 2318/2013/2778 2330/2026/2790 2331/2027/2791 2319/2014/2779
f 2319/2014/2779 2331/2027/2791 2332/2028/2792 2320/2015/2780
f 2320/2015/2780 2332/2028/2792 2333/2029/2793 2321/2016/2781
f 2321/2017/2781 2333/2030/2793 2334/2031/2794 2322/2018/2782
f 2322/2018/2782 2334/2031/2794 2335/2032/2795 2323/2019/2783
f 2323/2019/2783 2335/2032/2795 2336/2020/2784 2324/2007/2772
f 2336/2020/2784 2348/2033/2796 2337/2034/2797 2325/2021/2785
f 2325/2021/2785 2337/2034/2797 2338/2035/2798 2326/2022/2786
f 2326/2022/2786 2338/2035/2798 2339/2036/2799 2327/2023/2787
f 2327/2023/2787 2339/2036/2799 2340/2037/2800 2328/2024/2788
f 2328/2024/2788 2340/2037/2800 2341/2038/2801 2329/2025/2789
f 2329/2025/2789 2341/2038/2801 2342/2039/2802 2330/2026/2790
f 2330/2026/2790 2342/2039/2802 2343/2040/2803 2331/2027/2791
f 2331/2027/2791 2343/2040/2803 2344/2041/2804 2332/2028/2792
f 2332/2028/2792 2344/2041/2804 2345/2042/2805 2333/2029/2793
f 2333/2030/2793 2345/2043/2805 2346/2044/2806 2334/2031/2794
f 2334/2031/2794 2346/2044/2806 2347/2045/2807 2335/2032/2795
f 2335/2032/2795 2347/2045/2807 2348/2033/2796 2336/2020/2784
f 2348/2033/2796 2360/2046/2808 2349/2047/2809 2337/2034/2797
f 2337/2034/2797 2349/2047/2809 2350/2048/2810 2338/2035/2798
f 2338/2035/2798 2350/2048/2810 2351/2049/2811 2339/2036/2799
f 2339/2036/2799 2351/2049/2811 2352/2050/2812 2340/2037/2800
f 2340/2037/2800 2352/2050/2812 2353/2051/2813 2341/2038/2801
f 2341/2038/2801 2353/2051/2813 2354/2052/2814 2342/2039/2802
f 2342/2039/2802 2354/2052/2814 2355/2053/2815 2343/2040/2803
f 2343/2040/2803 2355/2053/2815 2356/2054/2816 2344/2041/2804
f 2344/2041/2804 2356/2054/2816 2357/2055/2817 2345/2042/2805
f 2345/2043/2805 2357/2056/2817 2358/2057/2818 2346/2044/2806
f 2346/2044/2806 2358/2057/2818 2359/2058/2819 2347/2045/2807
f 2347/2045/2807 2359/2058/2819 2360/2046/2808 2348/2033/2796
f 2360/2046/2808 2372/1964/2732 2361/1967/2735 2349/2047/2809
f 2349/2047/2809 2361/1967/2735 2362/2059/2820 2350/2048/2810
f 2350/2048/2810 2362/2059/2820 2363/2060/2821 2351/2049/2811
f 2351/2049/2811 2363/2060/2821 2364/2061/2822 2352/2050/2812
f 2352/2050/2812 2364/2061/2822 2365/2062/2823 2353/2051/2813
f 2353/2051/2813 2365/2062/2823 2366/2063/2824 2354/2052/2814
f 2354/2052/2814 2366/2063/2824 2367/2064/2825 2355/2053/2815
f 2355/2053/2815 2367/2064/2825 2368/2065/2826 2356/2054/2816
f 2356/2054/2816 2368/2065/2826 2369/2066/2827 2357/2055/2817
f 2357/2056/2817 2369/2067/2827 2370/2068/2828 2358/2057/2818
f 2358/2057/2818 2370/2068/2828 2371/2069/2829 2359/2058/2819
f 2359/2058/2819 2371/2069/2829 2372/1964/2732 2360/2046/2808
f 2361/1967/2735 2373/1966/2734 2374/2070/2830 2362/2059/2820
f 2362/2059/2820 2374/2070/2830 2375/2071/2831 2363/2060/2821
f 2363/2060/2821 2375/2071/2831 2376/2072/2832 2364/2061/2822
f 2364/2061/2822 2376/2072/2832 2377/2073/2833 2365/2062/2823
f 2365/2062/2823 2377/2073/2833 2378/2074/2834 2366/2063/2824
f 2366/2063/2824 2378/2074/2834 2379/2075/2835 2367/2064/2825
f 2367/2064/2825 2379/2075/2835 2380/2076/2836 2368/2065/2826
f 2368/2065/2826 2380/2076/2836 2381/2077/2837 2369/2066/2827
f 2369/2067/2827 2381/2078/2837 2382/2079/2838 2370/2068/2828
f 2370/2068/2828 2382/2079/2838 2383/2080/2839 2371/2069/2829
f 2371/2069/2829 2383/2080/2839 2384/1965/2733 2372/1964/2732
f 2384/1965/2733 2396/1952/2721 2385/1951/2720 2373/1966/2734
f 2373/1966/2734 2385/1951/2720 2386/1953/2722 2374/2070/2830
f 2374/2070/2830 2386/1953/2722 2387/1954/2723 2375/2071/2831
f 2375/2071/2831 2387/1954/2723 2388/1955/2724 2376/2072/2832
f 2376/2072/2832 2388/1955/2724 2389/1956/2725 2377/2073/2833
f 2377/2073/2833 2389/1956/2725 2390/1957/2726 2378/2074/2834
f 2378/2074/2834 2390/1957/2726 2391/1958/2727 2379/2075/2835
f 2379/2075/2835 2391/1958/2727 2392/1959/2728 2380/2076/2836
f 2380/2076/2836 2392/1959/2728 2393/1960/2729 2381/2077/2837
f 2381/2078/2837 2393/1962/2729 2394/1961/2730 2382/2079/2838
f 2382/2079/2838 2394/1961/2730 2395/1963/2731 2383/2080/2839
f 2383/2080/2839 2395/1963/2731 2396/1952/2721 2384/1965/2733
f 2241/1912/2684 2253/1926/2697 2264/1937/2707 2252/1913/2685
f 2288/1968/2736 2277/1971/2739 2397/2081/2840 2408/2082/2841
f 2283/1983/2751 2284/1985/2753 2404/2083/2842 2403/2084/2843
f 2280/1977/2745 2281/1979/2747 2401/2085/2844 2400/2086/2845
f 2287/1993/2759 2288/1968/2736 2408/2082/2841 2407/2087/2846
f 2277/1971/2739 2278/1973/2741 2398/2088/2847 2397/2081/2840
f 2284/1985/2753 2285/1987/2755 2405/2089/2848 2404/2083/2842
f 2281/1979/2747 2282/1981/2749 2402/2090/2849 2401/2085/2844
f 2278/1973/2741 2279/1975/2743 2399/2091/2850 2398/2088/2847
f 2285/1988/2755 2286/1991/2757 2406/2092/2851 2405/2093/2848
f 2282/1981/2749 2283/1983/2751 2403/2084/2843 2402/2090/2849
f 2279/1975/2743 2280/1977/2745 2400/2086/2845 2399/2091/2850
f 2286/1991/2757 2287/1993/2759 2407/2087/2846 2406/2092/2851
