# Blender 5.1.2
# www.blender.org
mtllib shield.mtl
o Shield
v 0.466610 0.024538 -0.402128
v 0.467458 0.025206 -0.402821
v 0.466549 0.020877 -0.400888
v 0.467217 0.022765 -0.400431
v 0.468101 0.024128 -0.400490
v 0.469067 0.024763 -0.401055
v 0.467145 0.020391 -0.400367
v 0.468321 0.021868 -0.399475
v 0.469544 0.022960 -0.399248
v 0.470625 0.023502 -0.399717
v 0.467625 0.019662 -0.400087
v 0.469213 0.020525 -0.398962
v 0.470711 0.021209 -0.398584
v 0.471886 0.021611 -0.399002
v 0.467916 0.018802 -0.400088
v 0.469752 0.018938 -0.398966
v 0.471416 0.019140 -0.398591
v 0.472648 0.019376 -0.399011
v 0.467972 0.017941 -0.400370
v 0.469853 0.017348 -0.399484
v 0.471545 0.017066 -0.399264
v 0.472787 0.017135 -0.399737
v 0.467785 0.017210 -0.400890
v 0.469501 0.015998 -0.400438
v 0.471081 0.015303 -0.400503
v 0.472284 0.015231 -0.401071
v 0.467385 0.016722 -0.401571
v 0.468757 0.015094 -0.401688
v 0.470105 0.014123 -0.402126
v 0.471229 0.013955 -0.402820
v 0.466835 0.016550 -0.402310
v 0.467740 0.014776 -0.403049
v 0.468777 0.013707 -0.403897
v 0.469796 0.013506 -0.404730
v 0.466199 0.018754 -0.401791
v 0.466220 0.016721 -0.402996
v 0.466607 0.015093 -0.404316
v 0.467305 0.014122 -0.405550
v 0.468209 0.013954 -0.406514
v 0.465632 0.017210 -0.403523
v 0.465530 0.015996 -0.405294
v 0.465907 0.015301 -0.406830
v 0.466704 0.015229 -0.407896
v 0.465159 0.017940 -0.403810
v 0.464664 0.017346 -0.405829
v 0.464785 0.017063 -0.407531
v 0.465495 0.017133 -0.408653
v 0.464871 0.018801 -0.403812
v 0.464136 0.018936 -0.405834
v 0.464099 0.019137 -0.407538
v 0.464756 0.019373 -0.408662
v 0.464812 0.019661 -0.403527
v 0.464025 0.020523 -0.405307
v 0.463952 0.021207 -0.406850
v 0.464595 0.021609 -0.407918
v 0.464991 0.020390 -0.403001
v 0.464350 0.021867 -0.404331
v 0.464370 0.022958 -0.405575
v 0.465045 0.023500 -0.406541
v 0.465383 0.020877 -0.402313
v 0.465068 0.022764 -0.403059
v 0.465301 0.024128 -0.403914
v 0.466047 0.024762 -0.404749
v 0.465930 0.021048 -0.401571
v 0.466074 0.023079 -0.401689
v 0.521337 0.179212 -0.340789
v 0.522128 0.179538 -0.341799
v 0.520682 0.176014 -0.338618
v 0.521931 0.177669 -0.338881
v 0.523113 0.178718 -0.339517
v 0.524043 0.179004 -0.340426
v 0.521274 0.175503 -0.338141
v 0.523017 0.176725 -0.337997
v 0.524522 0.177487 -0.338360
v 0.525562 0.177675 -0.339175
v 0.521629 0.174761 -0.337789
v 0.523665 0.175359 -0.337343
v 0.525360 0.175707 -0.337501
v 0.526463 0.175753 -0.338246
v 0.521693 0.173902 -0.337617
v 0.523781 0.173775 -0.337022
v 0.525509 0.173644 -0.337081
v 0.526622 0.173526 -0.337791
v 0.521458 0.173055 -0.337650
v 0.523351 0.172214 -0.337086
v 0.524951 0.171609 -0.337167
v 0.526021 0.171329 -0.337885
v 0.520959 0.172349 -0.337884
v 0.522437 0.170911 -0.337523
v 0.523766 0.169910 -0.337742
v 0.524744 0.169493 -0.338508
v 0.520270 0.171892 -0.338282
v 0.521172 0.170065 -0.338261
v 0.522123 0.168805 -0.338708
v 0.522974 0.168299 -0.339553
v 0.519495 0.171753 -0.338781
v 0.519743 0.169806 -0.339185
v 0.520263 0.168465 -0.339913
v 0.520968 0.167931 -0.340853
v 0.519563 0.174006 -0.338767
v 0.518751 0.171954 -0.339307
v 0.518369 0.170176 -0.340153
v 0.518471 0.168945 -0.341173
v 0.519034 0.168448 -0.342212
v 0.518152 0.172465 -0.339779
v 0.517260 0.171119 -0.341021
v 0.517024 0.170175 -0.342303
v 0.517472 0.169776 -0.343431
v 0.517791 0.173209 -0.340127
v 0.516592 0.172493 -0.341660
v 0.516150 0.171968 -0.343136
v 0.516530 0.171713 -0.344329
v 0.517724 0.174071 -0.340298
v 0.516468 0.174087 -0.341975
v 0.515988 0.174048 -0.343547
v 0.516355 0.173961 -0.344772
v 0.517962 0.174921 -0.340266
v 0.516908 0.175656 -0.341918
v 0.516563 0.176097 -0.343473
v 0.516975 0.176174 -0.344693
v 0.518468 0.175627 -0.340037
v 0.517844 0.176960 -0.341497
v 0.517785 0.177797 -0.342925
v 0.518295 0.178011 -0.344102
v 0.519163 0.176082 -0.339644
v 0.519130 0.177799 -0.340774
v 0.519464 0.178890 -0.341984
v 0.520107 0.179192 -0.343088
v 0.519941 0.176218 -0.339146
v 0.520566 0.178047 -0.339857
v 0.417361 0.178805 -0.467690
v 0.418508 0.179132 -0.468265
v 0.415812 0.175670 -0.465791
v 0.416915 0.177388 -0.465535
v 0.418169 0.178481 -0.465622
v 0.419379 0.178783 -0.466034
v 0.416063 0.175214 -0.465034
v 0.417374 0.176547 -0.464134
v 0.418764 0.177385 -0.463794
v 0.420021 0.177599 -0.464061
v 0.416190 0.174507 -0.464494
v 0.417605 0.175241 -0.463136
v 0.419063 0.175682 -0.462491
v 0.420342 0.175760 -0.462654
v 0.416175 0.173657 -0.464256
v 0.417576 0.173671 -0.462695
v 0.419024 0.173632 -0.461915
v 0.420300 0.173545 -0.462032
v 0.416020 0.172794 -0.464356
v 0.417292 0.172076 -0.462880
v 0.418655 0.171550 -0.462157
v 0.419901 0.171296 -0.462293
v 0.415750 0.172050 -0.464778
v 0.416796 0.170702 -0.463662
v 0.418010 0.169757 -0.463178
v 0.419205 0.169359 -0.463395
v 0.415403 0.171539 -0.465458
v 0.416161 0.169760 -0.464919
v 0.417184 0.168528 -0.464818
v 0.418315 0.168032 -0.465165
v 0.415032 0.171339 -0.466290
v 0.415478 0.169392 -0.466455
v 0.416297 0.168050 -0.466822
v 0.417358 0.167516 -0.467327
v 0.415031 0.173593 -0.466357
v 0.414693 0.171479 -0.467147
v 0.414849 0.169653 -0.468034
v 0.415475 0.168393 -0.468877
v 0.416470 0.167887 -0.469545
v 0.414436 0.171938 -0.467899
v 0.414369 0.170501 -0.469416
v 0.414843 0.169501 -0.470674
v 0.415786 0.169085 -0.471481
v 0.414302 0.172645 -0.468432
v 0.414116 0.171806 -0.470395
v 0.414507 0.171203 -0.471944
v 0.415420 0.170924 -0.472850
v 0.414315 0.173492 -0.468668
v 0.414136 0.173369 -0.470827
v 0.414529 0.173240 -0.472505
v 0.415443 0.173123 -0.473455
v 0.414471 0.174352 -0.468570
v 0.414428 0.174953 -0.470649
v 0.414912 0.175304 -0.472276
v 0.415858 0.175351 -0.473208
v 0.414748 0.175093 -0.468153
v 0.414945 0.176319 -0.469886
v 0.415593 0.177084 -0.471286
v 0.416597 0.177273 -0.472143
v 0.415101 0.175604 -0.467480
v 0.415602 0.177262 -0.468649
v 0.416456 0.178313 -0.469679
v 0.417531 0.178601 -0.470410
v 0.415475 0.175807 -0.466651
v 0.416294 0.177638 -0.467121
v 0.476494 0.029156 -0.410454
v 0.474877 0.029496 -0.409133
v 0.478759 0.024524 -0.414077
v 0.476640 0.027018 -0.413862
v 0.474524 0.028528 -0.413163
v 0.472732 0.028813 -0.412083
v 0.478179 0.023783 -0.415109
v 0.475577 0.025650 -0.415783
v 0.473137 0.026737 -0.415691
v 0.471224 0.026869 -0.414837
v 0.477918 0.022672 -0.415901
v 0.475106 0.023598 -0.417261
v 0.472528 0.024051 -0.417639
v 0.470564 0.023953 -0.416959
v 0.478012 0.021359 -0.416330
v 0.475284 0.021170 -0.418061
v 0.472766 0.020873 -0.418692
v 0.470823 0.020502 -0.418105
v 0.478443 0.020044 -0.416329
v 0.476076 0.018734 -0.418053
v 0.473797 0.017680 -0.418676
v 0.471943 0.017034 -0.418085
v 0.479147 0.018927 -0.415899
v 0.477364 0.016661 -0.417241
v 0.475470 0.014958 -0.417596
v 0.473756 0.014078 -0.416903
v 0.480023 0.018180 -0.415109
v 0.478967 0.015271 -0.415762
v 0.477556 0.013132 -0.415639
v 0.476018 0.012092 -0.414766
v 0.480940 0.017917 -0.414083
v 0.480659 0.014782 -0.413854
v 0.479769 0.012489 -0.413127
v 0.478424 0.011393 -0.412029
v 0.480558 0.021424 -0.413771
v 0.481762 0.018180 -0.412980
v 0.482190 0.015271 -0.411814
v 0.481787 0.013132 -0.410456
v 0.480624 0.012092 -0.409124
v 0.482360 0.018927 -0.411964
v 0.483319 0.016661 -0.409948
v 0.483288 0.014959 -0.408022
v 0.482266 0.014078 -0.406481
v 0.482641 0.020045 -0.411188
v 0.483857 0.018734 -0.408524
v 0.484011 0.017680 -0.406167
v 0.483061 0.017034 -0.404468
v 0.482555 0.021360 -0.410765
v 0.483706 0.021170 -0.407747
v 0.483821 0.020873 -0.405153
v 0.482858 0.020502 -0.403367
v 0.482116 0.022672 -0.410760
v 0.482887 0.023598 -0.407732
v 0.482741 0.024051 -0.405130
v 0.481682 0.023953 -0.403342
v 0.481392 0.023783 -0.411174
v 0.481532 0.025650 -0.408489
v 0.480954 0.026737 -0.406117
v 0.479735 0.026869 -0.404414
v 0.480498 0.024524 -0.411948
v 0.479863 0.027018 -0.409915
v 0.478755 0.028528 -0.407981
v 0.477338 0.028814 -0.406442
v 0.479572 0.024784 -0.412967
v 0.478143 0.027499 -0.411800
v 0.430161 0.178345 -0.473019
v 0.428562 0.179184 -0.472269
v 0.431480 0.173151 -0.474977
v 0.430361 0.175777 -0.475769
v 0.428831 0.177616 -0.475933
v 0.427113 0.178390 -0.475438
v 0.430967 0.172399 -0.475953
v 0.429396 0.174386 -0.477569
v 0.427549 0.175794 -0.478285
v 0.425714 0.176411 -0.477993
v 0.430566 0.171308 -0.476558
v 0.428634 0.172370 -0.478680
v 0.426532 0.173157 -0.479732
v 0.424601 0.173549 -0.479561
v 0.430340 0.170042 -0.476702
v 0.428209 0.170032 -0.478942
v 0.425967 0.170098 -0.480072
v 0.423984 0.170229 -0.479929
v 0.430327 0.168792 -0.476364
v 0.428193 0.167722 -0.478320
v 0.425955 0.167074 -0.479261
v 0.423975 0.166945 -0.479050
v 0.430526 0.167748 -0.475593
v 0.428580 0.165789 -0.476904
v 0.426482 0.164541 -0.477414
v 0.424555 0.164194 -0.477047
v 0.430903 0.167069 -0.474506
v 0.429294 0.164528 -0.474898
v 0.427434 0.162885 -0.474793
v 0.425596 0.162394 -0.474199
v 0.431396 0.166859 -0.473264
v 0.430214 0.164133 -0.472601
v 0.428645 0.162363 -0.471782
v 0.426916 0.161825 -0.470925
v 0.432029 0.170126 -0.473676
v 0.431932 0.167151 -0.472058
v 0.431202 0.164669 -0.470363
v 0.429938 0.163062 -0.468841
v 0.428322 0.162583 -0.467724
v 0.432430 0.167901 -0.471072
v 0.432118 0.166058 -0.468529
v 0.431137 0.164881 -0.466431
v 0.429625 0.164559 -0.465099
v 0.432817 0.168997 -0.470457
v 0.432832 0.168090 -0.467386
v 0.432074 0.167545 -0.464928
v 0.430644 0.167452 -0.463462
v 0.433037 0.170270 -0.470310
v 0.433239 0.170451 -0.467112
v 0.432608 0.170643 -0.464567
v 0.431226 0.170819 -0.463069
v 0.433057 0.171525 -0.470653
v 0.433276 0.172779 -0.467749
v 0.432657 0.173697 -0.465404
v 0.431278 0.174137 -0.463980
v 0.432872 0.172570 -0.471433
v 0.432938 0.174713 -0.469199
v 0.432213 0.176233 -0.467310
v 0.430794 0.176893 -0.466054
v 0.432510 0.173244 -0.472530
v 0.432272 0.175960 -0.471237
v 0.431342 0.177864 -0.469987
v 0.429846 0.178662 -0.468969
v 0.432021 0.173448 -0.473775
v 0.431370 0.176331 -0.473546
v 0.528548 0.178585 -0.352682
v 0.527494 0.179422 -0.351268
v 0.528531 0.173492 -0.355069
v 0.527216 0.176205 -0.355091
v 0.525807 0.178107 -0.354428
v 0.524512 0.178905 -0.353168
v 0.527527 0.172820 -0.355637
v 0.525351 0.174962 -0.356142
v 0.523356 0.176481 -0.355808
v 0.521843 0.177140 -0.354670
v 0.526798 0.171777 -0.355970
v 0.523997 0.173031 -0.356758
v 0.521578 0.173949 -0.356619
v 0.519908 0.174390 -0.355555
v 0.526457 0.170525 -0.356018
v 0.523364 0.170707 -0.356847
v 0.520747 0.170900 -0.356737
v 0.519005 0.171077 -0.355684
v 0.526557 0.169253 -0.355774
v 0.523550 0.168349 -0.356394
v 0.520992 0.167806 -0.356140
v 0.519272 0.167715 -0.355035
v 0.527082 0.168159 -0.355274
v 0.524526 0.166320 -0.355469
v 0.522275 0.165146 -0.354925
v 0.520669 0.164826 -0.353711
v 0.527951 0.167408 -0.354595
v 0.526141 0.164932 -0.354213
v 0.524398 0.163329 -0.353277
v 0.522980 0.162852 -0.351918
v 0.529029 0.167116 -0.353837
v 0.528142 0.164395 -0.352811
v 0.527026 0.162628 -0.351440
v 0.525841 0.162093 -0.349919
v 0.529559 0.170378 -0.354375
v 0.530150 0.167324 -0.353114
v 0.530216 0.164787 -0.351469
v 0.529744 0.163146 -0.349675
v 0.528798 0.162657 -0.347997
v 0.531144 0.168001 -0.352537
v 0.532047 0.166044 -0.350387
v 0.532136 0.164796 -0.348243
v 0.531395 0.164450 -0.346436
v 0.531862 0.169043 -0.352194
v 0.533365 0.167971 -0.349738
v 0.533851 0.167323 -0.347378
v 0.533255 0.167194 -0.345489
v 0.532198 0.170290 -0.352142
v 0.533981 0.170276 -0.349635
v 0.534653 0.170340 -0.347236
v 0.534123 0.170470 -0.345331
v 0.532102 0.171554 -0.352390
v 0.533808 0.172611 -0.350100
v 0.534430 0.173394 -0.347851
v 0.533883 0.173785 -0.346002
v 0.531587 0.172645 -0.352898
v 0.532866 0.174626 -0.351055
v 0.533207 0.176030 -0.349118
v 0.532558 0.176646 -0.347386
v 0.530729 0.173396 -0.353587
v 0.531287 0.176017 -0.352343
v 0.531147 0.177852 -0.350820
v 0.530321 0.178625 -0.349241
v 0.529656 0.173694 -0.354349
v 0.529303 0.176573 -0.353760
v 0.479729 0.208891 -0.382022
v 0.479901 0.013930 -0.392221
v 0.524605 0.117448 -0.335122
v 0.533593 0.179224 -0.332993
v 0.471193 0.002217 -0.406138
v 0.467597 0.234465 -0.403202
v 0.530386 0.160097 -0.332675
v 0.469896 0.192220 -0.387654
v 0.507458 0.059240 -0.353757
v 0.461119 0.192471 -0.397913
v 0.518483 0.085695 -0.341681
v 0.514345 0.190609 -0.348460
v 0.498508 0.042717 -0.364856
v 0.483474 0.216412 -0.380593
v 0.465879 0.222385 -0.401799
v 0.511089 0.169061 -0.347078
v 0.513724 0.161929 -0.344393
v 0.508093 0.176190 -0.350253
v 0.511845 0.183174 -0.348772
v 0.519631 0.172496 -0.341783
v 0.523551 0.160631 -0.337645
v 0.494166 0.073960 -0.361319
v 0.501287 0.088969 -0.353436
v 0.511241 0.084387 -0.346742
v 0.501164 0.064556 -0.357439
v 0.517318 0.119251 -0.340049
v 0.521407 0.098088 -0.338421
v 0.514002 0.099887 -0.343239
v 0.527633 0.138825 -0.333097
v 0.520836 0.139733 -0.337912
v 0.498444 0.201968 -0.363013
v 0.495344 0.195815 -0.364062
v 0.469248 0.040747 -0.393997
v 0.463982 0.040720 -0.400250
v 0.476318 0.028082 -0.390710
v 0.466378 0.027975 -0.402206
v 0.493519 0.049856 -0.367124
v 0.489339 0.027951 -0.377631
v 0.484671 0.037836 -0.378719
v 0.481021 0.203251 -0.383649
v 0.472223 0.187410 -0.388706
v 0.462999 0.187662 -0.399447
v 0.510717 0.166212 -0.350865
v 0.513685 0.159249 -0.347981
v 0.507175 0.174286 -0.354588
v 0.510322 0.180160 -0.353249
v 0.523094 0.158390 -0.341561
v 0.493342 0.074838 -0.366067
v 0.502480 0.092154 -0.356179
v 0.510989 0.088186 -0.350340
v 0.499927 0.065309 -0.362380
v 0.516192 0.119034 -0.344623
v 0.513192 0.100637 -0.347573
v 0.519673 0.139200 -0.342494
v 0.495433 0.191200 -0.367145
v 0.472099 0.044749 -0.394353
v 0.465870 0.044446 -0.401791
v 0.477886 0.033816 -0.391703
v 0.493079 0.052361 -0.371154
v 0.484790 0.041613 -0.381951
v 0.475006 0.201100 -0.384574
v 0.462483 0.201875 -0.399026
v 0.477611 0.197300 -0.385480
v 0.478645 0.221502 -0.387050
v 0.474157 0.214702 -0.389713
v 0.464939 0.192374 -0.393317
v 0.466608 0.187576 -0.395103
v 0.467113 0.202522 -0.393714
v 0.471266 0.230016 -0.397675
v 0.462400 0.192441 -0.396348
v 0.464209 0.187635 -0.397969
v 0.469056 0.221678 -0.397757
v 0.466090 0.212677 -0.398257
v 0.472268 0.217261 -0.392634
v 0.469935 0.211180 -0.393265
v 0.475888 0.224453 -0.390883
v 0.463396 0.192416 -0.395148
v 0.465726 0.187598 -0.396147
v 0.475621 0.211976 -0.387258
v 0.472582 0.208420 -0.389408
v 0.480273 0.219659 -0.384801
v 0.466627 0.192325 -0.391352
v 0.468517 0.187523 -0.392881
v 0.466492 0.215858 -0.402300
v 0.473045 0.209771 -0.392593
v 0.512064 0.068442 -0.348634
v 0.497453 0.081090 -0.357487
v 0.508519 0.071411 -0.350628
v 0.497545 0.083065 -0.361242
v 0.513787 0.072297 -0.346775
v 0.498745 0.083794 -0.356075
v 0.499204 0.086185 -0.359473
v 0.510466 0.074767 -0.348678
v 0.507360 0.069447 -0.351816
v 0.510335 0.064923 -0.350511
v 0.496853 0.079815 -0.358160
v 0.496776 0.081595 -0.362087
v 0.504943 0.087252 -0.350894
v 0.496729 0.070450 -0.359840
v 0.505610 0.090669 -0.353969
v 0.495752 0.071283 -0.364662
v 0.500510 0.078433 -0.355478
v 0.504009 0.077310 -0.352978
v 0.503200 0.074807 -0.353991
v 0.507606 0.073577 -0.353584
v 0.509953 0.179689 -0.349497
v 0.515345 0.170788 -0.344406
v 0.518649 0.161277 -0.341020
v 0.508737 0.177228 -0.353907
v 0.518386 0.158819 -0.344757
v 0.488368 0.016312 -0.399842
v 0.531436 0.117624 -0.344515
v 0.540200 0.178107 -0.342437
v 0.479977 0.004790 -0.413310
v 0.476458 0.232221 -0.410437
v 0.537066 0.159380 -0.342127
v 0.514902 0.060653 -0.362593
v 0.525425 0.086525 -0.350958
v 0.521554 0.189240 -0.357472
v 0.506283 0.044488 -0.373343
v 0.491768 0.214479 -0.388562
v 0.528341 0.098671 -0.347726
v 0.534379 0.138553 -0.342539
v 0.506207 0.200347 -0.371551
v 0.497455 0.030045 -0.385715
v 0.487112 0.219468 -0.394810
v 0.479997 0.227835 -0.405090
v 0.484453 0.222365 -0.398519
v 0.488682 0.217661 -0.392633
v 0.519360 0.069647 -0.357617
v 0.520988 0.073464 -0.355831
v 0.517650 0.066212 -0.359465
v 0.482708 0.032761 -0.399742
v 0.527597 0.152500 -0.348185
v 0.517976 0.093557 -0.355204
v 0.514512 0.182299 -0.361134
v 0.500386 0.053098 -0.376022
v 0.519813 0.104492 -0.353014
v 0.487888 0.032749 -0.394190
v 0.483331 0.206625 -0.394778
v 0.476598 0.206718 -0.402315
v 0.480987 0.206666 -0.397334
v 0.512111 0.076893 -0.361620
v 0.509762 0.071751 -0.364280
v 0.522425 0.120908 -0.350577
v 0.513178 0.162479 -0.359108
v 0.474759 0.032623 -0.409049
v 0.472502 0.206735 -0.407207
v 0.506024 0.063382 -0.368874
v 0.489084 0.203026 -0.387751
v 0.526162 0.143910 -0.348545
v 0.503217 0.190497 -0.371657
v 0.485666 0.206575 -0.392298
v 0.515159 0.084239 -0.358300
v 0.478588 0.031781 -0.396115
v 0.524276 0.152775 -0.343740
v 0.514495 0.093221 -0.350872
v 0.510959 0.182886 -0.356890
v 0.496583 0.052336 -0.372015
v 0.516367 0.104271 -0.348648
v 0.483855 0.031770 -0.390469
v 0.479236 0.207475 -0.391078
v 0.472390 0.207570 -0.398742
v 0.476853 0.207517 -0.393677
v 0.508523 0.076383 -0.357388
v 0.506131 0.071187 -0.360089
v 0.519024 0.120857 -0.346173
v 0.509615 0.162860 -0.354839
v 0.470506 0.031642 -0.405577
v 0.468226 0.207586 -0.403715
v 0.502324 0.062729 -0.364755
v 0.485089 0.203837 -0.383937
v 0.522821 0.144096 -0.344108
v 0.499468 0.191173 -0.367583
v 0.481610 0.207424 -0.388557
v 0.511626 0.083807 -0.354016
v 0.449272 0.208891 -0.419325
v 0.459300 0.013930 -0.417453
v 0.412200 0.117446 -0.472623
v 0.411817 0.179254 -0.481801
v 0.410889 0.160113 -0.478737
v 0.452823 0.192220 -0.408564
v 0.427126 0.059240 -0.452148
v 0.417477 0.085693 -0.465354
v 0.423313 0.190609 -0.459955
v 0.436209 0.042717 -0.441158
v 0.448621 0.216412 -0.423280
v 0.421308 0.169061 -0.457042
v 0.419201 0.161929 -0.460158
v 0.423819 0.176190 -0.453471
v 0.423119 0.183174 -0.457443
v 0.417803 0.172499 -0.466456
v 0.414488 0.160638 -0.471101
v 0.431876 0.073960 -0.437612
v 0.425576 0.088969 -0.446165
v 0.421009 0.084387 -0.457257
v 0.429474 0.064556 -0.445244
v 0.415641 0.119251 -0.464537
v 0.414838 0.098084 -0.468854
v 0.418123 0.099887 -0.460661
v 0.410780 0.138830 -0.475971
v 0.414225 0.139735 -0.468397
v 0.434391 0.201968 -0.441464
v 0.434799 0.195815 -0.438217
v 0.458909 0.040747 -0.406660
v 0.457102 0.028082 -0.414245
v 0.437434 0.049856 -0.435817
v 0.446892 0.027951 -0.429619
v 0.447025 0.037836 -0.424827
v 0.451125 0.203251 -0.420266
v 0.454320 0.187410 -0.410633
v 0.424944 0.166212 -0.455920
v 0.422711 0.159249 -0.459404
v 0.427883 0.174286 -0.451704
v 0.427200 0.180160 -0.455055
v 0.418256 0.158394 -0.469883
v 0.436363 0.074838 -0.435854
v 0.428503 0.092154 -0.446786
v 0.424483 0.088186 -0.456291
v 0.434068 0.065309 -0.443044
v 0.419914 0.119034 -0.462528
v 0.422213 0.100637 -0.459003
v 0.418506 0.139201 -0.466355
v 0.437837 0.191200 -0.437687
v 0.459828 0.044749 -0.409383
v 0.458389 0.033816 -0.415583
v 0.441294 0.052361 -0.434579
v 0.450215 0.041613 -0.424298
v 0.450828 0.201100 -0.414188
v 0.452237 0.197300 -0.416558
v 0.453982 0.221502 -0.417257
v 0.455694 0.214702 -0.412328
v 0.457381 0.192374 -0.402574
v 0.459464 0.187576 -0.403853
v 0.458204 0.202522 -0.404625
v 0.462916 0.230016 -0.407902
v 0.459843 0.192441 -0.399480
v 0.461792 0.187635 -0.400929
v 0.462554 0.221678 -0.405720
v 0.462451 0.212677 -0.402714
v 0.458177 0.217261 -0.409892
v 0.458329 0.211180 -0.407480
v 0.457186 0.224453 -0.413789
v 0.458866 0.192416 -0.400696
v 0.460311 0.187598 -0.402779
v 0.453580 0.211976 -0.414252
v 0.455079 0.208420 -0.410845
v 0.452104 0.219659 -0.419302
v 0.455793 0.192325 -0.404621
v 0.457669 0.187523 -0.406168
v 0.458293 0.209771 -0.410661
v 0.423027 0.068442 -0.457685
v 0.428779 0.081090 -0.441599
v 0.424271 0.071411 -0.453813
v 0.432476 0.083065 -0.440938
v 0.421550 0.072296 -0.459745
v 0.427654 0.083794 -0.443147
v 0.431074 0.086185 -0.442918
v 0.422751 0.074767 -0.456111
v 0.425204 0.069447 -0.452440
v 0.424521 0.064923 -0.455616
v 0.429318 0.079815 -0.440876
v 0.433151 0.081595 -0.440015
v 0.423817 0.087252 -0.450256
v 0.430940 0.070450 -0.440419
v 0.426963 0.090669 -0.450295
v 0.435468 0.071283 -0.438497
v 0.427421 0.078433 -0.444996
v 0.425672 0.077310 -0.448924
v 0.426503 0.074807 -0.447929
v 0.426985 0.073577 -0.452327
v 0.423451 0.179689 -0.455444
v 0.419536 0.170789 -0.461743
v 0.416859 0.161279 -0.465646
v 0.427528 0.177228 -0.453370
v 0.420480 0.158821 -0.464648
v 0.468460 0.016312 -0.424225
v 0.422767 0.117622 -0.477445
v 0.422386 0.178136 -0.486403
v 0.421482 0.159396 -0.483406
v 0.437272 0.060653 -0.457673
v 0.427955 0.086523 -0.470302
v 0.433585 0.189240 -0.465216
v 0.446080 0.044488 -0.447078
v 0.458089 0.214479 -0.429813
v 0.425340 0.098667 -0.473792
v 0.421377 0.138558 -0.480705
v 0.444310 0.200347 -0.447363
v 0.456436 0.030045 -0.435954
v 0.463279 0.219468 -0.424001
v 0.471928 0.227835 -0.414973
v 0.466381 0.222365 -0.420654
v 0.461460 0.217661 -0.425974
v 0.433288 0.069647 -0.463037
v 0.431863 0.073464 -0.464989
v 0.434757 0.066212 -0.460992
v 0.467231 0.032761 -0.418699
v 0.425648 0.152503 -0.472974
v 0.430647 0.093557 -0.462163
v 0.435765 0.182299 -0.457584
v 0.447525 0.053098 -0.440764
v 0.428867 0.104492 -0.464401
v 0.462826 0.032749 -0.424885
v 0.462491 0.206625 -0.420303
v 0.468529 0.206718 -0.412198
v 0.464527 0.206666 -0.417495
v 0.435761 0.076893 -0.455134
v 0.437896 0.071751 -0.452300
v 0.426990 0.120908 -0.467442
v 0.433512 0.162479 -0.456682
v 0.441650 0.063382 -0.447719
v 0.456757 0.203026 -0.427345
v 0.425723 0.143912 -0.471500
v 0.443815 0.190497 -0.444411
v 0.460528 0.206575 -0.423087
v 0.433117 0.084239 -0.458784
v 0.462852 0.031781 -0.415389
v 0.420629 0.152778 -0.470607
v 0.425706 0.093221 -0.459619
v 0.430895 0.182886 -0.454952
v 0.442839 0.052336 -0.437840
v 0.423900 0.104271 -0.461897
v 0.458374 0.031770 -0.421678
v 0.458047 0.207475 -0.417030
v 0.464186 0.207570 -0.408790
v 0.460117 0.207517 -0.414176
v 0.430896 0.076383 -0.452465
v 0.433064 0.071187 -0.449581
v 0.421995 0.120857 -0.464991
v 0.428617 0.162860 -0.454045
v 0.436874 0.062729 -0.444918
v 0.452221 0.203837 -0.424194
v 0.420708 0.144098 -0.469112
v 0.439074 0.191173 -0.441554
v 0.456051 0.207424 -0.419861
v 0.428213 0.083807 -0.456180
v 0.468534 0.176618 -0.390427
v 0.482464 0.160051 -0.373378
v 0.487969 0.167611 -0.369304
v 0.481677 0.183688 -0.378079
v 0.488444 0.144429 -0.366448
v 0.498336 0.146330 -0.358258
v 0.498627 0.157770 -0.359016
v 0.495422 0.170987 -0.363343
v 0.494132 0.175167 -0.365101
v 0.478787 0.176512 -0.379509
v 0.476047 0.160552 -0.377093
v 0.482681 0.168660 -0.371786
v 0.478727 0.179994 -0.377592
v 0.484532 0.138152 -0.367117
v 0.500393 0.140763 -0.353961
v 0.500826 0.158163 -0.354960
v 0.495670 0.171911 -0.360854
v 0.498743 0.172837 -0.360899
v 0.480407 0.169533 -0.376695
v 0.472213 0.161188 -0.383826
v 0.483510 0.131823 -0.370378
v 0.505935 0.135758 -0.351901
v 0.505268 0.158400 -0.353938
v 0.455188 0.176618 -0.406783
v 0.441279 0.160050 -0.423848
v 0.438392 0.167609 -0.430058
v 0.445726 0.183686 -0.422135
v 0.435690 0.144428 -0.431096
v 0.429650 0.146328 -0.442429
v 0.430450 0.157768 -0.442563
v 0.434046 0.170984 -0.438556
v 0.435509 0.175164 -0.436940
v 0.446547 0.176510 -0.419016
v 0.443632 0.160551 -0.416816
v 0.439763 0.168658 -0.424380
v 0.444657 0.179992 -0.419342
v 0.435560 0.138151 -0.427129
v 0.425853 0.140761 -0.445305
v 0.426918 0.158161 -0.445530
v 0.431658 0.171908 -0.439298
v 0.432318 0.172833 -0.442299
v 0.444116 0.169531 -0.421167
v 0.449459 0.161187 -0.411709
v 0.438550 0.131823 -0.425474
v 0.424946 0.135758 -0.451148
v 0.426807 0.158397 -0.450087
v 0.460773 0.138109 -0.390784
v 0.469908 0.138089 -0.380604
v 0.465670 0.149209 -0.385958
v 0.459203 0.135180 -0.396381
v 0.475338 0.135154 -0.378401
v 0.467820 0.154842 -0.387823
v 0.445640 0.138088 -0.410383
v 0.453767 0.138108 -0.399381
v 0.450028 0.149208 -0.405152
v 0.444579 0.135153 -0.416147
v 0.458932 0.135180 -0.396715
v 0.452287 0.154840 -0.406883
v 0.453905 0.158697 -0.401164
v 0.462546 0.158698 -0.390561
v 0.459012 0.169779 -0.396505
v 0.452464 0.155669 -0.406751
v 0.467726 0.155671 -0.388023
v 0.461449 0.175296 -0.398492
v 0.506991 0.174312 -0.354371
v 0.513507 0.159267 -0.347758
v 0.462778 0.187695 -0.399267
v 0.472009 0.187442 -0.388517
v 0.480814 0.203292 -0.383455
v 0.510140 0.180188 -0.353030
v 0.522924 0.158407 -0.341334
v 0.493146 0.074811 -0.365860
v 0.502293 0.092136 -0.355964
v 0.510809 0.088166 -0.350119
v 0.499736 0.065277 -0.362169
v 0.516016 0.119031 -0.344398
v 0.513014 0.100624 -0.347350
v 0.519500 0.139207 -0.342267
v 0.495238 0.191235 -0.366938
v 0.471885 0.044706 -0.394168
v 0.465650 0.044403 -0.401612
v 0.477676 0.033767 -0.391515
v 0.492882 0.052322 -0.370950
v 0.484586 0.041569 -0.381756
v 0.488130 0.180802 -0.371010
v 0.462798 0.063850 -0.399283
v 0.464054 0.054603 -0.400309
v 0.478387 0.054663 -0.384184
v 0.485479 0.064714 -0.374741
v 0.461591 0.074305 -0.398298
v 0.460092 0.091576 -0.397074
v 0.509795 0.142615 -0.349045
v 0.506686 0.125851 -0.350839
v 0.504184 0.109012 -0.353145
v 0.459204 0.108727 -0.396349
v 0.458909 0.125851 -0.396108
v 0.459205 0.143009 -0.396350
v 0.462002 0.181185 -0.398634
v 0.518277 0.181708 -0.347636
v 0.525759 0.168678 -0.340620
v 0.466994 0.215264 -0.402709
v 0.475925 0.214972 -0.392260
v 0.482992 0.212457 -0.384037
v 0.513768 0.187133 -0.351721
v 0.527666 0.162347 -0.338503
v 0.508353 0.068469 -0.354883
v 0.511819 0.076106 -0.351068
v 0.514852 0.084734 -0.347730
v 0.504554 0.060927 -0.359262
v 0.521314 0.117980 -0.340869
v 0.517128 0.097496 -0.344819
v 0.524789 0.139827 -0.338709
v 0.499114 0.198745 -0.365458
v 0.474280 0.024314 -0.398939
v 0.469689 0.023049 -0.404910
v 0.479010 0.026135 -0.392939
v 0.497174 0.048390 -0.368262
v 0.488131 0.035092 -0.380411
v 0.427633 0.174312 -0.451567
v 0.422458 0.159267 -0.459274
v 0.454092 0.187442 -0.410462
v 0.450893 0.203292 -0.420102
v 0.426950 0.180188 -0.454921
v 0.417999 0.158411 -0.469762
v 0.436120 0.074811 -0.435705
v 0.428254 0.092136 -0.446646
v 0.424231 0.088166 -0.456158
v 0.433823 0.065277 -0.442900
v 0.419659 0.119031 -0.462401
v 0.421959 0.100624 -0.458873
v 0.418249 0.139208 -0.466231
v 0.437595 0.191235 -0.437539
v 0.459603 0.044706 -0.409210
v 0.458163 0.033767 -0.415415
v 0.441055 0.052322 -0.434427
v 0.449983 0.041569 -0.424137
v 0.440164 0.180802 -0.429759
v 0.451122 0.054663 -0.417578
v 0.443288 0.064714 -0.426415
v 0.422976 0.142615 -0.455380
v 0.424112 0.125851 -0.451975
v 0.425870 0.109012 -0.449062
v 0.423287 0.181709 -0.463970
v 0.417847 0.168687 -0.472672
v 0.458543 0.214972 -0.413550
v 0.451900 0.212457 -0.422119
v 0.426393 0.187133 -0.458738
v 0.416125 0.162357 -0.474948
v 0.428408 0.068469 -0.452799
v 0.425363 0.076106 -0.456959
v 0.422698 0.084734 -0.460597
v 0.431938 0.060927 -0.448201
v 0.417227 0.117979 -0.468280
v 0.420293 0.097495 -0.463405
v 0.415772 0.139830 -0.472099
v 0.436921 0.198745 -0.441632
v 0.464758 0.024315 -0.410602
v 0.459825 0.026135 -0.416437
v 0.439280 0.048390 -0.439170
v 0.449374 0.035092 -0.427880
v 0.459400 0.123402 -0.396509
v 0.460604 0.120073 -0.395102
v 0.462993 0.117126 -0.392345
v 0.465168 0.114728 -0.389921
v 0.466527 0.109768 -0.388643
v 0.466248 0.112248 -0.388814
v 0.464668 0.112127 -0.390622
v 0.464043 0.112475 -0.391326
v 0.463667 0.111617 -0.391810
v 0.463759 0.108726 -0.391884
v 0.462951 0.110179 -0.392734
v 0.462335 0.110542 -0.393438
v 0.462023 0.109951 -0.393846
v 0.462086 0.108096 -0.393898
v 0.461531 0.108928 -0.394501
v 0.460963 0.109262 -0.395160
v 0.460515 0.108669 -0.395742
v 0.459895 0.103551 -0.396913
v 0.462065 0.097033 -0.394967
v 0.461067 0.098830 -0.395963
v 0.463216 0.095803 -0.393744
v 0.464120 0.093912 -0.392917
v 0.466130 0.088227 -0.391377
v 0.460369 0.100572 -0.396624
v 0.459954 0.102261 -0.396962
v 0.468719 0.086663 -0.388686
v 0.466218 0.085366 -0.391720
v 0.464629 0.083701 -0.393842
v 0.463410 0.080984 -0.395764
v 0.463107 0.079402 -0.396422
v 0.463274 0.076655 -0.396759
v 0.464784 0.073650 -0.395578
v 0.464439 0.071057 -0.396554
v 0.464238 0.068655 -0.397345
v 0.464431 0.066405 -0.397653
v 0.465020 0.063859 -0.397581
v 0.466304 0.061093 -0.396769
v 0.465949 0.058886 -0.397786
v 0.465472 0.055710 -0.399258
v 0.465203 0.050233 -0.401247
v 0.479127 0.070647 -0.380541
v 0.471572 0.070426 -0.388527
v 0.468036 0.080033 -0.390560
v 0.467479 0.080843 -0.391046
v 0.466505 0.081000 -0.392133
v 0.465789 0.080400 -0.393068
v 0.465316 0.079205 -0.393841
v 0.465612 0.078014 -0.393721
v 0.469150 0.070294 -0.391252
v 0.467929 0.070285 -0.392643
v 0.467487 0.069634 -0.393297
v 0.467374 0.068390 -0.393711
v 0.471355 0.062864 -0.390520
v 0.470304 0.066793 -0.390747
v 0.475857 0.066811 -0.384726
v 0.470392 0.067306 -0.390530
v 0.475016 0.060973 -0.387001
v 0.479496 0.067794 -0.380770
v 0.480048 0.068830 -0.379996
v 0.479906 0.070068 -0.379879
v 0.468740 0.101328 -0.386844
v 0.467406 0.100326 -0.388424
v 0.466511 0.097630 -0.389717
v 0.466919 0.094763 -0.389590
v 0.468596 0.092336 -0.388018
v 0.470818 0.092339 -0.385581
v 0.472350 0.093460 -0.383796
v 0.475345 0.081768 -0.382342
v 0.476376 0.080222 -0.381538
v 0.482143 0.078760 -0.376045
v 0.478069 0.079273 -0.379977
v 0.480022 0.082422 -0.377508
v 0.478801 0.084937 -0.378327
v 0.474431 0.095043 -0.381422
v 0.475499 0.095966 -0.380216
v 0.476282 0.097081 -0.379297
v 0.471443 0.102727 -0.383783
v 0.472479 0.103376 -0.382628
v 0.473338 0.104315 -0.381649
v 0.470166 0.101960 -0.385227
v 0.478004 0.100502 -0.377227
v 0.478778 0.102314 -0.376300
v 0.479157 0.103811 -0.375803
v 0.479568 0.107632 -0.375122
v 0.479725 0.109624 -0.374846
v 0.479604 0.111700 -0.374849
v 0.478952 0.115682 -0.375309
v 0.477810 0.118845 -0.376334
v 0.475790 0.121921 -0.378294
v 0.473008 0.123813 -0.381130
v 0.475853 0.114324 -0.378446
v 0.475304 0.117757 -0.378879
v 0.473894 0.121407 -0.380239
v 0.475752 0.108625 -0.378852
v 0.476038 0.109972 -0.378480
v 0.476063 0.111585 -0.378365
v 0.474066 0.105245 -0.380818
v 0.474768 0.106450 -0.380004
v 0.475397 0.107710 -0.379273
v 0.484829 0.087283 -0.372186
v 0.486400 0.093672 -0.369940
v 0.491127 0.085466 -0.366761
v 0.495633 0.089448 -0.362404
v 0.488867 0.085028 -0.368819
v 0.491475 0.090846 -0.365761
v 0.488545 0.092249 -0.368170
v 0.486676 0.085696 -0.370703
v 0.501305 0.098480 -0.356886
v 0.505966 0.105990 -0.352769
v 0.499290 0.097636 -0.358550
v 0.502148 0.105451 -0.355689
v 0.496225 0.097691 -0.361023
v 0.496142 0.105706 -0.360443
v 0.509012 0.117137 -0.350043
v 0.513525 0.129797 -0.346787
v 0.505738 0.114362 -0.352518
v 0.507379 0.125914 -0.351102
v 0.500393 0.123101 -0.356385
v 0.501916 0.113799 -0.355428
v 0.458391 0.123396 -0.395685
v 0.459599 0.120059 -0.394272
v 0.461997 0.117106 -0.391505
v 0.464180 0.114702 -0.389072
v 0.465544 0.109730 -0.387789
v 0.465265 0.112216 -0.387960
v 0.463679 0.112094 -0.389775
v 0.463051 0.112443 -0.390482
v 0.462674 0.111583 -0.390968
v 0.462765 0.108685 -0.391042
v 0.461955 0.110142 -0.391895
v 0.461337 0.110506 -0.392602
v 0.461023 0.109913 -0.393012
v 0.461086 0.108053 -0.393063
v 0.460529 0.108888 -0.393669
v 0.459959 0.109223 -0.394331
v 0.459510 0.108628 -0.394915
v 0.458887 0.103498 -0.396090
v 0.461064 0.096965 -0.394136
v 0.460063 0.098765 -0.395136
v 0.462220 0.095731 -0.392909
v 0.463127 0.093836 -0.392078
v 0.465144 0.088137 -0.390532
v 0.459363 0.100512 -0.395800
v 0.458946 0.102205 -0.396139
v 0.467742 0.086569 -0.387831
v 0.465232 0.085269 -0.390876
v 0.463637 0.083600 -0.393006
v 0.462413 0.080877 -0.394935
v 0.462109 0.079291 -0.395595
v 0.462276 0.076537 -0.395933
v 0.463791 0.073526 -0.394747
v 0.463445 0.070926 -0.395726
v 0.463243 0.068518 -0.396521
v 0.463435 0.066263 -0.396829
v 0.464026 0.063711 -0.396757
v 0.465315 0.060938 -0.395941
v 0.464958 0.058726 -0.396962
v 0.464478 0.055543 -0.398438
v 0.464207 0.050052 -0.400434
v 0.478188 0.070516 -0.379653
v 0.470604 0.070294 -0.387670
v 0.467056 0.079923 -0.389711
v 0.466497 0.080735 -0.390199
v 0.465519 0.080893 -0.391290
v 0.464801 0.080291 -0.392229
v 0.464326 0.079094 -0.393004
v 0.464623 0.077899 -0.392884
v 0.468173 0.070162 -0.390405
v 0.466947 0.070153 -0.391801
v 0.466504 0.069499 -0.392457
v 0.466390 0.068253 -0.392873
v 0.470385 0.062714 -0.389669
v 0.469331 0.066652 -0.389898
v 0.474905 0.066670 -0.383854
v 0.469420 0.067167 -0.389679
v 0.474060 0.060818 -0.386137
v 0.478558 0.067655 -0.379883
v 0.479112 0.068694 -0.379106
v 0.478969 0.069935 -0.378989
v 0.459122 0.098765 -0.396282
v 0.459030 0.100512 -0.396207
v 0.459223 0.096963 -0.396365
v 0.459297 0.095728 -0.396425
v 0.459416 0.093831 -0.396522
v 0.459817 0.088125 -0.396849
v 0.460043 0.085257 -0.397035
v 0.460183 0.083594 -0.397148
v 0.460422 0.080875 -0.397344
v 0.460569 0.079290 -0.397464
v 0.460836 0.076536 -0.397682
v 0.461146 0.073521 -0.397935
v 0.461428 0.070924 -0.398165
v 0.461703 0.068516 -0.398389
v 0.461970 0.066261 -0.398608
v 0.462286 0.063708 -0.398866
v 0.462645 0.060933 -0.399159
v 0.462942 0.058723 -0.399401
v 0.463388 0.055542 -0.399765
v 0.467765 0.101270 -0.385983
v 0.466426 0.100265 -0.387569
v 0.465528 0.097562 -0.388867
v 0.465937 0.094689 -0.388739
v 0.467619 0.092256 -0.387161
v 0.469850 0.092259 -0.384714
v 0.471388 0.093383 -0.382923
v 0.474393 0.081663 -0.381462
v 0.475427 0.080113 -0.380655
v 0.481216 0.078647 -0.375141
v 0.477126 0.079162 -0.379089
v 0.479087 0.082318 -0.376611
v 0.477863 0.084840 -0.377433
v 0.473477 0.094970 -0.380540
v 0.474549 0.095894 -0.379330
v 0.475335 0.097013 -0.378407
v 0.470478 0.102672 -0.382911
v 0.471518 0.103322 -0.381751
v 0.472380 0.104264 -0.380768
v 0.469196 0.101903 -0.384360
v 0.477064 0.100441 -0.376329
v 0.477841 0.102257 -0.375399
v 0.478221 0.103759 -0.374900
v 0.478634 0.107589 -0.374217
v 0.478791 0.109586 -0.373940
v 0.478671 0.111666 -0.373943
v 0.478016 0.115657 -0.374405
v 0.476870 0.118828 -0.375434
v 0.474842 0.121911 -0.377401
v 0.472050 0.123808 -0.380248
v 0.474905 0.114297 -0.377554
v 0.474355 0.117738 -0.377988
v 0.472939 0.121396 -0.379354
v 0.474803 0.108584 -0.377961
v 0.475091 0.109934 -0.377588
v 0.475116 0.111551 -0.377472
v 0.473111 0.105196 -0.379935
v 0.473816 0.106403 -0.379117
v 0.474447 0.107667 -0.378383
v 0.483913 0.087192 -0.371269
v 0.485490 0.093596 -0.369015
v 0.490234 0.085370 -0.365824
v 0.494758 0.089362 -0.361451
v 0.487966 0.084931 -0.367888
v 0.490584 0.090763 -0.364820
v 0.487644 0.092169 -0.367238
v 0.485767 0.085601 -0.369781
v 0.500452 0.098415 -0.355912
v 0.505131 0.105943 -0.351780
v 0.498430 0.097569 -0.357582
v 0.501299 0.105402 -0.354711
v 0.495353 0.097625 -0.360064
v 0.495271 0.105658 -0.359483
v 0.508189 0.117116 -0.349044
v 0.512719 0.129807 -0.345776
v 0.504902 0.114335 -0.351529
v 0.506550 0.125914 -0.350107
v 0.499538 0.123095 -0.355410
v 0.501066 0.113770 -0.354449
v 0.461518 0.113770 -0.392208
v 0.461430 0.112531 -0.392375
v 0.459854 0.114309 -0.394166
v 0.459864 0.112536 -0.394244
v 0.458418 0.120059 -0.395708
v 0.458517 0.114360 -0.395788
v 0.458562 0.112537 -0.395825
v 0.458662 0.109222 -0.395907
v 0.458682 0.108628 -0.395923
v 0.458262 0.120073 -0.397970
v 0.456039 0.117126 -0.400862
v 0.454099 0.114728 -0.403478
v 0.453119 0.109768 -0.405066
v 0.453230 0.112248 -0.404759
v 0.454686 0.112127 -0.402849
v 0.455250 0.112475 -0.402095
v 0.455649 0.111617 -0.401630
v 0.455740 0.108726 -0.401705
v 0.456411 0.110179 -0.400744
v 0.456978 0.110542 -0.400000
v 0.457316 0.109951 -0.399612
v 0.457378 0.108096 -0.399663
v 0.457859 0.108928 -0.398999
v 0.458391 0.109262 -0.398310
v 0.458872 0.108669 -0.397756
v 0.458422 0.097033 -0.399428
v 0.459198 0.098830 -0.398252
v 0.457454 0.095803 -0.400801
v 0.456825 0.093912 -0.401852
v 0.455718 0.088227 -0.404130
v 0.459707 0.100572 -0.397436
v 0.453599 0.086663 -0.407205
v 0.456072 0.085366 -0.404147
v 0.457832 0.083701 -0.402166
v 0.459472 0.080984 -0.400588
v 0.460056 0.079402 -0.400159
v 0.460420 0.076655 -0.400255
v 0.459564 0.073650 -0.401971
v 0.460451 0.071057 -0.401438
v 0.461187 0.068655 -0.401083
v 0.461527 0.066405 -0.401209
v 0.461574 0.063859 -0.401801
v 0.461035 0.061093 -0.403222
v 0.461961 0.058886 -0.402671
v 0.463307 0.055710 -0.401909
v 0.447701 0.070647 -0.419032
v 0.454014 0.070426 -0.410032
v 0.455298 0.080033 -0.406161
v 0.455663 0.080843 -0.405518
v 0.456533 0.081000 -0.404346
v 0.457307 0.080400 -0.403457
v 0.457969 0.079205 -0.402839
v 0.457911 0.078014 -0.403154
v 0.456199 0.070294 -0.407114
v 0.457318 0.070285 -0.405639
v 0.457870 0.069634 -0.405076
v 0.458253 0.068390 -0.404882
v 0.455923 0.062864 -0.409421
v 0.455936 0.066793 -0.408346
v 0.451147 0.066811 -0.414991
v 0.455740 0.067306 -0.408475
v 0.453208 0.060973 -0.413712
v 0.447999 0.067794 -0.419348
v 0.447351 0.068830 -0.420044
v 0.447208 0.070068 -0.419927
v 0.451799 0.101328 -0.407594
v 0.453080 0.100326 -0.405971
v 0.454168 0.097630 -0.404835
v 0.454125 0.094763 -0.405260
v 0.452920 0.092336 -0.407218
v 0.450976 0.092339 -0.409882
v 0.449534 0.093460 -0.411740
v 0.448708 0.081768 -0.414966
v 0.448127 0.080222 -0.416137
v 0.443898 0.078760 -0.422886
v 0.446937 0.079273 -0.418108
v 0.444908 0.082422 -0.420515
v 0.445466 0.084937 -0.419156
v 0.447625 0.095043 -0.414254
v 0.446657 0.095966 -0.415542
v 0.445913 0.097081 -0.416493
v 0.449340 0.102727 -0.410855
v 0.448416 0.103376 -0.412101
v 0.447628 0.104315 -0.413138
v 0.450499 0.101960 -0.409314
v 0.444229 0.100502 -0.418595
v 0.443475 0.102314 -0.419538
v 0.443064 0.103811 -0.420009
v 0.442480 0.107632 -0.420548
v 0.442240 0.109624 -0.420757
v 0.442219 0.111700 -0.420638
v 0.442540 0.115682 -0.419907
v 0.443315 0.118845 -0.418583
v 0.444831 0.121921 -0.416212
v 0.447054 0.123813 -0.412918
v 0.444993 0.114324 -0.416243
v 0.445307 0.117757 -0.415619
v 0.446358 0.121407 -0.413965
v 0.445371 0.108625 -0.416062
v 0.445063 0.109972 -0.416417
v 0.444955 0.111585 -0.416465
v 0.446960 0.105245 -0.414017
v 0.446302 0.106450 -0.414869
v 0.445712 0.107710 -0.415631
v 0.440655 0.087283 -0.426290
v 0.438769 0.093672 -0.428278
v 0.436600 0.085466 -0.433545
v 0.433233 0.089448 -0.438833
v 0.438163 0.085028 -0.430919
v 0.435689 0.090846 -0.434087
v 0.437463 0.092249 -0.430734
v 0.439572 0.085696 -0.428396
v 0.428960 0.098480 -0.445493
v 0.425859 0.105990 -0.450884
v 0.430187 0.097636 -0.443187
v 0.427956 0.105451 -0.446559
v 0.431997 0.097691 -0.439688
v 0.431413 0.105706 -0.439724
v 0.423797 0.117137 -0.454413
v 0.421508 0.129797 -0.459486
v 0.425568 0.114362 -0.450710
v 0.424508 0.125914 -0.452601
v 0.428287 0.123101 -0.444701
v 0.427654 0.113799 -0.446383
v 0.457248 0.120059 -0.397151
v 0.455017 0.117106 -0.400055
v 0.453070 0.114702 -0.402680
v 0.452085 0.109730 -0.404274
v 0.452197 0.112216 -0.403965
v 0.453658 0.112095 -0.402048
v 0.454225 0.112443 -0.401292
v 0.454625 0.111583 -0.400825
v 0.454717 0.108685 -0.400900
v 0.455390 0.110142 -0.399936
v 0.455959 0.110506 -0.399189
v 0.456298 0.109913 -0.398799
v 0.456361 0.108053 -0.398850
v 0.456843 0.108888 -0.398184
v 0.457378 0.109223 -0.397493
v 0.457860 0.108628 -0.396936
v 0.457408 0.096965 -0.398614
v 0.458187 0.098765 -0.397434
v 0.456436 0.095731 -0.399992
v 0.455804 0.093836 -0.401047
v 0.454693 0.088137 -0.403333
v 0.458698 0.100512 -0.396614
v 0.452566 0.086569 -0.406419
v 0.455048 0.085269 -0.403350
v 0.456815 0.083600 -0.401361
v 0.458460 0.080877 -0.399777
v 0.459046 0.079291 -0.399346
v 0.459411 0.076537 -0.399442
v 0.458552 0.073526 -0.401164
v 0.459442 0.070926 -0.400629
v 0.460180 0.068518 -0.400272
v 0.460521 0.066263 -0.400399
v 0.460568 0.063711 -0.400993
v 0.460026 0.060938 -0.402418
v 0.460956 0.058726 -0.401864
v 0.462306 0.055543 -0.401099
v 0.446643 0.070516 -0.418289
v 0.452980 0.070294 -0.409255
v 0.454271 0.079923 -0.405371
v 0.454637 0.080735 -0.404725
v 0.455510 0.080893 -0.403549
v 0.456287 0.080291 -0.402657
v 0.456951 0.079094 -0.402037
v 0.456893 0.077899 -0.402352
v 0.455174 0.070162 -0.406326
v 0.456297 0.070153 -0.404845
v 0.456851 0.069499 -0.404280
v 0.457235 0.068253 -0.404085
v 0.454895 0.062714 -0.408640
v 0.454909 0.066652 -0.407562
v 0.450102 0.066670 -0.414232
v 0.454712 0.067167 -0.407692
v 0.452169 0.060818 -0.412947
v 0.446942 0.067655 -0.418606
v 0.446292 0.068694 -0.419304
v 0.446149 0.069935 -0.419188
v 0.450760 0.101270 -0.406811
v 0.452046 0.100265 -0.405182
v 0.453138 0.097562 -0.404042
v 0.453095 0.094689 -0.404468
v 0.451885 0.092256 -0.406432
v 0.449934 0.092259 -0.409107
v 0.448486 0.093383 -0.410972
v 0.447656 0.081663 -0.414209
v 0.447072 0.080113 -0.415384
v 0.442828 0.078647 -0.422158
v 0.445877 0.079162 -0.417362
v 0.443842 0.082318 -0.419779
v 0.444402 0.084840 -0.418415
v 0.446570 0.094970 -0.413496
v 0.445598 0.095894 -0.414789
v 0.444852 0.097013 -0.415743
v 0.448293 0.102672 -0.410084
v 0.447364 0.103322 -0.411335
v 0.446574 0.104264 -0.412376
v 0.449456 0.101903 -0.408538
v 0.443161 0.100441 -0.417853
v 0.442405 0.102257 -0.418800
v 0.441993 0.103759 -0.419273
v 0.441406 0.107589 -0.419814
v 0.441166 0.109586 -0.420023
v 0.441145 0.111666 -0.419905
v 0.441467 0.115657 -0.419171
v 0.442245 0.118828 -0.417842
v 0.443767 0.121911 -0.415462
v 0.445998 0.123808 -0.412156
v 0.443930 0.114297 -0.415493
v 0.444245 0.117738 -0.414867
v 0.445300 0.121396 -0.413206
v 0.444308 0.108584 -0.415311
v 0.443999 0.109934 -0.415668
v 0.443891 0.111551 -0.415716
v 0.445903 0.105196 -0.413258
v 0.445243 0.106403 -0.414113
v 0.444651 0.107667 -0.414878
v 0.439573 0.087192 -0.425576
v 0.437681 0.093596 -0.427572
v 0.435503 0.085370 -0.432858
v 0.432123 0.089362 -0.438166
v 0.437072 0.084931 -0.430223
v 0.434589 0.090763 -0.433402
v 0.436370 0.092169 -0.430037
v 0.438486 0.085601 -0.427690
v 0.427835 0.098415 -0.444853
v 0.424723 0.105943 -0.450264
v 0.429067 0.097569 -0.442537
v 0.426828 0.105402 -0.445923
v 0.430884 0.097625 -0.439025
v 0.430298 0.105658 -0.439061
v 0.422654 0.117116 -0.453806
v 0.420357 0.129807 -0.458899
v 0.424431 0.114335 -0.450090
v 0.423368 0.125914 -0.451988
v 0.427160 0.123095 -0.444058
v 0.426525 0.113770 -0.445747
v 0.455610 0.113770 -0.399444
v 0.455756 0.112531 -0.399325
v 0.457195 0.114309 -0.397423
v 0.457273 0.112536 -0.397417
v 0.432354 0.173830 -0.454140
v 0.427254 0.158936 -0.461719
v 0.466951 0.187072 -0.402674
v 0.458402 0.186823 -0.413692
v 0.455268 0.202514 -0.423190
v 0.431686 0.179648 -0.457444
v 0.422861 0.158090 -0.472046
v 0.440709 0.075322 -0.438530
v 0.432958 0.092472 -0.449290
v 0.429001 0.088540 -0.458654
v 0.438454 0.065882 -0.445616
v 0.424492 0.119098 -0.464791
v 0.426760 0.100874 -0.461322
v 0.423104 0.139076 -0.468563
v 0.442170 0.190581 -0.440343
v 0.463843 0.045522 -0.412473
v 0.469795 0.045223 -0.404996
v 0.462437 0.034693 -0.418589
v 0.445582 0.053058 -0.437286
v 0.454378 0.042415 -0.427167
v 0.444690 0.180251 -0.432680
v 0.466971 0.064474 -0.402690
v 0.468215 0.055320 -0.403706
v 0.455487 0.055379 -0.420701
v 0.447770 0.065327 -0.429392
v 0.465777 0.074824 -0.401715
v 0.464292 0.091921 -0.400503
v 0.427758 0.142448 -0.457883
v 0.428875 0.125851 -0.454530
v 0.430607 0.109179 -0.451665
v 0.463413 0.108900 -0.399785
v 0.463121 0.125851 -0.399547
v 0.463414 0.142836 -0.399786
v 0.466183 0.180629 -0.402047
v 0.428082 0.181156 -0.466351
v 0.422713 0.168265 -0.474917
v 0.471125 0.214366 -0.406082
v 0.462807 0.214078 -0.416751
v 0.456267 0.211588 -0.425182
v 0.431143 0.186525 -0.461204
v 0.421010 0.161998 -0.477161
v 0.433123 0.069039 -0.455358
v 0.430122 0.076600 -0.459447
v 0.427494 0.085142 -0.463024
v 0.436602 0.061574 -0.450836
v 0.422096 0.118057 -0.470582
v 0.425120 0.097775 -0.465783
v 0.420659 0.139692 -0.474346
v 0.441512 0.198017 -0.444376
v 0.468938 0.025335 -0.413862
v 0.473793 0.024083 -0.408260
v 0.464081 0.027137 -0.419602
v 0.443838 0.049165 -0.441957
v 0.453786 0.036003 -0.430856
v 0.510456 0.173830 -0.358482
v 0.516862 0.158936 -0.351968
v 0.476036 0.186823 -0.392094
v 0.484715 0.202514 -0.387123
v 0.513560 0.179648 -0.357166
v 0.526132 0.158086 -0.345641
v 0.496832 0.075322 -0.369790
v 0.505825 0.092472 -0.360044
v 0.514208 0.088540 -0.354293
v 0.503324 0.065882 -0.366163
v 0.519325 0.119098 -0.348655
v 0.516374 0.100874 -0.351564
v 0.522755 0.139075 -0.346558
v 0.498901 0.190581 -0.370859
v 0.475930 0.045522 -0.397669
v 0.481641 0.034693 -0.395068
v 0.496589 0.053058 -0.374813
v 0.488434 0.042415 -0.385456
v 0.491898 0.180251 -0.374861
v 0.482320 0.055379 -0.387836
v 0.489292 0.065327 -0.378536
v 0.513204 0.142448 -0.353230
v 0.510142 0.125851 -0.354995
v 0.507681 0.109179 -0.357265
v 0.521568 0.181155 -0.351858
v 0.528930 0.168256 -0.344940
v 0.479914 0.214078 -0.395798
v 0.486867 0.211588 -0.387703
v 0.517135 0.186525 -0.355882
v 0.530808 0.161988 -0.342849
v 0.511803 0.069039 -0.358991
v 0.515209 0.076600 -0.355233
v 0.518189 0.085142 -0.351943
v 0.508069 0.061574 -0.363305
v 0.524541 0.118058 -0.345179
v 0.520424 0.097776 -0.349074
v 0.527966 0.139689 -0.343050
v 0.502721 0.198017 -0.369408
v 0.478310 0.025335 -0.402383
v 0.482963 0.027137 -0.396476
v 0.500817 0.049165 -0.372171
v 0.491930 0.036003 -0.384138
v 0.481312 0.032432 -0.398514
v 0.473759 0.144576 -0.391699
v 0.522623 0.120897 -0.348181
v 0.473357 0.120746 -0.391508
v 0.526376 0.143950 -0.346135
v 0.479820 0.207266 -0.396287
v 0.480373 0.032208 -0.397687
v 0.472801 0.144621 -0.390854
v 0.521853 0.120886 -0.347174
v 0.472398 0.120734 -0.390662
v 0.525619 0.143993 -0.345120
v 0.478878 0.207460 -0.395453
v 0.523424 0.120909 -0.349226
v 0.527163 0.143907 -0.347187
v 0.474755 0.144530 -0.392577
v 0.474354 0.120759 -0.392386
v 0.465748 0.032432 -0.417577
v 0.457560 0.144576 -0.411540
v 0.424831 0.120895 -0.467736
v 0.457291 0.120746 -0.411185
v 0.423551 0.143958 -0.471811
v 0.463267 0.207266 -0.416561
v 0.464749 0.032208 -0.416822
v 0.456540 0.144621 -0.410770
v 0.423690 0.120884 -0.467182
v 0.456271 0.120734 -0.410414
v 0.422406 0.144001 -0.471271
v 0.462261 0.207460 -0.415804
v 0.426014 0.120908 -0.468314
v 0.424739 0.143914 -0.472374
v 0.458619 0.144530 -0.412340
v 0.458351 0.120759 -0.411986
v 0.465224 0.168995 -0.408204
v 0.472028 0.168995 -0.399872
v 0.463467 0.185394 -0.413224
v 0.476595 0.185394 -0.397146
v 0.468582 0.169000 -0.404002
v 0.470408 0.190788 -0.405493
v 0.463250 0.169114 -0.406644
v 0.470104 0.169114 -0.398250
v 0.461476 0.185589 -0.411699
v 0.474702 0.185589 -0.395500
v 0.466633 0.169118 -0.402411
v 0.468468 0.191009 -0.403909
v 0.470800 0.186859 -0.405689
v 0.469965 0.187359 -0.405007
v 0.471240 0.183675 -0.407085
v 0.470464 0.185330 -0.407335
v 0.469536 0.186480 -0.407173
v 0.468592 0.186948 -0.406618
v 0.470770 0.183230 -0.407582
v 0.469596 0.184506 -0.408255
v 0.468400 0.185401 -0.408379
v 0.467359 0.185777 -0.407928
v 0.470424 0.182563 -0.407887
v 0.468957 0.183273 -0.408821
v 0.467564 0.183786 -0.409121
v 0.466452 0.184026 -0.408736
v 0.470254 0.181777 -0.407954
v 0.468643 0.181819 -0.408946
v 0.467153 0.181883 -0.409286
v 0.466006 0.181962 -0.408915
v 0.470285 0.180991 -0.407773
v 0.468700 0.180365 -0.408611
v 0.467228 0.179980 -0.408847
v 0.466088 0.179898 -0.408438
v 0.470514 0.180325 -0.407372
v 0.469122 0.179132 -0.407867
v 0.467779 0.178367 -0.407872
v 0.466686 0.178148 -0.407379
v 0.470905 0.179879 -0.406812
v 0.469844 0.178309 -0.406829
v 0.468725 0.177289 -0.406510
v 0.467712 0.176979 -0.405900
v 0.471399 0.179723 -0.406178
v 0.470759 0.178019 -0.405655
v 0.469922 0.176911 -0.404972
v 0.469013 0.176569 -0.404229
v 0.471750 0.181763 -0.406465
v 0.471922 0.179879 -0.405567
v 0.471727 0.178309 -0.404525
v 0.471191 0.177289 -0.403492
v 0.470391 0.176979 -0.402622
v 0.472393 0.180324 -0.405073
v 0.472600 0.179132 -0.403610
v 0.472337 0.178367 -0.402294
v 0.471636 0.178148 -0.401321
v 0.472741 0.180991 -0.404769
v 0.473245 0.180364 -0.403049
v 0.473183 0.179980 -0.401559
v 0.472555 0.179897 -0.400524
v 0.472911 0.181777 -0.404702
v 0.473562 0.181818 -0.402926
v 0.473598 0.181883 -0.401398
v 0.473006 0.181961 -0.400348
v 0.472879 0.182563 -0.404882
v 0.473502 0.183273 -0.403258
v 0.473519 0.183786 -0.401834
v 0.472919 0.184026 -0.400821
v 0.472649 0.183230 -0.405282
v 0.473075 0.184506 -0.403997
v 0.472958 0.185400 -0.402801
v 0.472309 0.185777 -0.401871
v 0.472257 0.183675 -0.405841
v 0.472347 0.185330 -0.405031
v 0.472003 0.186479 -0.404154
v 0.471271 0.186948 -0.403340
v 0.471762 0.183831 -0.406474
v 0.471430 0.185620 -0.406203
v 0.465158 0.169766 -0.407609
v 0.471508 0.169766 -0.399835
v 0.464678 0.169817 -0.407229
v 0.471040 0.169817 -0.399441
v 0.465210 0.095632 -0.408048
v 0.471940 0.095506 -0.399657
v 0.464178 0.079435 -0.413887
v 0.477164 0.079191 -0.397696
v 0.468531 0.095561 -0.403817
v 0.471275 0.073959 -0.406361
v 0.463231 0.095341 -0.406516
v 0.470011 0.095214 -0.398063
v 0.462186 0.079068 -0.412394
v 0.475268 0.078822 -0.396082
v 0.466576 0.095270 -0.402254
v 0.469334 0.073566 -0.404810
v 0.471249 0.077640 -0.406131
v 0.470430 0.077066 -0.405483
v 0.471566 0.080916 -0.407364
v 0.470862 0.079239 -0.407703
v 0.469981 0.078039 -0.407607
v 0.469054 0.077498 -0.407086
v 0.471082 0.081365 -0.407842
v 0.469968 0.080071 -0.408589
v 0.468811 0.079128 -0.408770
v 0.467784 0.078680 -0.408349
v 0.470711 0.082031 -0.408118
v 0.469283 0.081303 -0.409100
v 0.467915 0.080741 -0.409440
v 0.466811 0.080430 -0.409078
v 0.470509 0.082812 -0.408148
v 0.468909 0.082748 -0.409157
v 0.467426 0.082633 -0.409515
v 0.466281 0.082481 -0.409160
v 0.470506 0.083589 -0.407929
v 0.468903 0.084186 -0.408750
v 0.467418 0.084514 -0.408982
v 0.466273 0.084522 -0.408582
v 0.470703 0.084244 -0.407493
v 0.469267 0.085397 -0.407943
v 0.467894 0.086099 -0.407923
v 0.466789 0.086241 -0.407431
v 0.471071 0.084678 -0.406907
v 0.469946 0.086198 -0.406858
v 0.468782 0.087148 -0.406501
v 0.467753 0.087378 -0.405887
v 0.471553 0.084823 -0.406261
v 0.470838 0.086467 -0.405662
v 0.469951 0.087500 -0.404934
v 0.469022 0.087760 -0.404184
v 0.471991 0.082817 -0.406645
v 0.472077 0.084659 -0.405654
v 0.471808 0.086163 -0.404538
v 0.471223 0.087102 -0.403461
v 0.470403 0.087329 -0.402585
v 0.472562 0.084210 -0.405177
v 0.472708 0.085333 -0.403656
v 0.472403 0.086015 -0.402306
v 0.471685 0.086150 -0.401331
v 0.472935 0.083544 -0.404903
v 0.473399 0.084102 -0.403149
v 0.473309 0.084404 -0.401644
v 0.472670 0.084403 -0.400612
v 0.473138 0.082763 -0.404873
v 0.473775 0.082657 -0.403094
v 0.473802 0.082514 -0.401572
v 0.473205 0.082352 -0.400534
v 0.473140 0.081986 -0.405092
v 0.473778 0.081219 -0.403499
v 0.473806 0.080631 -0.402102
v 0.473208 0.080311 -0.401109
v 0.472941 0.081330 -0.405526
v 0.473409 0.080007 -0.404302
v 0.473320 0.079044 -0.403153
v 0.472680 0.078589 -0.402249
v 0.472572 0.080897 -0.406110
v 0.472724 0.079204 -0.405382
v 0.472421 0.077993 -0.404567
v 0.471704 0.077449 -0.403785
v 0.472089 0.080751 -0.406756
v 0.471829 0.078935 -0.406576
v 0.464923 0.094835 -0.407417
v 0.471273 0.094835 -0.399643
v 0.464442 0.094799 -0.407036
v 0.470804 0.094799 -0.399247
v 0.465077 0.096537 -0.407537
v 0.465267 0.168062 -0.407692
v 0.466349 0.104281 -0.408535
v 0.467846 0.113049 -0.409715
v 0.468759 0.122481 -0.410437
v 0.469624 0.132247 -0.411124
v 0.469616 0.142012 -0.411123
v 0.468727 0.151462 -0.410427
v 0.467157 0.160234 -0.409179
v 0.471611 0.168061 -0.399925
v 0.471421 0.096537 -0.399770
v 0.473446 0.160233 -0.401480
v 0.474982 0.151462 -0.402770
v 0.475842 0.142012 -0.403502
v 0.475844 0.132247 -0.403509
v 0.474999 0.122481 -0.402800
v 0.474109 0.113049 -0.402048
v 0.472654 0.104281 -0.400817
v 0.464787 0.168110 -0.407312
v 0.464596 0.096503 -0.407155
v 0.466676 0.160272 -0.408798
v 0.468246 0.151490 -0.410045
v 0.469134 0.142029 -0.410741
v 0.469142 0.132254 -0.410742
v 0.468278 0.122477 -0.410055
v 0.467364 0.113035 -0.409333
v 0.465867 0.104257 -0.408153
v 0.470951 0.096504 -0.399375
v 0.471143 0.168110 -0.399531
v 0.472183 0.104257 -0.400421
v 0.473638 0.113035 -0.401652
v 0.474528 0.122477 -0.402404
v 0.475373 0.132254 -0.403113
v 0.475371 0.142029 -0.403106
v 0.474512 0.151490 -0.402375
v 0.472977 0.160272 -0.401085
v 0.433284 0.162279 -0.447700
v 0.434059 0.161976 -0.446091
v 0.434675 0.161038 -0.444691
v 0.435035 0.159608 -0.443713
v 0.435083 0.157905 -0.443304
v 0.434809 0.156189 -0.443528
v 0.434257 0.154724 -0.444350
v 0.433514 0.153733 -0.445646
v 0.432694 0.153366 -0.447218
v 0.431925 0.153678 -0.448828
v 0.431321 0.154618 -0.450229
v 0.430973 0.156044 -0.451209
v 0.430930 0.157738 -0.451618
v 0.431198 0.159446 -0.451393
v 0.431737 0.160908 -0.450569
v 0.432469 0.161904 -0.449272
v 0.435271 0.162124 -0.448829
v 0.436041 0.161822 -0.447231
v 0.436652 0.160888 -0.445841
v 0.437010 0.159464 -0.444869
v 0.437057 0.157768 -0.444463
v 0.436785 0.156060 -0.444685
v 0.436237 0.154601 -0.445501
v 0.435498 0.153614 -0.446788
v 0.434684 0.153249 -0.448350
v 0.433920 0.153559 -0.449949
v 0.433321 0.154496 -0.451341
v 0.432975 0.155915 -0.452314
v 0.432932 0.157603 -0.452720
v 0.433199 0.159303 -0.452497
v 0.433735 0.160759 -0.451679
v 0.434461 0.161750 -0.450391
v 0.435069 0.159341 -0.448664
v 0.435355 0.159227 -0.448069
v 0.435581 0.158879 -0.447551
v 0.435713 0.158349 -0.447189
v 0.435730 0.157719 -0.447038
v 0.435630 0.157084 -0.447121
v 0.435427 0.156541 -0.447425
v 0.435153 0.156173 -0.447904
v 0.434851 0.156036 -0.448486
v 0.434565 0.156151 -0.449081
v 0.434341 0.156499 -0.449599
v 0.434211 0.157028 -0.449962
v 0.434194 0.157657 -0.450113
v 0.434294 0.158292 -0.450030
v 0.434495 0.158834 -0.449725
v 0.434767 0.159203 -0.449246
v 0.432492 0.102151 -0.447054
v 0.433276 0.102468 -0.445452
v 0.433917 0.103418 -0.444072
v 0.434315 0.104858 -0.443124
v 0.434407 0.106568 -0.442753
v 0.434179 0.108285 -0.443013
v 0.433665 0.109746 -0.443867
v 0.432948 0.110728 -0.445184
v 0.432138 0.111083 -0.446764
v 0.431360 0.110758 -0.448367
v 0.430732 0.109805 -0.449748
v 0.430346 0.108369 -0.450697
v 0.430258 0.106668 -0.451069
v 0.430481 0.104959 -0.450807
v 0.430982 0.103501 -0.449952
v 0.431687 0.102514 -0.448634
v 0.434483 0.102252 -0.448186
v 0.435261 0.102567 -0.446595
v 0.435897 0.103514 -0.445224
v 0.436293 0.104948 -0.444283
v 0.436384 0.106650 -0.443914
v 0.436157 0.108360 -0.444173
v 0.435647 0.109815 -0.445020
v 0.434935 0.110793 -0.446328
v 0.434130 0.111146 -0.447898
v 0.433358 0.110823 -0.449490
v 0.432733 0.109873 -0.450861
v 0.432350 0.108443 -0.451804
v 0.432263 0.106749 -0.452174
v 0.432485 0.105048 -0.451914
v 0.432983 0.103596 -0.451065
v 0.433683 0.102614 -0.449756
v 0.434355 0.105042 -0.448081
v 0.434644 0.105160 -0.447488
v 0.434879 0.105513 -0.446978
v 0.435025 0.106047 -0.446627
v 0.435059 0.106679 -0.446490
v 0.434975 0.107315 -0.446586
v 0.434786 0.107857 -0.446902
v 0.434522 0.108221 -0.447389
v 0.434223 0.108354 -0.447974
v 0.433935 0.108234 -0.448566
v 0.433701 0.107881 -0.449077
v 0.433557 0.107348 -0.449428
v 0.433524 0.106716 -0.449566
v 0.433607 0.106082 -0.449469
v 0.433794 0.105541 -0.449153
v 0.434056 0.105176 -0.448665
v 0.433810 0.159210 -0.451205
v 0.434417 0.160383 -0.450195
v 0.435174 0.160836 -0.448754
v 0.435880 0.160447 -0.447268
v 0.436343 0.159316 -0.446135
v 0.436437 0.157749 -0.445658
v 0.436135 0.156165 -0.445965
v 0.435519 0.154993 -0.446974
v 0.434758 0.154545 -0.448414
v 0.434057 0.154939 -0.449901
v 0.433602 0.156069 -0.451035
v 0.433513 0.157631 -0.451512
v 0.434986 0.159056 -0.451861
v 0.435708 0.160210 -0.450922
v 0.436505 0.160656 -0.449512
v 0.437164 0.160273 -0.448008
v 0.437509 0.159162 -0.446812
v 0.437442 0.157619 -0.446244
v 0.436981 0.156060 -0.446457
v 0.436250 0.154904 -0.447395
v 0.435448 0.154462 -0.448807
v 0.434792 0.154851 -0.450315
v 0.434456 0.155964 -0.451512
v 0.434528 0.157502 -0.452077
v 0.436058 0.158771 -0.452460
v 0.436907 0.159888 -0.451597
v 0.437747 0.160320 -0.450220
v 0.438357 0.159950 -0.448695
v 0.438571 0.158876 -0.447429
v 0.438330 0.157383 -0.446761
v 0.437695 0.155873 -0.446871
v 0.436837 0.154753 -0.447732
v 0.435990 0.154324 -0.449115
v 0.435382 0.154700 -0.450646
v 0.435177 0.155778 -0.451914
v 0.435425 0.157268 -0.452576
v 0.437027 0.158360 -0.453001
v 0.438007 0.159417 -0.452217
v 0.438893 0.159826 -0.450874
v 0.439451 0.159478 -0.449327
v 0.439532 0.158463 -0.447987
v 0.439110 0.157051 -0.447214
v 0.438293 0.155621 -0.447217
v 0.437303 0.154558 -0.448000
v 0.436407 0.154150 -0.449352
v 0.435850 0.154506 -0.450909
v 0.435780 0.155526 -0.452249
v 0.436213 0.156936 -0.453014
v 0.437890 0.157830 -0.453483
v 0.438997 0.158805 -0.452776
v 0.439927 0.159184 -0.451465
v 0.440436 0.158865 -0.449895
v 0.440387 0.157931 -0.448484
v 0.439788 0.156630 -0.447608
v 0.438796 0.155312 -0.447508
v 0.437676 0.154330 -0.448213
v 0.436734 0.153952 -0.449537
v 0.436226 0.154278 -0.451119
v 0.436288 0.155218 -0.452531
v 0.436898 0.156518 -0.453395
v 0.438642 0.157197 -0.453902
v 0.439862 0.158072 -0.453265
v 0.440833 0.158414 -0.451983
v 0.441298 0.158131 -0.450393
v 0.441132 0.157296 -0.448916
v 0.440376 0.156132 -0.447949
v 0.439225 0.154949 -0.447755
v 0.437989 0.154067 -0.448392
v 0.437004 0.153726 -0.449689
v 0.436540 0.154016 -0.451294
v 0.436720 0.154857 -0.452771
v 0.437492 0.156021 -0.453723
v 0.439282 0.156482 -0.454259
v 0.440597 0.157247 -0.453680
v 0.441600 0.157549 -0.452422
v 0.442029 0.157305 -0.450815
v 0.441767 0.156579 -0.449284
v 0.440880 0.155563 -0.448241
v 0.439598 0.154530 -0.447969
v 0.438265 0.153758 -0.448548
v 0.437245 0.153457 -0.449824
v 0.436817 0.153707 -0.451448
v 0.437096 0.154439 -0.452978
v 0.438001 0.155455 -0.454005
v 0.439818 0.155705 -0.454557
v 0.441205 0.156362 -0.454023
v 0.442233 0.156623 -0.452784
v 0.442633 0.156418 -0.451164
v 0.442298 0.155800 -0.449591
v 0.441310 0.154933 -0.448488
v 0.439926 0.154050 -0.448156
v 0.438519 0.153389 -0.448691
v 0.437472 0.153128 -0.449950
v 0.437073 0.153338 -0.451588
v 0.437428 0.153961 -0.453159
v 0.438435 0.154827 -0.454243
v 0.440259 0.154888 -0.454801
v 0.441698 0.155443 -0.454300
v 0.442744 0.155667 -0.453075
v 0.443124 0.155497 -0.451446
v 0.442735 0.154979 -0.449843
v 0.441673 0.154251 -0.448696
v 0.440217 0.153507 -0.448321
v 0.438755 0.152948 -0.448823
v 0.437689 0.152726 -0.450069
v 0.437310 0.152899 -0.451718
v 0.437721 0.153420 -0.453319
v 0.438803 0.154148 -0.454444
v 0.440619 0.154043 -0.454999
v 0.442094 0.154511 -0.454522
v 0.443152 0.154701 -0.453307
v 0.443518 0.154563 -0.451671
v 0.443092 0.154133 -0.450047
v 0.441980 0.153525 -0.448871
v 0.440472 0.152904 -0.448464
v 0.438974 0.152435 -0.448944
v 0.437894 0.152245 -0.450181
v 0.437530 0.152386 -0.451836
v 0.437979 0.152818 -0.453458
v 0.439113 0.153424 -0.454612
v 0.440913 0.153185 -0.455159
v 0.442411 0.153578 -0.454698
v 0.443477 0.153740 -0.453490
v 0.443833 0.153628 -0.451851
v 0.443383 0.153271 -0.450212
v 0.442237 0.152765 -0.449016
v 0.440696 0.152245 -0.448589
v 0.439173 0.151851 -0.449054
v 0.438084 0.151690 -0.450284
v 0.437730 0.151804 -0.451943
v 0.438205 0.152161 -0.453578
v 0.439373 0.152667 -0.454752
v 0.443810 0.153430 -0.453688
v 0.442457 0.152453 -0.448852
v 0.441039 0.152870 -0.455478
v 0.439135 0.151530 -0.448880
v 0.437578 0.151480 -0.451998
v 0.443700 0.152962 -0.450149
v 0.439370 0.152349 -0.455034
v 0.440786 0.151929 -0.448384
v 0.438099 0.151840 -0.453765
v 0.442660 0.153265 -0.454986
v 0.437957 0.151365 -0.450206
v 0.444191 0.153319 -0.451920
v 0.438004 0.152114 -0.453713
v 0.437492 0.151725 -0.451951
v 0.437874 0.151600 -0.450162
v 0.439048 0.151776 -0.448834
v 0.440690 0.152204 -0.448332
v 0.442352 0.152768 -0.448792
v 0.443586 0.153316 -0.450083
v 0.444071 0.153702 -0.451850
v 0.443687 0.153823 -0.453618
v 0.442538 0.153647 -0.454919
v 0.439264 0.152662 -0.454977
v 0.440923 0.153223 -0.455416
v 0.439679 0.152360 -0.454392
v 0.438672 0.151959 -0.453381
v 0.438260 0.151676 -0.451978
v 0.438560 0.151588 -0.450559
v 0.439493 0.151717 -0.449509
v 0.440801 0.152030 -0.449115
v 0.442129 0.152443 -0.449485
v 0.443119 0.152844 -0.450512
v 0.443512 0.153127 -0.451918
v 0.443210 0.153215 -0.453323
v 0.442295 0.153084 -0.454356
v 0.441005 0.152772 -0.454747
v 0.433099 0.105160 -0.450624
v 0.433675 0.103993 -0.449589
v 0.434420 0.103550 -0.448138
v 0.435136 0.103953 -0.446661
v 0.435629 0.105094 -0.445552
v 0.435764 0.106668 -0.445109
v 0.435504 0.108252 -0.445450
v 0.434919 0.109419 -0.446484
v 0.434170 0.109856 -0.447934
v 0.433458 0.109449 -0.449412
v 0.432974 0.108308 -0.450522
v 0.432843 0.106739 -0.450965
v 0.434278 0.105282 -0.451283
v 0.434970 0.104131 -0.450319
v 0.435755 0.103694 -0.448900
v 0.436424 0.104091 -0.447404
v 0.436798 0.105217 -0.446232
v 0.436773 0.106770 -0.445697
v 0.436353 0.108334 -0.445944
v 0.435652 0.109487 -0.446907
v 0.434862 0.109920 -0.448328
v 0.434195 0.109518 -0.449827
v 0.433830 0.108390 -0.451000
v 0.433861 0.106840 -0.451533
v 0.435357 0.105539 -0.451887
v 0.436176 0.104421 -0.451001
v 0.437005 0.103998 -0.449614
v 0.437625 0.104382 -0.448098
v 0.437868 0.105474 -0.446855
v 0.437667 0.106982 -0.446219
v 0.437072 0.108502 -0.446362
v 0.436243 0.109623 -0.447247
v 0.435407 0.110044 -0.448639
v 0.434789 0.109652 -0.450162
v 0.434555 0.108557 -0.451406
v 0.434764 0.107051 -0.452037
v 0.436337 0.105925 -0.452437
v 0.437289 0.104864 -0.451631
v 0.438164 0.104461 -0.450278
v 0.438732 0.104825 -0.448739
v 0.438840 0.105862 -0.447422
v 0.438455 0.107294 -0.446679
v 0.437676 0.108738 -0.446713
v 0.436714 0.109805 -0.447519
v 0.435829 0.110206 -0.448880
v 0.435262 0.109834 -0.450429
v 0.435165 0.108792 -0.451747
v 0.435560 0.107362 -0.452481
v 0.437213 0.106432 -0.452930
v 0.438294 0.105450 -0.452203
v 0.439215 0.105077 -0.450883
v 0.439732 0.105413 -0.449320
v 0.439708 0.106371 -0.447930
v 0.439144 0.107696 -0.447082
v 0.438187 0.109034 -0.447010
v 0.437093 0.110023 -0.447737
v 0.436160 0.110395 -0.449068
v 0.435643 0.110052 -0.450643
v 0.435680 0.109087 -0.452035
v 0.436256 0.107762 -0.452871
v 0.437981 0.107046 -0.453363
v 0.439179 0.106161 -0.452707
v 0.440140 0.105824 -0.451417
v 0.440613 0.106125 -0.449834
v 0.440470 0.106987 -0.448376
v 0.439744 0.108180 -0.447434
v 0.438625 0.109385 -0.447265
v 0.437412 0.110277 -0.447921
v 0.436436 0.110614 -0.449225
v 0.435964 0.110306 -0.450824
v 0.436122 0.109437 -0.452282
v 0.436863 0.108244 -0.453210
v 0.438641 0.107746 -0.453736
v 0.439935 0.106968 -0.453140
v 0.440930 0.106671 -0.451875
v 0.441365 0.106933 -0.450274
v 0.441124 0.107688 -0.448759
v 0.440263 0.108735 -0.447737
v 0.439009 0.109794 -0.447488
v 0.437697 0.110579 -0.448084
v 0.436684 0.110877 -0.449366
v 0.436250 0.110607 -0.450984
v 0.436509 0.109845 -0.452498
v 0.437387 0.108798 -0.453503
v 0.439196 0.108509 -0.454050
v 0.440566 0.107839 -0.453502
v 0.441587 0.107581 -0.452257
v 0.441993 0.107806 -0.450641
v 0.441675 0.108454 -0.449082
v 0.440710 0.109354 -0.447998
v 0.439350 0.110266 -0.447686
v 0.437960 0.110942 -0.448235
v 0.436920 0.111200 -0.449499
v 0.436515 0.110970 -0.451133
v 0.436853 0.110315 -0.452690
v 0.437838 0.109414 -0.453755
v 0.439659 0.109316 -0.454311
v 0.441083 0.108746 -0.453798
v 0.442123 0.108526 -0.452568
v 0.442508 0.108715 -0.450943
v 0.442133 0.109264 -0.449351
v 0.441091 0.110027 -0.448221
v 0.439654 0.110801 -0.447862
v 0.438208 0.111376 -0.448377
v 0.437147 0.111597 -0.449627
v 0.436764 0.111403 -0.451272
v 0.437161 0.110849 -0.452861
v 0.438223 0.110085 -0.453970
v 0.440041 0.110152 -0.454527
v 0.441504 0.109670 -0.454040
v 0.442557 0.109482 -0.452821
v 0.442926 0.109640 -0.451188
v 0.442512 0.110102 -0.449574
v 0.441417 0.110745 -0.448411
v 0.439926 0.111398 -0.448018
v 0.438440 0.111884 -0.448509
v 0.437365 0.112072 -0.449750
v 0.436997 0.111910 -0.451401
v 0.437435 0.111444 -0.453013
v 0.438552 0.110800 -0.454154
v 0.440357 0.111004 -0.454706
v 0.441845 0.110595 -0.454236
v 0.442907 0.110436 -0.453025
v 0.443266 0.110568 -0.451388
v 0.442826 0.110957 -0.449758
v 0.441694 0.111500 -0.448572
v 0.440167 0.112052 -0.448157
v 0.438654 0.112463 -0.448630
v 0.437570 0.112623 -0.449864
v 0.437212 0.112487 -0.451521
v 0.437678 0.112095 -0.453147
v 0.438832 0.111552 -0.454310
v 0.443248 0.110739 -0.453229
v 0.441922 0.111810 -0.448415
v 0.440492 0.111312 -0.455031
v 0.438624 0.112787 -0.448463
v 0.437069 0.112813 -0.451583
v 0.443151 0.111262 -0.449701
v 0.438837 0.111865 -0.454599
v 0.440265 0.112369 -0.447958
v 0.437580 0.112415 -0.453341
v 0.442103 0.110900 -0.454531
v 0.437451 0.112950 -0.449794
v 0.443632 0.110871 -0.451464
v 0.437478 0.112144 -0.453283
v 0.436977 0.112570 -0.451530
v 0.437363 0.112717 -0.449744
v 0.438532 0.112544 -0.448412
v 0.440162 0.112097 -0.447901
v 0.441808 0.111498 -0.448349
v 0.443028 0.110911 -0.449627
v 0.443502 0.110491 -0.451386
v 0.443114 0.110348 -0.453151
v 0.441970 0.110521 -0.454456
v 0.438722 0.111555 -0.454536
v 0.440367 0.110962 -0.454962
v 0.439146 0.111860 -0.453956
v 0.438150 0.112293 -0.452955
v 0.437746 0.112605 -0.451558
v 0.438049 0.112712 -0.450141
v 0.438978 0.112584 -0.449088
v 0.440278 0.112256 -0.448688
v 0.441594 0.111816 -0.449048
v 0.442573 0.111383 -0.450067
v 0.442958 0.111073 -0.451466
v 0.442654 0.110968 -0.452869
v 0.441742 0.111096 -0.453905
v 0.440460 0.111422 -0.454302
v 0.440905 0.153224 -0.454872
v 0.442272 0.153582 -0.454452
v 0.443244 0.153730 -0.453350
v 0.443568 0.153628 -0.451855
v 0.443157 0.153303 -0.450362
v 0.442112 0.152842 -0.449272
v 0.440707 0.152368 -0.448884
v 0.439320 0.152010 -0.449307
v 0.438328 0.151862 -0.450428
v 0.438006 0.151966 -0.451939
v 0.438438 0.152292 -0.453429
v 0.439502 0.152752 -0.454500
v 0.441158 0.152401 -0.455292
v 0.442672 0.152735 -0.454843
v 0.443742 0.152875 -0.453640
v 0.444092 0.152784 -0.451998
v 0.443625 0.152485 -0.450350
v 0.442459 0.152059 -0.449140
v 0.440896 0.151620 -0.448700
v 0.439356 0.151287 -0.449154
v 0.438262 0.151148 -0.450381
v 0.437915 0.151240 -0.452042
v 0.438407 0.151539 -0.453685
v 0.439597 0.151964 -0.454872
v 0.441358 0.151537 -0.455399
v 0.442881 0.151825 -0.454957
v 0.443955 0.151948 -0.453758
v 0.444300 0.151872 -0.452114
v 0.443823 0.151618 -0.450461
v 0.442643 0.151255 -0.449242
v 0.441066 0.150879 -0.448793
v 0.439517 0.150593 -0.449240
v 0.438420 0.150471 -0.450463
v 0.438077 0.150547 -0.452126
v 0.438579 0.150800 -0.453775
v 0.439784 0.151162 -0.454969
v 0.441529 0.150649 -0.455489
v 0.443059 0.150890 -0.455053
v 0.444135 0.150995 -0.453857
v 0.444478 0.150935 -0.452212
v 0.443992 0.150728 -0.450554
v 0.442800 0.150428 -0.449328
v 0.441212 0.150117 -0.448871
v 0.439655 0.149878 -0.449313
v 0.438555 0.149775 -0.450533
v 0.438215 0.149834 -0.452197
v 0.438727 0.150040 -0.453850
v 0.439943 0.150338 -0.455052
v 0.441671 0.149704 -0.455562
v 0.443208 0.149894 -0.455131
v 0.444286 0.149980 -0.453938
v 0.444625 0.149938 -0.452292
v 0.444133 0.149779 -0.450630
v 0.442932 0.149547 -0.449398
v 0.441334 0.149305 -0.448935
v 0.439769 0.149117 -0.449372
v 0.438667 0.149033 -0.450590
v 0.438331 0.149075 -0.452255
v 0.438850 0.149231 -0.453911
v 0.440076 0.149461 -0.455118
v 0.441784 0.148674 -0.455618
v 0.443325 0.148817 -0.455190
v 0.444405 0.148884 -0.453999
v 0.444742 0.148858 -0.452353
v 0.444245 0.148746 -0.450687
v 0.443037 0.148579 -0.449452
v 0.441432 0.148402 -0.448984
v 0.439863 0.148262 -0.449418
v 0.438759 0.148196 -0.450634
v 0.438425 0.148221 -0.452299
v 0.438950 0.148331 -0.453959
v 0.440183 0.148496 -0.455169
v 0.441868 0.147531 -0.455655
v 0.443412 0.147633 -0.455231
v 0.444492 0.147685 -0.454040
v 0.444828 0.147672 -0.452394
v 0.444328 0.147599 -0.450727
v 0.443116 0.147488 -0.449489
v 0.441508 0.147367 -0.449019
v 0.439937 0.147269 -0.449451
v 0.438832 0.147219 -0.450666
v 0.438499 0.147230 -0.452331
v 0.439027 0.147299 -0.453992
v 0.440264 0.147409 -0.455205
v 0.441925 0.146243 -0.455677
v 0.443470 0.146312 -0.455253
v 0.444550 0.146351 -0.454064
v 0.444885 0.146349 -0.452417
v 0.444384 0.146308 -0.450750
v 0.443171 0.146240 -0.449511
v 0.441561 0.146164 -0.449039
v 0.439989 0.146099 -0.449470
v 0.438884 0.146063 -0.450684
v 0.438552 0.146062 -0.452349
v 0.439081 0.146100 -0.454010
v 0.440319 0.146166 -0.455224
v 0.441958 0.144776 -0.455682
v 0.443502 0.144819 -0.455260
v 0.444582 0.144847 -0.454071
v 0.444917 0.144853 -0.452425
v 0.444415 0.144836 -0.450757
v 0.443202 0.144801 -0.449517
v 0.441592 0.144759 -0.449045
v 0.440019 0.144720 -0.449475
v 0.438915 0.144693 -0.450689
v 0.438583 0.144685 -0.452354
v 0.439113 0.144699 -0.454015
v 0.440352 0.144732 -0.455229
v 0.441960 0.141160 -0.455654
v 0.443503 0.141171 -0.455232
v 0.444582 0.141186 -0.454044
v 0.444917 0.141199 -0.452398
v 0.444416 0.141208 -0.450730
v 0.443202 0.141212 -0.449490
v 0.441593 0.141210 -0.449018
v 0.440021 0.141203 -0.449447
v 0.438917 0.141190 -0.450661
v 0.438585 0.141175 -0.452325
v 0.439115 0.141162 -0.453986
v 0.440354 0.141156 -0.455201
v 0.441902 0.136396 -0.455591
v 0.443445 0.136394 -0.455169
v 0.444523 0.136401 -0.453981
v 0.444858 0.136414 -0.452336
v 0.444357 0.136430 -0.450668
v 0.443144 0.136446 -0.449428
v 0.441535 0.136459 -0.448956
v 0.439963 0.136463 -0.449384
v 0.438860 0.136458 -0.450598
v 0.438528 0.136444 -0.452262
v 0.439058 0.136425 -0.453922
v 0.440296 0.136408 -0.455137
v 0.440857 0.112266 -0.454990
v 0.442372 0.111963 -0.454541
v 0.443442 0.111843 -0.453340
v 0.443790 0.111938 -0.451698
v 0.443320 0.112223 -0.450050
v 0.442150 0.112622 -0.448839
v 0.440583 0.113029 -0.448398
v 0.439041 0.113333 -0.448852
v 0.437947 0.113453 -0.450078
v 0.437602 0.113356 -0.451738
v 0.438098 0.113069 -0.453381
v 0.439292 0.112670 -0.454568
v 0.441050 0.113150 -0.455098
v 0.442574 0.112894 -0.454657
v 0.443648 0.112792 -0.453459
v 0.443991 0.112871 -0.451815
v 0.443512 0.113110 -0.450162
v 0.442328 0.113445 -0.448942
v 0.440748 0.113788 -0.448493
v 0.439197 0.114045 -0.448939
v 0.438100 0.114146 -0.450162
v 0.437758 0.114066 -0.451824
v 0.438265 0.113826 -0.453473
v 0.439473 0.113491 -0.454667
v 0.441216 0.114093 -0.455191
v 0.442748 0.113887 -0.454756
v 0.443824 0.113804 -0.453561
v 0.444165 0.113865 -0.451916
v 0.443677 0.114055 -0.450257
v 0.442482 0.114323 -0.449031
v 0.440891 0.114597 -0.448573
v 0.439331 0.114802 -0.449014
v 0.438231 0.114885 -0.450234
v 0.437893 0.114823 -0.451897
v 0.438408 0.114632 -0.453551
v 0.439628 0.114365 -0.454752
v 0.441356 0.115120 -0.455268
v 0.442893 0.114962 -0.454838
v 0.443971 0.114897 -0.453645
v 0.444309 0.114943 -0.451999
v 0.443815 0.115086 -0.450337
v 0.442612 0.115289 -0.449104
v 0.441012 0.115498 -0.448641
v 0.439447 0.115655 -0.449078
v 0.438345 0.115720 -0.450296
v 0.438010 0.115674 -0.451960
v 0.438531 0.115531 -0.453617
v 0.439759 0.115328 -0.454824
v 0.441469 0.116261 -0.455329
v 0.443010 0.116145 -0.454902
v 0.444088 0.116096 -0.453711
v 0.444425 0.116127 -0.452065
v 0.443927 0.116231 -0.450400
v 0.442719 0.116379 -0.449165
v 0.441115 0.116531 -0.448698
v 0.439546 0.116647 -0.449131
v 0.438442 0.116696 -0.450348
v 0.438109 0.116664 -0.452012
v 0.438634 0.116561 -0.453671
v 0.439868 0.116413 -0.454881
v 0.441559 0.117548 -0.455377
v 0.443102 0.117465 -0.454952
v 0.444180 0.117429 -0.453762
v 0.444516 0.117450 -0.452116
v 0.444016 0.117522 -0.450450
v 0.442805 0.117626 -0.449212
v 0.441198 0.117733 -0.448743
v 0.439628 0.117815 -0.449175
v 0.438524 0.117851 -0.450390
v 0.438191 0.117830 -0.452055
v 0.438719 0.117759 -0.453715
v 0.439955 0.117656 -0.454927
v 0.441629 0.119015 -0.455414
v 0.443172 0.118957 -0.454990
v 0.444251 0.118932 -0.453801
v 0.444586 0.118945 -0.452155
v 0.444086 0.118994 -0.450487
v 0.442873 0.119064 -0.449249
v 0.441265 0.119138 -0.448778
v 0.439693 0.119195 -0.449209
v 0.438589 0.119220 -0.450424
v 0.438258 0.119207 -0.452088
v 0.438787 0.119159 -0.453749
v 0.440024 0.119089 -0.454962
v 0.441682 0.120698 -0.455441
v 0.443226 0.120659 -0.455018
v 0.444304 0.120641 -0.453829
v 0.444639 0.120649 -0.452183
v 0.444138 0.120681 -0.450515
v 0.442925 0.120729 -0.449276
v 0.441317 0.120778 -0.448805
v 0.439745 0.120816 -0.449235
v 0.438641 0.120834 -0.450449
v 0.438309 0.120825 -0.452113
v 0.438839 0.120794 -0.453774
v 0.440077 0.120747 -0.454988
v 0.441756 0.124853 -0.455478
v 0.443299 0.124835 -0.455056
v 0.444377 0.124828 -0.453868
v 0.444712 0.124833 -0.452222
v 0.444211 0.124849 -0.450555
v 0.442998 0.124872 -0.449315
v 0.441389 0.124896 -0.448843
v 0.439818 0.124913 -0.449272
v 0.438714 0.124920 -0.450486
v 0.438383 0.124915 -0.452150
v 0.438912 0.124899 -0.453810
v 0.440151 0.124876 -0.455025
v 0.441823 0.130297 -0.455523
v 0.443365 0.130287 -0.455101
v 0.444444 0.130286 -0.453913
v 0.444778 0.130295 -0.452267
v 0.444277 0.130311 -0.450600
v 0.443064 0.130331 -0.449359
v 0.441456 0.130349 -0.448887
v 0.439884 0.130361 -0.449316
v 0.438781 0.130362 -0.450529
v 0.438450 0.130353 -0.452193
v 0.438979 0.130335 -0.453854
v 0.440218 0.130315 -0.455069
v 0.440357 0.111019 -0.454541
v 0.441773 0.110643 -0.454098
v 0.442782 0.110495 -0.452949
v 0.443121 0.110616 -0.451395
v 0.442699 0.110975 -0.449847
v 0.441620 0.111475 -0.448720
v 0.440167 0.111984 -0.448324
v 0.438729 0.112363 -0.448771
v 0.437699 0.112511 -0.449940
v 0.437362 0.112387 -0.451511
v 0.437806 0.112025 -0.453056
v 0.438906 0.111525 -0.454162
vn -0.7426 0.2828 0.6071
vn -0.7740 -0.0148 0.6330
vn -0.7120 -0.0329 0.7014
vn -0.6113 0.2439 0.7529
vn -0.5643 0.6847 0.4613
vn -0.3530 0.6221 0.6988
vn -0.7493 -0.2509 0.6128
vn -0.4028 0.8540 0.3292
vn -0.1631 0.7828 0.6005
vn -0.4867 0.1339 0.8633
vn -0.1531 0.4429 0.8834
vn -0.6530 -0.0837 0.7527
vn 0.0628 0.5783 0.8134
vn 0.0042 0.1740 0.9847
vn 0.2393 0.2699 0.9327
vn -0.6064 -0.1582 0.7793
vn -0.3886 -0.0285 0.9210
vn 0.0928 -0.1408 0.9857
vn 0.3366 -0.0920 0.9371
vn -0.5790 -0.2440 0.7779
vn -0.3322 -0.2163 0.9181
vn -0.3251 -0.3998 0.8571
vn 0.0994 -0.4490 0.8880
vn -0.5744 -0.3285 0.7498
vn 0.3398 -0.4458 0.8281
vn -0.3668 -0.5521 0.7488
vn 0.0258 -0.7024 0.7113
vn -0.5928 -0.4000 0.6990
vn 0.2524 -0.7360 0.6282
vn -0.1133 -0.8670 0.4852
vn 0.0920 -0.9238 0.3717
vn -0.6316 -0.4480 0.6327
vn -0.4501 -0.6524 0.6097
vn -0.6853 -0.4650 0.5605
vn -0.5622 -0.6874 0.4599
vn -0.2961 -0.9239 0.2424
vn -0.1166 -0.9886 0.0957
vn -0.6868 -0.6525 0.3203
vn -0.4978 -0.8672 0.0149
vn -0.7454 -0.4480 0.4936
vn -0.3456 -0.9240 -0.1637
vn -0.8027 -0.4001 0.4423
vn -0.6918 -0.7027 -0.1664
vn -0.5652 -0.7363 -0.3721
vn -0.8065 -0.5523 0.2110
vn -0.8504 -0.4493 -0.2738
vn -0.7438 -0.4462 -0.4976
vn -0.8488 -0.3286 0.4142
vn -0.9044 -0.3999 0.1485
vn -0.9657 -0.2165 0.1433
vn -0.9475 -0.1411 -0.2869
vn -0.8774 -0.2441 0.4131
vn -0.8514 -0.0922 -0.5163
vn -0.9798 -0.0287 0.1980
vn -0.9643 0.1738 -0.1999
vn -0.8841 -0.1582 0.4397
vn -0.8665 0.2697 -0.4201
vn -0.8963 0.4428 -0.0257
vn -0.7847 0.5782 -0.2234
vn -0.8674 -0.0838 0.4906
vn -0.9428 0.1338 0.3055
vn -0.7551 0.6220 0.2070
vn -0.6210 0.7828 0.0403
vn -0.8288 -0.0329 0.5586
vn -0.8593 0.2439 0.4495
vn -0.4262 0.6082 0.6696
vn -0.5117 0.3588 0.7807
vn -0.4457 0.3373 0.8292
vn -0.2869 0.5620 0.7758
vn -0.2379 0.8810 0.4090
vn -0.0105 0.8091 0.5876
vn -0.5525 0.1219 0.8246
vn -0.1034 0.9674 0.2314
vn 0.1538 0.8863 0.4367
vn -0.1769 0.4508 0.8749
vn 0.1744 0.6330 0.7542
vn -0.3934 0.2840 0.8744
vn 0.3665 0.6883 0.6260
vn 0.2919 0.3667 0.8834
vn 0.5050 0.3866 0.7717
vn -0.3618 0.2050 0.9094
vn -0.1101 0.2861 0.9519
vn 0.3185 0.0437 0.9469
vn 0.5392 0.0186 0.8420
vn -0.3564 0.1109 0.9277
vn -0.0972 0.0895 0.9912
vn -0.1415 -0.1077 0.9841
vn 0.2456 -0.2800 0.9281
vn -0.3786 0.0171 0.9254
vn 0.4567 -0.3505 0.8176
vn -0.2366 -0.2729 0.9325
vn 0.0867 -0.5464 0.8330
vn -0.4248 -0.0607 0.9033
vn 0.2745 -0.6526 0.7062
vn -0.1303 -0.7171 0.6847
vn 0.0275 -0.8449 0.5343
vn -0.4877 -0.1110 0.8659
vn -0.3688 -0.3812 0.8477
vn -0.5587 -0.1274 0.8195
vn -0.5206 -0.4183 0.7443
vn -0.3759 -0.7747 0.5085
vn -0.2497 -0.9104 0.3300
vn -0.6723 -0.3780 0.6366
vn -0.6212 -0.7125 0.3264
vn -0.6285 -0.1075 0.7704
vn -0.5259 -0.8424 0.1173
vn -0.6864 -0.0527 0.7253
vn -0.8323 -0.5307 0.1604
vn -0.7650 -0.6392 -0.0785
vn -0.8005 -0.2623 0.5389
vn -0.9685 -0.2462 0.0363
vn -0.9215 -0.3163 -0.2253
vn -0.7221 0.0299 0.6912
vn -0.8806 -0.0855 0.4660
vn -0.8940 0.1233 0.4309
vn -0.9952 0.0960 -0.0209
vn -0.7277 0.1273 0.6740
vn -0.9539 0.0757 -0.2904
vn -0.8371 0.3258 0.4395
vn -0.9036 0.4284 0.0012
vn -0.7019 0.2222 0.6767
vn -0.8512 0.4567 -0.2585
vn -0.7189 0.6886 0.0946
vn -0.6432 0.7524 -0.1417
vn -0.6503 0.2988 0.6985
vn -0.7239 0.4866 0.4890
vn -0.4838 0.8421 0.2381
vn -0.3794 0.9247 0.0311
vn -0.5831 0.3460 0.7351
vn -0.5786 0.5835 0.5699
vn -0.7398 0.6076 0.2890
vn -0.8652 0.3580 0.3511
vn -0.8345 0.3450 0.4297
vn -0.6719 0.5824 0.4576
vn -0.4475 0.8807 0.1551
vn -0.3286 0.8412 0.4295
vn -0.9161 0.1211 0.3822
vn -0.2469 0.9673 0.0582
vn -0.1053 0.9238 0.3680
vn -0.6213 0.4852 0.6153
vn -0.2344 0.6872 0.6876
vn -0.8117 0.2978 0.5024
vn 0.0117 0.7511 0.6601
vn -0.1794 0.4269 0.8863
vn 0.0849 0.4553 0.8863
vn -0.8005 0.2211 0.5570
vn -0.5949 0.3244 0.7354
vn -0.1758 0.0949 0.9799
vn 0.0959 0.0748 0.9926
vn -0.8028 0.1261 0.5827
vn -0.5976 0.1221 0.7924
vn -0.6293 -0.0865 0.7723
vn -0.2263 -0.2468 0.9423
vn -0.8185 0.0289 0.5738
vn 0.0387 -0.3166 0.9478
vn -0.6847 -0.2630 0.6797
vn -0.3206 -0.5309 0.7844
vn -0.8449 -0.0537 0.5322
vn -0.0738 -0.6391 0.7656
vn -0.4415 -0.7127 0.5452
vn -0.2181 -0.8423 0.4929
vn -0.8777 -0.1084 0.4667
vn -0.7551 -0.3786 0.5352
vn -0.9122 -0.1282 0.3891
vn -0.8310 -0.4190 0.3658
vn -0.5716 -0.7751 0.2691
vn -0.3718 -0.9106 0.1804
vn -0.9029 -0.3821 0.1970
vn -0.6962 -0.7178 -0.0063
vn -0.9439 -0.1119 0.3106
vn -0.5174 -0.8455 -0.1318
vn -0.9684 -0.0615 0.2418
vn -0.7993 -0.5472 -0.2483
vn -0.6375 -0.6534 -0.4082
vn -0.9604 -0.2738 0.0510
vn -0.8617 -0.2804 -0.4228
vn -0.7112 -0.3510 -0.6091
vn -0.9812 0.0164 0.1923
vn -0.9927 -0.1084 -0.0524
vn -0.9913 0.0893 -0.0971
vn -0.8661 0.0438 -0.4979
vn -0.9792 0.1103 0.1702
vn -0.7190 0.0188 -0.6948
vn -0.9551 0.2861 -0.0764
vn -0.8091 0.3672 -0.4589
vn -0.9623 0.2045 0.1792
vn -0.6568 0.3875 -0.6468
vn -0.7053 0.6337 -0.3177
vn -0.5412 0.6894 -0.4815
vn -0.9341 0.2836 0.2171
vn -0.8926 0.4509 0.0044
vn -0.5780 0.8095 -0.1031
vn -0.3974 0.8871 -0.2348
vn -0.8999 0.3367 0.2772
vn -0.8167 0.5619 0.1318
vn 0.5559 0.6963 -0.4539
vn 0.6821 0.4740 -0.5569
vn 0.6334 0.4574 -0.6242
vn 0.4511 0.6620 -0.5985
vn 0.2956 0.9243 -0.2414
vn 0.1203 0.8690 -0.4799
vn 0.7503 0.2485 -0.6126
vn 0.1247 0.9870 -0.1018
vn -0.0771 0.9246 -0.3732
vn 0.3758 0.5623 -0.7366
vn -0.0091 0.7077 -0.7064
vn 0.5985 0.4093 -0.6886
vn -0.2303 0.7416 -0.6301
vn -0.0743 0.4561 -0.8868
vn -0.3120 0.4542 -0.8345
vn 0.5828 0.3345 -0.7406
vn 0.3406 0.4075 -0.8473
vn -0.0635 0.1460 -0.9872
vn -0.3054 0.0983 -0.9471
vn 0.5892 0.2426 -0.7707
vn 0.3512 0.2170 -0.9108
vn 0.4068 0.0199 -0.9133
vn 0.0235 -0.1729 -0.9847
vn 0.6175 0.1484 -0.7724
vn -0.2075 -0.2671 -0.9411
vn 0.4994 -0.1499 -0.8533
vn 0.1730 -0.4447 -0.8788
vn 0.6629 0.0683 -0.7456
vn -0.0347 -0.5753 -0.8172
vn 0.3616 -0.6242 -0.6926
vn 0.1830 -0.7763 -0.6033
vn 0.7179 0.0155 -0.6960
vn 0.6152 -0.2635 -0.7431
vn 0.7746 -0.0028 -0.6325
vn 0.7381 -0.3032 -0.6027
vn 0.5633 -0.6865 -0.4599
vn 0.4138 -0.8453 -0.3379
vn 0.8511 -0.2635 -0.4542
vn 0.7509 -0.6242 -0.2158
vn 0.8255 0.0155 -0.5643
vn 0.6277 -0.7763 -0.0587
vn 0.8631 0.0683 -0.5004
vn 0.8957 -0.4446 0.0063
vn 0.7937 -0.5753 0.1974
vn 0.9359 -0.1499 -0.3187
vn 0.9695 -0.1729 0.1739
vn 0.8806 -0.2671 0.3915
vn 0.8803 0.1484 -0.4506
vn 0.9762 0.0199 -0.2160
vn 0.9627 0.2170 -0.1619
vn 0.9546 0.1460 0.2597
vn 0.8729 0.2426 -0.4232
vn 0.8669 0.0983 0.4887
vn 0.8983 0.4075 -0.1643
vn 0.8541 0.4561 0.2502
vn 0.8422 0.3345 -0.4229
vn 0.7552 0.4542 0.4726
vn 0.6903 0.7077 0.1502
vn 0.5713 0.7416 0.3516
vn 0.7944 0.4093 -0.4487
vn 0.7968 0.5623 -0.2210
vn 0.4942 0.8691 -0.0220
vn 0.3502 0.9246 0.1502
vn 0.7382 0.4574 -0.4958
vn 0.6766 0.6620 -0.3223
vn 0.8322 0.4131 -0.3697
vn 0.9120 0.1269 -0.3900
vn 0.8729 0.1061 -0.4761
vn 0.7490 0.3714 -0.5487
vn 0.5789 0.7662 -0.2789
vn 0.4435 0.6996 -0.5602
vn 0.9164 -0.1161 -0.3831
vn 0.3830 0.9033 -0.1935
vn 0.2257 0.8286 -0.5123
vn 0.6702 0.2550 -0.6970
vn 0.3182 0.5145 -0.7962
vn 0.8358 0.0507 -0.5466
vn 0.0832 0.6183 -0.7815
vn 0.2224 0.2360 -0.9460
vn -0.0232 0.3003 -0.9536
vn 0.8071 -0.0294 -0.5897
vn 0.6091 0.0829 -0.7887
vn 0.1730 -0.0909 -0.9807
vn -0.0761 -0.0732 -0.9944
vn 0.7913 -0.1211 -0.5993
vn 0.5765 -0.1163 -0.8088
vn 0.5776 -0.3104 -0.7550
vn 0.1787 -0.4095 -0.8946
vn 0.7908 -0.2108 -0.5746
vn -0.0670 -0.4369 -0.8970
vn 0.6113 -0.4692 -0.6373
vn 0.2369 -0.6671 -0.7063
vn 0.8055 -0.2857 -0.5193
vn 0.0012 -0.7303 -0.6831
vn 0.3357 -0.8270 -0.4511
vn 0.1165 -0.9118 -0.3937
vn 0.8327 -0.3340 -0.4416
vn 0.6708 -0.5689 -0.4758
vn 0.8680 -0.3478 -0.3544
vn 0.7461 -0.5959 -0.2971
vn 0.4599 -0.8716 -0.1700
vn 0.2617 -0.9622 -0.0758
vn 0.8260 -0.5487 -0.1286
vn 0.5931 -0.7992 0.0975
vn 0.9057 -0.3253 -0.2719
vn 0.4173 -0.8801 0.2265
vn 0.9401 -0.2713 -0.2063
vn 0.7181 -0.6199 0.3163
vn 0.5624 -0.6770 0.4747
vn 0.8999 -0.4360 0.0062
vn 0.8159 -0.3557 0.4559
vn 0.6747 -0.3770 0.6346
vn 0.9668 -0.1941 -0.1662
vn 0.9576 -0.2738 0.0901
vn 0.9901 -0.0844 0.1119
vn 0.8685 -0.0426 0.4939
vn 0.9821 -0.1049 -0.1563
vn 0.7334 -0.0202 0.6795
vn 0.9921 0.1053 0.0678
vn 0.8652 0.2710 0.4220
vn 0.9839 -0.0161 -0.1780
vn 0.7262 0.3378 0.5988
vn 0.8071 0.5348 0.2502
vn 0.6547 0.6386 0.4044
vn 0.9716 0.0593 -0.2290
vn 0.9630 0.2669 -0.0373
vn 0.7061 0.7081 0.0047
vn 0.5334 0.8363 0.1269
vn 0.9466 0.1099 -0.3030
vn 0.9071 0.3755 -0.1901
vn 0.5243 0.4126 -0.7449
vn 0.5592 0.1263 -0.8194
vn 0.4816 0.1094 -0.8695
vn 0.3642 0.3748 -0.8526
vn 0.3866 0.7660 -0.5136
vn 0.1348 0.7075 -0.6938
vn 0.5530 -0.1166 -0.8250
vn 0.2643 0.9031 -0.3384
vn -0.0188 0.8356 -0.5491
vn 0.2267 0.2662 -0.9369
vn -0.0847 0.5341 -0.8411
vn 0.4147 0.0590 -0.9080
vn -0.2656 0.6379 -0.7229
vn -0.2408 0.2706 -0.9321
vn -0.4413 0.3374 -0.8315
vn 0.3675 -0.0164 -0.9299
vn 0.1302 0.1048 -0.9859
vn -0.3104 -0.0429 -0.9496
vn -0.5189 -0.0203 -0.8546
vn 0.3459 -0.1053 -0.9323
vn 0.0868 -0.0847 -0.9926
vn 0.1013 -0.2740 -0.9564
vn -0.2841 -0.3557 -0.8904
vn 0.3524 -0.1946 -0.9154
vn -0.4869 -0.3769 -0.7880
vn 0.1712 -0.4359 -0.8836
vn -0.1676 -0.6196 -0.7668
vn 0.3860 -0.2717 -0.8816
vn -0.3534 -0.6765 -0.6461
vn 0.0207 -0.7988 -0.6013
vn -0.1403 -0.8794 -0.4549
vn 0.4428 -0.3256 -0.8354
vn 0.2874 -0.5485 -0.7852
vn 0.5153 -0.3480 -0.7832
vn 0.4354 -0.5961 -0.6746
vn 0.2552 -0.8717 -0.4183
vn 0.1237 -0.9621 -0.2428
vn 0.5950 -0.5698 -0.5668
vn 0.5056 -0.8282 -0.2417
vn 0.5931 -0.3346 -0.7323
vn 0.4058 -0.9132 -0.0376
vn 0.6635 -0.2867 -0.6910
vn 0.7369 -0.6693 -0.0947
vn 0.6672 -0.7328 0.1331
vn 0.7417 -0.4709 -0.4777
vn 0.9113 -0.4116 -0.0007
vn 0.8649 -0.4392 0.2430
vn 0.7150 -0.2118 -0.6663
vn 0.8511 -0.3121 -0.4221
vn 0.9042 -0.1173 -0.4107
vn 0.9955 -0.0918 0.0219
vn 0.7395 -0.1217 -0.6620
vn 0.9596 -0.0739 0.2716
vn 0.8910 0.0828 -0.4465
vn 0.9710 0.2366 -0.0334
vn 0.7333 -0.0297 -0.6793
vn 0.9298 0.3015 0.2113
vn 0.8423 0.5156 -0.1569
vn 0.7812 0.6201 0.0722
vn 0.6967 0.0506 -0.7155
vn 0.8126 0.2554 -0.5239
vn 0.6352 0.7002 -0.3259
vn 0.5451 0.8296 -0.1211
vn 0.6352 0.1058 -0.7651
vn 0.6827 0.3714 -0.6293
vn -0.5532 0.1040 0.8266
vn -0.5566 0.1166 0.8225
vn -0.5605 0.1151 0.8201
vn -0.5554 0.1028 0.8252
vn -0.5739 0.0836 0.8146
vn -0.5682 0.1178 0.8144
vn -0.5615 0.1188 0.8189
vn -0.5689 0.0897 0.8175
vn -0.5839 0.1534 0.7972
vn -0.5723 0.1435 0.8074
vn -0.5591 0.1297 0.8189
vn -0.5645 0.1253 0.8158
vn -0.7438 0.1902 0.6407
vn -0.7612 0.1853 0.6215
vn -0.7404 0.1975 0.6425
vn -0.7428 0.2039 0.6377
vn -0.7602 0.1917 0.6207
vn -0.7409 0.1941 0.6430
vn -0.6283 0.1831 0.7561
vn -0.6319 0.1850 0.7526
vn -0.5918 -0.1126 0.7982
vn -0.5926 -0.1116 0.7977
vn -0.6009 -0.1092 0.7918
vn -0.6031 -0.1103 0.7900
vn -0.5629 -0.1293 0.8163
vn -0.5580 -0.0967 0.8242
vn -0.5663 -0.1096 0.8169
vn -0.5676 -0.1241 0.8139
vn -0.5595 -0.0644 0.8263
vn -0.5595 -0.0657 0.8262
vn -0.5731 0.0348 0.8187
vn -0.5729 0.0336 0.8189
vn -0.5640 -0.0190 0.8256
vn -0.5640 -0.0188 0.8255
vn -0.6892 0.2058 0.6947
vn -0.6820 0.2063 0.7017
vn -0.7518 -0.2410 0.6138
vn -0.7119 -0.2441 0.6585
vn -0.7361 -0.2411 0.6325
vn -0.7518 -0.2411 0.6138
vn -0.7518 -0.2408 0.6138
vn -0.7143 -0.2430 0.6563
vn -0.6734 -0.2394 0.6994
vn -0.6651 -0.2344 0.7090
vn -0.6334 -0.2087 0.7451
vn -0.6284 -0.2036 0.7508
vn -0.6016 -0.1715 0.7801
vn -0.6038 -0.1621 0.7805
vn -0.4328 -0.7428 0.5108
vn -0.4427 -0.7255 0.5270
vn -0.4375 -0.7348 0.5184
vn -0.8246 -0.5595 0.0831
vn -0.8271 -0.5594 0.0557
vn -0.8260 -0.5595 0.0687
vn -0.1105 0.1854 0.9764
vn -0.8775 0.3159 0.3607
vn -0.8794 0.3264 0.3466
vn -0.8795 0.3272 0.3455
vn -0.9733 0.1442 0.1784
vn -0.9795 0.1458 0.1392
vn -0.9711 0.1436 0.1909
vn -0.7669 -0.3731 0.5221
vn -0.7943 -0.3494 0.4969
vn -0.7917 -0.3518 0.4994
vn -0.9233 -0.2638 0.2792
vn -0.9185 -0.2598 0.2980
vn -0.9248 -0.2651 0.2729
vn -0.8999 0.3142 0.3025
vn -0.9146 0.2939 0.2778
vn -0.8971 0.3178 0.3069
vn -0.9693 0.1267 0.2106
vn -0.9651 0.1351 0.2244
vn -0.9657 0.1331 0.2229
vn -0.9694 0.1267 0.2102
vn -0.0632 -0.2752 0.9593
vn -0.0918 -0.2706 0.9583
vn -0.0771 -0.2730 0.9589
vn -0.9098 0.3892 0.1441
vn -0.9053 0.4060 0.1250
vn -0.9090 0.3925 0.1403
vn -0.1729 0.6757 0.7166
vn -0.1700 0.6743 0.7186
vn -0.1759 0.6771 0.7146
vn -0.8176 -0.3275 0.4735
vn -0.8777 0.4785 -0.0245
vn -0.8765 0.4806 -0.0259
vn -0.8799 0.4747 -0.0221
vn -0.9710 0.1270 0.2028
vn -0.6928 -0.4508 0.5628
vn -0.6915 -0.4505 0.5646
vn -0.6929 -0.4508 0.5628
vn -0.6554 0.5330 0.5351
vn -0.6543 0.5329 0.5365
vn -0.9291 -0.2691 0.2535
vn -0.0483 -0.2775 0.9595
vn -0.9418 0.3033 0.1449
vn -0.6781 -0.4519 0.5796
vn -0.6847 -0.4511 0.5724
vn -0.6848 -0.4511 0.5723
vn -0.6779 -0.4520 0.5798
vn -0.7190 0.1992 0.6658
vn -0.7632 0.1989 0.6148
vn -0.7616 0.1983 0.6170
vn -0.7301 0.1892 0.6567
vn -0.7049 0.2112 0.6771
vn -0.7146 0.2091 0.6676
vn -0.7143 0.2092 0.6678
vn -0.7066 0.2093 0.6760
vn -0.7824 0.6061 0.1435
vn -0.6892 -0.4509 0.5672
vn -0.6889 -0.4509 0.5676
vn -0.7443 0.2045 0.6357
vn -0.7655 0.2015 0.6111
vn -0.7272 0.2027 0.6558
vn -0.7307 0.2067 0.6506
vn -0.7232 0.1973 0.6618
vn -0.7309 0.1921 0.6549
vn -0.6737 -0.4524 0.5843
vn -0.8778 -0.0779 0.4726
vn -0.8697 -0.0875 0.4859
vn -0.8793 -0.0762 0.4701
vn -0.7690 -0.1204 0.6278
vn -0.7906 -0.1203 0.6003
vn -0.2103 0.0019 0.9776
vn -0.8877 -0.0659 0.4558
vn -0.9188 0.3481 0.1861
vn -0.9147 0.3680 0.1669
vn -0.9147 0.3682 0.1668
vn -0.9190 0.3471 0.1871
vn -0.5853 -0.1525 0.7963
vn -0.5726 -0.1426 0.8073
vn -0.5725 -0.1425 0.8074
vn -0.5893 -0.1489 0.7941
vn -0.6103 -0.1384 0.7800
vn -0.6127 -0.1239 0.7805
vn -0.6123 -0.1233 0.7809
vn -0.6180 -0.1333 0.7748
vn -0.6118 -0.1364 0.7792
vn -0.6171 -0.1310 0.7759
vn -0.9212 0.3348 0.1984
vn -0.8629 0.2418 0.4437
vn -0.8625 0.2425 0.4441
vn -0.8629 0.2419 0.4438
vn 0.0251 0.3935 0.9190
vn -0.1788 0.6784 0.7126
vn -0.8233 -0.5595 0.0959
vn -0.5798 -0.6404 0.5037
vn -0.8634 0.2410 0.4433
vn -0.8810 0.4726 -0.0208
vn -0.4273 -0.7520 0.5018
vn 0.4834 0.8082 0.3363
vn 0.4862 0.8072 0.3348
vn 0.4862 0.8071 0.3348
vn 0.7798 -0.2778 0.5610
vn 0.7516 -0.3881 0.5334
vn 0.7515 -0.3885 0.5333
vn 0.7798 -0.2779 0.5610
vn 0.4812 0.8170 0.3178
vn 0.4812 0.8171 0.3176
vn 0.8063 -0.1205 0.5791
vn 0.8033 -0.1417 0.5784
vn 0.8034 -0.1415 0.5784
vn 0.8063 -0.1206 0.5791
vn 0.5694 -0.7270 0.3837
vn 0.5347 -0.7668 0.3551
vn 0.5348 -0.7667 0.3552
vn 0.5691 -0.7274 0.3835
vn 0.6114 -0.6707 0.4200
vn 0.6112 -0.6710 0.4198
vn 0.5182 -0.7840 0.3417
vn 0.7944 -0.1971 0.5745
vn 0.4730 0.8331 0.2867
vn 0.4537 0.8550 0.2513
vn 0.4532 0.8555 0.2505
vn 0.4731 0.8331 0.2867
vn 0.8058 -0.1254 0.5788
vn 0.4133 0.8891 0.1966
vn 0.3954 0.9018 0.1745
vn 0.4127 0.8895 0.1959
vn 0.4806 0.8204 0.3099
vn 0.6486 -0.6138 0.4502
vn 0.6485 -0.6139 0.4501
vn 0.7124 -0.4911 0.5013
vn 0.6810 -0.5570 0.4755
vn 0.6811 -0.5567 0.4756
vn 0.7128 -0.4903 0.5015
vn 0.6658 -0.5859 0.4620
vn 0.6658 -0.5858 0.4620
vn 0.4793 0.8234 0.3040
vn 0.4792 0.8234 0.3039
vn 0.5638 0.0172 -0.8257
vn 0.5577 0.0641 -0.8276
vn 0.5579 0.0572 -0.8280
vn 0.5646 0.0135 -0.8253
vn 0.7017 -0.2108 -0.6806
vn 0.6813 -0.2066 -0.7022
vn 0.6703 -0.2032 -0.7137
vn 0.6996 -0.2107 -0.6827
vn 0.5601 0.0978 -0.8226
vn 0.5591 0.0911 -0.8241
vn 0.7590 -0.1997 -0.6197
vn 0.7378 -0.2016 -0.6442
vn 0.7347 -0.2028 -0.6473
vn 0.5812 0.1360 -0.8023
vn 0.5914 0.1497 -0.7924
vn 0.5917 0.1500 -0.7921
vn 0.5802 0.1344 -0.8033
vn 0.5684 -0.0294 -0.8222
vn 0.5676 -0.0395 -0.8224
vn 0.5678 -0.0853 -0.8188
vn 0.5672 -0.0760 -0.8201
vn 0.5717 0.1223 -0.8113
vn 0.5664 0.1156 -0.8160
vn 0.6324 -0.1912 -0.7507
vn 0.5796 -0.1485 -0.8012
vn 0.5811 -0.1515 -0.7996
vn 0.6200 -0.1873 -0.7619
vn 0.6031 0.1696 -0.7794
vn 0.6457 0.2041 -0.7358
vn 0.6370 0.2005 -0.7443
vn 0.6064 0.1776 -0.7751
vn 0.6763 0.2261 -0.7011
vn 0.7138 0.2457 -0.6559
vn 0.7107 0.2467 -0.6588
vn 0.6856 0.2431 -0.6862
vn 0.7109 -0.2102 -0.6711
vn 0.7103 -0.2103 -0.6717
vn 0.7516 0.2419 -0.6137
vn 0.7225 -0.2073 -0.6595
vn 0.7207 -0.2078 -0.6614
vn 0.5691 -0.1121 -0.8146
vn 0.5692 -0.1134 -0.8143
vn -0.7485 0.3279 -0.5764
vn -0.7065 0.4623 -0.5358
vn -0.7063 0.4628 -0.5356
vn -0.7484 0.3283 -0.5763
vn -0.6734 0.5395 -0.5055
vn -0.6597 0.5644 -0.4963
vn -0.6733 0.5397 -0.5054
vn -0.3009 -0.9473 -0.1100
vn -0.4506 -0.8445 -0.2893
vn -0.4507 -0.8444 -0.2896
vn -0.2994 -0.9480 -0.1082
vn -0.6864 -0.5235 -0.5048
vn -0.6778 -0.5241 -0.5157
vn -0.6815 -0.5152 -0.5197
vn -0.6869 -0.5223 -0.5053
vn -0.1342 0.9844 0.1135
vn -0.1364 0.9844 0.1113
vn -0.1342 0.9844 0.1134
vn -0.4304 -0.8663 -0.2535
vn -0.4306 -0.8661 -0.2538
vn -0.7289 -0.4440 -0.5211
vn -0.7280 -0.4465 -0.5203
vn -0.5881 0.6843 -0.4311
vn -0.3730 0.9145 -0.1568
vn -0.3688 0.9170 -0.1518
vn -0.5886 0.6835 -0.4316
vn -0.1203 -0.9883 0.0938
vn -0.7773 0.1962 -0.5978
vn -0.7696 0.2303 -0.5956
vn -0.7696 0.2305 -0.5955
vn -0.7772 0.1965 -0.5978
vn -0.1181 -0.9883 0.0964
vn -0.1189 -0.9883 0.0954
vn -0.6348 0.6101 -0.4742
vn -0.6349 0.6099 -0.4743
vn -0.7836 0.1684 -0.5980
vn -0.7835 0.1686 -0.5980
vn -0.1197 -0.9883 0.0945
vn -0.9184 0.1042 0.3817
vn -0.9185 0.1029 0.3818
vn -0.9150 0.1151 0.3867
vn -0.9160 0.1164 0.3839
vn -0.9080 0.0834 0.4106
vn -0.9104 0.0895 0.4040
vn -0.9117 0.1179 0.3936
vn -0.9075 0.1165 0.4035
vn -0.9039 0.1423 0.4035
vn -0.8965 0.1524 0.4161
vn -0.9120 0.1251 0.3906
vn -0.9135 0.1292 0.3858
vn -0.7766 0.1902 0.6006
vn -0.7776 0.1975 0.5969
vn -0.7734 0.2039 0.6002
vn -0.7782 0.1941 0.5973
vn -0.8665 0.1831 0.4643
vn -0.8638 0.1850 0.4686
vn -0.9004 -0.1126 0.4202
vn -0.8946 -0.1103 0.4329
vn -0.8960 -0.1092 0.4304
vn -0.9001 -0.1116 0.4211
vn -0.9120 -0.1294 0.3892
vn -0.9106 -0.1242 0.3941
vn -0.9129 -0.1097 0.3931
vn -0.9177 -0.0969 0.3853
vn -0.9192 -0.0645 0.3886
vn -0.9191 -0.0658 0.3885
vn -0.9122 0.0349 0.4083
vn -0.9123 0.0338 0.4081
vn -0.9181 -0.0190 0.3958
vn -0.9181 -0.0188 0.3959
vn -0.8185 0.2058 0.5363
vn -0.8239 0.2063 0.5279
vn -0.7670 -0.2411 0.5947
vn -0.7876 -0.2441 0.5658
vn -0.7859 -0.2430 0.5686
vn -0.8200 -0.2394 0.5199
vn -0.8277 -0.2344 0.5099
vn -0.8568 -0.2087 0.4716
vn -0.8613 -0.2036 0.4655
vn -0.8855 -0.1621 0.4354
vn -0.8847 -0.1715 0.4334
vn -0.5853 -0.7427 0.3251
vn -0.5941 -0.7347 0.3276
vn -0.6039 -0.7254 0.3303
vn -0.2464 -0.5595 0.7913
vn -0.2325 -0.5595 0.7955
vn -0.2200 -0.5594 0.7992
vn -0.9788 0.1854 -0.0870
vn -0.5290 0.3159 0.7876
vn -0.5144 0.3272 0.7927
vn -0.5155 0.3264 0.7923
vn -0.3654 0.1437 0.9197
vn -0.3773 0.1431 0.9150
vn -0.3279 0.1452 0.9335
vn -0.6650 -0.3731 0.6470
vn -0.6477 -0.3518 0.6758
vn -0.6458 -0.3494 0.6789
vn -0.4581 -0.2638 0.8488
vn -0.4522 -0.2651 0.8516
vn -0.4757 -0.2598 0.8403
vn -0.4764 0.3142 0.8212
vn -0.4802 0.3178 0.8176
vn -0.4551 0.2939 0.8405
vn -0.3990 0.1266 0.9082
vn -0.3986 0.1266 0.9083
vn -0.4089 0.1328 0.9029
vn -0.4100 0.1348 0.9021
vn -0.9526 -0.2752 -0.1299
vn -0.9550 -0.2730 -0.1163
vn -0.9573 -0.2706 -0.1017
vn -0.3232 0.3892 0.8626
vn -0.3193 0.3925 0.8625
vn -0.3035 0.4060 0.8620
vn -0.7367 0.6757 0.0261
vn -0.7353 0.6771 0.0294
vn -0.7381 0.6743 0.0228
vn -0.6275 -0.3275 0.7064
vn -0.1515 0.4785 0.8649
vn -0.1544 0.4747 0.8665
vn -0.1500 0.4806 0.8640
vn -0.3924 0.1269 0.9110
vn -0.6901 -0.4508 0.5663
vn -0.6900 -0.4508 0.5663
vn -0.6566 0.5330 0.5337
vn -0.4340 -0.2691 0.8598
vn -0.9498 -0.2775 -0.1446
vn -0.3304 0.3033 0.8938
vn -0.7035 -0.4519 0.5484
vn -0.7037 -0.4520 0.5482
vn -0.6977 -0.4511 0.5565
vn -0.6978 -0.4511 0.5564
vn -0.7962 0.1992 0.5713
vn -0.7895 0.1892 0.5839
vn -0.7569 0.1983 0.6227
vn -0.7550 0.1989 0.6248
vn -0.8044 0.2112 0.5552
vn -0.8037 0.2093 0.5571
vn -0.7972 0.2092 0.5663
vn -0.7970 0.2091 0.5666
vn -0.2971 0.6061 0.7379
vn -0.6936 -0.4509 0.5618
vn -0.6939 -0.4509 0.5614
vn -0.7718 0.2045 0.6021
vn -0.7518 0.2015 0.6278
vn -0.7880 0.2027 0.5813
vn -0.7836 0.2067 0.5858
vn -0.7931 0.1973 0.5762
vn -0.7879 0.1921 0.5851
vn -0.7073 -0.4524 0.5432
vn -0.6387 -0.0779 0.7655
vn -0.6365 -0.0762 0.7675
vn -0.6500 -0.0875 0.7549
vn -0.7464 -0.1203 0.6546
vn -0.9999 0.0019 0.0105
vn -0.6241 -0.0659 0.7785
vn -0.3662 0.3481 0.8630
vn -0.3672 0.3471 0.8630
vn -0.3464 0.3682 0.8628
vn -0.3465 0.3680 0.8628
vn -0.8973 -0.1525 0.4142
vn -0.8959 -0.1489 0.4186
vn -0.9056 -0.1425 0.3994
vn -0.9055 -0.1427 0.3996
vn -0.8863 -0.1384 0.4420
vn -0.8828 -0.1333 0.4505
vn -0.8876 -0.1233 0.4438
vn -0.8873 -0.1239 0.4442
vn -0.8858 -0.1364 0.4436
vn -0.8837 -0.1310 0.4494
vn -0.3786 0.3348 0.8629
vn -0.6074 0.2418 0.7567
vn -0.6074 0.2419 0.7567
vn -0.6077 0.2425 0.7563
vn -0.8954 0.3936 -0.2084
vn -0.7339 0.6784 0.0327
vn -0.2586 -0.5595 0.7875
vn -0.6095 -0.6404 0.4673
vn -0.6070 0.2410 0.7572
vn -0.1559 0.4726 0.8674
vn -0.5752 -0.7519 0.3223
vn -0.2328 0.8082 -0.5409
vn -0.2308 0.8071 -0.5434
vn -0.2308 0.8072 -0.5433
vn -0.3941 -0.2777 -0.8761
vn -0.3941 -0.2779 -0.8761
vn -0.3723 -0.3885 -0.8429
vn -0.3725 -0.3880 -0.8431
vn -0.2150 0.8171 -0.5350
vn -0.2151 0.8170 -0.5351
vn -0.4073 -0.1202 -0.9053
vn -0.4073 -0.1203 -0.9053
vn -0.4070 -0.1413 -0.9024
vn -0.4070 -0.1415 -0.9024
vn -0.2621 -0.7270 -0.6346
vn -0.2619 -0.7274 -0.6343
vn -0.2410 -0.7667 -0.5950
vn -0.2410 -0.7668 -0.5950
vn -0.2892 -0.6707 -0.6831
vn -0.2891 -0.6710 -0.6828
vn -0.2311 -0.7840 -0.5761
vn -0.4047 -0.1971 -0.8930
vn -0.4047 -0.1969 -0.8930
vn -0.1863 0.8331 -0.5208
vn -0.1862 0.8331 -0.5209
vn -0.1548 0.8555 -0.4941
vn -0.1554 0.8550 -0.4948
vn -0.4072 -0.1251 -0.9047
vn -0.1100 0.8892 -0.4441
vn -0.1095 0.8895 -0.4435
vn -0.0921 0.9019 -0.4221
vn -0.2075 0.8204 -0.5329
vn -0.2075 0.8204 -0.5328
vn -0.3113 -0.6138 -0.7255
vn -0.3113 -0.6139 -0.7254
vn -0.3487 -0.4911 -0.7983
vn -0.3489 -0.4903 -0.7987
vn -0.3297 -0.5567 -0.7625
vn -0.3297 -0.5570 -0.7623
vn -0.3195 -0.5858 -0.7448
vn -0.3195 -0.5859 -0.7448
vn -0.2020 0.8234 -0.5304
vn -0.2019 0.8234 -0.5303
vn 0.9185 0.0173 -0.3950
vn 0.9181 0.0135 -0.3961
vn 0.9204 0.0574 -0.3866
vn 0.9202 0.0643 -0.3860
vn 0.8072 -0.2108 -0.5514
vn 0.8089 -0.2107 -0.5489
vn 0.8334 -0.2032 -0.5140
vn 0.8243 -0.2066 -0.5271
vn 0.9179 0.0913 -0.3861
vn 0.9169 0.0980 -0.3869
vn 0.7812 -0.2028 -0.5904
vn 0.7788 -0.2016 -0.5940
vn 0.9023 0.1360 -0.4090
vn 0.9031 0.1344 -0.4078
vn 0.8944 0.1500 -0.4213
vn 0.8947 0.1497 -0.4209
vn 0.9151 -0.0295 -0.4023
vn 0.9149 -0.0396 -0.4018
vn 0.9127 -0.0833 -0.4001
vn 0.9133 -0.0747 -0.4004
vn 0.9090 0.1224 -0.3984
vn 0.9123 0.1157 -0.3929
vn 0.8620 -0.1912 -0.4694
vn 0.8706 -0.1873 -0.4550
vn 0.8981 -0.1525 -0.4126
vn 0.8992 -0.1497 -0.4112
vn 0.8843 0.1696 -0.4350
vn 0.8807 0.1776 -0.4391
vn 0.8567 0.2005 -0.4752
vn 0.8501 0.2041 -0.4855
vn 0.8222 0.2261 -0.5224
vn 0.8094 0.2431 -0.5345
vn 0.7877 0.2467 -0.5645
vn 0.7854 0.2457 -0.5681
vn 0.7998 -0.2102 -0.5623
vn 0.8003 -0.2103 -0.5616
vn 0.7922 -0.2078 -0.5738
vn 0.7907 -0.2073 -0.5760
vn 0.9093 -0.1115 -0.4008
vn 0.9091 -0.1131 -0.4009
vn 0.4150 0.3279 0.8487
vn 0.4150 0.3283 0.8486
vn 0.3835 0.4628 0.7992
vn 0.3837 0.4623 0.7994
vn 0.3605 0.5395 0.7609
vn 0.3605 0.5397 0.7608
vn 0.3543 0.5644 0.7456
vn 0.0476 -0.9473 0.3168
vn 0.0461 -0.9480 0.3150
vn 0.1935 -0.8444 0.4995
vn 0.1933 -0.8446 0.4994
vn 0.3572 -0.5235 0.7735
vn 0.3577 -0.5223 0.7741
vn 0.3728 -0.5156 0.7715
vn 0.3698 -0.5238 0.7674
vn -0.1380 0.9844 0.1087
vn -0.1379 0.9844 0.1088
vn 0.1623 -0.8663 0.4724
vn 0.1626 -0.8661 0.4727
vn 0.3644 -0.4463 0.8173
vn 0.3650 -0.4443 0.8182
vn 0.3048 0.6843 0.6624
vn 0.3052 0.6835 0.6631
vn 0.0750 0.9170 0.3917
vn 0.0791 0.9145 0.3968
vn -0.1160 -0.9883 0.0991
vn 0.4303 0.1962 0.8811
vn 0.4303 0.1965 0.8810
vn 0.4296 0.2305 0.8731
vn 0.4296 0.2304 0.8731
vn -0.1173 -0.9883 0.0975
vn 0.3377 0.6099 0.7169
vn 0.3376 0.6101 0.7168
vn 0.4294 0.1686 0.8872
vn 0.4294 0.1684 0.8873
vn -0.1165 -0.9883 0.0984
vn -0.6932 0.6053 0.3913
vn -0.9172 -0.1435 0.3717
vn -0.4780 -0.1480 0.8658
vn -0.6378 0.3152 0.7028
vn -0.2125 0.7368 0.6419
vn -0.8767 0.0512 0.4783
vn -0.3244 0.3469 0.8800
vn -0.4754 0.2000 0.8567
vn -0.6813 -0.3619 0.6362
vn -0.9589 -0.2212 0.1777
vn -0.1736 0.3482 0.9212
vn -0.2630 0.0714 0.9622
vn -0.5738 -0.3092 0.7584
vn -0.8673 -0.1119 0.4851
vn -0.8026 0.3688 0.4689
vn -0.9300 -0.1195 0.3475
vn -0.5224 0.6053 0.6006
vn -0.5481 -0.1435 0.8240
vn -0.9441 -0.1480 0.2947
vn -0.8164 0.3152 0.4839
vn -0.6714 0.7368 0.0794
vn -0.6444 0.0512 0.7630
vn -0.9272 0.3468 0.1414
vn -0.9347 0.2000 0.2940
vn -0.7599 -0.3620 0.5399
vn -0.3663 -0.2212 0.9038
vn -0.9373 0.3482 -0.0146
vn -0.9953 0.0714 0.0647
vn -0.8581 -0.3093 0.4100
vn -0.6492 -0.1119 0.7524
vn -0.6203 0.3689 0.6922
vn -0.5269 -0.1195 0.8415
vn -0.7437 0.0379 0.6674
vn -0.8038 0.0379 0.5937
vn -0.1728 0.3715 0.9122
vn -0.5602 -0.6592 0.5016
vn -0.9237 0.3776 0.0649
vn -0.2499 0.3777 0.8916
vn -0.6043 -0.6593 0.4474
vn -0.9283 0.3714 -0.0147
vn -0.7720 0.0912 0.6291
vn -0.1989 0.4118 0.8893
vn -0.6063 -0.6231 0.4941
vn -0.9112 0.4116 0.0155
vn -0.7729 0.0666 0.6310
vn -0.6769 0.1083 0.7281
vn -0.7256 0.1359 0.6745
vn -0.7674 0.1366 0.6265
vn -0.6266 -0.1516 0.7645
vn -0.6667 -0.1120 0.7368
vn -0.6930 -0.1428 0.7067
vn -0.6544 -0.1881 0.7324
vn -0.7124 -0.1747 0.6797
vn -0.6845 -0.2153 0.6965
vn -0.7129 -0.2340 0.6610
vn -0.7311 -0.2084 0.6497
vn -0.7574 -0.2099 0.6184
vn -0.7643 -0.1624 0.6240
vn -0.7687 -0.1231 0.6276
vn -0.7716 -0.0880 0.6300
vn -0.5917 0.0819 0.8020
vn -0.6109 0.1067 0.7845
vn -0.6209 0.0445 0.7826
vn -0.5578 0.0749 0.8266
vn -0.5592 0.0322 0.8284
vn -0.5640 -0.0169 0.8256
vn -0.6307 0.0059 0.7760
vn -0.5718 -0.0587 0.8183
vn -0.6385 -0.0371 0.7687
vn -0.5821 -0.0942 0.8076
vn -0.6415 -0.0802 0.7629
vn -0.7731 -0.0634 0.6312
vn -0.7742 -0.0321 0.6321
vn -0.7745 0.0131 0.6324
vn -0.7738 0.0454 0.6318
vn -0.6430 0.1668 0.7475
vn -0.5900 0.1402 0.7951
vn -0.6940 0.1917 0.6939
vn -0.5556 -0.0179 0.8312
vn -0.5561 0.0386 0.8302
vn -0.7332 0.1954 0.6513
vn -0.7600 0.1933 0.6205
vn -0.7383 -0.2368 0.6315
vn -0.7179 -0.2402 0.6534
vn -0.5645 0.1218 0.8164
vn -0.5871 0.1486 0.7958
vn -0.5619 0.1068 0.8203
vn -0.6769 -0.2309 0.6989
vn -0.6420 -0.1958 0.7413
vn -0.5583 0.0859 0.8252
vn -0.6346 0.1832 0.7508
vn -0.6976 0.1994 0.6882
vn -0.6197 -0.1550 0.7694
vn -0.5797 -0.1013 0.8085
vn -0.5603 -0.0690 0.8254
vn -0.6113 -0.1252 0.7815
vn -0.6042 -0.1179 0.7881
vn -0.7528 -0.2357 0.6146
vn -0.8061 0.1359 0.5760
vn -0.8488 0.1083 0.5176
vn -0.8743 -0.1516 0.4610
vn -0.8485 -0.1881 0.4947
vn -0.8310 -0.1428 0.5376
vn -0.8553 -0.1120 0.5059
vn -0.8193 -0.2153 0.5314
vn -0.8085 -0.1747 0.5620
vn -0.7903 -0.2340 0.5663
vn -0.7828 -0.2084 0.5864
vn -0.9031 0.0819 0.4215
vn -0.8904 0.0445 0.4530
vn -0.8905 0.1068 0.4424
vn -0.9188 0.0747 0.3875
vn -0.9214 0.0322 0.3872
vn -0.9204 -0.0170 0.3906
vn -0.8862 0.0058 0.4633
vn -0.9154 -0.0588 0.3981
vn -0.8808 -0.0372 0.4720
vn -0.9076 -0.0942 0.4092
vn -0.8758 -0.0802 0.4760
vn -0.8610 0.1668 0.4804
vn -0.8969 0.1403 0.4193
vn -0.8188 0.1917 0.5412
vn -0.9214 0.0387 0.3868
vn -0.9233 -0.0180 0.3836
vn -0.7848 0.1954 0.5881
vn -0.7838 -0.2402 0.5726
vn -0.7664 -0.2368 0.5971
vn -0.8970 0.1488 0.4163
vn -0.9120 0.1221 0.3917
vn -0.9142 0.1068 0.3908
vn -0.8547 -0.1958 0.4808
vn -0.8202 -0.2309 0.5234
vn -0.9174 0.0856 0.3887
vn -0.8138 0.1994 0.5458
vn -0.8626 0.1832 0.4716
vn -0.8778 -0.1550 0.4533
vn -0.9198 -0.0691 0.3862
vn -0.9079 -0.1013 0.4068
vn -0.8930 -0.1179 0.4343
vn -0.8880 -0.1252 0.4426
vn -0.7701 -0.0722 0.6338
vn -0.7717 -0.0665 0.6325
vn -0.7729 -0.0659 0.6311
vn -0.7726 -0.0712 0.6308
vn -0.7730 -0.0635 0.6312
vn -0.7565 -0.0989 0.6464
vn -0.7634 -0.0900 0.6396
vn -0.7716 -0.0885 0.6300
vn -0.7709 -0.0971 0.6295
vn -0.7659 -0.0831 0.6376
vn -0.7720 -0.0824 0.6303
vn -0.7679 -0.0792 0.6357
vn -0.7723 -0.0776 0.6305
vn -0.7459 -0.1019 0.6583
vn -0.7558 -0.1007 0.6470
vn -0.7629 -0.1007 0.6387
vn -0.7708 -0.0992 0.6293
vn -0.7704 -0.1037 0.6290
vn -0.7623 -0.1548 0.6285
vn -0.7629 -0.1477 0.6294
vn -0.7661 -0.1480 0.6255
vn -0.7653 -0.1547 0.6248
vn -0.7630 -0.1357 0.6320
vn -0.7644 -0.1294 0.6316
vn -0.7682 -0.1288 0.6272
vn -0.7675 -0.1356 0.6266
vn -0.7589 -0.1819 0.6253
vn -0.7589 -0.1723 0.6280
vn -0.7629 -0.1733 0.6229
vn -0.7615 -0.1832 0.6217
vn -0.7648 -0.1125 0.6343
vn -0.7696 -0.1137 0.6283
vn -0.7604 -0.1629 0.6287
vn -0.7644 -0.1622 0.6241
vn -0.7628 -0.1405 0.6312
vn -0.7669 -0.1412 0.6261
vn -0.7658 -0.1203 0.6317
vn -0.7689 -0.1208 0.6278
vn -0.7591 -0.1679 0.6289
vn -0.7636 -0.1679 0.6235
vn -0.7606 -0.1892 0.6210
vn -0.5803 -0.0097 0.8144
vn -0.5871 -0.0111 0.8095
vn -0.5951 -0.0128 0.8036
vn -0.6272 -0.0201 0.7786
vn -0.6270 -0.0201 0.7787
vn -0.6875 -0.0282 0.7256
vn -0.6865 -0.0331 0.7263
vn -0.6075 -0.0624 0.7918
vn -0.6130 -0.0617 0.7877
vn -0.6189 -0.0608 0.7831
vn -0.6432 -0.0604 0.7633
vn -0.6451 -0.0605 0.7617
vn -0.6910 -0.0522 0.7209
vn -0.6922 -0.0560 0.7196
vn -0.6501 -0.0980 0.7535
vn -0.6551 -0.0973 0.7492
vn -0.6585 -0.0968 0.7463
vn -0.6663 -0.0950 0.7396
vn -0.6820 -0.0882 0.7260
vn -0.6791 -0.0896 0.7286
vn -0.7075 -0.0721 0.7030
vn -0.7047 -0.0690 0.7062
vn -0.7004 -0.1176 0.7040
vn -0.7032 -0.1152 0.7016
vn -0.7047 -0.1139 0.7003
vn -0.7106 -0.1053 0.6957
vn -0.7110 -0.1045 0.6954
vn -0.7248 -0.0821 0.6840
vn -0.7211 -0.0796 0.6882
vn -0.7297 -0.0732 0.6798
vn -0.7350 -0.0751 0.6739
vn -0.7352 -0.0752 0.6737
vn -0.7375 -0.0758 0.6711
vn -0.7386 -0.0757 0.6699
vn -0.7240 -0.0707 0.6861
vn -0.7199 -0.0683 0.6907
vn -0.7196 -0.0681 0.6911
vn -0.7153 -0.0651 0.6958
vn -0.7115 -0.0610 0.7000
vn -0.7087 -0.0568 0.7033
vn -0.7085 -0.0566 0.7034
vn -0.7061 -0.0527 0.7061
vn -0.7044 -0.0479 0.7082
vn -0.7035 -0.0421 0.7094
vn -0.7036 -0.0423 0.7094
vn -0.7035 -0.0364 0.7097
vn -0.7049 -0.0293 0.7087
vn -0.7083 -0.0212 0.7056
vn -0.7088 -0.0202 0.7051
vn -0.7123 -0.0133 0.7018
vn -0.7138 -0.0094 0.7003
vn -0.7156 -0.0050 0.6985
vn -0.7306 -0.1446 0.6673
vn -0.7448 -0.1270 0.6551
vn -0.7447 -0.1272 0.6552
vn -0.7389 -0.1438 0.6583
vn -0.7485 -0.1228 0.6517
vn -0.6308 0.6869 0.3609
vn -0.8593 0.5032 0.0918
vn -0.7360 -0.1516 0.6597
vn -0.7125 -0.1514 0.6852
vn -0.7103 -0.1449 0.6888
vn -0.7104 -0.1407 0.6896
vn -0.7019 -0.1467 0.6970
vn -0.7045 -0.1673 0.6897
vn -0.7424 -0.1506 0.6529
vn -0.7429 -0.1541 0.6515
vn -0.7431 -0.1555 0.6509
vn -0.7434 -0.1582 0.6498
vn -0.7648 -0.0437 0.6428
vn -0.7667 -0.0392 0.6408
vn -0.7663 -0.0413 0.6411
vn -0.7582 -0.0407 0.6508
vn -0.7602 -0.0362 0.6487
vn -0.7598 -0.0390 0.6490
vn -0.7511 -0.0392 0.6590
vn -0.7517 -0.0366 0.6585
vn -0.7522 -0.0341 0.6580
vn -0.7556 -0.0302 0.6544
vn -0.7571 -0.0313 0.6526
vn -0.7627 -0.0290 0.6461
vn -0.7634 -0.0347 0.6450
vn -0.7634 -0.0251 0.6454
vn -0.7642 -0.0371 0.6440
vn -0.7690 -0.0273 0.6386
vn -0.7743 -0.0272 0.6322
vn -0.7741 -0.0355 0.6320
vn -0.7691 -0.0352 0.6382
vn -0.7708 -0.0191 0.6368
vn -0.7745 -0.0166 0.6324
vn -0.7746 -0.0107 0.6324
vn -0.7698 -0.0395 0.6370
vn -0.7740 -0.0404 0.6319
vn -0.7738 -0.0466 0.6318
vn -0.7719 -0.0453 0.6342
vn -0.7736 -0.0513 0.6316
vn 0.7215 0.1379 0.6786
vn 0.1781 0.9511 0.2525
vn 0.1803 0.9501 0.2545
vn 0.7149 0.1782 0.6762
vn 0.1101 -0.9899 -0.0899
vn 0.6309 -0.3467 0.6941
vn 0.6304 -0.3500 0.6929
vn 0.2514 0.9130 0.3214
vn 0.2538 0.9115 0.3236
vn 0.2907 0.8394 0.4593
vn 0.3064 0.8250 0.4749
vn 0.0966 0.9647 0.2451
vn 0.1021 0.9627 0.2506
vn -0.3935 -0.7878 -0.4739
vn -0.2353 -0.9154 -0.3267
vn -0.2423 -0.9112 -0.3332
vn -0.3950 -0.7861 -0.4754
vn 0.5249 0.5225 0.6719
vn 0.5215 0.5296 0.6690
vn 0.1471 -0.9872 0.0623
vn 0.4529 -0.8241 0.3402
vn 0.4436 -0.8326 0.3317
vn 0.1394 -0.9887 0.0554
vn 0.2438 0.8858 0.3949
vn 0.2378 0.8902 0.3885
vn 0.0200 0.9975 0.0684
vn 0.5158 0.6465 0.5621
vn 0.5400 0.6050 0.5851
vn 0.0209 0.9974 0.0693
vn -0.1785 0.9803 -0.0844
vn -0.0668 -0.9890 -0.1318
vn -0.0708 -0.9882 -0.1355
vn -0.4669 0.7604 -0.4514
vn 0.6639 0.4639 0.5865
vn -0.0546 0.9985 0.0021
vn -0.0507 0.9987 0.0055
vn 0.6406 0.5155 0.5691
vn -0.6459 0.1963 -0.7378
vn -0.6448 0.2114 -0.7345
vn -0.5802 -0.3559 -0.7326
vn -0.5819 -0.3502 -0.7340
vn 0.3119 -0.9098 0.2739
vn 0.3364 -0.8926 0.3003
vn -0.5938 0.5312 -0.6043
vn -0.5992 0.5147 -0.6132
vn -0.2958 0.9345 -0.1978
vn -0.2948 0.9351 -0.1965
vn 0.2839 -0.9348 0.2133
vn 0.6025 -0.6360 0.4822
vn 0.5948 -0.6480 0.4757
vn 0.2716 -0.9408 0.2029
vn -0.2693 0.9323 -0.2416
vn -0.4725 0.7329 -0.4895
vn -0.4719 0.7338 -0.4888
vn -0.2697 0.9320 -0.2421
vn -0.5852 0.5481 -0.5976
vn -0.5823 0.5562 -0.5929
vn -0.2123 0.9602 -0.1813
vn 0.2569 0.9203 0.2950
vn 0.2889 0.8996 0.3274
vn -0.2113 0.9606 -0.1806
vn -0.6494 0.1959 -0.7348
vn -0.6488 0.2023 -0.7336
vn -0.6137 -0.2285 -0.7557
vn -0.6198 -0.2012 -0.7585
vn 0.0847 -0.9954 0.0450
vn 0.0839 -0.9955 0.0444
vn -0.5724 -0.4310 -0.6976
vn -0.5753 -0.4225 -0.7003
vn -0.4309 -0.6639 -0.6113
vn 0.5446 0.7206 0.4292
vn -0.2976 0.9220 -0.2477
vn -0.2930 0.9244 -0.2441
vn 0.5043 0.7671 0.3965
vn -0.2141 -0.9193 -0.3303
vn -0.2207 -0.9151 -0.3375
vn 0.6626 -0.0871 0.7439
vn 0.6628 -0.1025 0.7417
vn 0.6257 0.2110 0.7510
vn 0.1926 -0.9733 0.1249
vn 0.1909 -0.9739 0.1230
vn -0.5257 -0.5343 -0.6619
vn -0.5085 -0.5666 -0.6484
vn 0.4090 -0.8515 0.3282
vn 0.4095 -0.8510 0.3289
vn 0.5158 -0.6922 0.5048
vn 0.5366 -0.6586 0.5275
vn -0.0021 1.0000 0.0017
vn 0.4818 0.6441 0.5941
vn 0.4813 0.6451 0.5935
vn -0.2470 -0.9037 -0.3497
vn -0.2259 -0.9174 -0.3278
vn 0.3840 0.7916 0.4752
vn 0.3839 0.7918 0.4751
vn -0.5741 -0.4601 -0.6772
vn -0.5770 -0.4530 -0.6796
vn -0.6589 0.3539 -0.6638
vn 0.4668 0.6805 0.5647
vn 0.4679 0.6788 0.5659
vn -0.3521 -0.8050 -0.4775
vn -0.3587 -0.7983 -0.4838
vn 0.5397 -0.7032 0.4629
vn 0.5402 -0.7024 0.4636
vn 0.5165 -0.7374 0.4353
vn 0.3187 -0.8903 0.3252
vn 0.6111 0.3336 0.7178
vn 0.6104 0.3366 0.7171
vn 0.3183 -0.8907 0.3246
vn 0.6238 -0.5287 0.5756
vn 0.6297 -0.5128 0.5836
vn -0.1080 -0.9659 -0.2354
vn -0.1035 -0.9675 -0.2307
vn 0.6696 -0.3596 0.6499
vn 0.6718 -0.3481 0.6539
vn 0.5607 0.4946 0.6641
vn 0.5490 0.5188 0.6553
vn -0.3156 -0.8596 -0.4018
vn -0.3138 -0.8612 -0.3998
vn 0.5569 0.5289 0.6404
vn 0.5578 0.5271 0.6411
vn 0.2040 -0.9575 0.2041
vn 0.2060 -0.9565 0.2065
vn 0.5798 0.4755 0.6616
vn 0.5800 0.4749 0.6619
vn 0.6214 -0.3072 0.7207
vn 0.6220 -0.3042 0.7215
vn 0.6646 -0.2795 0.6929
vn 0.6615 -0.2984 0.6880
vn 0.2285 -0.9478 0.2224
vn 0.2310 -0.9465 0.2255
vn 0.4362 -0.8046 0.4028
vn 0.4357 -0.8052 0.4023
vn -0.3608 -0.8087 -0.4646
vn -0.3627 -0.8066 -0.4667
vn 0.0314 -0.9987 -0.0392
vn 0.0540 -0.9984 -0.0154
vn 0.1728 -0.9712 0.1643
vn 0.1718 -0.9715 0.1632
vn -0.3559 0.8718 -0.3367
vn -0.2823 0.9252 -0.2537
vn -0.2822 0.9252 -0.2536
vn -0.3552 0.8724 -0.3358
vn 0.6073 -0.3537 0.7114
vn 0.6081 -0.3499 0.7126
vn -0.4393 0.7878 -0.4318
vn -0.4391 0.7880 -0.4316
vn 0.2573 -0.9306 0.2604
vn 0.2572 -0.9307 0.2602
vn -0.2481 0.9445 -0.2153
vn -0.2478 0.9447 -0.2149
vn -0.3293 -0.8370 -0.4370
vn -0.3306 -0.8357 -0.4385
vn 0.1212 -0.9876 0.0999
vn 0.1211 -0.9876 0.0997
vn 0.6652 0.2340 0.7090
vn 0.6259 -0.4701 0.6222
vn 0.6260 -0.4700 0.6223
vn 0.6713 0.2016 0.7133
vn 0.5465 -0.5428 0.6377
vn 0.5480 -0.5389 0.6397
vn 0.6213 -0.2457 0.7440
vn 0.6965 -0.0565 0.7153
vn 0.6965 -0.0553 0.7154
vn 0.4153 0.7172 0.5596
vn 0.5100 0.5493 0.6620
vn 0.5106 0.5479 0.6626
vn 0.4166 0.7153 0.5610
vn 0.4404 0.6821 0.5837
vn 0.4385 0.6851 0.5817
vn 0.5675 0.5601 0.6035
vn 0.5662 0.5629 0.6022
vn 0.5490 0.4686 0.6921
vn 0.5482 0.4708 0.6913
vn 0.4046 0.8028 0.4379
vn 0.4019 0.8058 0.4350
vn 0.4159 0.7153 0.5616
vn 0.4213 0.7077 0.5672
vn -0.4723 0.7189 -0.5100
vn -0.4840 0.7018 -0.5227
vn 0.5693 0.3904 0.7235
vn 0.5698 0.3885 0.7241
vn -0.6399 -0.3379 -0.6902
vn -0.6770 -0.1355 -0.7234
vn -0.6769 -0.1364 -0.7234
vn -0.6393 -0.3401 -0.6896
vn -0.0328 0.9991 0.0268
vn -0.5982 -0.4678 -0.6506
vn -0.5982 -0.4677 -0.6506
vn 0.6594 -0.0572 0.7496
vn 0.6585 -0.0257 0.7521
vn -0.6763 0.1975 -0.7097
vn -0.6299 0.4236 -0.6510
vn -0.6764 0.1966 -0.7098
vn 0.3287 -0.9017 0.2808
vn 0.3284 -0.9019 0.2805
vn -0.6857 -0.0054 -0.7279
vn -0.6857 -0.0061 -0.7279
vn 0.4705 -0.7478 0.4684
vn 0.4692 -0.7497 0.4666
vn 0.5781 -0.5218 0.6273
vn 0.5771 -0.5251 0.6255
vn -0.5419 0.6366 -0.5487
vn -0.4933 0.7166 -0.4931
vn -0.4930 0.7169 -0.4929
vn -0.5418 0.6367 -0.5486
vn 0.6360 -0.2290 0.7370
vn 0.6354 -0.2356 0.7354
vn -0.5790 0.5616 -0.5911
vn -0.5789 0.5617 -0.5910
vn 0.5993 0.2529 0.7595
vn 0.6022 0.2407 0.7612
vn 0.6318 0.0905 0.7699
vn 0.6291 0.1094 0.7696
vn 0.6308 -0.3174 0.7080
vn 0.6307 -0.3186 0.7076
vn 0.6425 -0.1684 0.7476
vn 0.6423 -0.1740 0.7464
vn 0.3143 0.8689 0.3824
vn 0.3153 0.8681 0.3835
vn 0.6314 0.0602 0.7731
vn 0.6321 0.0548 0.7729
vn 0.0230 -0.9964 -0.0821
vn 0.3011 -0.9345 0.1898
vn 0.2948 -0.9378 0.1835
vn 0.0159 -0.9959 -0.0890
vn 0.5771 0.3180 0.7522
vn 0.5794 0.3104 0.7536
vn 0.6399 0.0149 0.7684
vn 0.6373 0.0384 0.7697
vn 0.6221 -0.4063 0.6692
vn 0.6221 -0.4064 0.6691
vn -0.7751 -0.0722 0.6278
vn -0.7741 -0.0665 0.6296
vn -0.7847 -0.0989 0.6119
vn -0.7794 -0.0900 0.6200
vn -0.7779 -0.0831 0.6228
vn -0.7764 -0.0792 0.6252
vn -0.7941 -0.1019 0.5991
vn -0.7851 -0.1007 0.6111
vn -0.7784 -0.1007 0.6197
vn -0.7682 -0.1548 0.6211
vn -0.7693 -0.1477 0.6216
vn -0.7718 -0.1357 0.6212
vn -0.7717 -0.1294 0.6227
vn -0.7645 -0.1819 0.6185
vn -0.7671 -0.1723 0.6180
vn -0.7745 -0.1125 0.6225
vn -0.7681 -0.1629 0.6192
vn -0.7710 -0.1405 0.6211
vn -0.7722 -0.1203 0.6239
vn -0.7681 -0.1679 0.6180
vn -0.9140 -0.0097 0.4057
vn -0.9064 -0.0128 0.4223
vn -0.9105 -0.0111 0.4133
vn -0.8883 -0.0201 0.4588
vn -0.8884 -0.0201 0.4586
vn -0.8490 -0.0331 0.5274
vn -0.8485 -0.0282 0.5284
vn -0.8974 -0.0624 0.4368
vn -0.8911 -0.0608 0.4497
vn -0.8944 -0.0617 0.4431
vn -0.8765 -0.0604 0.4775
vn -0.8754 -0.0605 0.4797
vn -0.8435 -0.0560 0.5342
vn -0.8446 -0.0522 0.5329
vn -0.8683 -0.0980 0.4863
vn -0.8630 -0.0968 0.4959
vn -0.8651 -0.0973 0.4920
vn -0.8579 -0.0950 0.5049
vn -0.8580 -0.0950 0.5049
vn -0.8497 -0.0896 0.5196
vn -0.8478 -0.0882 0.5230
vn -0.8303 -0.0721 0.5526
vn -0.8328 -0.0690 0.5492
vn -0.8299 -0.1176 0.5454
vn -0.8271 -0.1139 0.5503
vn -0.8281 -0.1152 0.5486
vn -0.8238 -0.1053 0.5570
vn -0.8235 -0.1045 0.5575
vn -0.8152 -0.0821 0.5733
vn -0.8186 -0.0796 0.5689
vn -0.8071 -0.0752 0.5855
vn -0.8073 -0.0751 0.5854
vn -0.8120 -0.0732 0.5790
vn -0.8050 -0.0758 0.5884
vn -0.8041 -0.0757 0.5896
vn -0.8171 -0.0707 0.5721
vn -0.8208 -0.0683 0.5671
vn -0.8210 -0.0681 0.5668
vn -0.8248 -0.0651 0.5617
vn -0.8282 -0.0610 0.5571
vn -0.8308 -0.0568 0.5537
vn -0.8309 -0.0566 0.5535
vn -0.8331 -0.0527 0.5506
vn -0.8348 -0.0479 0.5485
vn -0.8358 -0.0421 0.5474
vn -0.8358 -0.0423 0.5474
vn -0.8361 -0.0364 0.5473
vn -0.8354 -0.0293 0.5489
vn -0.8330 -0.0212 0.5528
vn -0.8326 -0.0202 0.5535
vn -0.8301 -0.0133 0.5575
vn -0.8289 -0.0094 0.5593
vn -0.8275 -0.0050 0.5614
vn -0.8000 -0.1446 0.5824
vn -0.7928 -0.1438 0.5923
vn -0.7909 -0.1272 0.5985
vn -0.7908 -0.1270 0.5987
vn -0.7882 -0.1228 0.6030
vn -0.7886 -0.1256 0.6020
vn -0.7936 -0.1516 0.5892
vn -0.8139 -0.1514 0.5610
vn -0.8178 -0.1407 0.5581
vn -0.8170 -0.1449 0.5582
vn -0.8234 -0.1467 0.5483
vn -0.8167 -0.1673 0.5523
vn -0.7882 -0.1506 0.5968
vn -0.7864 -0.1555 0.5978
vn -0.7869 -0.1541 0.5975
vn -0.7854 -0.1582 0.5984
vn -0.7828 -0.0437 0.6208
vn -0.7815 -0.0413 0.6226
vn -0.7812 -0.0392 0.6230
vn -0.7893 -0.0407 0.6127
vn -0.7879 -0.0390 0.6146
vn -0.7877 -0.0362 0.6150
vn -0.7959 -0.0392 0.6041
vn -0.7952 -0.0341 0.6054
vn -0.7956 -0.0366 0.6048
vn -0.7923 -0.0302 0.6094
vn -0.7908 -0.0313 0.6112
vn -0.7847 -0.0347 0.6189
vn -0.7856 -0.0290 0.6180
vn -0.7851 -0.0251 0.6189
vn -0.7838 -0.0371 0.6199
vn -0.7795 -0.0273 0.6258
vn -0.7791 -0.0352 0.6258
vn -0.7781 -0.0191 0.6278
vn -0.7782 -0.0395 0.6268
vn -0.7758 -0.0453 0.6294
vn -0.5206 0.1379 -0.8426
vn -0.5195 0.1782 -0.8357
vn -0.2133 0.9501 -0.2276
vn -0.2118 0.9511 -0.2250
vn -0.5528 -0.3500 -0.7563
vn -0.5539 -0.3467 -0.7570
vn -0.2663 0.9115 -0.3134
vn -0.2646 0.9130 -0.3106
vn -0.3919 0.8394 -0.3767
vn -0.2251 0.9627 -0.1502
vn -0.2208 0.9647 -0.1437
vn -0.4040 0.8250 -0.3952
vn 0.3856 -0.7878 0.4803
vn 0.3868 -0.7861 0.4821
vn 0.2780 -0.9112 0.3041
vn 0.2730 -0.9154 0.2958
vn -0.5534 0.5225 -0.6487
vn -0.5512 0.5296 -0.6448
vn -0.0316 -0.9872 -0.1566
vn -0.0264 -0.9887 -0.1476
vn -0.2362 -0.8326 -0.5010
vn -0.2428 -0.8241 -0.5118
vn -0.3381 0.8858 -0.3179
vn -0.3331 0.8902 -0.3107
vn -0.0630 0.9975 -0.0333
vn -0.0637 0.9974 -0.0344
vn -0.4652 0.6050 -0.6461
vn -0.4475 0.6465 -0.6178
vn 0.0470 0.9803 0.1918
vn 0.0476 0.9801 0.1925
vn 0.1157 -0.9890 0.0918
vn 0.1186 -0.9882 0.0965
vn 0.3489 0.7604 0.5478
vn 0.3467 0.7631 0.5454
vn -0.4419 0.4639 -0.7678
vn -0.4295 0.5155 -0.7415
vn -0.0156 0.9987 0.0486
vn -0.0130 0.9985 0.0531
vn 0.5937 0.1963 0.7804
vn 0.5907 0.2114 0.7787
vn 0.6018 -0.3559 0.7150
vn 0.6028 -0.3502 0.7170
vn -0.2060 -0.9098 -0.3604
vn -0.2269 -0.8926 -0.3897
vn 0.4733 0.5312 0.7027
vn 0.4809 0.5147 0.7098
vn 0.1346 0.9345 0.3294
vn 0.1336 0.9351 0.3282
vn -0.1522 -0.9348 -0.3208
vn -0.1445 -0.9408 -0.3067
vn -0.3472 -0.6480 -0.6779
vn -0.3519 -0.6360 -0.6868
vn 0.1829 0.9323 0.3122
vn 0.1833 0.9320 0.3127
vn 0.3845 0.7338 0.5602
vn 0.3851 0.7329 0.5609
vn 0.4684 0.5481 0.6929
vn 0.4644 0.5562 0.6892
vn 0.1352 0.9602 0.2443
vn 0.1347 0.9606 0.2431
vn -0.2630 0.8996 -0.3486
vn -0.2376 0.9203 -0.3107
vn 0.5890 0.2022 0.7824
vn 0.5901 0.1959 0.7832
vn 0.6177 -0.2285 0.7525
vn 0.6192 -0.2012 0.7590
vn -0.0272 -0.9954 -0.0920
vn -0.0267 -0.9955 -0.0911
vn 0.5711 -0.4225 0.7038
vn 0.5690 -0.4310 0.7003
vn 0.5127 -0.6639 0.5444
vn -0.3116 0.7206 -0.6194
vn -0.2876 0.7671 -0.5735
vn 0.1805 0.9244 0.3359
vn 0.1832 0.9220 0.3411
vn 0.2865 -0.9151 0.2837
vn 0.2808 -0.9193 0.2758
vn -0.5964 -0.0871 -0.7980
vn -0.6106 0.2110 -0.7633
vn -0.5941 -0.1025 -0.7978
vn -0.0823 -0.9739 -0.2116
vn -0.0839 -0.9733 -0.2137
vn 0.5434 -0.5343 0.6475
vn -0.2403 -0.8510 -0.4670
vn -0.2398 -0.8515 -0.4663
vn 0.5335 -0.5666 0.6279
vn -0.3914 -0.6922 -0.6064
vn -0.4095 -0.6586 -0.6312
vn -0.4852 0.6451 -0.5902
vn -0.4857 0.6441 -0.5909
vn 0.2759 -0.9174 0.2869
vn 0.2933 -0.9037 0.3119
vn -0.3887 0.7918 -0.4712
vn -0.3888 0.7916 -0.4713
vn 0.5487 -0.4601 0.6980
vn 0.5504 -0.4530 0.7013
vn 0.5186 0.3539 0.7783
vn -0.4609 0.6788 -0.5717
vn -0.4599 0.6805 -0.5704
vn 0.3975 -0.8050 0.4405
vn 0.4023 -0.7983 0.4482
vn -0.3456 -0.7031 -0.6214
vn -0.3232 -0.7374 -0.5931
vn -0.3461 -0.7024 -0.6220
vn -0.2548 -0.8903 -0.3773
vn -0.2544 -0.8907 -0.3768
vn -0.5805 0.3366 -0.7415
vn -0.5810 0.3336 -0.7424
vn -0.4392 -0.5287 -0.7263
vn 0.2054 -0.9675 0.1475
vn 0.2090 -0.9659 0.1529
vn -0.4458 -0.5128 -0.7337
vn -0.5028 -0.3596 -0.7861
vn -0.5063 -0.3481 -0.7890
vn -0.5385 0.4946 -0.6822
vn -0.5323 0.5188 -0.6690
vn 0.3305 -0.8596 0.3896
vn 0.3289 -0.8612 0.3875
vn -0.5160 0.5289 -0.6738
vn -0.5166 0.5271 -0.6748
vn -0.1591 -0.9575 -0.2407
vn -0.1611 -0.9565 -0.2432
vn -0.5323 0.4755 -0.7004
vn -0.5325 0.4749 -0.7007
vn -0.5825 -0.3042 -0.7538
vn -0.5818 -0.3072 -0.7531
vn -0.5459 -0.2795 -0.7898
vn -0.5417 -0.2985 -0.7858
vn -0.1747 -0.9465 -0.2714
vn -0.1722 -0.9478 -0.2683
vn -0.3070 -0.8052 -0.5074
vn -0.3074 -0.8046 -0.5080
vn 0.3847 -0.8066 0.4488
vn 0.3830 -0.8087 0.4464
vn 0.0258 -0.9984 -0.0498
vn 0.0447 -0.9987 -0.0230
vn -0.1255 -0.9715 -0.2010
vn -0.1264 -0.9712 -0.2021
vn 0.2587 0.8718 0.4161
vn 0.2580 0.8724 0.4152
vn 0.1920 0.9252 0.3273
vn 0.1921 0.9252 0.3274
vn -0.5765 -0.3499 -0.7384
vn -0.5755 -0.3537 -0.7373
vn 0.3352 0.7878 0.5168
vn 0.3350 0.7880 0.5165
vn -0.2035 -0.9307 -0.3040
vn -0.2037 -0.9306 -0.3042
vn 0.1610 0.9447 0.2858
vn 0.1613 0.9445 0.2862
vn 0.3635 -0.8357 0.4116
vn 0.3623 -0.8370 0.4100
vn -0.0735 -0.9876 -0.1386
vn -0.0736 -0.9876 -0.1388
vn -0.5616 0.2340 -0.7936
vn -0.5645 0.2016 -0.8004
vn -0.4845 -0.4700 -0.7378
vn -0.4844 -0.4701 -0.7378
vn -0.5172 -0.5389 -0.6649
vn -0.5155 -0.5428 -0.6630
vn -0.6047 -0.2457 -0.7576
vn -0.5616 -0.0554 -0.8255
vn -0.5616 -0.0565 -0.8255
vn -0.4652 0.7172 -0.5188
vn -0.4663 0.7153 -0.5204
vn -0.5471 0.5479 -0.6328
vn -0.5466 0.5493 -0.6321
vn -0.4838 0.6821 -0.5483
vn -0.4822 0.6851 -0.5460
vn -0.4768 0.5629 -0.6752
vn -0.4778 0.5601 -0.6768
vn -0.5683 0.4686 -0.6764
vn -0.5677 0.4708 -0.6754
vn -0.3458 0.8058 -0.4808
vn -0.3481 0.8028 -0.4841
vn -0.4671 0.7153 -0.5198
vn -0.4714 0.7077 -0.5262
vn 0.4153 0.7018 0.5787
vn 0.4052 0.7189 0.5648
vn -0.5955 0.3885 -0.7032
vn -0.5950 0.3904 -0.7025
vn 0.5482 -0.3379 0.7650
vn 0.5478 -0.3401 0.7644
vn 0.5734 -0.1363 0.8079
vn 0.5734 -0.1355 0.8080
vn 0.5178 -0.4678 0.7163
vn 0.5178 -0.4677 0.7163
vn -0.6026 -0.0572 -0.7960
vn -0.6052 -0.0257 -0.7957
vn 0.5601 0.1975 0.8046
vn 0.5602 0.1966 0.8047
vn 0.5118 0.4236 0.7474
vn -0.2094 -0.9017 -0.3782
vn -0.2091 -0.9019 -0.3779
vn 0.5760 -0.0054 0.8174
vn 0.5760 -0.0061 0.8174
vn -0.3648 -0.7478 -0.5547
vn -0.3633 -0.7497 -0.5531
vn -0.4990 -0.5218 -0.6919
vn -0.4975 -0.5251 -0.6905
vn 0.4292 0.6366 0.6407
vn 0.4292 0.6367 0.6406
vn 0.3843 0.7169 0.5817
vn 0.3845 0.7166 0.5819
vn -0.5949 -0.2290 -0.7705
vn -0.5934 -0.2356 -0.7696
vn 0.4633 0.5616 0.6855
vn 0.4633 0.5617 0.6854
vn -0.6243 0.2529 -0.7391
vn -0.6254 0.2407 -0.7423
vn -0.6279 0.0905 -0.7730
vn -0.6282 0.1094 -0.7704
vn -0.5675 -0.3174 -0.7597
vn -0.5672 -0.3186 -0.7595
vn -0.6040 -0.1684 -0.7790
vn -0.6029 -0.1740 -0.7786
vn -0.3118 0.8689 -0.3844
vn -0.3127 0.8681 -0.3856
vn -0.6311 0.0602 -0.7733
vn -0.6309 0.0548 -0.7739
vn 0.0851 -0.9964 -0.0061
vn 0.0903 -0.9959 0.0022
vn -0.1208 -0.9378 -0.3256
vn -0.1257 -0.9345 -0.3330
vn -0.6216 0.3180 -0.7159
vn -0.6225 0.3104 -0.7184
vn -0.6248 0.0149 -0.7806
vn -0.6266 0.0384 -0.7784
vn -0.5312 -0.4063 -0.7434
vn -0.5312 -0.4064 -0.7434
vn 0.7729 -0.0670 -0.6310
vn 0.8488 -0.1084 -0.5175
vn 0.8061 -0.1361 -0.5760
vn 0.7673 -0.1368 -0.6265
vn 0.8743 0.1516 -0.4610
vn 0.8553 0.1121 -0.5058
vn 0.8310 0.1429 -0.5376
vn 0.8485 0.1881 -0.4947
vn 0.8085 0.1748 -0.5619
vn 0.8193 0.2152 -0.5314
vn 0.7903 0.2340 -0.5663
vn 0.7828 0.2085 -0.5863
vn 0.7573 0.2099 -0.6183
vn 0.7643 0.1625 -0.6240
vn 0.7687 0.1233 -0.6276
vn 0.7716 0.0883 -0.6300
vn 0.9030 -0.0819 -0.4217
vn 0.8904 -0.1069 -0.4424
vn 0.8903 -0.0445 -0.4531
vn 0.9187 -0.0747 -0.3879
vn 0.9213 -0.0322 -0.3874
vn 0.9203 0.0170 -0.3908
vn 0.8862 -0.0058 -0.4633
vn 0.9154 0.0588 -0.3982
vn 0.8808 0.0372 -0.4719
vn 0.9076 0.0942 -0.4092
vn 0.8758 0.0802 -0.4760
vn 0.7730 0.0635 -0.6312
vn 0.7742 0.0322 -0.6321
vn 0.7745 -0.0130 -0.6324
vn 0.7738 -0.0454 -0.6318
vn 0.8610 -0.1668 -0.4804
vn 0.8969 -0.1404 -0.4193
vn 0.8187 -0.1918 -0.5412
vn 0.9232 0.0180 -0.3838
vn 0.9212 -0.0387 -0.3872
vn 0.7848 -0.1954 -0.5881
vn 0.7600 -0.1933 -0.6205
vn 0.7664 0.2368 -0.5971
vn 0.7838 0.2402 -0.5727
vn 0.9119 -0.1222 -0.3917
vn 0.8969 -0.1489 -0.4164
vn 0.9142 -0.1068 -0.3910
vn 0.8201 0.2309 -0.5235
vn 0.8547 0.1959 -0.4808
vn 0.9172 -0.0856 -0.3891
vn 0.8625 -0.1832 -0.4717
vn 0.8138 -0.1994 -0.5459
vn 0.8778 0.1551 -0.4533
vn 0.9078 0.1014 -0.4069
vn 0.9198 0.0692 -0.3863
vn 0.8879 0.1252 -0.4426
vn 0.8930 0.1179 -0.4344
vn 0.7528 0.2356 -0.6146
vn 0.7256 -0.1361 -0.6746
vn 0.6769 -0.1084 -0.7281
vn 0.6266 0.1516 -0.7644
vn 0.6544 0.1881 -0.7324
vn 0.6929 0.1429 -0.7067
vn 0.6667 0.1121 -0.7369
vn 0.6845 0.2152 -0.6965
vn 0.7123 0.1748 -0.6797
vn 0.7130 0.2340 -0.6610
vn 0.7311 0.2085 -0.6497
vn 0.5918 -0.0819 -0.8019
vn 0.6210 -0.0446 -0.7825
vn 0.6109 -0.1068 -0.7845
vn 0.5580 -0.0748 -0.8265
vn 0.5593 -0.0322 -0.8283
vn 0.5641 0.0169 -0.8255
vn 0.6307 -0.0059 -0.7760
vn 0.5718 0.0587 -0.8183
vn 0.6385 0.0372 -0.7688
vn 0.5821 0.0942 -0.8076
vn 0.6416 0.0802 -0.7629
vn 0.6430 -0.1668 -0.7475
vn 0.5900 -0.1402 -0.7951
vn 0.6941 -0.1918 -0.6939
vn 0.5564 -0.0386 -0.8300
vn 0.5558 0.0180 -0.8311
vn 0.7332 -0.1954 -0.6513
vn 0.7179 0.2402 -0.6534
vn 0.7383 0.2368 -0.6315
vn 0.5872 -0.1487 -0.7957
vn 0.5645 -0.1218 -0.8164
vn 0.5621 -0.1069 -0.8201
vn 0.6421 0.1959 -0.7412
vn 0.6770 0.2309 -0.6988
vn 0.5585 -0.0859 -0.8250
vn 0.6977 -0.1994 -0.6881
vn 0.6347 -0.1832 -0.7507
vn 0.6197 0.1551 -0.7693
vn 0.5604 0.0691 -0.8254
vn 0.5798 0.1014 -0.8084
vn 0.6042 0.1179 -0.7880
vn 0.6113 0.1252 -0.7815
vn 0.8243 -0.0231 -0.5656
vn 0.8246 -0.0231 -0.5653
vn 0.7183 -0.0234 -0.6953
vn 0.7186 -0.0233 -0.6950
vn 0.0076 -1.0000 -0.0057
vn 0.0077 -1.0000 -0.0056
vn 0.0071 -1.0000 -0.0064
vn 0.0071 -1.0000 -0.0063
vn 0.0291 0.9994 -0.0199
vn 0.0284 0.9994 -0.0206
vn 0.0292 0.9994 -0.0200
vn 0.6613 -0.0091 0.7501
vn 0.0079 -1.0000 -0.0055
vn 0.6610 -0.0000 0.7503
vn 0.6571 -0.0284 -0.7532
vn 0.0259 0.9994 -0.0237
vn 0.0280 0.9994 -0.0209
vn 0.0261 0.9994 -0.0233
vn 0.0290 0.9994 -0.0198
vn 0.0079 -1.0000 -0.0054
vn 0.7690 -0.1203 -0.6278
vn 0.0253 0.9994 -0.0245
vn 0.0254 0.9994 -0.0246
vn -0.6026 -0.0091 -0.7980
vn 0.0070 -1.0000 -0.0066
vn 0.0069 -1.0000 -0.0066
vn -0.6029 -0.0000 -0.7978
vn 0.8688 -0.0279 -0.4943
vn 0.0252 0.9994 -0.0245
vn 0.7691 0.1191 -0.6279
vn 0.7701 -0.1073 -0.6288
vn 0.7640 -0.1073 -0.6362
vn 0.7762 -0.1073 -0.6213
vn -0.0363 -0.9989 0.0300
vn -0.0365 -0.9989 0.0298
vn 0.6080 -0.2924 0.7381
vn -0.5343 0.4025 -0.7433
vn -0.6016 -0.2924 -0.7433
vn -0.5419 0.3787 -0.7503
vn 0.3547 0.8831 0.3070
vn -0.2299 0.8831 -0.4089
vn -0.0367 -0.9989 0.0295
vn 0.7049 0.4140 -0.5760
vn 0.7679 0.1286 -0.6275
vn 0.7103 0.1103 -0.6952
vn 0.5815 0.3746 -0.7222
vn 0.4940 0.7701 -0.4036
vn 0.2932 0.7070 -0.6436
vn 0.7694 -0.1127 -0.6287
vn 0.3261 0.9070 -0.2664
vn 0.0971 0.8356 -0.5407
vn 0.4724 0.2628 -0.8413
vn 0.1165 0.5263 -0.8423
vn 0.6587 0.0584 -0.7501
vn -0.1046 0.6304 -0.7692
vn -0.0097 0.2549 -0.9669
vn -0.2482 0.3205 -0.9142
vn 0.6211 -0.0191 -0.7835
vn 0.3939 0.0966 -0.9140
vn -0.0664 -0.0642 -0.9957
vn -0.3108 -0.0451 -0.9494
vn 0.6029 -0.1098 -0.7902
vn 0.3574 -0.0974 -0.9288
vn 0.3675 -0.2885 -0.8841
vn -0.0454 -0.3785 -0.9245
vn 0.6067 -0.1997 -0.7694
vn -0.2829 -0.4049 -0.8695
vn 0.4220 -0.4478 -0.7883
vn 0.0481 -0.6388 -0.7679
vn 0.6317 -0.2752 -0.7247
vn -0.1717 -0.7015 -0.6917
vn 0.1989 -0.8087 -0.5536
vn 0.0034 -0.8938 -0.4484
vn 0.6740 -0.3251 -0.6633
vn 0.5123 -0.5526 -0.6574
vn 0.7275 -0.3426 -0.5945
vn 0.6257 -0.5891 -0.5113
vn 0.3852 -0.8674 -0.3148
vn 0.2166 -0.9601 -0.1771
vn 0.7463 -0.5526 -0.3711
vn 0.5821 -0.8087 -0.0846
vn 0.7843 -0.3252 -0.5284
vn 0.4400 -0.8939 0.0860
vn 0.8361 -0.2752 -0.4747
vn 0.7620 -0.6389 0.1059
vn 0.6435 -0.7016 0.3061
vn 0.8566 -0.4478 -0.2564
vn 0.8968 -0.3786 0.2288
vn 0.7956 -0.4050 0.4506
vn 0.8749 -0.1997 -0.4413
vn 0.9396 -0.2886 -0.1840
vn 0.9814 -0.0975 -0.1651
vn 0.9625 -0.0642 0.2636
vn 0.8945 -0.1098 -0.4334
vn 0.8684 -0.0451 0.4939
vn 0.9742 0.0966 -0.2038
vn 0.9456 0.2548 0.2023
vn 0.8916 -0.0191 -0.4525
vn 0.8463 0.3204 0.4255
vn 0.8486 0.5263 0.0537
vn 0.7329 0.6304 0.2559
vn 0.8663 0.0584 -0.4960
vn 0.9186 0.2628 -0.2952
vn 0.6891 0.7070 -0.1590
vn 0.5492 0.8356 0.0127
vn 0.8228 0.1103 -0.5575
vn 0.8236 0.3746 -0.4259
vn 0.7646 -0.1592 -0.6246
vn 0.7694 -0.1138 -0.6285
vn -0.7646 0.1589 0.6246
vn -0.7694 0.1136 0.6285
vn 0.6439 0.0011 0.7651
vn 0.6440 0.0012 0.7650
vn -0.6211 0.0012 -0.7838
vn -0.6211 0.0011 -0.7837
vn 0.7700 0.1700 -0.6150
vn 0.7639 0.1701 -0.6225
vn 0.7760 0.1699 -0.6075
vn -0.0829 0.9932 0.0817
vn -0.0830 0.9932 0.0815
vn 0.5880 0.2799 0.7588
vn -0.6085 0.3035 -0.7332
vn 0.3928 -0.8809 0.2641
vn -0.1855 -0.8699 -0.4571
vn -0.0831 0.9932 0.0814
vn 0.7268 -0.3540 -0.5886
vn 0.6032 -0.3127 -0.7337
vn 0.7199 -0.0460 -0.6925
vn 0.7777 -0.0652 -0.6252
vn 0.5313 -0.7256 -0.4373
vn 0.3302 -0.6593 -0.6755
vn 0.7690 0.1755 -0.6146
vn 0.3696 -0.8760 -0.3098
vn 0.1403 -0.8011 -0.5819
vn 0.1473 -0.4771 -0.8664
vn 0.4904 -0.2002 -0.8482
vn 0.6667 0.0063 -0.7453
vn -0.0685 -0.5943 -0.8013
vn -0.2253 -0.2849 -0.9317
vn 0.0098 -0.2059 -0.9785
vn 0.4052 -0.0344 -0.9136
vn 0.6260 0.0836 -0.7753
vn -0.3048 0.0783 -0.9492
vn -0.0612 0.1110 -0.9919
vn 0.3602 0.1582 -0.9194
vn 0.6040 0.1736 -0.7779
vn -0.0554 0.4220 -0.9049
vn 0.3614 0.3472 -0.8654
vn 0.6037 0.2625 -0.7527
vn -0.2948 0.4345 -0.8510
vn 0.0249 0.6782 -0.7344
vn 0.4079 0.5040 -0.7613
vn 0.6251 0.3368 -0.7041
vn -0.1991 0.7269 -0.6572
vn -0.0349 0.9149 -0.4022
vn 0.1663 0.8439 -0.5101
vn 0.4928 0.6063 -0.6242
vn 0.6648 0.3856 -0.6398
vn 0.6037 0.6404 -0.4749
vn 0.7170 0.4018 -0.5695
vn 0.3484 0.8988 -0.2662
vn 0.1736 0.9769 -0.1247
vn 0.5464 0.8367 -0.0366
vn 0.7249 0.6018 -0.3351
vn 0.7741 0.3834 -0.5037
vn 0.3985 0.9068 0.1378
vn 0.8277 0.3329 -0.4519
vn 0.6093 0.7115 0.3500
vn 0.7325 0.6646 0.1470
vn 0.8390 0.4957 -0.2245
vn 0.7735 0.4137 0.4801
vn 0.8778 0.4038 0.2577
vn 0.9282 0.3361 -0.1593
vn 0.8694 0.2573 -0.4218
vn 0.9567 0.0910 0.2764
vn 0.9778 0.1461 -0.1499
vn 0.8927 0.1680 -0.4183
vn 0.8617 0.0553 0.5044
vn 0.9541 -0.2245 0.1983
vn 0.9790 -0.0457 -0.1987
vn 0.8936 0.0783 -0.4420
vn 0.8562 -0.3061 0.4162
vn 0.7582 -0.6104 0.2293
vn 0.8704 -0.4912 0.0349
vn 0.9311 -0.2089 -0.2989
vn 0.8720 0.0022 -0.4896
vn 0.5864 -0.8096 -0.0257
vn 0.7210 -0.6668 -0.1882
vn 0.8422 -0.3174 -0.4358
vn 0.8312 -0.0482 -0.5539
vn 0.6439 -0.0014 0.7651
vn 0.6439 -0.0017 0.7651
vn 0.6439 -0.0015 0.7651
vn -0.7607 -0.1874 0.6214
vn -0.7720 -0.0798 0.6306
vn 0.7607 0.1878 -0.6214
vn 0.7720 0.0800 -0.6306
vn 0.7481 0.2585 -0.6111
vn 0.7630 0.1711 -0.6233
vn 0.7731 0.0598 -0.6315
vn 0.7732 -0.0559 -0.6316
vn 0.7691 -0.1174 -0.6283
vn 0.7635 -0.1677 -0.6237
vn 0.7575 -0.2084 -0.6187
vn -0.7575 0.2081 0.6188
vn -0.7635 0.1675 0.6237
vn -0.7691 0.1173 0.6283
vn -0.7732 0.0559 0.6316
vn -0.7731 -0.0597 0.6315
vn -0.7631 -0.1708 0.6233
vn -0.7482 -0.2581 0.6112
vn 0.6437 -0.0006 0.7653
vn 0.6436 -0.0004 0.7653
vn 0.6434 -0.0003 0.7655
vn 0.6433 -0.0004 0.7656
vn 0.6431 -0.0006 0.7658
vn 0.6431 -0.0002 0.7658
vn 0.6430 -0.0002 0.7658
vn 0.6432 0.0001 0.7657
vn 0.6435 0.0005 0.7655
vn 0.6434 0.0005 0.7655
vn 0.6438 0.0009 0.7652
vn 0.6437 0.0008 0.7653
vn -0.6211 -0.0014 -0.7837
vn -0.6212 -0.0013 -0.7837
vn -0.6214 -0.0004 -0.7835
vn -0.6213 -0.0006 -0.7835
vn -0.6217 -0.0004 -0.7833
vn -0.6216 -0.0003 -0.7833
vn -0.6219 -0.0006 -0.7831
vn -0.6220 -0.0002 -0.7830
vn -0.6218 0.0001 -0.7832
vn -0.6216 0.0005 -0.7833
vn -0.6215 0.0005 -0.7834
vn -0.6213 0.0008 -0.7836
vn -0.6211 -0.0017 -0.7837
vn 0.4483 -0.3813 0.8085
vn 0.4482 -0.3817 0.8084
vn 0.5068 0.0158 0.8619
vn 0.5065 0.0104 0.8622
vn -0.4262 0.3795 -0.8212
vn -0.4263 0.3790 -0.8214
vn -0.4830 -0.0126 -0.8755
vn -0.4833 -0.0181 -0.8753
vn 0.3221 -0.7071 0.6294
vn 0.3198 -0.7113 0.6259
vn -0.3014 0.7089 -0.6377
vn -0.3038 0.7045 -0.6414
vn 0.1523 -0.9204 0.3600
vn 0.1473 -0.9244 0.3517
vn -0.1328 0.9222 -0.3633
vn -0.1378 0.9181 -0.3717
vn -0.0347 -0.9985 0.0421
vn -0.0413 -0.9987 0.0305
vn 0.2357 0.9295 0.2838
vn 0.2293 0.9346 0.2720
vn 0.0476 0.9974 -0.0537
vn 0.0542 0.9976 -0.0422
vn -0.2145 -0.9348 -0.2832
vn -0.2208 -0.9296 -0.2952
vn 0.3874 0.7230 0.5719
vn 0.3830 0.7322 0.5632
vn -0.3642 -0.7330 -0.5745
vn -0.3686 -0.7237 -0.5834
vn 0.4844 0.4009 0.7776
vn 0.4827 0.4103 0.7737
vn -0.4605 -0.4124 -0.7861
vn -0.4620 -0.4028 -0.7901
vn 0.8866 -0.0832 -0.4550
vn 0.8868 -0.0859 -0.4542
vn 0.8976 -0.0827 -0.4329
vn 0.8975 -0.0800 -0.4338
vn 0.8871 -0.0804 -0.4545
vn 0.8971 -0.0855 -0.4335
vn 0.8884 -0.0778 -0.4524
vn 0.8884 -0.0777 -0.4524
vn 0.8958 -0.0881 -0.4356
vn 0.8904 -0.0757 -0.4489
vn 0.8939 -0.0902 -0.4391
vn 0.8927 -0.0749 -0.4444
vn 0.8894 -0.0904 -0.4481
vn 0.8916 -0.0910 -0.4436
vn 0.8949 -0.0755 -0.4399
vn 0.8877 -0.0885 -0.4518
vn 0.8965 -0.0774 -0.4361
vn 0.8965 -0.0774 -0.4362
vn 0.4554 0.3856 0.8024
vn 0.5064 -0.0062 0.8623
vn 0.5065 -0.0095 0.8622
vn 0.4549 0.3878 0.8017
vn -0.4327 -0.3865 -0.8144
vn -0.4830 0.0109 -0.8756
vn -0.4829 0.0076 -0.8757
vn -0.4333 -0.3842 -0.8153
vn 0.3351 0.7111 0.6181
vn 0.3322 0.7164 0.6136
vn -0.3137 -0.7146 -0.6253
vn -0.3166 -0.7091 -0.6300
vn 0.1689 0.9233 0.3449
vn 0.1635 0.9276 0.3359
vn -0.1490 -0.9258 -0.3474
vn -0.1543 -0.9215 -0.3565
vn -0.0169 0.9995 0.0253
vn -0.0236 0.9996 0.0137
vn 0.2190 -0.9288 0.2991
vn 0.0365 -0.9990 -0.0253
vn 0.0299 -0.9989 -0.0370
vn 0.2128 -0.9337 0.2880
vn -0.1981 0.9334 -0.2993
vn -0.2042 0.9284 -0.3105
vn 0.3743 -0.7207 0.5835
vn 0.3702 -0.7289 0.5759
vn -0.3515 0.7291 -0.5873
vn -0.3556 0.7207 -0.5951
vn 0.4771 -0.3974 0.7839
vn 0.4756 -0.4051 0.7808
vn -0.4534 0.4063 -0.7933
vn -0.4548 0.3984 -0.7965
vn 0.8883 0.0500 -0.4565
vn 0.8886 0.0528 -0.4557
vn 0.8886 0.0528 -0.4556
vn 0.8994 0.0498 -0.4343
vn 0.8991 0.0470 -0.4351
vn 0.8888 0.0473 -0.4558
vn 0.8888 0.0472 -0.4558
vn 0.8989 0.0525 -0.4350
vn 0.8900 0.0446 -0.4537
vn 0.8977 0.0551 -0.4371
vn 0.8977 0.0552 -0.4371
vn 0.8919 0.0426 -0.4502
vn 0.8959 0.0572 -0.4406
vn 0.8959 0.0572 -0.4407
vn 0.8942 0.0418 -0.4457
vn 0.8913 0.0573 -0.4497
vn 0.8936 0.0580 -0.4452
vn 0.8964 0.0425 -0.4411
vn 0.8896 0.0554 -0.4534
vn 0.8982 0.0445 -0.4374
vn 0.8981 0.0444 -0.4374
vn -0.1526 0.8656 -0.4769
vn -0.1118 0.8559 -0.5049
vn -0.3450 0.4992 -0.7949
vn -0.3697 0.5047 -0.7801
vn 0.0997 0.9931 -0.0613
vn 0.1459 0.9848 -0.0945
vn 0.3285 0.8706 0.3663
vn 0.3687 0.8663 0.3370
vn 0.4793 0.5198 0.7071
vn 0.5035 0.5207 0.6895
vn 0.5048 0.0185 0.8630
vn 0.5060 0.0226 0.8623
vn 0.3909 -0.4906 0.7788
vn 0.3668 -0.4869 0.7927
vn 0.1746 -0.8575 0.4839
vn 0.1294 -0.8543 0.5035
vn -0.0802 -0.9944 0.0684
vn -0.1351 -0.9871 0.0859
vn -0.3119 -0.8766 -0.3664
vn -0.3606 -0.8633 -0.3531
vn -0.4641 -0.5217 -0.7159
vn -0.4917 -0.5081 -0.7071
vn -0.4874 -0.0095 -0.8731
vn -0.4873 -0.0047 -0.8732
vn -0.2930 0.4854 -0.8238
vn -0.4874 -0.0033 -0.8732
vn -0.0215 0.8330 -0.5528
vn 0.2509 0.9568 -0.1468
vn 0.4603 0.8386 0.2913
vn 0.5573 0.5032 0.6604
vn 0.5082 0.0227 0.8610
vn 0.3166 -0.4724 0.8226
vn 0.0392 -0.8321 0.5532
vn -0.2411 -0.9605 0.1387
vn -0.4528 -0.8363 -0.3091
vn -0.5447 -0.4899 -0.6807
vn -0.2386 0.4614 -0.8545
vn -0.4872 -0.0023 -0.8733
vn 0.0736 0.7938 -0.6037
vn 0.3616 0.9103 -0.2016
vn 0.5563 0.7942 0.2444
vn 0.6133 0.4754 0.6307
vn 0.5105 0.0222 0.8596
vn 0.2638 -0.4483 0.8541
vn -0.0567 -0.7934 0.6061
vn -0.3537 -0.9149 0.1945
vn -0.5498 -0.7927 -0.2633
vn -0.5996 -0.4622 -0.6533
vn -0.1856 0.4267 -0.8851
vn -0.4871 -0.0022 -0.8734
vn 0.1676 0.7370 -0.6547
vn 0.4713 0.8442 -0.2556
vn 0.6506 0.7329 0.1992
vn 0.6679 0.4373 0.6023
vn 0.5127 0.0209 0.8583
vn 0.2114 -0.4142 0.8853
vn -0.1525 -0.7366 0.6589
vn -0.4662 -0.8487 0.2498
vn -0.6454 -0.7319 -0.2186
vn -0.6530 -0.4250 -0.6268
vn -0.1376 0.3829 -0.9135
vn -0.4872 -0.0028 -0.8733
vn 0.2541 0.6651 -0.7022
vn 0.5724 0.7611 -0.3050
vn 0.7366 0.6574 0.1588
vn 0.7170 0.3908 0.5772
vn 0.5143 0.0191 0.8574
vn 0.1633 -0.3718 0.9138
vn -0.2412 -0.6641 0.7077
vn -0.5700 -0.7647 0.3006
vn -0.7328 -0.6568 -0.1781
vn -0.7013 -0.3804 -0.6029
vn -0.0976 0.3336 -0.9376
vn -0.4877 -0.0040 -0.8730
vn 0.3277 0.5835 -0.7430
vn 0.6589 0.6676 -0.3467
vn 0.8093 0.5738 0.1254
vn 0.7579 0.3400 0.5567
vn 0.5154 0.0169 0.8568
vn 0.1222 -0.3245 0.9380
vn -0.3170 -0.5819 0.7489
vn -0.6583 -0.6699 0.3433
vn -0.8063 -0.5737 -0.1441
vn -0.7417 -0.3321 -0.5827
vn -0.0668 0.2834 -0.9567
vn -0.4887 -0.0055 -0.8724
vn 0.3860 0.4995 -0.7756
vn 0.7276 0.5716 -0.3795
vn 0.8663 0.4894 0.0999
vn 0.7895 0.2893 0.5413
vn 0.5159 0.0149 0.8565
vn 0.0896 -0.2764 0.9568
vn -0.3770 -0.4977 0.7812
vn -0.7278 -0.5731 0.3767
vn -0.8638 -0.4900 -0.1177
vn -0.7734 -0.2841 -0.5667
vn -0.0446 0.2361 -0.9707
vn -0.4900 -0.0068 -0.8717
vn 0.4292 0.4196 -0.7998
vn 0.7787 0.4805 -0.4035
vn 0.9083 0.4103 0.0815
vn 0.8125 0.2423 0.5303
vn 0.5159 0.0131 0.8566
vn 0.0652 -0.2312 0.9707
vn -0.4216 -0.4179 0.8047
vn -0.7792 -0.4817 0.4010
vn -0.9060 -0.4117 -0.0983
vn -0.7968 -0.2395 -0.5547
vn -0.0297 0.1944 -0.9805
vn -0.4916 -0.0079 -0.8708
vn 0.4595 0.3485 -0.8169
vn 0.8148 0.3996 -0.4201
vn 0.9376 0.3407 0.0690
vn 0.8283 0.2013 0.5229
vn 0.5156 0.0117 0.8567
vn 0.0478 -0.1911 0.9804
vn -0.4532 -0.3471 0.8210
vn -0.8154 -0.4007 0.4178
vn -0.9356 -0.3428 -0.0847
vn -0.8135 -0.2003 -0.5460
vn -0.0255 0.1747 -0.9843
vn -0.4917 -0.0080 -0.8707
vn 0.4679 0.3148 -0.8258
vn 0.8265 0.3620 -0.4312
vn 0.9491 0.3092 0.0598
vn 0.8357 0.1832 0.5177
vn 0.5159 0.0113 0.8566
vn 0.0390 -0.1730 0.9841
vn -0.4688 -0.3146 0.8254
vn -0.8314 -0.3629 0.4208
vn -0.9471 -0.3102 -0.0827
vn -0.8189 -0.1816 -0.5445
vn -0.3139 0.9389 0.1410
vn -0.3137 0.9413 0.1250
vn -0.3140 0.9411 0.1255
vn -0.3136 0.9389 0.1416
vn 0.2669 -0.9564 -0.1186
vn 0.2691 -0.9559 -0.1179
vn 0.2690 -0.9565 -0.1126
vn 0.2733 -0.9554 -0.1119
vn 0.2733 -0.9554 -0.1118
vn 0.2688 -0.9566 -0.1127
vn 0.2678 -0.9565 -0.1154
vn 0.2678 -0.9565 -0.1155
vn -0.2890 0.9488 0.1277
vn -0.2845 0.9493 0.1336
vn -0.2844 0.9493 0.1340
vn 0.2776 -0.9528 -0.1230
vn 0.2719 -0.9539 -0.1273
vn 0.2775 -0.9528 -0.1232
vn -0.2881 0.9491 0.1272
vn -0.2908 0.9479 0.1303
vn -0.2882 0.9491 0.1275
vn 0.2688 -0.9560 -0.1174
vn -0.3002 0.9420 0.1502
vn 0.2649 -0.9566 -0.1215
vn 0.2649 -0.9566 -0.1216
vn -0.2929 0.9476 0.1276
vn -0.2930 0.9475 0.1277
vn 0.2778 -0.9536 -0.1158
vn 0.2779 -0.9536 -0.1161
vn 0.8331 0.1702 0.5263
vn 0.5078 0.0061 0.8615
vn 0.5197 0.0112 0.8543
vn 0.8397 0.1744 0.5142
vn 0.0317 -0.1747 0.9841
vn -0.4680 -0.3178 0.8246
vn -0.4649 -0.3171 0.8267
vn 0.0435 -0.1708 0.9843
vn -0.8264 -0.1854 -0.5317
vn -0.5013 -0.0130 -0.8652
vn -0.4891 -0.0076 -0.8722
vn -0.8172 -0.1791 -0.5478
vn 0.4773 0.2977 -0.8268
vn 0.8390 0.3401 -0.4247
vn 0.8339 0.3403 -0.4345
vn 0.4743 0.2971 -0.8288
vn -0.8254 -0.3687 0.4275
vn -0.9463 -0.3159 -0.0689
vn -0.9460 -0.3124 -0.0864
vn -0.8294 -0.3687 0.4197
vn 0.9548 0.2889 0.0699
vn 0.9550 0.2913 0.0565
vn -0.0278 0.1644 -0.9860
vn -0.0215 0.1664 -0.9858
vn 0.2697 -0.9557 -0.1179
vn -0.2868 0.9470 0.1446
vn -0.2871 0.9468 0.1450
vn 0.2662 -0.9557 -0.1257
vn 0.2663 -0.9556 -0.1259
vn -0.2907 0.9492 0.1207
vn -0.2905 0.9492 0.1211
vn -0.3016 0.9462 0.1174
vn -0.2934 0.9472 0.1296
vn -0.2933 0.9472 0.1297
vn -0.1674 -0.8711 -0.4617
vn -0.3782 -0.5123 -0.7710
vn -0.3536 -0.5066 -0.7863
vn -0.1268 -0.8623 -0.4903
vn 0.0822 -0.9956 -0.0446
vn 0.1284 -0.9887 -0.0779
vn 0.3128 -0.8704 0.3802
vn 0.3532 -0.8671 0.3512
vn 0.4699 -0.5177 0.7150
vn 0.4943 -0.5184 0.6979
vn 0.5046 -0.0147 0.8632
vn 0.5057 -0.0173 0.8626
vn 0.4000 0.4955 0.7710
vn 0.3754 0.4938 0.7844
vn 0.1900 0.8620 0.4700
vn 0.1443 0.8603 0.4889
vn -0.0627 0.9967 0.0517
vn -0.1177 0.9906 0.0693
vn -0.2967 0.8755 -0.3815
vn -0.3452 0.8637 -0.3673
vn -0.4551 0.5169 -0.7251
vn -0.4827 0.5051 -0.7154
vn -0.4872 0.0021 -0.8733
vn -0.4872 -0.0013 -0.8733
vn -0.4873 -0.0026 -0.8732
vn -0.3012 -0.4946 -0.8153
vn -0.0359 -0.8421 -0.5381
vn 0.2338 -0.9635 -0.1307
vn 0.4451 -0.8420 0.3048
vn 0.5483 -0.5027 0.6683
vn 0.5079 -0.0175 0.8612
vn 0.3248 0.4811 0.8143
vn 0.0537 0.8409 0.5385
vn -0.2238 0.9669 0.1224
vn -0.4375 0.8394 -0.3226
vn -0.5358 0.4888 -0.6885
vn -0.4872 -0.0035 -0.8733
vn -0.2464 -0.4725 -0.8462
vn 0.0598 -0.8057 -0.5892
vn 0.3449 -0.9200 -0.1860
vn 0.5414 -0.8006 0.2569
vn 0.6046 -0.4768 0.6380
vn 0.5102 -0.0170 0.8599
vn 0.2715 0.4589 0.8460
vn -0.0427 0.8052 0.5915
vn -0.3367 0.9245 0.1786
vn -0.5347 0.7987 -0.2759
vn -0.5911 0.4630 -0.6605
vn -0.4871 -0.0037 -0.8734
vn -0.1927 -0.4397 -0.8772
vn 0.1546 -0.7521 -0.6406
vn 0.4551 -0.8573 -0.2407
vn 0.6362 -0.7422 0.2106
vn 0.6597 -0.4406 0.6088
vn 0.5124 -0.0158 0.8586
vn 0.2185 0.4268 0.8775
vn -0.1391 0.7516 0.6447
vn -0.4495 0.8619 0.2346
vn -0.6308 0.7410 -0.2302
vn -0.6450 0.4278 -0.6333
vn -0.4872 -0.0031 -0.8733
vn -0.1440 -0.3978 -0.9061
vn 0.2420 -0.6833 -0.6888
vn 0.5571 -0.7778 -0.2911
vn 0.7230 -0.6698 0.1690
vn 0.7095 -0.3960 0.5829
vn 0.5140 -0.0141 0.8576
vn 0.1697 0.3863 0.9066
vn -0.2287 0.6825 0.6942
vn -0.5541 0.7817 0.2864
vn -0.7188 0.6691 -0.1885
vn -0.6939 0.3850 -0.6085
vn -0.4877 -0.0019 -0.8730
vn -0.1032 -0.3502 -0.9310
vn 0.3167 -0.6048 -0.7307
vn 0.6446 -0.6877 -0.3341
vn 0.7968 -0.5892 0.1344
vn 0.7512 -0.3469 0.5616
vn 0.5151 -0.0120 0.8570
vn 0.1278 0.3406 0.9315
vn -0.3055 0.6035 0.7365
vn -0.6434 0.6905 0.3304
vn -0.7934 0.5890 -0.1534
vn -0.7351 0.3383 -0.5876
vn -0.4887 -0.0004 -0.8725
vn -0.0716 -0.3013 -0.9508
vn 0.3762 -0.5235 -0.7645
vn 0.7145 -0.5948 -0.3682
vn 0.8551 -0.5073 0.1075
vn 0.7836 -0.2975 0.5454
vn 0.5156 -0.0100 0.8568
vn 0.0944 0.2939 0.9511
vn -0.3668 0.5220 0.7701
vn -0.7144 0.5969 0.3652
vn -0.8522 0.5078 -0.1257
vn -0.7676 0.2915 -0.5709
vn -0.4900 0.0010 -0.8717
vn -0.0487 -0.2551 -0.9657
vn 0.4207 -0.4458 -0.7901
vn 0.7672 -0.5064 -0.3937
vn 0.8984 -0.4303 0.0880
vn 0.8074 -0.2516 0.5337
vn 0.5156 -0.0082 0.8568
vn 0.0693 0.2497 0.9658
vn -0.4128 0.4444 0.7951
vn -0.7674 0.5081 0.3911
vn -0.8959 0.4316 -0.1051
vn -0.7918 0.2479 -0.5582
vn -0.4915 0.0021 -0.8708
vn -0.0331 -0.2142 -0.9762
vn 0.4522 -0.3764 -0.8086
vn 0.8048 -0.4275 -0.4118
vn 0.9291 -0.3622 0.0744
vn 0.8240 -0.2114 0.5257
vn 0.5154 -0.0068 0.8569
vn 0.0512 0.2105 0.9763
vn -0.4456 0.3752 0.8128
vn -0.8051 0.4291 0.4094
vn -0.9269 0.3642 -0.0904
vn -0.8092 0.2095 -0.5489
vn -0.4906 0.0018 -0.8714
vn -0.0273 -0.1952 -0.9804
vn 0.4619 -0.3435 -0.8177
vn 0.8172 -0.3908 -0.4235
vn 0.9413 -0.3316 0.0640
vn 0.8323 -0.1939 0.5193
vn 0.5168 -0.0069 0.8561
vn 0.0432 0.1924 0.9804
vn -0.4613 0.3433 0.8181
vn -0.8220 0.3921 0.4130
vn -0.9391 0.3321 -0.0884
vn -0.8145 0.1907 -0.5479
vn -0.3309 -0.9305 0.1569
vn -0.3306 -0.9305 0.1575
vn -0.3309 -0.9330 0.1414
vn -0.3306 -0.9332 0.1409
vn 0.2825 0.9499 -0.1339
vn 0.2843 0.9495 -0.1330
vn 0.2851 0.9499 -0.1282
vn 0.2849 0.9499 -0.1284
vn 0.2898 0.9485 -0.1277
vn 0.2899 0.9485 -0.1277
vn 0.2833 0.9501 -0.1308
vn 0.2833 0.9500 -0.1309
vn -0.3047 -0.9417 0.1430
vn -0.3006 -0.9420 0.1496
vn -0.3007 -0.9420 0.1492
vn 0.2945 0.9455 -0.1389
vn 0.2944 0.9455 -0.1392
vn 0.2887 0.9466 -0.1432
vn 0.2888 0.9466 -0.1432
vn -0.3037 -0.9420 0.1426
vn -0.3038 -0.9420 0.1428
vn -0.3060 -0.9409 0.1454
vn -0.3060 -0.9408 0.1454
vn 0.2840 0.9496 -0.1326
vn -0.3171 -0.9337 0.1661
vn -0.3170 -0.9337 0.1661
vn 0.2810 0.9499 -0.1370
vn 0.2810 0.9498 -0.1372
vn -0.3082 -0.9406 0.1427
vn -0.3083 -0.9405 0.1427
vn 0.2947 0.9465 -0.1318
vn 0.2948 0.9464 -0.1320
vn 0.8290 -0.1801 0.5295
vn 0.8365 -0.1854 0.5157
vn 0.5205 -0.0070 0.8538
vn 0.5067 -0.0005 0.8621
vn 0.0339 0.1950 0.9802
vn 0.0477 0.1900 0.9806
vn -0.4573 0.3456 0.8194
vn -0.4615 0.3466 0.8166
vn -0.8228 0.1956 -0.5336
vn -0.8129 0.1881 -0.5512
vn -0.4879 0.0012 -0.8729
vn -0.5021 0.0080 -0.8648
vn 0.4704 -0.3264 -0.8199
vn 0.4687 -0.3261 -0.8210
vn 0.8252 -0.3696 -0.4272
vn 0.8302 -0.3694 -0.4175
vn -0.8159 0.3978 0.4196
vn -0.8199 0.3977 0.4118
vn -0.9380 0.3341 -0.0921
vn -0.9382 0.3382 -0.0737
vn 0.9474 -0.3111 0.0750
vn 0.9475 -0.3141 0.0604
vn -0.0318 -0.1841 -0.9824
vn -0.0231 -0.1871 -0.9821
vn 0.2848 0.9493 -0.1330
vn -0.3035 -0.9392 0.1604
vn -0.3038 -0.9391 0.1608
vn 0.2828 0.9487 -0.1415
vn 0.2829 0.9486 -0.1417
vn -0.3069 -0.9419 0.1363
vn -0.3066 -0.9420 0.1366
vn -0.3183 -0.9386 0.1331
vn -0.3182 -0.9386 0.1331
vn -0.3084 -0.9402 0.1446
vn -0.3084 -0.9402 0.1447
vn -0.0983 0.4307 -0.8971
vn -0.0524 0.2756 -0.9598
vn -0.5272 0.1446 -0.8373
vn -0.5521 0.3009 -0.7776
vn 0.3873 0.5328 -0.7524
vn 0.4493 0.3777 -0.8096
vn 0.7383 0.5607 -0.3748
vn 0.8102 0.4098 -0.4191
vn 0.8516 0.5154 0.0954
vn 0.9268 0.3689 0.0707
vn 0.7301 0.4286 0.5322
vn 0.8012 0.2800 0.5288
vn 0.4073 0.3246 0.8537
vn 0.4666 0.1657 0.8688
vn -0.0618 0.2211 0.9733
vn -0.0211 0.0469 0.9987
vn -0.5495 0.1407 0.8236
vn -0.5306 -0.0454 0.8464
vn -0.8888 0.1052 0.4462
vn -0.8885 -0.0817 0.4516
vn -0.9922 0.1227 -0.0235
vn -0.9975 -0.0542 -0.0452
vn -0.8671 0.1907 -0.4603
vn -0.8620 0.0265 -0.5062
vn -0.0106 0.1093 -0.9940
vn -0.4959 -0.0092 -0.8683
vn 0.5020 0.2012 -0.8411
vn 0.8660 0.2323 -0.4428
vn 0.9787 0.1985 0.0524
vn 0.8502 0.1185 0.5129
vn 0.5150 0.0094 0.8571
vn 0.0227 -0.1087 0.9938
vn -0.4984 -0.2010 0.8433
vn -0.8666 -0.2339 0.4409
vn -0.9773 -0.2015 -0.0655
vn -0.8377 -0.1201 -0.5328
vn -0.0068 0.0876 -0.9961
vn -0.4961 -0.0090 -0.8682
vn 0.5096 0.1630 -0.8448
vn 0.8747 0.1889 -0.4464
vn 0.9856 0.1620 0.0492
vn 0.8543 0.0975 0.5106
vn 0.5158 0.0091 0.8567
vn 0.0194 -0.0871 0.9960
vn -0.5057 -0.1628 0.8472
vn -0.8753 -0.1904 0.4445
vn -0.9843 -0.1648 -0.0628
vn -0.8415 -0.0990 -0.5311
vn -0.0039 0.0647 -0.9979
vn -0.4966 -0.0089 -0.8679
vn 0.5158 0.1229 -0.8479
vn 0.8818 0.1435 -0.4493
vn 0.9912 0.1238 0.0468
vn 0.8576 0.0755 0.5088
vn 0.5162 0.0088 0.8564
vn 0.0163 -0.0644 0.9978
vn -0.5120 -0.1226 0.8502
vn -0.8825 -0.1446 0.4474
vn -0.9902 -0.1261 -0.0605
vn -0.8448 -0.0769 -0.5295
vn -0.0023 0.0431 -0.9991
vn -0.4974 -0.0089 -0.8675
vn 0.5200 0.0848 -0.8499
vn 0.8868 0.1004 -0.4511
vn 0.9951 0.0877 0.0453
vn 0.8597 0.0546 0.5078
vn 0.5163 0.0084 0.8564
vn 0.0138 -0.0429 0.9990
vn -0.5165 -0.0845 0.8521
vn -0.8876 -0.1012 0.4493
vn -0.9942 -0.0895 -0.0588
vn -0.8474 -0.0561 -0.5280
vn -0.0017 0.0246 -0.9997
vn -0.4983 -0.0087 -0.8670
vn 0.5223 0.0521 -0.8511
vn 0.8898 0.0634 -0.4520
vn 0.9974 0.0566 0.0447
vn 0.8609 0.0367 0.5074
vn 0.5161 0.0080 0.8565
vn 0.0121 -0.0246 0.9996
vn -0.5194 -0.0519 0.8530
vn -0.8906 -0.0639 0.4503
vn -0.9966 -0.0582 -0.0576
vn -0.8491 -0.0381 -0.5269
vn -0.0019 0.0100 -0.9999
vn -0.4992 -0.0084 -0.8665
vn 0.5234 0.0262 -0.8517
vn 0.8912 0.0340 -0.4522
vn 0.9985 0.0319 0.0446
vn 0.8615 0.0223 0.5073
vn 0.5159 0.0075 0.8566
vn 0.0110 -0.0102 0.9999
vn -0.5209 -0.0260 0.8532
vn -0.8920 -0.0344 0.4507
vn -0.9978 -0.0332 -0.0570
vn -0.8501 -0.0237 -0.5261
vn -0.0019 -0.0020 -1.0000
vn -0.4996 -0.0077 -0.8662
vn 0.5239 0.0043 -0.8518
vn 0.8919 0.0090 -0.4522
vn 0.9989 0.0108 0.0446
vn 0.8618 0.0099 0.5071
vn 0.5161 0.0069 0.8565
vn 0.0108 0.0018 0.9999
vn -0.5215 -0.0042 0.8533
vn -0.8926 -0.0093 0.4507
vn -0.9983 -0.0117 -0.0569
vn -0.8505 -0.0111 -0.5258
vn 0.5236 -0.0120 -0.8519
vn -0.0029 -0.0105 -0.9999
vn 0.8920 -0.0101 -0.4519
vn 0.9990 -0.0057 0.0451
vn 0.8616 -0.0001 0.5076
vn 0.5157 0.0057 0.8568
vn 0.0103 0.0103 0.9999
vn -0.5218 0.0120 0.8530
vn -0.8927 0.0099 0.4506
vn -0.9984 0.0051 -0.0565
vn -0.8511 -0.0008 -0.5250
vn -0.5006 -0.0064 -0.8656
vn -0.0042 -0.0122 -0.9999
vn -0.5018 -0.0044 -0.8650
vn 0.5230 -0.0170 -0.8521
vn 0.8920 -0.0168 -0.4516
vn 0.9989 -0.0121 0.0457
vn 0.8612 -0.0047 0.5083
vn 0.5149 0.0039 0.8572
vn 0.0095 0.0121 0.9999
vn -0.5222 0.0170 0.8527
vn -0.8926 0.0167 0.4506
vn -0.9984 0.0118 -0.0559
vn -0.8516 0.0042 -0.5242
vn -0.0043 -0.0096 -0.9999
vn -0.5019 -0.0020 -0.8649
vn 0.5230 -0.0148 -0.8522
vn 0.8921 -0.0156 -0.4516
vn 0.9989 -0.0121 0.0458
vn 0.8611 -0.0059 0.5083
vn 0.5148 0.0018 0.8573
vn 0.0094 0.0096 0.9999
vn -0.5223 0.0148 0.8527
vn -0.8926 0.0156 0.4506
vn -0.9984 0.0121 -0.0559
vn -0.8517 0.0057 -0.5241
vn -0.5003 0.0017 -0.8658
vn -0.5013 0.0002 -0.8653
vn -0.0036 -0.0085 -1.0000
vn -0.0027 -0.0125 -0.9999
vn -0.5015 -0.0627 -0.8629
vn -0.4960 0.0035 -0.8683
vn -0.0083 -0.1080 -0.9941
vn -0.0268 -0.2204 -0.9750
vn 0.5060 -0.1931 -0.8407
vn 0.4709 -0.3359 -0.8157
vn 0.8696 -0.2197 -0.4423
vn 0.8268 -0.3705 -0.4232
vn 0.9813 -0.1856 0.0518
vn 0.9443 -0.3230 0.0627
vn 0.8522 -0.1085 0.5119
vn 0.8277 -0.2164 0.5177
vn 0.5157 -0.0044 0.8568
vn 0.5060 -0.0706 0.8596
vn 0.0210 0.1072 0.9940
vn 0.0252 0.0907 0.9956
vn -0.5019 0.1930 0.8431
vn -0.4907 0.2205 0.8430
vn -0.8701 0.2214 0.4403
vn -0.8599 0.2662 0.4356
vn -0.9799 0.1882 -0.0656
vn -0.9739 0.2148 -0.0739
vn -0.8394 0.1092 -0.5325
vn -0.8379 0.0937 -0.5378
vn -0.4965 0.0035 -0.8680
vn -0.0051 -0.0853 -0.9963
vn 0.5130 -0.1533 -0.8446
vn 0.8778 -0.1748 -0.4460
vn 0.9878 -0.1478 0.0488
vn 0.8559 -0.0867 0.5098
vn 0.5161 -0.0041 0.8565
vn 0.0175 0.0847 0.9963
vn -0.5090 0.1531 0.8470
vn -0.8785 0.1760 0.4442
vn -0.9867 0.1499 -0.0627
vn -0.8431 0.0874 -0.5306
vn -0.4973 0.0034 -0.8676
vn -0.0031 -0.0638 -0.9980
vn 0.5180 -0.1156 -0.8476
vn 0.8839 -0.1321 -0.4487
vn 0.9926 -0.1119 0.0468
vn 0.8585 -0.0659 0.5085
vn 0.5162 -0.0037 0.8565
vn 0.0147 0.0633 0.9979
vn -0.5144 0.1153 0.8498
vn -0.8846 0.1330 0.4469
vn -0.9917 0.1136 -0.0604
vn -0.8461 0.0667 -0.5288
vn -0.4982 0.0033 -0.8671
vn -0.0023 -0.0454 -0.9990
vn 0.5210 -0.0830 -0.8495
vn 0.8878 -0.0953 -0.4503
vn 0.9957 -0.0810 0.0457
vn 0.8601 -0.0481 0.5079
vn 0.5160 -0.0033 0.8566
vn 0.0126 0.0451 0.9989
vn -0.5179 0.0828 0.8514
vn -0.8885 0.0960 0.4487
vn -0.9949 0.0823 -0.0587
vn -0.8482 0.0488 -0.5275
vn -0.4991 0.0030 -0.8666
vn -0.0022 -0.0308 -0.9995
vn 0.5225 -0.0572 -0.8507
vn 0.8900 -0.0660 -0.4512
vn 0.9974 -0.0564 0.0453
vn 0.8609 -0.0338 0.5077
vn 0.5158 -0.0029 0.8567
vn 0.0113 0.0307 0.9995
vn -0.5200 0.0571 0.8522
vn -0.8907 0.0665 0.4496
vn -0.9967 0.0574 -0.0577
vn -0.8495 0.0344 -0.5265
vn -0.4998 0.0026 -0.8661
vn -0.0025 -0.0202 -0.9998
vn 0.5231 -0.0382 -0.8514
vn 0.8911 -0.0443 -0.4516
vn 0.9983 -0.0380 0.0452
vn 0.8612 -0.0230 0.5077
vn 0.5156 -0.0024 0.8568
vn 0.0105 0.0202 0.9997
vn -0.5212 0.0381 0.8526
vn -0.8919 0.0447 0.4501
vn -0.9976 0.0388 -0.0570
vn -0.8503 0.0236 -0.5257
vn 0.5235 -0.0237 -0.8517
vn 0.8917 -0.0275 -0.4518
vn 0.9987 -0.0237 0.0451
vn 0.8615 -0.0144 0.5076
vn 0.5156 -0.0016 0.8568
vn 0.0103 0.0125 0.9999
vn -0.5217 0.0236 0.8528
vn -0.8924 0.0278 0.4504
vn -0.9981 0.0242 -0.0567
vn -0.8508 0.0148 -0.5253
vn 0.5233 -0.0152 -0.8520
vn 0.8920 -0.0172 -0.4517
vn 0.9989 -0.0144 0.0455
vn 0.8613 -0.0083 0.5080
vn 0.5152 -0.0002 0.8571
vn 0.0097 0.0085 0.9999
vn -0.5221 0.0152 0.8528
vn -0.8926 0.0173 0.4505
vn -0.9983 0.0146 -0.0562
vn -0.8513 0.0084 -0.5246
vn -0.0742 -0.3120 -0.9472
vn -0.5383 -0.1135 -0.8351
vn -0.5009 0.2326 0.8337
vn -0.0060 0.0754 0.9971
vn 0.7828 -0.3026 0.5437
vn 0.8957 -0.4346 0.0941
vn -0.8562 0.0814 -0.5101
vn 0.4201 -0.4560 -0.7846
vn -0.8525 0.2881 0.4361
vn 0.4653 -0.1229 0.8766
vn 0.7761 -0.4960 -0.3895
vn -0.9720 0.2286 -0.0549
vt 0.239446 0.421788
vt 0.243413 0.398833
vt 0.253374 0.398644
vt 0.258432 0.421058
vt 0.236308 0.441284
vt 0.262902 0.440394
vt 0.247873 0.373658
vt 0.233910 0.458563
vt 0.266775 0.456905
vt 0.275664 0.413545
vt 0.286968 0.429256
vt 0.262503 0.394671
vt 0.297162 0.443773
vt 0.305466 0.410610
vt 0.319591 0.419632
vt 0.269380 0.387460
vt 0.288906 0.399980
vt 0.314890 0.386098
vt 0.331701 0.389506
vt 0.273063 0.378204
vt 0.295752 0.382304
vt 0.295410 0.363410
vt 0.314644 0.359728
vt 0.272848 0.368249
vt 0.331701 0.356574
vt 0.287987 0.346015
vt 0.304444 0.335284
vt 0.268940 0.359074
vt 0.319142 0.325827
vt 0.285596 0.316470
vt 0.295636 0.302017
vt 0.261754 0.352133
vt 0.274435 0.332766
vt 0.252463 0.348470
vt 0.256779 0.325687
vt 0.260837 0.306252
vt 0.264592 0.288934
vt 0.237742 0.325982
vt 0.233812 0.306340
vt 0.242489 0.348647
vt 0.230659 0.288768
vt 0.233270 0.352535
vt 0.208800 0.316645
vt 0.199028 0.301534
vt 0.219964 0.333209
vt 0.190073 0.336116
vt 0.174526 0.326031
vt 0.226219 0.359727
vt 0.206600 0.347117
vt 0.199703 0.364925
vt 0.179730 0.361270
vt 0.222579 0.369103
vt 0.162540 0.358171
vt 0.199887 0.384129
vt 0.180328 0.388446
vt 0.222814 0.379140
vt 0.162744 0.391979
vt 0.191635 0.413121
vt 0.176390 0.423960
vt 0.226797 0.388367
vt 0.207881 0.401599
vt 0.211229 0.431892
vt 0.202108 0.447325
vt 0.234078 0.395271
vt 0.221578 0.414866
vt 0.183968 0.736669
vt 0.190300 0.721419
vt 0.198029 0.724305
vt 0.192600 0.735175
vt 0.161367 0.740222
vt 0.156643 0.707601
vt 0.182726 0.718743
vt 0.174528 0.739064
vt 0.195849 0.688582
vt 0.199185 0.701129
vt 0.201699 0.707570
vt 0.204147 0.713247
vt 0.298468 0.621474
vt 0.309120 0.613549
vt 0.309583 0.634253
vt 0.301295 0.635761
vt 0.305035 0.650253
vt 0.310318 0.667835
vt 0.310652 0.683371
vt 0.307555 0.683479
vt 0.233908 0.679733
vt 0.229193 0.669698
vt 0.216182 0.873770
vt 0.213239 0.858343
vt 0.219541 0.855795
vt 0.225080 0.863203
vt 0.199572 0.883275
vt 0.187150 0.861289
vt 0.201232 0.862315
vt 0.205194 0.878588
vt 0.178984 0.841364
vt 0.192399 0.837624
vt 0.165008 0.774395
vt 0.177398 0.772867
vt 0.170765 0.809339
vt 0.184233 0.806052
vt 0.271462 0.658290
vt 0.265423 0.645570
vt 0.316934 0.947631
vt 0.293389 0.947868
vt 0.304825 0.928334
vt 0.316385 0.927884
vt 0.318139 0.989705
vt 0.292464 0.971391
vt 0.264902 0.950372
vt 0.269838 0.934104
vt 0.239514 0.928446
vt 0.246590 0.916207
vt 0.216047 0.903488
vt 0.226514 0.893922
vt 0.197297 0.740684
vt 0.188553 0.742222
vt 0.232389 0.883200
vt 0.235934 0.877411
vt 0.243473 0.875955
vt 0.240119 0.882558
vt 0.291940 0.937907
vt 0.301350 0.921157
vt 0.273930 0.927042
vt 0.180583 0.743489
vt 0.185186 0.773303
vt 0.238158 0.688353
vt 0.207225 0.705852
vt 0.211493 0.715945
vt 0.203718 0.729348
vt 0.234565 0.892460
vt 0.252433 0.911042
vt 0.191801 0.805856
vt 0.199574 0.835720
vt 0.280809 0.670620
vt 0.290160 0.684154
vt 0.288485 0.692838
vt 0.277570 0.677628
vt 0.221260 0.848983
vt 0.229491 0.858158
vt 0.205553 0.854727
vt 0.214896 0.851127
vt 0.271457 0.668535
vt 0.209358 0.710676
vt 0.310822 0.692147
vt 0.307848 0.692238
vt 0.316192 0.920838
vt 0.309813 0.644527
vt 0.297558 0.683782
vt 0.301481 0.683676
vt 0.302028 0.692415
vt 0.297452 0.692555
vt 0.287862 0.658494
vt 0.299320 0.666983
vt 0.273685 0.639862
vt 0.278042 0.636591
vt 0.286420 0.647905
vt 0.282202 0.652777
vt 0.291314 0.655116
vt 0.305131 0.683559
vt 0.304157 0.692351
vt 0.295751 0.653038
vt 0.285457 0.631383
vt 0.291875 0.643491
vt 0.229504 0.869087
vt 0.228071 0.867207
vt 0.233353 0.863006
vt 0.235170 0.865299
vt 0.208663 0.894833
vt 0.204105 0.889458
vt 0.209786 0.883885
vt 0.212874 0.886730
vt 0.218991 0.878314
vt 0.222816 0.871993
vt 0.213421 0.880050
vt 0.122880 0.180034
vt 0.122890 0.168315
vt 0.140188 0.168330
vt 0.140178 0.180049
vt 0.122798 0.860396
vt 0.122762 0.840218
vt 0.140061 0.840110
vt 0.140096 0.860366
vt 0.122903 0.153776
vt 0.140201 0.153790
vt 0.122970 0.958249
vt 0.122911 0.924840
vt 0.140209 0.924809
vt 0.140268 0.958219
vt 0.122711 0.728716
vt 0.122696 0.695895
vt 0.139994 0.695887
vt 0.140009 0.728708
vt 0.122725 0.760586
vt 0.140023 0.760578
vt 0.122683 0.666285
vt 0.139981 0.666278
vt 0.122852 0.891160
vt 0.140150 0.891130
vt 0.122922 0.131675
vt 0.122957 0.091751
vt 0.140255 0.091766
vt 0.140220 0.131691
vt 0.123023 0.988485
vt 0.140321 0.988455
vt 0.122988 0.056038
vt 0.123023 0.015982
vt 0.140321 0.015997
vt 0.140286 0.056054
vt 0.122910 0.145630
vt 0.140208 0.145645
vt 0.122740 0.793092
vt 0.140037 0.793084
vt 0.122750 0.817290
vt 0.122747 0.810335
vt 0.140045 0.810335
vt 0.140048 0.817326
vt 0.122744 0.803804
vt 0.140042 0.803771
vt 0.122914 0.140750
vt 0.140212 0.140765
vt 0.561597 0.132828
vt 0.568474 0.110208
vt 0.579141 0.118164
vt 0.574055 0.137188
vt 0.641457 0.256688
vt 0.635866 0.253602
vt 0.635999 0.240381
vt 0.643091 0.243658
vt 0.574860 0.096241
vt 0.583668 0.105658
vt 0.665117 0.271282
vt 0.658233 0.266981
vt 0.657461 0.243884
vt 0.663984 0.243725
vt 0.587094 0.077404
vt 0.590389 0.073756
vt 0.599683 0.081530
vt 0.595185 0.086995
vt 0.557236 0.159424
vt 0.569589 0.165493
vt 0.554728 0.187436
vt 0.570003 0.178307
vt 0.583898 0.081542
vt 0.589390 0.095097
vt 0.610453 0.238439
vt 0.586169 0.226930
vt 0.594311 0.216274
vt 0.612517 0.227063
vt 0.595870 0.067910
vt 0.613873 0.051872
vt 0.618750 0.062788
vt 0.607351 0.072904
vt 0.633231 0.038776
vt 0.653900 0.023782
vt 0.656661 0.043876
vt 0.647622 0.044114
vt 0.644463 0.258604
vt 0.646897 0.243836
vt 0.673879 0.011527
vt 0.670330 0.044845
vt 0.649533 0.261577
vt 0.650589 0.243921
vt 0.552177 0.214933
vt 0.588294 0.193609
vt 0.594539 0.098309
vt 0.589183 0.108146
vt 0.604236 0.085371
vt 0.599972 0.090650
vt 0.638563 0.234927
vt 0.644288 0.238225
vt 0.593832 0.190053
vt 0.600130 0.212158
vt 0.669670 0.050979
vt 0.656634 0.050033
vt 0.615401 0.222041
vt 0.576186 0.175744
vt 0.649304 0.050005
vt 0.622280 0.067289
vt 0.647334 0.238316
vt 0.584905 0.119984
vt 0.580123 0.138431
vt 0.657411 0.238257
vt 0.663835 0.238146
vt 0.611547 0.077051
vt 0.576513 0.165540
vt 0.650765 0.238311
vt 0.439869 0.731420
vt 0.431129 0.730282
vt 0.425140 0.719566
vt 0.432817 0.716321
vt 0.462817 0.734105
vt 0.449484 0.733462
vt 0.440342 0.713293
vt 0.466167 0.700917
vt 0.422966 0.696298
vt 0.425759 0.683539
vt 0.418504 0.708702
vt 0.420721 0.702886
vt 0.320114 0.620991
vt 0.317929 0.635390
vt 0.314837 0.650032
vt 0.313753 0.683353
vt 0.387208 0.676349
vt 0.391487 0.666095
vt 0.412940 0.868723
vt 0.403656 0.858639
vt 0.408848 0.851117
vt 0.415149 0.853400
vt 0.429701 0.877257
vt 0.423971 0.872952
vt 0.427070 0.856836
vt 0.440746 0.855268
vt 0.447992 0.835706
vt 0.434790 0.832478
vt 0.460291 0.768822
vt 0.447749 0.767632
vt 0.455247 0.804231
vt 0.441782 0.801367
vt 0.348737 0.656560
vt 0.354204 0.643582
vt 0.327940 0.927695
vt 0.340437 0.946530
vt 0.342706 0.969933
vt 0.368955 0.947394
vt 0.363114 0.931490
vt 0.392922 0.924130
vt 0.385202 0.912404
vt 0.403791 0.889193
vt 0.414660 0.898030
vt 0.435490 0.737185
vt 0.426697 0.736019
vt 0.397392 0.878924
vt 0.389693 0.878734
vt 0.385981 0.872408
vt 0.393554 0.873381
vt 0.331005 0.920345
vt 0.341323 0.936520
vt 0.358649 0.924695
vt 0.439913 0.768298
vt 0.443540 0.738153
vt 0.415088 0.701399
vt 0.383324 0.685162
vt 0.419592 0.724899
vt 0.411228 0.711733
vt 0.379118 0.907614
vt 0.395754 0.888206
vt 0.427732 0.830866
vt 0.434238 0.801460
vt 0.339950 0.669292
vt 0.343502 0.676140
vt 0.333366 0.691818
vt 0.331233 0.683245
vt 0.399067 0.853760
vt 0.406917 0.844471
vt 0.413254 0.846365
vt 0.422561 0.849574
vt 0.349196 0.666793
vt 0.413151 0.706341
vt 0.313800 0.692135
vt 0.323781 0.683229
vt 0.324260 0.692073
vt 0.319646 0.692105
vt 0.319843 0.683296
vt 0.332360 0.657498
vt 0.321277 0.666490
vt 0.345692 0.638249
vt 0.337760 0.651534
vt 0.333329 0.646854
vt 0.341193 0.635177
vt 0.328761 0.654277
vt 0.316182 0.683333
vt 0.317505 0.692118
vt 0.324238 0.652399
vt 0.333553 0.630306
vt 0.327683 0.642689
vt 0.399522 0.864700
vt 0.393680 0.861182
vt 0.395390 0.858799
vt 0.400862 0.862760
vt 0.421437 0.889079
vt 0.416842 0.881340
vt 0.419731 0.878381
vt 0.425602 0.883546
vt 0.410387 0.873349
vt 0.406300 0.867271
vt 0.415964 0.874792
vt 0.140168 0.191768
vt 0.122870 0.191753
vt 0.122626 0.472174
vt 0.139924 0.472190
vt 0.139907 0.492446
vt 0.122608 0.492353
vt 0.140155 0.206307
vt 0.122857 0.206292
vt 0.122711 0.374321
vt 0.140009 0.374336
vt 0.139980 0.407746
vt 0.122682 0.407731
vt 0.122656 0.603855
vt 0.139953 0.603847
vt 0.139968 0.636668
vt 0.122670 0.636676
vt 0.122642 0.571985
vt 0.139939 0.571977
vt 0.139950 0.441425
vt 0.122652 0.441411
vt 0.122838 0.228392
vt 0.140136 0.228407
vt 0.140101 0.268332
vt 0.122803 0.268316
vt 0.122737 0.344085
vt 0.140035 0.344100
vt 0.122772 0.304029
vt 0.140070 0.304044
vt 0.140148 0.214453
vt 0.122850 0.214437
vt 0.122627 0.539479
vt 0.139925 0.539471
vt 0.122616 0.515281
vt 0.139914 0.515229
vt 0.139917 0.522220
vt 0.122620 0.522236
vt 0.139920 0.528784
vt 0.122622 0.528767
vt 0.122846 0.219317
vt 0.140144 0.219332
vt 0.758522 0.146765
vt 0.746220 0.149417
vt 0.743747 0.130583
vt 0.755050 0.124557
vt 0.686521 0.254164
vt 0.684098 0.242480
vt 0.690091 0.239391
vt 0.691137 0.250780
vt 0.741423 0.117977
vt 0.751159 0.110400
vt 0.670439 0.243489
vt 0.671612 0.266103
vt 0.742414 0.090765
vt 0.733307 0.098561
vt 0.729882 0.092670
vt 0.739877 0.086826
vt 0.759742 0.172211
vt 0.747992 0.176484
vt 0.758762 0.196972
vt 0.746376 0.187552
vt 0.744802 0.095143
vt 0.737609 0.107113
vt 0.710312 0.236815
vt 0.708372 0.227879
vt 0.722805 0.219059
vt 0.729311 0.227904
vt 0.735682 0.080523
vt 0.724117 0.083242
vt 0.715249 0.071720
vt 0.721913 0.062567
vt 0.707290 0.046602
vt 0.692961 0.048556
vt 0.684042 0.046658
vt 0.690866 0.027675
vt 0.683942 0.256244
vt 0.680581 0.242836
vt 0.677097 0.243128
vt 0.679498 0.259637
vt 0.758551 0.220318
vt 0.728677 0.199247
vt 0.735840 0.119459
vt 0.732274 0.109381
vt 0.728196 0.101315
vt 0.724907 0.095585
vt 0.682995 0.237559
vt 0.687827 0.234906
vt 0.717738 0.215757
vt 0.723812 0.195610
vt 0.682842 0.052816
vt 0.705903 0.223891
vt 0.741246 0.184659
vt 0.711043 0.075229
vt 0.690374 0.053933
vt 0.679959 0.237658
vt 0.740286 0.149947
vt 0.737923 0.131514
vt 0.670203 0.237988
vt 0.719450 0.086393
vt 0.741807 0.176076
vt 0.676663 0.237783
vt 0.166397 0.007146
vt 0.223224 0.036089
vt 0.238348 0.025765
vt 0.277144 0.168774
vt 0.293204 0.177988
vt 0.300957 0.118788
vt 0.291454 0.115480
vt 0.241209 0.101694
vt 0.223234 0.088012
vt 0.179942 0.103278
vt 0.204506 0.117615
vt 0.205866 0.189227
vt 0.181673 0.205441
vt 0.254978 0.236960
vt 0.252351 0.207912
vt 0.298547 0.098048
vt 0.312670 0.119270
vt 0.210006 0.044411
vt 0.308097 0.186136
vt 0.262581 0.266139
vt 0.158351 0.221937
vt 0.154714 0.086941
vt 0.206664 0.074521
vt 0.633491 0.127013
vt 0.662580 0.177807
vt 0.686797 0.128232
vt 0.343124 0.830344
vt 0.304311 0.762574
vt 0.272000 0.828719
vt 0.663778 0.212233
vt 0.715175 0.110973
vt 0.603169 0.110973
vt 0.302713 0.716642
vt 0.234138 0.851746
vt 0.383580 0.851746
vt 0.383752 0.610970
vt 0.459569 0.650602
vt 0.450347 0.570491
vt 0.488154 0.692047
vt 0.471696 0.526893
vt 0.333786 0.615098
vt 0.881967 0.946446
vt 0.836344 0.946983
vt 0.865071 0.954520
vt 0.882063 0.954561
vt 0.817367 0.802769
vt 0.826088 0.814919
vt 0.840169 0.802394
vt 0.830753 0.786655
vt 0.854250 0.789869
vt 0.847068 0.773300
vt 0.861306 0.763514
vt 0.868332 0.777344
vt 0.879970 0.776872
vt 0.880121 0.789689
vt 0.880257 0.801254
vt 0.880410 0.814279
vt 0.794209 0.921354
vt 0.805910 0.939968
vt 0.798126 0.900145
vt 0.780494 0.920772
vt 0.783833 0.896155
vt 0.788366 0.870443
vt 0.802044 0.878937
vt 0.793329 0.847105
vt 0.805961 0.857729
vt 0.797554 0.831364
vt 0.809879 0.836520
vt 0.880663 0.835699
vt 0.880912 0.856889
vt 0.881161 0.878005
vt 0.881410 0.899164
vt 0.827208 0.960458
vt 0.802248 0.947600
vt 0.853900 0.974694
vt 0.780713 0.869153
vt 0.776182 0.897118
vt 0.865987 0.989112
vt 0.882470 0.989183
vt 0.870644 0.751485
vt 0.861503 0.753806
vt 0.790657 0.950149
vt 0.798245 0.956672
vt 0.777705 0.934072
vt 0.843009 0.765021
vt 0.824858 0.781543
vt 0.774040 0.926077
vt 0.822934 0.970168
vt 0.852922 0.986307
vt 0.810798 0.797101
vt 0.792007 0.826910
vt 0.787572 0.843081
vt 0.803763 0.806498
vt 0.797493 0.816052
vt 0.879651 0.749802
vt 0.899049 0.954119
vt 0.927590 0.945909
vt 0.943165 0.801288
vt 0.929404 0.785494
vt 0.920361 0.801450
vt 0.934733 0.813640
vt 0.912778 0.772527
vt 0.905988 0.789260
vt 0.898313 0.763078
vt 0.891616 0.777070
vt 0.969110 0.919294
vt 0.964694 0.898183
vt 0.957851 0.938179
vt 0.982807 0.918390
vt 0.978889 0.893858
vt 0.973752 0.868260
vt 0.960278 0.877073
vt 0.968241 0.845045
vt 0.955862 0.855963
vt 0.963646 0.829408
vt 0.951446 0.834853
vt 0.937041 0.959164
vt 0.961691 0.945722
vt 0.910692 0.974025
vt 0.986561 0.894641
vt 0.981372 0.866789
vt 0.898948 0.988723
vt 0.897888 0.753377
vt 0.888695 0.751272
vt 0.965906 0.954697
vt 0.973339 0.947997
vt 0.985909 0.931619
vt 0.935176 0.780244
vt 0.916641 0.764154
vt 0.989385 0.923541
vt 0.911943 0.985612
vt 0.941542 0.968771
vt 0.949598 0.795466
vt 0.973902 0.840887
vt 0.969087 0.824825
vt 0.963346 0.814098
vt 0.956853 0.804695
vt 0.292041 0.080496
vt 0.282181 0.074801
vt 0.282285 0.071870
vt 0.292334 0.072226
vt 0.272549 0.071525
vt 0.351976 0.120483
vt 0.319586 0.105518
vt 0.320730 0.073232
vt 0.353609 0.074397
vt 0.308904 0.098344
vt 0.309808 0.072845
vt 0.302127 0.088714
vt 0.302698 0.072593
vt 0.360362 0.141656
vt 0.368557 0.119892
vt 0.378679 0.105401
vt 0.370149 0.074983
vt 0.379744 0.075323
vt 0.479610 0.091726
vt 0.466502 0.091917
vt 0.466980 0.078413
vt 0.480065 0.078877
vt 0.437156 0.100485
vt 0.420080 0.089399
vt 0.420527 0.076767
vt 0.437974 0.077386
vt 0.542099 0.090665
vt 0.523276 0.098078
vt 0.523901 0.080430
vt 0.542439 0.081086
vt 0.394829 0.093309
vt 0.395447 0.075879
vt 0.494355 0.094651
vt 0.494895 0.079402
vt 0.452397 0.095566
vt 0.453022 0.077918
vt 0.404128 0.089707
vt 0.404607 0.076203
vt 0.510208 0.103292
vt 0.511034 0.079974
vt 0.574498 0.082222
vt 0.347774 0.580203
vt 0.312784 0.602643
vt 0.320677 0.579338
vt 0.353909 0.567087
vt 0.353097 0.553185
vt 0.324660 0.553050
vt 0.332075 0.468119
vt 0.344117 0.468274
vt 0.397695 0.540845
vt 0.378772 0.562590
vt 0.377818 0.548698
vt 0.398779 0.532987
vt 0.396494 0.521884
vt 0.373022 0.527171
vt 0.355903 0.465523
vt 0.366685 0.461324
vt 0.428403 0.493522
vt 0.420085 0.513459
vt 0.413062 0.499154
vt 0.428030 0.484641
vt 0.424505 0.476852
vt 0.406901 0.489220
vt 0.401240 0.482148
vt 0.418576 0.471056
vt 0.384055 0.445002
vt 0.375431 0.454414
vt 0.436633 0.437579
vt 0.441152 0.453305
vt 0.429043 0.448147
vt 0.432637 0.431592
vt 0.427424 0.428768
vt 0.420901 0.445442
vt 0.391580 0.426186
vt 0.388569 0.435954
vt 0.365457 0.423468
vt 0.366211 0.417033
vt 0.393656 0.418941
vt 0.368095 0.410658
vt 0.391988 0.409601
vt 0.375180 0.404837
vt 0.383736 0.404383
vt 0.364192 0.429325
vt 0.386698 0.441000
vt 0.363085 0.434058
vt 0.361003 0.438234
vt 0.358846 0.441845
vt 0.370750 0.458778
vt 0.355873 0.445517
vt 0.352680 0.448901
vt 0.350285 0.450934
vt 0.350232 0.467435
vt 0.346586 0.452957
vt 0.341924 0.454081
vt 0.333821 0.454923
vt 0.322058 0.465416
vt 0.323446 0.454736
vt 0.311666 0.459026
vt 0.311814 0.451064
vt 0.304165 0.448737
vt 0.175683 0.273143
vt 0.204622 0.262730
vt 0.198875 0.251156
vt 0.175565 0.262648
vt 0.207084 0.260680
vt 0.202441 0.250419
vt 0.207650 0.256493
vt 0.205941 0.253070
vt 0.166533 0.266346
vt 0.164391 0.289228
vt 0.166832 0.304774
vt 0.175388 0.304779
vt 0.169845 0.307577
vt 0.173556 0.307649
vt 0.147092 0.282271
vt 0.175669 0.257322
vt 0.173776 0.255025
vt 0.165012 0.265670
vt 0.170087 0.253823
vt 0.153185 0.267861
vt 0.421475 0.172914
vt 0.427490 0.163086
vt 0.428388 0.171080
vt 0.410034 0.161335
vt 0.419404 0.146027
vt 0.420766 0.157316
vt 0.391443 0.142411
vt 0.401075 0.130242
vt 0.413055 0.138435
vt 0.417062 0.121962
vt 0.419031 0.139556
vt 0.435161 0.139780
vt 0.432101 0.146906
vt 0.441592 0.119508
vt 0.426758 0.158337
vt 0.450080 0.144993
vt 0.461028 0.151323
vt 0.455135 0.160950
vt 0.444624 0.154526
vt 0.469913 0.115403
vt 0.479444 0.121237
vt 0.490228 0.103619
vt 0.433952 0.172050
vt 0.444419 0.178457
vt 0.442495 0.181599
vt 0.435806 0.177505
vt 0.425901 0.208710
vt 0.006644 0.158585
vt 0.006644 0.174356
vt 0.002913 0.174356
vt 0.002913 0.158585
vt 0.024528 0.988522
vt 0.024528 0.944404
vt 0.034202 0.944404
vt 0.034201 0.988522
vt 0.006644 0.185924
vt 0.002913 0.185924
vt 0.081838 0.689055
vt 0.066502 0.689055
vt 0.066502 0.817739
vt 0.081838 0.817738
vt 0.006644 0.111744
vt 0.006644 0.119949
vt 0.002913 0.119949
vt 0.002913 0.111744
vt 0.081838 0.563959
vt 0.066502 0.563959
vt 0.006644 0.321477
vt 0.006644 0.329327
vt 0.002912 0.329327
vt 0.002912 0.321477
vt 0.081838 0.550928
vt 0.066502 0.550928
vt 0.006644 0.393461
vt 0.006644 0.456777
vt 0.002912 0.456777
vt 0.002912 0.393461
vt 0.081838 0.533745
vt 0.066502 0.533745
vt 0.006644 0.310259
vt 0.002912 0.310259
vt 0.081838 0.518182
vt 0.066502 0.518182
vt 0.006644 0.357854
vt 0.006644 0.371634
vt 0.002912 0.371634
vt 0.002912 0.357854
vt 0.081838 0.500323
vt 0.066502 0.500323
vt 0.081838 0.485511
vt 0.066502 0.485511
vt 0.006644 0.243461
vt 0.002913 0.243461
vt 0.081838 0.379804
vt 0.066502 0.379804
vt 0.081838 0.358139
vt 0.066502 0.358139
vt 0.006644 0.567087
vt 0.006644 0.581416
vt 0.002912 0.581416
vt 0.002912 0.567087
vt 0.006644 0.878079
vt 0.006644 0.884657
vt 0.002912 0.884657
vt 0.002912 0.878079
vt 0.081838 0.346034
vt 0.066502 0.346034
vt 0.006644 0.673214
vt 0.006644 0.757584
vt 0.002912 0.757584
vt 0.002912 0.673214
vt 0.006644 0.893732
vt 0.002912 0.893732
vt 0.081838 0.330250
vt 0.066502 0.330250
vt 0.006644 0.553306
vt 0.002912 0.553306
vt 0.006644 0.902211
vt 0.002912 0.902211
vt 0.081838 0.240882
vt 0.066502 0.240882
vt 0.006644 0.622552
vt 0.006644 0.646902
vt 0.002912 0.646902
vt 0.002912 0.622552
vt 0.006644 0.911873
vt 0.002912 0.911873
vt 0.081838 0.191956
vt 0.066502 0.191956
vt 0.006644 0.921263
vt 0.002912 0.921263
vt 0.081839 0.091709
vt 0.066502 0.091709
vt 0.066502 0.185189
vt 0.081838 0.185189
vt 0.006644 0.468808
vt 0.002912 0.468808
vt 0.109402 0.499542
vt 0.093857 0.499542
vt 0.093857 0.453390
vt 0.109402 0.453390
vt 0.006644 0.928721
vt 0.002912 0.928721
vt 0.093857 0.397157
vt 0.109402 0.397157
vt 0.006644 0.964285
vt 0.002912 0.964285
vt 0.081839 0.015869
vt 0.066502 0.015869
vt 0.093857 0.348711
vt 0.109402 0.348711
vt 0.006644 0.970152
vt 0.002912 0.970152
vt 0.081838 0.863425
vt 0.066502 0.863425
vt 0.066502 0.985180
vt 0.081839 0.985180
vt 0.109402 0.282834
vt 0.109402 0.313332
vt 0.093857 0.313332
vt 0.093857 0.282834
vt 0.006644 0.993468
vt 0.002913 0.993468
vt 0.002913 0.977275
vt 0.006644 0.977275
vt 0.081838 0.846688
vt 0.066502 0.846688
vt 0.081838 0.831588
vt 0.066502 0.831588
vt 0.109402 0.239650
vt 0.093857 0.239650
vt 0.006644 0.017036
vt 0.002913 0.017036
vt 0.002913 0.004010
vt 0.006644 0.004010
vt 0.109402 0.227703
vt 0.093857 0.227703
vt 0.006644 0.025526
vt 0.002913 0.025526
vt 0.093857 0.214966
vt 0.109403 0.214966
vt 0.006644 0.058872
vt 0.002913 0.058872
vt 0.093857 0.179697
vt 0.109403 0.179697
vt 0.006644 0.064198
vt 0.002913 0.064198
vt 0.093857 0.157178
vt 0.109403 0.157178
vt 0.006644 0.068943
vt 0.002913 0.068943
vt 0.093857 0.145233
vt 0.109403 0.145233
vt 0.006644 0.860928
vt 0.006644 0.865737
vt 0.002912 0.865737
vt 0.002912 0.860928
vt 0.093857 0.135790
vt 0.109403 0.135790
vt 0.006644 0.856309
vt 0.002912 0.856309
vt 0.093857 0.113146
vt 0.109402 0.113146
vt 0.006644 0.871668
vt 0.002912 0.871668
vt 0.093857 0.099091
vt 0.109402 0.099091
vt 0.093857 0.087992
vt 0.109402 0.087992
vt 0.006644 0.232381
vt 0.006644 0.238715
vt 0.002913 0.238715
vt 0.002913 0.232381
vt 0.093857 0.076671
vt 0.109402 0.076671
vt 0.093857 0.012335
vt 0.109402 0.012335
vt 0.006644 0.462700
vt 0.002912 0.462700
vt 0.024528 0.547014
vt 0.024528 0.529871
vt 0.034202 0.529871
vt 0.034202 0.547014
vt 0.024528 0.562531
vt 0.034202 0.562531
vt 0.006644 0.767852
vt 0.002912 0.767852
vt 0.024528 0.579486
vt 0.034202 0.579486
vt 0.006644 0.779924
vt 0.002912 0.779924
vt 0.024528 0.626504
vt 0.034202 0.626504
vt 0.006644 0.792525
vt 0.002912 0.792525
vt 0.024528 0.514866
vt 0.034202 0.514866
vt 0.006644 0.812509
vt 0.006644 0.822777
vt 0.002912 0.822777
vt 0.002912 0.812509
vt 0.024528 0.501460
vt 0.034202 0.501460
vt 0.006644 0.800437
vt 0.002912 0.800437
vt 0.024528 0.656513
vt 0.034202 0.656513
vt 0.006644 0.835586
vt 0.006644 0.839758
vt 0.002912 0.839758
vt 0.002912 0.835586
vt 0.024528 0.687158
vt 0.034202 0.687158
vt 0.006644 0.830840
vt 0.002912 0.830840
vt 0.024528 0.710449
vt 0.034202 0.710449
vt 0.024528 0.737036
vt 0.034202 0.737036
vt 0.006644 0.847471
vt 0.006644 0.852147
vt 0.002912 0.852147
vt 0.002912 0.847471
vt 0.024528 0.750176
vt 0.034202 0.750176
vt 0.006644 0.842867
vt 0.002912 0.842867
vt 0.024528 0.771199
vt 0.034202 0.771199
vt 0.024528 0.798028
vt 0.034202 0.798028
vt 0.024528 0.819132
vt 0.034202 0.819132
vt 0.024528 0.838330
vt 0.034202 0.838330
vt 0.006644 0.194889
vt 0.002913 0.194889
vt 0.024528 0.855605
vt 0.034202 0.855605
vt 0.006644 0.128410
vt 0.006644 0.137207
vt 0.002913 0.137207
vt 0.002913 0.128410
vt 0.024528 0.875414
vt 0.034202 0.875414
vt 0.024528 0.899205
vt 0.034202 0.899205
vt 0.024528 0.917746
vt 0.034202 0.917746
vt 0.292627 0.063956
vt 0.282389 0.068939
vt 0.355241 0.028310
vt 0.321873 0.040946
vt 0.310711 0.047346
vt 0.303269 0.056472
vt 0.365105 0.007784
vt 0.371740 0.030074
vt 0.380810 0.045244
vt 0.480521 0.066027
vt 0.467458 0.064909
vt 0.438792 0.054286
vt 0.420975 0.064136
vt 0.542778 0.071508
vt 0.524526 0.062782
vt 0.396064 0.058449
vt 0.495436 0.064153
vt 0.453648 0.060271
vt 0.405085 0.062699
vt 0.511860 0.056656
vt 0.401208 0.205789
vt 0.403783 0.220038
vt 0.374792 0.199690
vt 0.373126 0.175142
vt 0.399440 0.233269
vt 0.371915 0.226122
vt 0.369029 0.313054
vt 0.357348 0.310123
vt 0.439395 0.256612
vt 0.438432 0.264485
vt 0.422190 0.243933
vt 0.426667 0.230748
vt 0.433381 0.274634
vt 0.412044 0.263516
vt 0.389068 0.325549
vt 0.379718 0.318730
vt 0.456970 0.310217
vt 0.454336 0.318707
vt 0.443581 0.300847
vt 0.454031 0.288815
vt 0.448936 0.325335
vt 0.435083 0.308873
vt 0.441721 0.329421
vt 0.427801 0.314261
vt 0.401682 0.345772
vt 0.395754 0.334467
vt 0.450609 0.366404
vt 0.445214 0.371168
vt 0.445976 0.354245
vt 0.459002 0.352357
vt 0.439452 0.372565
vt 0.437413 0.354777
vt 0.404141 0.365887
vt 0.403730 0.355674
vt 0.404294 0.373422
vt 0.377274 0.368243
vt 0.378192 0.361830
vt 0.400290 0.382025
vt 0.377464 0.374888
vt 0.382824 0.382328
vt 0.390978 0.384957
vt 0.378468 0.355843
vt 0.403213 0.350317
vt 0.378610 0.350986
vt 0.377665 0.346415
vt 0.376504 0.342373
vt 0.392345 0.329049
vt 0.374570 0.338062
vt 0.372349 0.333974
vt 0.370554 0.331395
vt 0.374726 0.315430
vt 0.367497 0.328493
vt 0.363277 0.326214
vt 0.355659 0.323326
vt 0.346973 0.310172
vt 0.345583 0.320852
vt 0.335292 0.313690
vt 0.333397 0.321425
vt 0.325408 0.321717
vt 0.240738 0.148895
vt 0.232713 0.155661
vt 0.239236 0.180817
vt 0.251754 0.177610
vt 0.241007 0.184000
vt 0.251809 0.180813
vt 0.249009 0.183976
vt 0.245300 0.184918
vt 0.229614 0.146406
vt 0.245543 0.129839
vt 0.264501 0.128009
vt 0.258909 0.121534
vt 0.262999 0.121984
vt 0.265478 0.124747
vt 0.228976 0.121283
vt 0.228748 0.159218
vt 0.228110 0.145696
vt 0.225773 0.159285
vt 0.222453 0.157276
vt 0.222043 0.135309
vt 0.459792 0.196369
vt 0.458281 0.189378
vt 0.465808 0.186541
vt 0.475308 0.201289
vt 0.474005 0.189904
vt 0.484678 0.185982
vt 0.500618 0.209238
vt 0.494327 0.188182
vt 0.507073 0.195124
vt 0.507175 0.177121
vt 0.490611 0.183371
vt 0.478120 0.175074
vt 0.483074 0.169107
vt 0.498202 0.154159
vt 0.470370 0.185032
vt 0.471644 0.158193
vt 0.465637 0.167388
vt 0.488975 0.127071
vt 0.454886 0.184864
vt 0.449185 0.185694
vt 0.013567 0.157499
vt 0.009831 0.157499
vt 0.009831 0.173290
vt 0.013567 0.173290
vt 0.024528 0.014397
vt 0.034202 0.014397
vt 0.034202 0.058516
vt 0.024528 0.058516
vt 0.009831 0.184872
vt 0.013567 0.184872
vt 0.042498 0.461342
vt 0.042498 0.588611
vt 0.057666 0.588611
vt 0.057666 0.461342
vt 0.013567 0.110600
vt 0.009831 0.110600
vt 0.009831 0.118816
vt 0.013567 0.118816
vt 0.042498 0.337620
vt 0.057666 0.337620
vt 0.013567 0.320591
vt 0.009831 0.320591
vt 0.009831 0.328451
vt 0.013567 0.328451
vt 0.042498 0.324732
vt 0.057666 0.324732
vt 0.013567 0.392663
vt 0.009831 0.392663
vt 0.009831 0.456058
vt 0.013567 0.456058
vt 0.042498 0.307738
vt 0.057666 0.307738
vt 0.013567 0.309359
vt 0.009831 0.309359
vt 0.042498 0.292345
vt 0.057666 0.292345
vt 0.013567 0.357013
vt 0.009831 0.357013
vt 0.009831 0.370810
vt 0.013567 0.370810
vt 0.042498 0.274683
vt 0.057666 0.274683
vt 0.042498 0.260034
vt 0.057666 0.260034
vt 0.013567 0.242479
vt 0.009831 0.242479
vt 0.042498 0.155489
vt 0.057666 0.155489
vt 0.042498 0.134062
vt 0.057666 0.134062
vt 0.013567 0.566503
vt 0.009831 0.566503
vt 0.009831 0.580850
vt 0.013567 0.580850
vt 0.013567 0.877877
vt 0.009831 0.877877
vt 0.009831 0.884463
vt 0.013567 0.884463
vt 0.042498 0.122089
vt 0.057666 0.122089
vt 0.013567 0.672760
vt 0.009831 0.672760
vt 0.009831 0.757234
vt 0.013567 0.757234
vt 0.009831 0.893549
vt 0.013567 0.893549
vt 0.042498 0.106479
vt 0.057666 0.106479
vt 0.013567 0.552705
vt 0.009831 0.552705
vt 0.009831 0.902039
vt 0.013567 0.902039
vt 0.042498 0.018093
vt 0.057666 0.018093
vt 0.013567 0.622036
vt 0.009831 0.622036
vt 0.009831 0.646416
vt 0.013567 0.646416
vt 0.009831 0.911712
vt 0.013567 0.911712
vt 0.042498 0.928365
vt 0.042498 0.976754
vt 0.057666 0.976754
vt 0.057666 0.928365
vt 0.009831 0.921114
vt 0.013567 0.921114
vt 0.042498 0.829220
vt 0.042498 0.921672
vt 0.057666 0.921672
vt 0.057666 0.829220
vt 0.013567 0.468103
vt 0.009831 0.468103
vt 0.109402 0.545694
vt 0.093857 0.545694
vt 0.009831 0.928581
vt 0.013567 0.928581
vt 0.109402 0.601928
vt 0.093857 0.601928
vt 0.013567 0.964189
vt 0.009831 0.964189
vt 0.042498 0.754212
vt 0.057666 0.754212
vt 0.109402 0.650373
vt 0.093857 0.650373
vt 0.013567 0.970063
vt 0.009831 0.970063
vt 0.042497 0.633796
vt 0.057666 0.633796
vt 0.109402 0.716250
vt 0.093857 0.716250
vt 0.093857 0.685752
vt 0.109402 0.685752
vt 0.013567 0.993408
vt 0.013567 0.977195
vt 0.009831 0.977195
vt 0.009831 0.993408
vt 0.042497 0.617242
vt 0.057666 0.617242
vt 0.042498 0.602308
vt 0.057666 0.602308
vt 0.109402 0.759434
vt 0.093857 0.759434
vt 0.013567 0.015776
vt 0.013567 0.002734
vt 0.009831 0.002734
vt 0.009831 0.015776
vt 0.109402 0.771381
vt 0.093857 0.771381
vt 0.013567 0.024277
vt 0.009831 0.024277
vt 0.109402 0.784118
vt 0.093857 0.784118
vt 0.013567 0.057663
vt 0.009831 0.057663
vt 0.109402 0.819387
vt 0.093857 0.819387
vt 0.009831 0.062996
vt 0.013567 0.062996
vt 0.109402 0.841906
vt 0.093857 0.841906
vt 0.009831 0.067747
vt 0.013567 0.067747
vt 0.109402 0.853851
vt 0.093857 0.853851
vt 0.013567 0.860704
vt 0.009831 0.860704
vt 0.009831 0.865520
vt 0.013567 0.865520
vt 0.109402 0.863295
vt 0.093857 0.863295
vt 0.013567 0.856080
vt 0.009831 0.856080
vt 0.109402 0.885939
vt 0.093857 0.885939
vt 0.009831 0.871458
vt 0.013567 0.871458
vt 0.109402 0.899994
vt 0.093857 0.899994
vt 0.109403 0.911092
vt 0.093857 0.911092
vt 0.013567 0.231386
vt 0.009831 0.231386
vt 0.009831 0.237728
vt 0.013567 0.237728
vt 0.109403 0.922413
vt 0.093857 0.922413
vt 0.109402 0.986750
vt 0.093857 0.986750
vt 0.009831 0.461987
vt 0.013567 0.461987
vt 0.024528 0.455905
vt 0.034202 0.455905
vt 0.034202 0.473049
vt 0.024528 0.473049
vt 0.024528 0.440388
vt 0.034202 0.440388
vt 0.009831 0.767514
vt 0.013567 0.767514
vt 0.024528 0.423433
vt 0.034202 0.423433
vt 0.009831 0.779601
vt 0.013567 0.779601
vt 0.024528 0.376416
vt 0.034202 0.376416
vt 0.009831 0.792218
vt 0.013567 0.792218
vt 0.034202 0.488054
vt 0.024528 0.488054
vt 0.013567 0.812226
vt 0.009831 0.812226
vt 0.009831 0.822507
vt 0.013567 0.822507
vt 0.013567 0.800140
vt 0.009831 0.800140
vt 0.024528 0.346407
vt 0.034202 0.346407
vt 0.013567 0.835331
vt 0.009831 0.835331
vt 0.009831 0.839508
vt 0.013567 0.839508
vt 0.024528 0.315762
vt 0.034202 0.315762
vt 0.013567 0.830580
vt 0.009831 0.830580
vt 0.024528 0.292471
vt 0.034202 0.292471
vt 0.024528 0.265884
vt 0.034202 0.265884
vt 0.013567 0.847232
vt 0.009831 0.847232
vt 0.009831 0.851913
vt 0.013567 0.851913
vt 0.024528 0.252744
vt 0.034202 0.252744
vt 0.013567 0.842621
vt 0.009831 0.842621
vt 0.024528 0.231720
vt 0.034202 0.231720
vt 0.024528 0.204892
vt 0.034202 0.204892
vt 0.024528 0.183788
vt 0.034202 0.183788
vt 0.024528 0.164590
vt 0.034202 0.164590
vt 0.013567 0.193848
vt 0.009831 0.193848
vt 0.024528 0.147315
vt 0.034202 0.147315
vt 0.013567 0.127287
vt 0.009831 0.127287
vt 0.009831 0.136095
vt 0.013567 0.136095
vt 0.024528 0.127506
vt 0.034202 0.127506
vt 0.024528 0.103715
vt 0.034202 0.103715
vt 0.024528 0.085174
vt 0.034202 0.085174
vt 0.885559 0.697199
vt 0.839664 0.697739
vt 0.868562 0.705320
vt 0.885655 0.705362
vt 0.820574 0.552667
vt 0.829347 0.564889
vt 0.843512 0.552289
vt 0.834040 0.536457
vt 0.857677 0.539690
vt 0.850452 0.523023
vt 0.864775 0.513178
vt 0.871842 0.527090
vt 0.883550 0.526615
vt 0.883701 0.539508
vt 0.883838 0.551142
vt 0.883993 0.564245
vt 0.797278 0.671957
vt 0.809048 0.690682
vt 0.801219 0.650622
vt 0.783482 0.671372
vt 0.786840 0.646609
vt 0.791401 0.620743
vt 0.805160 0.629288
vt 0.796393 0.597267
vt 0.809100 0.607953
vt 0.800643 0.581432
vt 0.813041 0.586619
vt 0.884247 0.585793
vt 0.884498 0.607109
vt 0.884748 0.628350
vt 0.884998 0.649635
vt 0.830473 0.711294
vt 0.805365 0.698359
vt 0.857325 0.725615
vt 0.783702 0.619445
vt 0.779144 0.647577
vt 0.869483 0.740118
vt 0.886065 0.740190
vt 0.874168 0.501077
vt 0.864973 0.503412
vt 0.793705 0.700924
vt 0.801339 0.707485
vt 0.780676 0.684750
vt 0.846368 0.514694
vt 0.828110 0.531315
vt 0.776989 0.676709
vt 0.826175 0.721062
vt 0.856341 0.737297
vt 0.813966 0.546965
vt 0.795063 0.576951
vt 0.790602 0.593219
vt 0.806889 0.556418
vt 0.800582 0.566028
vt 0.883229 0.499385
vt 0.902742 0.704917
vt 0.931453 0.696658
vt 0.947121 0.551176
vt 0.933277 0.535288
vt 0.924181 0.551339
vt 0.938639 0.563602
vt 0.916553 0.522244
vt 0.909723 0.539077
vt 0.902002 0.512739
vt 0.895265 0.526814
vt 0.973220 0.669885
vt 0.968778 0.648649
vt 0.961894 0.688882
vt 0.986999 0.668975
vt 0.983058 0.644298
vt 0.977890 0.618547
vt 0.964336 0.627413
vt 0.972346 0.595194
vt 0.959894 0.606177
vt 0.967724 0.579464
vt 0.955451 0.584941
vt 0.940961 0.709992
vt 0.965757 0.696470
vt 0.914454 0.724942
vt 0.990776 0.645085
vt 0.985556 0.617068
vt 0.902641 0.739727
vt 0.901574 0.502981
vt 0.892327 0.500863
vt 0.969997 0.705498
vt 0.977475 0.698759
vt 0.990119 0.682284
vt 0.939084 0.530008
vt 0.920439 0.513821
vt 0.993616 0.674157
vt 0.915713 0.736598
vt 0.945488 0.719656
vt 0.953593 0.545320
vt 0.978040 0.591011
vt 0.973197 0.574853
vt 0.967422 0.564063
vt 0.960890 0.554604
vt 0.693891 0.683670
vt 0.755358 0.683405
vt 0.755358 0.748086
vt 0.693889 0.747819
vt 0.690578 0.747819
vt 0.690579 0.683670
vt 0.758640 0.924805
vt 0.758670 0.748087
vt 0.761859 0.748087
vt 0.761830 0.924805
vt 0.499385 0.601883
vt 0.499399 0.605117
vt 0.664081 0.604400
vt 0.664067 0.601166
vt 0.690587 0.914350
vt 0.687397 0.914350
vt 0.687388 0.747819
vt 0.426212 0.982543
vt 0.426227 0.985909
vt 0.669109 0.984852
vt 0.669095 0.981485
vt 0.693898 0.914350
vt 0.755328 0.924804
vt 0.758670 0.683405
vt 0.664067 0.535567
vt 0.499385 0.534850
vt 0.758645 0.507718
vt 0.761835 0.507718
vt 0.761859 0.683404
vt 0.664081 0.532333
vt 0.499399 0.531616
vt 0.687390 0.683669
vt 0.687403 0.518170
vt 0.690593 0.518170
vt 0.426212 0.914830
vt 0.669095 0.915888
vt 0.669109 0.912521
vt 0.426227 0.911464
vt 0.693904 0.518171
vt 0.755333 0.507719
vt 0.229046 0.496488
vt 0.227720 0.609765
vt 0.170128 0.593147
vt 0.198359 0.496349
vt 0.259724 0.497397
vt 0.284597 0.594958
vt 0.229276 0.482360
vt 0.260130 0.483195
vt 0.156460 0.589161
vt 0.184690 0.492363
vt 0.273500 0.493884
vt 0.298373 0.591446
vt 0.227940 0.622690
vt 0.166234 0.607862
vt 0.287783 0.607565
vt 0.198451 0.482159
vt 0.463760 0.505858
vt 0.502910 0.505739
vt 0.502801 0.512499
vt 0.463908 0.512603
vt 0.543419 0.506234
vt 0.543420 0.512998
vt 0.505097 0.512959
vt 0.505166 0.506262
vt 0.461642 0.513086
vt 0.461485 0.506382
vt 0.503648 0.225025
vt 0.503389 0.218324
vt 0.505677 0.217828
vt 0.505834 0.224404
vt 0.543361 0.224802
vt 0.543420 0.218052
vt 0.464356 0.225342
vt 0.464607 0.218728
vt 0.502580 0.257157
vt 0.466003 0.256899
vt 0.502997 0.290781
vt 0.465499 0.290485
vt 0.502605 0.327441
vt 0.465691 0.326933
vt 0.502493 0.364933
vt 0.465402 0.364302
vt 0.502773 0.403046
vt 0.464662 0.402697
vt 0.502371 0.439804
vt 0.464943 0.439383
vt 0.502667 0.474728
vt 0.464294 0.474455
vt 0.504873 0.475286
vt 0.543193 0.475054
vt 0.504610 0.440247
vt 0.542839 0.440003
vt 0.505034 0.403327
vt 0.542789 0.403169
vt 0.504792 0.365013
vt 0.542595 0.364803
vt 0.504839 0.327234
vt 0.542472 0.327110
vt 0.505212 0.290358
vt 0.542629 0.290498
vt 0.504736 0.256544
vt 0.542848 0.256412
vt 0.462158 0.224738
vt 0.463859 0.256316
vt 0.463270 0.290049
vt 0.463449 0.326709
vt 0.463098 0.364355
vt 0.462369 0.402963
vt 0.462693 0.439811
vt 0.462045 0.474999
vt 0.462412 0.218224
vt 0.557617 0.417364
vt 0.598531 0.408168
vt 0.599018 0.383526
vt 0.557639 0.376455
vt 0.763532 0.376151
vt 0.722544 0.385394
vt 0.722074 0.410079
vt 0.763532 0.417163
vt 0.573210 0.455231
vt 0.607521 0.431085
vt 0.747847 0.338222
vt 0.713535 0.362449
vt 0.602141 0.484297
vt 0.624616 0.448820
vt 0.718773 0.309217
vt 0.696467 0.344722
vt 0.640055 0.500076
vt 0.647213 0.458670
vt 0.639794 0.293699
vt 0.649066 0.334659
vt 0.673747 0.335132
vt 0.680821 0.293666
vt 0.681157 0.500049
vt 0.671831 0.459142
vt 0.601916 0.309477
vt 0.626170 0.343610
vt 0.719021 0.484192
vt 0.694682 0.449870
vt 0.573123 0.338609
vt 0.608647 0.360837
vt 0.747984 0.455095
vt 0.712464 0.432791
vt 0.636854 0.391681
vt 0.640593 0.383042
vt 0.684103 0.401939
vt 0.680376 0.410610
vt 0.636667 0.401082
vt 0.684298 0.392516
vt 0.640097 0.409853
vt 0.680860 0.383727
vt 0.646636 0.416656
vt 0.674303 0.376914
vt 0.655296 0.420448
vt 0.656185 0.372992
vt 0.665614 0.373168
vt 0.664767 0.420641
vt 0.647384 0.376462
vt 0.673555 0.417153
vt 0.495440 0.795435
vt 0.514973 0.791886
vt 0.519597 0.812627
vt 0.502573 0.818171
vt 0.492353 0.771015
vt 0.513353 0.770929
vt 0.495239 0.746569
vt 0.514802 0.749958
vt 0.502185 0.723773
vt 0.519256 0.729178
vt 0.511624 0.702480
vt 0.526067 0.708340
vt 0.521822 0.681822
vt 0.534222 0.686916
vt 0.530974 0.660629
vt 0.542163 0.664441
vt 0.537947 0.638348
vt 0.548420 0.641468
vt 0.531866 0.881068
vt 0.543023 0.877168
vt 0.549463 0.900085
vt 0.539017 0.903289
vt 0.522546 0.859954
vt 0.534903 0.854760
vt 0.512183 0.839383
vt 0.526576 0.833407
vt 0.534629 0.809032
vt 0.539619 0.829344
vt 0.531568 0.789714
vt 0.530589 0.770858
vt 0.531414 0.751994
vt 0.534318 0.732651
vt 0.539144 0.712297
vt 0.545378 0.690449
vt 0.551804 0.667082
vt 0.556878 0.643591
vt 0.552641 0.874450
vt 0.557902 0.897895
vt 0.546028 0.851138
vt 0.548209 0.806747
vt 0.551513 0.826708
vt 0.546279 0.788357
vt 0.545692 0.770797
vt 0.546137 0.753233
vt 0.547917 0.734827
vt 0.551061 0.714837
vt 0.555366 0.692736
vt 0.560028 0.668764
vt 0.563766 0.644922
vt 0.560850 0.872702
vt 0.564778 0.896510
vt 0.555996 0.848771
vt 0.560787 0.805433
vt 0.562562 0.825197
vt 0.559772 0.787548
vt 0.559448 0.770741
vt 0.559636 0.753932
vt 0.560507 0.736039
vt 0.562123 0.716260
vt 0.564474 0.694032
vt 0.567216 0.669725
vt 0.569592 0.645703
vt 0.568028 0.871683
vt 0.570597 0.895681
vt 0.565092 0.847402
vt 0.572688 0.804912
vt 0.573050 0.824502
vt 0.572458 0.787287
vt 0.572282 0.770690
vt 0.572325 0.754091
vt 0.572412 0.736464
vt 0.572617 0.716870
vt 0.573069 0.694664
vt 0.573884 0.670249
vt 0.574951 0.646076
vt 0.574691 0.871105
vt 0.575952 0.895265
vt 0.573680 0.846701
vt 0.584137 0.805047
vt 0.583230 0.824598
vt 0.584638 0.787371
vt 0.584680 0.770640
vt 0.584504 0.753910
vt 0.583861 0.736238
vt 0.582797 0.716693
vt 0.581536 0.694613
vt 0.580579 0.670334
vt 0.580390 0.646163
vt 0.581384 0.870967
vt 0.581389 0.895136
vt 0.582146 0.846685
vt 0.595350 0.805748
vt 0.593311 0.825377
vt 0.596548 0.787766
vt 0.596828 0.770591
vt 0.596411 0.753419
vt 0.595069 0.735446
vt 0.592872 0.715833
vt 0.590150 0.693946
vt 0.587692 0.669998
vt 0.586332 0.645957
vt 0.588498 0.871246
vt 0.587331 0.895293
vt 0.590765 0.847282
vt 0.606496 0.806955
vt 0.603441 0.826758
vt 0.608384 0.788450
vt 0.608926 0.770543
vt 0.608241 0.752640
vt 0.606205 0.734151
vt 0.602992 0.714370
vt 0.599075 0.692711
vt 0.595436 0.669229
vt 0.593031 0.645414
vt 0.596247 0.871953
vt 0.594033 0.895783
vt 0.599697 0.848446
vt 0.617696 0.808628
vt 0.613701 0.828675
vt 0.620316 0.789425
vt 0.621197 0.770494
vt 0.620166 0.751570
vt 0.617392 0.732388
vt 0.613237 0.712372
vt 0.608357 0.690961
vt 0.603861 0.668032
vt 0.600588 0.644489
vt 0.604680 0.873082
vt 0.601596 0.896647
vt 0.608993 0.850121
vt 0.628887 0.810558
vt 0.623962 0.830910
vt 0.632357 0.790505
vt 0.633922 0.770444
vt 0.632198 0.750395
vt 0.628569 0.730369
vt 0.623482 0.710055
vt 0.617792 0.688904
vt 0.612719 0.666601
vt 0.608537 0.643188
vt 0.613548 0.874442
vt 0.609555 0.897884
vt 0.618442 0.852103
vt 0.616953 0.875013
vt 0.613083 0.899487
vt 0.645959 0.727121
vt 0.650170 0.748448
vt 0.640258 0.749572
vt 0.636244 0.728956
vt 0.640973 0.834665
vt 0.635295 0.855684
vt 0.625502 0.853515
vt 0.631276 0.832470
vt 0.646301 0.813668
vt 0.636572 0.811910
vt 0.626451 0.709347
vt 0.631462 0.729804
vt 0.626725 0.642459
vt 0.629370 0.663850
vt 0.619745 0.665448
vt 0.616012 0.640964
vt 0.635237 0.790801
vt 0.631785 0.811100
vt 0.650343 0.792310
vt 0.640423 0.791264
vt 0.612054 0.641557
vt 0.616120 0.666003
vt 0.640464 0.706163
vt 0.630783 0.708436
vt 0.635076 0.750076
vt 0.630218 0.877060
vt 0.627745 0.898468
vt 0.617046 0.900048
vt 0.620583 0.875539
vt 0.620900 0.688193
vt 0.624841 0.687435
vt 0.621556 0.852789
vt 0.626937 0.831594
vt 0.636564 0.770433
vt 0.641917 0.770412
vt 0.652775 0.770370
vt 0.634618 0.685188
vt 0.848143 0.031474
vt 0.848910 0.041564
vt 0.832599 0.042736
vt 0.831751 0.033376
vt 0.864480 0.030201
vt 0.864904 0.040745
vt 0.880627 0.029896
vt 0.880641 0.040346
vt 0.896775 0.030156
vt 0.896380 0.040702
vt 0.913116 0.031385
vt 0.912376 0.041477
vt 0.929512 0.033242
vt 0.928690 0.042603
vt 0.945944 0.035120
vt 0.945346 0.043742
vt 0.962454 0.036274
vt 0.962361 0.044420
vt 0.979144 0.035881
vt 0.980122 0.044069
vt 0.798817 0.036500
vt 0.798934 0.044645
vt 0.781171 0.044343
vt 0.782127 0.036152
vt 0.815325 0.035300
vt 0.815946 0.043921
vt 0.849286 0.050591
vt 0.833029 0.051310
vt 0.865096 0.050074
vt 0.880655 0.049850
vt 0.896214 0.050031
vt 0.912025 0.050505
vt 0.928284 0.051178
vt 0.945068 0.051828
vt 0.962365 0.052117
vt 0.980191 0.051877
vt 0.798951 0.052342
vt 0.781124 0.052152
vt 0.816247 0.052006
vt 0.849544 0.059660
vt 0.833289 0.059985
vt 0.865268 0.059410
vt 0.880668 0.059301
vt 0.896067 0.059368
vt 0.911792 0.059574
vt 0.928047 0.059854
vt 0.944930 0.060084
vt 0.962405 0.060089
vt 0.980295 0.059816
vt 0.798932 0.060314
vt 0.781042 0.060091
vt 0.816407 0.060261
vt 0.849607 0.069218
vt 0.833347 0.069168
vt 0.865306 0.069218
vt 0.880681 0.069183
vt 0.896057 0.069176
vt 0.911756 0.069132
vt 0.928015 0.069038
vt 0.944950 0.068860
vt 0.962508 0.068560
vt 0.980415 0.068185
vt 0.798854 0.068786
vt 0.780945 0.068460
vt 0.816411 0.069037
vt 0.849494 0.079567
vt 0.833195 0.079224
vt 0.865247 0.079765
vt 0.880696 0.079797
vt 0.896144 0.079722
vt 0.911897 0.079481
vt 0.928195 0.079093
vt 0.945157 0.078596
vt 0.962726 0.078050
vt 0.980618 0.077553
vt 0.798661 0.078277
vt 0.780768 0.077829
vt 0.816232 0.078774
vt 0.849229 0.091054
vt 0.832857 0.090532
vt 0.865107 0.091376
vt 0.880712 0.091455
vt 0.896317 0.091333
vt 0.912194 0.090967
vt 0.928565 0.090400
vt 0.945542 0.089713
vt 0.963075 0.089019
vt 0.980920 0.088431
vt 0.798342 0.089246
vt 0.780496 0.088708
vt 0.815877 0.089892
vt 0.848851 0.104067
vt 0.832375 0.103480
vt 0.864906 0.104438
vt 0.880730 0.104540
vt 0.896554 0.104394
vt 0.912608 0.103979
vt 0.929082 0.103347
vt 0.946074 0.102597
vt 0.963548 0.101859
vt 0.981316 0.101242
vt 0.797905 0.102087
vt 0.780135 0.101519
vt 0.815381 0.102778
vt 0.848405 0.119020
vt 0.831806 0.118459
vt 0.864669 0.119380
vt 0.880751 0.119482
vt 0.896832 0.119335
vt 0.913094 0.118931
vt 0.929692 0.118324
vt 0.946704 0.117612
vt 0.964106 0.116916
vt 0.981771 0.116333
vt 0.797388 0.117146
vt 0.779722 0.116612
vt 0.814792 0.117794
vt 0.864240 0.156664
vt 0.847579 0.156423
vt 0.880802 0.156734
vt 0.897364 0.156619
vt 0.914024 0.156332
vt 0.930870 0.155915
vt 0.947949 0.155434
vt 0.965256 0.154960
vt 0.982745 0.154552
vt 0.796343 0.155193
vt 0.778853 0.154833
vt 0.813651 0.155620
vt 0.830732 0.156054
vt 0.847029 0.206566
vt 0.830003 0.206420
vt 0.863968 0.206661
vt 0.880871 0.206688
vt 0.897773 0.206614
vt 0.914713 0.206472
vt 0.931738 0.206280
vt 0.948880 0.206060
vt 0.966143 0.205839
vt 0.983526 0.205635
vt 0.795597 0.206074
vt 0.778213 0.205918
vt 0.812861 0.206248
vt 0.846943 0.271418
vt 0.829836 0.271439
vt 0.863972 0.271395
vt 0.880960 0.271371
vt 0.897948 0.271348
vt 0.914978 0.271324
vt 0.932084 0.271298
vt 0.949288 0.271271
vt 0.966589 0.271241
vt 0.983977 0.271205
vt 0.795331 0.271477
vt 0.777943 0.271489
vt 0.812632 0.271459
vt 0.831086 0.373388
vt 0.830247 0.329495
vt 0.847285 0.329258
vt 0.847963 0.372963
vt 0.832089 0.459465
vt 0.832498 0.450494
vt 0.849199 0.450977
vt 0.848834 0.460353
vt 0.865368 0.451281
vt 0.865143 0.460929
vt 0.881208 0.451339
vt 0.881222 0.461007
vt 0.897049 0.451238
vt 0.897300 0.460885
vt 0.913217 0.450889
vt 0.913607 0.460264
vt 0.929916 0.450360
vt 0.930350 0.459330
vt 0.947247 0.449734
vt 0.947649 0.458259
vt 0.965104 0.449103
vt 0.965438 0.457250
vt 0.983074 0.448513
vt 0.983396 0.456414
vt 0.779035 0.456696
vt 0.779335 0.448794
vt 0.797307 0.449334
vt 0.796996 0.457482
vt 0.815166 0.449916
vt 0.814787 0.458442
vt 0.832679 0.441069
vt 0.849331 0.441162
vt 0.865424 0.441213
vt 0.881194 0.441224
vt 0.896965 0.441169
vt 0.913058 0.441074
vt 0.929709 0.440935
vt 0.947021 0.440749
vt 0.964876 0.440505
vt 0.982856 0.440186
vt 0.779530 0.440466
vt 0.797511 0.440735
vt 0.815366 0.440930
vt 0.832648 0.430788
vt 0.849284 0.430572
vt 0.865383 0.430421
vt 0.881179 0.430372
vt 0.896976 0.430377
vt 0.913075 0.430484
vt 0.929712 0.430654
vt 0.946988 0.430823
vt 0.964793 0.430907
vt 0.982751 0.430846
vt 0.779609 0.431126
vt 0.797568 0.431137
vt 0.815372 0.431004
vt 0.832426 0.419267
vt 0.849083 0.418856
vt 0.865256 0.418575
vt 0.881163 0.418480
vt 0.897070 0.418531
vt 0.913244 0.418767
vt 0.929902 0.419133
vt 0.947137 0.419530
vt 0.964859 0.419841
vt 0.982768 0.419987
vt 0.779563 0.420267
vt 0.797471 0.420071
vt 0.815192 0.419713
vt 0.832056 0.406120
vt 0.848765 0.405626
vt 0.865067 0.405288
vt 0.881145 0.405168
vt 0.897223 0.405243
vt 0.913525 0.405536
vt 0.930236 0.405985
vt 0.947438 0.406483
vt 0.965065 0.406908
vt 0.982900 0.407183
vt 0.779395 0.407463
vt 0.797229 0.407140
vt 0.814855 0.406666
vt 0.831590 0.390957
vt 0.848377 0.390469
vt 0.864839 0.390132
vt 0.881124 0.390008
vt 0.897408 0.390087
vt 0.913871 0.390378
vt 0.930660 0.390821
vt 0.947842 0.391317
vt 0.965377 0.391759
vt 0.983119 0.392074
vt 0.779135 0.392356
vt 0.796876 0.391991
vt 0.814409 0.391501
vt 0.864596 0.372667
vt 0.881100 0.372553
vt 0.897603 0.372622
vt 0.914238 0.372871
vt 0.931115 0.373250
vt 0.948289 0.373676
vt 0.965738 0.374065
vt 0.983369 0.374353
vt 0.778836 0.374635
vt 0.796466 0.374299
vt 0.813914 0.373862
vt 0.864196 0.329086
vt 0.881040 0.329010
vt 0.897883 0.329040
vt 0.914795 0.329164
vt 0.931833 0.329355
vt 0.949029 0.329571
vt 0.966378 0.329771
vt 0.983852 0.329919
vt 0.778230 0.330203
vt 0.795704 0.330006
vt 0.813052 0.329759
vt 0.846381 0.475263
vt 0.829348 0.472931
vt 0.966980 0.468477
vt 0.950047 0.470393
vt 0.916101 0.475167
vt 0.898850 0.477015
vt 0.812422 0.470583
vt 0.863638 0.477064
vt 0.983977 0.467283
vt 0.933128 0.472788
vt 0.881245 0.477933
vt 0.795485 0.468713
vt 0.778484 0.467566
s 1
usemtl Shield
f 65/1/1 64/2/2 3/3/3 4/4/4
f 1/5/5 65/1/1 4/4/4 5/6/6
f 64/2/2 35/7/7 3/3/3
f 2/8/8 1/5/5 5/6/6 6/9/9
f 5/6/6 4/4/4 8/10/10 9/11/11
f 3/3/3 35/7/7 7/12/12
f 6/9/9 5/6/6 9/11/11 10/13/13
f 4/4/4 3/3/3 7/12/12 8/10/10
f 10/13/13 9/11/11 13/14/14 14/15/15
f 8/10/10 7/12/12 11/16/16 12/17/17
f 9/11/11 8/10/10 12/17/17 13/14/14
f 7/12/12 35/7/7 11/16/16
f 14/15/15 13/14/14 17/18/18 18/19/19
f 12/17/17 11/16/16 15/20/20 16/21/21
f 13/14/14 12/17/17 16/21/21 17/18/18
f 11/16/16 35/7/7 15/20/20
f 17/18/18 16/21/21 20/22/22 21/23/23
f 15/20/20 35/7/7 19/24/24
f 18/19/19 17/18/18 21/23/23 22/25/25
f 16/21/21 15/20/20 19/24/24 20/22/22
f 21/23/23 20/22/22 24/26/26 25/27/27
f 19/24/24 35/7/7 23/28/28
f 22/25/25 21/23/23 25/27/27 26/29/29
f 20/22/22 19/24/24 23/28/28 24/26/26
f 26/29/29 25/27/27 29/30/30 30/31/31
f 24/26/26 23/28/28 27/32/32 28/33/33
f 25/27/27 24/26/26 28/33/33 29/30/30
f 23/28/28 35/7/7 27/32/32
f 28/33/33 27/32/32 31/34/34 32/35/35
f 29/30/30 28/33/33 32/35/35 33/36/36
f 27/32/32 35/7/7 31/34/34
f 30/31/31 29/30/30 33/36/36 34/37/37
f 33/36/36 32/35/35 37/38/38 38/39/39
f 31/34/34 35/7/7 36/40/40
f 34/37/37 33/36/36 38/39/39 39/41/41
f 32/35/35 31/34/34 36/40/40 37/38/38
f 36/40/40 35/7/7 40/42/42
f 39/41/41 38/39/39 42/43/43 43/44/44
f 37/38/38 36/40/40 40/42/42 41/45/45
f 38/39/39 37/38/38 41/45/45 42/43/43
f 43/44/44 42/43/43 46/46/46 47/47/47
f 41/45/45 40/42/42 44/48/48 45/49/49
f 42/43/43 41/45/45 45/49/49 46/46/46
f 40/42/42 35/7/7 44/48/48
f 46/46/46 45/49/49 49/50/50 50/51/51
f 44/48/48 35/7/7 48/52/52
f 47/47/47 46/46/46 50/51/51 51/53/53
f 45/49/49 44/48/48 48/52/52 49/50/50
f 50/51/51 49/50/50 53/54/54 54/55/55
f 48/52/52 35/7/7 52/56/56
f 51/53/53 50/51/51 54/55/55 55/57/57
f 49/50/50 48/52/52 52/56/56 53/54/54
f 55/57/57 54/55/55 58/58/58 59/59/59
f 53/54/54 52/56/56 56/60/60 57/61/61
f 54/55/55 53/54/54 57/61/61 58/58/58
f 52/56/56 35/7/7 56/60/60
f 59/59/59 58/58/58 62/62/62 63/63/63
f 57/61/61 56/60/60 60/64/64 61/65/65
f 58/58/58 57/61/61 61/65/65 62/62/62
f 56/60/60 35/7/7 60/64/64
f 62/62/62 61/65/65 65/1/1 1/5/5
f 60/64/64 35/7/7 64/2/2
f 63/63/63 62/62/62 1/5/5 2/8/8
f 61/65/65 60/64/64 64/2/2 65/1/1
f 130/1/66 129/2/67 68/3/68 69/4/69
f 66/5/70 130/1/66 69/4/69 70/6/71
f 129/2/67 100/7/72 68/3/68
f 67/8/73 66/5/70 70/6/71 71/9/74
f 70/6/71 69/4/69 73/10/75 74/11/76
f 68/3/68 100/7/72 72/12/77
f 71/9/74 70/6/71 74/11/76 75/13/78
f 69/4/69 68/3/68 72/12/77 73/10/75
f 75/13/78 74/11/76 78/14/79 79/15/80
f 73/10/75 72/12/77 76/16/81 77/17/82
f 74/11/76 73/10/75 77/17/82 78/14/79
f 72/12/77 100/7/72 76/16/81
f 79/15/80 78/14/79 82/18/83 83/19/84
f 77/17/82 76/16/81 80/20/85 81/21/86
f 78/14/79 77/17/82 81/21/86 82/18/83
f 76/16/81 100/7/72 80/20/85
f 82/18/83 81/21/86 85/22/87 86/23/88
f 80/20/85 100/7/72 84/24/89
f 83/19/84 82/18/83 86/23/88 87/25/90
f 81/21/86 80/20/85 84/24/89 85/22/87
f 86/23/88 85/22/87 89/26/91 90/27/92
f 84/24/89 100/7/72 88/28/93
f 87/25/90 86/23/88 90/27/92 91/29/94
f 85/22/87 84/24/89 88/28/93 89/26/91
f 91/29/94 90/27/92 94/30/95 95/31/96
f 89/26/91 88/28/93 92/32/97 93/33/98
f 90/27/92 89/26/91 93/33/98 94/30/95
f 88/28/93 100/7/72 92/32/97
f 93/33/98 92/32/97 96/34/99 97/35/100
f 94/30/95 93/33/98 97/35/100 98/36/101
f 92/32/97 100/7/72 96/34/99
f 95/31/96 94/30/95 98/36/101 99/37/102
f 98/36/101 97/35/100 102/38/103 103/39/104
f 96/34/99 100/7/72 101/40/105
f 99/37/102 98/36/101 103/39/104 104/41/106
f 97/35/100 96/34/99 101/40/105 102/38/103
f 101/40/105 100/7/72 105/42/107
f 104/41/106 103/39/104 107/43/108 108/44/109
f 102/38/103 101/40/105 105/42/107 106/45/110
f 103/39/104 102/38/103 106/45/110 107/43/108
f 108/44/109 107/43/108 111/46/111 112/47/112
f 106/45/110 105/42/107 109/48/113 110/49/114
f 107/43/108 106/45/110 110/49/114 111/46/111
f 105/42/107 100/7/72 109/48/113
f 111/46/111 110/49/114 114/50/115 115/51/116
f 109/48/113 100/7/72 113/52/117
f 112/47/112 111/46/111 115/51/116 116/53/118
f 110/49/114 109/48/113 113/52/117 114/50/115
f 115/51/116 114/50/115 118/54/119 119/55/120
f 113/52/117 100/7/72 117/56/121
f 116/53/118 115/51/116 119/55/120 120/57/122
f 114/50/115 113/52/117 117/56/121 118/54/119
f 120/57/122 119/55/120 123/58/123 124/59/124
f 118/54/119 117/56/121 121/60/125 122/61/126
f 119/55/120 118/54/119 122/61/126 123/58/123
f 117/56/121 100/7/72 121/60/125
f 124/59/124 123/58/123 127/62/127 128/63/128
f 122/61/126 121/60/125 125/64/129 126/65/130
f 123/58/123 122/61/126 126/65/130 127/62/127
f 121/60/125 100/7/72 125/64/129
f 127/62/127 126/65/130 130/1/66 66/5/70
f 125/64/129 100/7/72 129/2/67
f 128/63/128 127/62/127 66/5/70 67/8/73
f 126/65/130 125/64/129 129/2/67 130/1/66
f 195/1/131 194/2/132 133/3/133 134/4/134
f 131/5/135 195/1/131 134/4/134 135/6/136
f 194/2/132 165/7/137 133/3/133
f 132/8/138 131/5/135 135/6/136 136/9/139
f 135/6/136 134/4/134 138/10/140 139/11/141
f 133/3/133 165/7/137 137/12/142
f 136/9/139 135/6/136 139/11/141 140/13/143
f 134/4/134 133/3/133 137/12/142 138/10/140
f 140/13/143 139/11/141 143/14/144 144/15/145
f 138/10/140 137/12/142 141/16/146 142/17/147
f 139/11/141 138/10/140 142/17/147 143/14/144
f 137/12/142 165/7/137 141/16/146
f 144/15/145 143/14/144 147/18/148 148/19/149
f 142/17/147 141/16/146 145/20/150 146/21/151
f 143/14/144 142/17/147 146/21/151 147/18/148
f 141/16/146 165/7/137 145/20/150
f 147/18/148 146/21/151 150/22/152 151/23/153
f 145/20/150 165/7/137 149/24/154
f 148/19/149 147/18/148 151/23/153 152/25/155
f 146/21/151 145/20/150 149/24/154 150/22/152
f 151/23/153 150/22/152 154/26/156 155/27/157
f 149/24/154 165/7/137 153/28/158
f 152/25/155 151/23/153 155/27/157 156/29/159
f 150/22/152 149/24/154 153/28/158 154/26/156
f 156/29/159 155/27/157 159/30/160 160/31/161
f 154/26/156 153/28/158 157/32/162 158/33/163
f 155/27/157 154/26/156 158/33/163 159/30/160
f 153/28/158 165/7/137 157/32/162
f 158/33/163 157/32/162 161/34/164 162/35/165
f 159/30/160 158/33/163 162/35/165 163/36/166
f 157/32/162 165/7/137 161/34/164
f 160/31/161 159/30/160 163/36/166 164/37/167
f 163/36/166 162/35/165 167/38/168 168/39/169
f 161/34/164 165/7/137 166/40/170
f 164/37/167 163/36/166 168/39/169 169/41/171
f 162/35/165 161/34/164 166/40/170 167/38/168
f 166/40/170 165/7/137 170/42/172
f 169/41/171 168/39/169 172/43/173 173/44/174
f 167/38/168 166/40/170 170/42/172 171/45/175
f 168/39/169 167/38/168 171/45/175 172/43/173
f 173/44/174 172/43/173 176/46/176 177/47/177
f 171/45/175 170/42/172 174/48/178 175/49/179
f 172/43/173 171/45/175 175/49/179 176/46/176
f 170/42/172 165/7/137 174/48/178
f 176/46/176 175/49/179 179/50/180 180/51/181
f 174/48/178 165/7/137 178/52/182
f 177/47/177 176/46/176 180/51/181 181/53/183
f 175/49/179 174/48/178 178/52/182 179/50/180
f 180/51/181 179/50/180 183/54/184 184/55/185
f 178/52/182 165/7/137 182/56/186
f 181/53/183 180/51/181 184/55/185 185/57/187
f 179/50/180 178/52/182 182/56/186 183/54/184
f 185/57/187 184/55/185 188/58/188 189/59/189
f 183/54/184 182/56/186 186/60/190 187/61/191
f 184/55/185 183/54/184 187/61/191 188/58/188
f 182/56/186 165/7/137 186/60/190
f 189/59/189 188/58/188 192/62/192 193/63/193
f 187/61/191 186/60/190 190/64/194 191/65/195
f 188/58/188 187/61/191 191/65/195 192/62/192
f 186/60/190 165/7/137 190/64/194
f 192/62/192 191/65/195 195/1/131 131/5/135
f 190/64/194 165/7/137 194/2/132
f 193/63/193 192/62/192 131/5/135 132/8/138
f 191/65/195 190/64/194 194/2/132 195/1/131
f 260/1/196 259/2/197 198/3/198 199/4/199
f 196/5/200 260/1/196 199/4/199 200/6/201
f 259/2/197 230/7/202 198/3/198
f 197/8/203 196/5/200 200/6/201 201/9/204
f 200/6/201 199/4/199 203/10/205 204/11/206
f 198/3/198 230/7/202 202/12/207
f 201/9/204 200/6/201 204/11/206 205/13/208
f 199/4/199 198/3/198 202/12/207 203/10/205
f 205/13/208 204/11/206 208/14/209 209/15/210
f 203/10/205 202/12/207 206/16/211 207/17/212
f 204/11/206 203/10/205 207/17/212 208/14/209
f 202/12/207 230/7/202 206/16/211
f 209/15/210 208/14/209 212/18/213 213/19/214
f 207/17/212 206/16/211 210/20/215 211/21/216
f 208/14/209 207/17/212 211/21/216 212/18/213
f 206/16/211 230/7/202 210/20/215
f 212/18/213 211/21/216 215/22/217 216/23/218
f 210/20/215 230/7/202 214/24/219
f 213/19/214 212/18/213 216/23/218 217/25/220
f 211/21/216 210/20/215 214/24/219 215/22/217
f 216/23/218 215/22/217 219/26/221 220/27/222
f 214/24/219 230/7/202 218/28/223
f 217/25/220 216/23/218 220/27/222 221/29/224
f 215/22/217 214/24/219 218/28/223 219/26/221
f 221/29/224 220/27/222 224/30/225 225/31/226
f 219/26/221 218/28/223 222/32/227 223/33/228
f 220/27/222 219/26/221 223/33/228 224/30/225
f 218/28/223 230/7/202 222/32/227
f 223/33/228 222/32/227 226/34/229 227/35/230
f 224/30/225 223/33/228 227/35/230 228/36/231
f 222/32/227 230/7/202 226/34/229
f 225/31/226 224/30/225 228/36/231 229/37/232
f 228/36/231 227/35/230 232/38/233 233/39/234
f 226/34/229 230/7/202 231/40/235
f 229/37/232 228/36/231 233/39/234 234/41/236
f 227/35/230 226/34/229 231/40/235 232/38/233
f 231/40/235 230/7/202 235/42/237
f 234/41/236 233/39/234 237/43/238 238/44/239
f 232/38/233 231/40/235 235/42/237 236/45/240
f 233/39/234 232/38/233 236/45/240 237/43/238
f 238/44/239 237/43/238 241/46/241 242/47/242
f 236/45/240 235/42/237 239/48/243 240/49/244
f 237/43/238 236/45/240 240/49/244 241/46/241
f 235/42/237 230/7/202 239/48/243
f 241/46/241 240/49/244 244/50/245 245/51/246
f 239/48/243 230/7/202 243/52/247
f 242/47/242 241/46/241 245/51/246 246/53/248
f 240/49/244 239/48/243 243/52/247 244/50/245
f 245/51/246 244/50/245 248/54/249 249/55/250
f 243/52/247 230/7/202 247/56/251
f 246/53/248 245/51/246 249/55/250 250/57/252
f 244/50/245 243/52/247 247/56/251 248/54/249
f 250/57/252 249/55/250 253/58/253 254/59/254
f 248/54/249 247/56/251 251/60/255 252/61/256
f 249/55/250 248/54/249 252/61/256 253/58/253
f 247/56/251 230/7/202 251/60/255
f 254/59/254 253/58/253 257/62/257 258/63/258
f 252/61/256 251/60/255 255/64/259 256/65/260
f 253/58/253 252/61/256 256/65/260 257/62/257
f 251/60/255 230/7/202 255/64/259
f 257/62/257 256/65/260 260/1/196 196/5/200
f 255/64/259 230/7/202 259/2/197
f 258/63/258 257/62/257 196/5/200 197/8/203
f 256/65/260 255/64/259 259/2/197 260/1/196
f 325/1/261 324/2/262 263/3/263 264/4/264
f 261/5/265 325/1/261 264/4/264 265/6/266
f 324/2/262 295/7/267 263/3/263
f 262/8/268 261/5/265 265/6/266 266/9/269
f 265/6/266 264/4/264 268/10/270 269/11/271
f 263/3/263 295/7/267 267/12/272
f 266/9/269 265/6/266 269/11/271 270/13/273
f 264/4/264 263/3/263 267/12/272 268/10/270
f 270/13/273 269/11/271 273/14/274 274/15/275
f 268/10/270 267/12/272 271/16/276 272/17/277
f 269/11/271 268/10/270 272/17/277 273/14/274
f 267/12/272 295/7/267 271/16/276
f 274/15/275 273/14/274 277/18/278 278/19/279
f 272/17/277 271/16/276 275/20/280 276/21/281
f 273/14/274 272/17/277 276/21/281 277/18/278
f 271/16/276 295/7/267 275/20/280
f 277/18/278 276/21/281 280/22/282 281/23/283
f 275/20/280 295/7/267 279/24/284
f 278/19/279 277/18/278 281/23/283 282/25/285
f 276/21/281 275/20/280 279/24/284 280/22/282
f 281/23/283 280/22/282 284/26/286 285/27/287
f 279/24/284 295/7/267 283/28/288
f 282/25/285 281/23/283 285/27/287 286/29/289
f 280/22/282 279/24/284 283/28/288 284/26/286
f 286/29/289 285/27/287 289/30/290 290/31/291
f 284/26/286 283/28/288 287/32/292 288/33/293
f 285/27/287 284/26/286 288/33/293 289/30/290
f 283/28/288 295/7/267 287/32/292
f 288/33/293 287/32/292 291/34/294 292/35/295
f 289/30/290 288/33/293 292/35/295 293/36/296
f 287/32/292 295/7/267 291/34/294
f 290/31/291 289/30/290 293/36/296 294/37/297
f 293/36/296 292/35/295 297/38/298 298/39/299
f 291/34/294 295/7/267 296/40/300
f 294/37/297 293/36/296 298/39/299 299/41/301
f 292/35/295 291/34/294 296/40/300 297/38/298
f 296/40/300 295/7/267 300/42/302
f 299/41/301 298/39/299 302/43/303 303/44/304
f 297/38/298 296/40/300 300/42/302 301/45/305
f 298/39/299 297/38/298 301/45/305 302/43/303
f 303/44/304 302/43/303 306/46/306 307/47/307
f 301/45/305 300/42/302 304/48/308 305/49/309
f 302/43/303 301/45/305 305/49/309 306/46/306
f 300/42/302 295/7/267 304/48/308
f 306/46/306 305/49/309 309/50/310 310/51/311
f 304/48/308 295/7/267 308/52/312
f 307/47/307 306/46/306 310/51/311 311/53/313
f 305/49/309 304/48/308 308/52/312 309/50/310
f 310/51/311 309/50/310 313/54/314 314/55/315
f 308/52/312 295/7/267 312/56/316
f 311/53/313 310/51/311 314/55/315 315/57/317
f 309/50/310 308/52/312 312/56/316 313/54/314
f 315/57/317 314/55/315 318/58/318 319/59/319
f 313/54/314 312/56/316 316/60/320 317/61/321
f 314/55/315 313/54/314 317/61/321 318/58/318
f 312/56/316 295/7/267 316/60/320
f 319/59/319 318/58/318 322/62/322 323/63/323
f 317/61/321 316/60/320 320/64/324 321/65/325
f 318/58/318 317/61/321 321/65/325 322/62/322
f 316/60/320 295/7/267 320/64/324
f 322/62/322 321/65/325 325/1/261 261/5/265
f 320/64/324 295/7/267 324/2/262
f 323/63/323 322/62/322 261/5/265 262/8/268
f 321/65/325 320/64/324 324/2/262 325/1/261
f 390/1/326 389/2/327 328/3/328 329/4/329
f 326/5/330 390/1/326 329/4/329 330/6/331
f 389/2/327 360/7/332 328/3/328
f 327/8/333 326/5/330 330/6/331 331/9/334
f 330/6/331 329/4/329 333/10/335 334/11/336
f 328/3/328 360/7/332 332/12/337
f 331/9/334 330/6/331 334/11/336 335/13/338
f 329/4/329 328/3/328 332/12/337 333/10/335
f 335/13/338 334/11/336 338/14/339 339/15/340
f 333/10/335 332/12/337 336/16/341 337/17/342
f 334/11/336 333/10/335 337/17/342 338/14/339
f 332/12/337 360/7/332 336/16/341
f 339/15/340 338/14/339 342/18/343 343/19/344
f 337/17/342 336/16/341 340/20/345 341/21/346
f 338/14/339 337/17/342 341/21/346 342/18/343
f 336/16/341 360/7/332 340/20/345
f 342/18/343 341/21/346 345/22/347 346/23/348
f 340/20/345 360/7/332 344/24/349
f 343/19/344 342/18/343 346/23/348 347/25/350
f 341/21/346 340/20/345 344/24/349 345/22/347
f 346/23/348 345/22/347 349/26/351 350/27/352
f 344/24/349 360/7/332 348/28/353
f 347/25/350 346/23/348 350/27/352 351/29/354
f 345/22/347 344/24/349 348/28/353 349/26/351
f 351/29/354 350/27/352 354/30/355 355/31/356
f 349/26/351 348/28/353 352/32/357 353/33/358
f 350/27/352 349/26/351 353/33/358 354/30/355
f 348/28/353 360/7/332 352/32/357
f 353/33/358 352/32/357 356/34/359 357/35/360
f 354/30/355 353/33/358 357/35/360 358/36/361
f 352/32/357 360/7/332 356/34/359
f 355/31/356 354/30/355 358/36/361 359/37/362
f 358/36/361 357/35/360 362/38/363 363/39/364
f 356/34/359 360/7/332 361/40/365
f 359/37/362 358/36/361 363/39/364 364/41/366
f 357/35/360 356/34/359 361/40/365 362/38/363
f 361/40/365 360/7/332 365/42/367
f 364/41/366 363/39/364 367/43/368 368/44/369
f 362/38/363 361/40/365 365/42/367 366/45/370
f 363/39/364 362/38/363 366/45/370 367/43/368
f 368/44/369 367/43/368 371/46/371 372/47/372
f 366/45/370 365/42/367 369/48/373 370/49/374
f 367/43/368 366/45/370 370/49/374 371/46/371
f 365/42/367 360/7/332 369/48/373
f 371/46/371 370/49/374 374/50/375 375/51/376
f 369/48/373 360/7/332 373/52/377
f 372/47/372 371/46/371 375/51/376 376/53/378
f 370/49/374 369/48/373 373/52/377 374/50/375
f 375/51/376 374/50/375 378/54/379 379/55/380
f 373/52/377 360/7/332 377/56/381
f 376/53/378 375/51/376 379/55/380 380/57/382
f 374/50/375 373/52/377 377/56/381 378/54/379
f 380/57/382 379/55/380 383/58/383 384/59/384
f 378/54/379 377/56/381 381/60/385 382/61/386
f 379/55/380 378/54/379 382/61/386 383/58/383
f 377/56/381 360/7/332 381/60/385
f 384/59/384 383/58/383 387/62/387 388/63/388
f 382/61/386 381/60/385 385/64/389 386/65/390
f 383/58/383 382/61/386 386/65/390 387/62/387
f 381/60/385 360/7/332 385/64/389
f 387/62/387 386/65/390 390/1/326 326/5/330
f 385/64/389 360/7/332 389/2/327
f 388/63/388 387/62/387 326/5/330 327/8/333
f 386/65/390 385/64/389 389/2/327 390/1/326
f 498/66/391 497/67/392 406/68/393 407/69/394
f 397/70/395 394/71/396 410/72/397 411/73/398
f 394/71/396 402/74/399 409/75/400 410/72/397
f 497/67/392 496/76/401 408/77/402 406/68/393
f 459/78/403 396/79/404 405/80/404 462/81/405
f 463/82/406 452/83/407 400/84/407 460/85/408
f 422/86/409 409/75/400 402/74/399 421/87/410
f 493/88/411 488/89/412 413/90/413 481/91/414
f 480/92/415 401/93/416 414/94/417 483/95/418
f 417/96/419 418/97/420 414/94/417 401/93/416
f 419/98/421 397/70/395 411/73/398 420/99/422
f 393/100/423 416/101/424 418/97/420 417/96/419
f 393/100/423 419/98/421 420/99/422 416/101/424
f 391/102/425 422/86/409 421/87/410 404/103/426
f 426/104/427 425/105/428 423/106/429 424/107/430
f 395/108/431 392/109/432 425/105/428 426/104/427
f 428/110/433 429/111/434 425/105/428 392/109/432
f 403/112/435 427/113/436 429/111/434 428/110/433
f 403/112/435 399/114/437 415/115/438 427/113/436
f 498/66/439 407/69/440 434/116/440 500/117/441
f 489/118/442 412/119/443 438/120/443 491/121/444
f 423/106/445 425/105/445 448/122/445 446/123/445
f 425/105/446 429/111/447 450/124/448 448/122/446
f 420/99/449 411/73/450 437/125/450 444/126/451
f 409/75/452 422/86/453 445/127/454 436/128/452
f 406/68/455 408/77/456 435/129/456 433/130/457
f 427/113/458 415/115/459 441/131/459 449/132/460
f 418/97/461 416/101/462 442/133/463 443/134/464
f 451/135/465 398/136/466 431/137/466 453/138/467
f 481/91/468 413/90/469 439/139/469 482/140/470
f 416/101/462 420/99/449 444/126/451 442/133/463
f 488/89/471 414/94/472 440/141/472 490/142/473
f 422/86/453 391/102/474 430/143/474 445/127/454
f 496/76/475 409/75/476 436/128/476 499/144/477
f 414/94/478 418/97/461 443/134/464 440/141/478
f 429/111/447 427/113/458 449/132/460 450/124/448
f 460/85/479 400/84/480 432/145/480 461/146/481
f 424/107/482 423/106/483 446/123/483 447/147/482
f 407/69/484 406/68/455 433/130/457 434/116/484
f 391/102/485 451/135/465 453/138/467 430/143/485
f 462/81/486 474/148/486 452/83/486 463/82/486
f 472/149/487 456/150/488 457/151/489 473/152/490
f 470/153/491 458/154/492 456/150/493 472/149/494
f 471/155/495 454/156/496 455/157/497 469/158/498
f 469/158/499 475/159/499 458/154/499 470/153/499
f 467/160/500 460/85/479 461/146/481 468/161/501
f 465/162/502 463/82/406 460/85/408 467/160/503
f 466/163/504 459/78/403 462/81/405 464/164/505
f 454/156/496 466/163/504 464/164/505 455/157/497
f 458/154/492 465/162/502 467/160/503 456/150/493
f 456/150/488 467/160/500 468/161/501 457/151/489
f 464/164/505 462/81/405 463/82/406 465/162/502
f 404/103/426 471/155/495 469/158/498 391/102/425
f 451/135/506 470/153/491 472/149/494 398/136/507
f 398/136/508 472/149/487 473/152/490 431/137/508
f 455/157/509 464/164/510 475/159/511
f 474/148/512 462/81/513 405/80/512
f 475/159/514 464/164/514 465/162/514 458/154/514
f 475/159/511 469/158/515 455/157/509
f 391/102/425 469/158/498 470/153/491 451/135/506
f 486/165/516 477/166/517 479/167/518 487/168/519
f 485/169/520 476/170/521 478/171/522 484/172/523
f 494/173/524 492/174/525 477/166/526 486/165/527
f 477/166/517 481/91/468 482/140/470 479/167/518
f 476/170/521 480/92/415 483/95/418 478/171/522
f 492/174/525 493/88/411 481/91/414 477/166/526
f 489/118/528 494/173/524 486/165/527 412/119/529
f 399/114/437 485/169/520 484/172/523 415/115/438
f 412/119/530 486/165/516 487/168/519 438/120/530
f 415/115/438 484/172/523 494/173/524 489/118/528
f 478/171/531 483/95/532 495/175/533
f 484/172/534 495/175/534 492/174/534 494/173/534
f 413/90/535 488/89/471 490/142/473 439/139/535
f 415/115/536 489/118/442 491/121/444 441/131/536
f 483/95/418 414/94/417 488/89/412 493/88/411
f 495/175/537 483/95/537 493/88/537 492/174/537
f 495/175/533 484/172/538 478/171/531
f 408/77/539 496/76/475 499/144/477 435/129/539
f 411/73/540 498/66/439 500/117/441 437/125/540
f 410/72/397 409/75/400 496/76/401 497/67/392
f 411/73/398 410/72/397 497/67/392 498/66/391
f 396/176/541 459/177/542 517/178/543 505/179/541
f 417/180/544 401/181/545 508/182/546 512/183/547
f 459/177/542 466/184/548 518/185/549 517/178/543
f 397/186/550 419/187/551 513/188/552 506/189/553
f 428/190/554 392/191/555 501/192/556 515/193/557
f 403/194/558 428/190/554 515/193/557 510/195/559
f 392/191/555 395/196/560 504/197/560 501/192/556
f 419/187/551 393/198/561 502/199/561 513/188/552
f 404/200/562 421/201/563 514/202/564 511/203/565
f 394/204/566 397/186/550 506/189/553 503/205/566
f 402/206/567 394/207/568 503/208/568 509/209/569
f 466/184/548 454/210/570 516/211/570 518/185/549
f 399/212/571 403/194/558 510/195/559 507/213/572
f 480/214/573 476/215/574 520/216/575 521/217/576
f 393/198/561 417/180/544 512/183/547 502/199/561
f 476/215/574 485/218/577 522/219/578 520/216/575
f 485/218/577 399/212/571 507/213/572 522/219/578
f 421/201/563 402/206/567 509/209/569 514/202/564
f 471/220/579 404/200/562 511/203/565 519/221/580
f 401/181/545 480/214/573 521/217/576 508/182/546
f 454/210/570 471/220/579 519/221/580 516/211/570
f 502/222/581 512/223/582 528/224/583 535/225/584
f 519/226/585 511/227/586 540/228/587 543/229/588
f 512/223/582 508/230/589 525/231/590 528/224/583
f 505/232/591 517/233/592 531/234/593 538/235/591
f 520/236/594 522/237/595 534/238/596 533/239/597
f 513/240/598 502/222/581 535/225/584 541/241/599
f 506/242/600 513/240/598 541/241/599 524/243/601
f 521/244/602 520/236/594 533/239/597 544/245/603
f 514/246/604 509/247/605 526/248/606 542/249/607
f 507/250/608 510/251/609 527/252/610 539/253/611
f 522/237/595 507/250/608 539/253/611 534/238/596
f 515/254/612 501/255/613 523/256/614 529/257/615
f 508/230/589 521/244/602 544/245/603 525/231/590
f 516/258/616 519/226/585 543/229/588 530/259/617
f 510/251/609 515/254/612 529/257/615 527/252/610
f 501/255/613 504/260/618 537/261/618 523/256/614
f 517/233/592 518/262/619 532/263/620 531/234/593
f 511/227/586 514/246/604 542/249/607 540/228/587
f 503/264/621 506/242/600 524/243/601 536/265/622
f 518/262/619 516/258/616 530/259/617 532/263/620
f 509/247/605 503/264/621 536/265/622 526/248/606
f 525/231/623 544/245/624 566/266/625 547/267/626
f 533/239/627 534/238/628 556/268/628 555/269/629
f 543/229/630 540/228/631 562/270/632 565/271/633
f 526/248/634 536/265/635 558/272/636 548/273/637
f 523/256/638 537/261/639 559/274/639 545/275/640
f 542/249/641 526/248/634 548/273/637 564/276/642
f 536/265/635 524/243/643 546/277/644 558/272/636
f 527/252/645 529/257/646 551/278/647 549/279/648
f 530/259/649 543/229/630 565/271/633 552/280/649
f 535/225/650 528/224/651 550/281/652 557/282/653
f 528/224/651 525/231/623 547/267/626 550/281/652
f 544/245/624 533/239/627 555/269/629 566/266/625
f 538/235/654 531/234/655 553/283/655 560/284/654
f 529/257/646 523/256/638 545/275/640 551/278/647
f 534/238/628 539/253/656 561/285/657 556/268/628
f 524/243/643 541/241/658 563/286/659 546/277/644
f 531/234/655 532/263/660 554/287/660 553/283/655
f 540/228/631 542/249/641 564/276/642 562/270/632
f 539/253/656 527/252/645 549/279/648 561/285/657
f 532/263/660 530/259/649 552/280/649 554/287/660
f 541/241/658 535/225/650 557/282/653 563/286/659
f 664/288/661 579/289/662 578/290/663 663/291/664
f 571/292/665 583/293/666 582/294/667 570/295/668
f 570/295/668 582/294/667 581/296/669 575/297/670
f 663/291/664 578/290/663 580/298/671 662/299/672
f 626/300/673 629/301/674 405/80/404 396/79/404
f 630/302/675 627/303/676 400/84/407 452/83/407
f 594/304/677 593/305/678 575/297/670 581/296/669
f 659/306/679 647/307/680 585/308/681 654/309/682
f 646/310/683 649/311/684 586/312/685 574/313/686
f 589/314/687 574/313/686 586/312/685 590/315/688
f 591/316/689 592/317/690 583/293/666 571/292/665
f 569/318/691 589/314/687 590/315/688 588/319/692
f 569/318/691 588/319/692 592/317/690 591/316/689
f 567/320/693 577/321/694 593/305/678 594/304/677
f 426/104/427 424/107/430 595/322/695 596/323/696
f 395/108/431 426/104/427 596/323/696 568/324/697
f 598/325/698 568/324/697 596/323/696 599/326/699
f 576/327/700 598/325/698 599/326/699 597/328/701
f 576/327/700 597/328/701 587/329/702 573/330/703
f 664/288/704 666/331/705 603/332/706 579/289/706
f 655/333/707 657/334/708 607/335/709 584/336/709
f 595/322/710 615/337/710 616/338/710 596/323/710
f 596/323/711 616/338/711 618/339/712 599/326/713
f 592/317/714 613/340/715 606/341/716 583/293/716
f 581/296/717 605/342/717 614/343/718 594/304/719
f 578/290/720 602/344/721 604/345/722 580/298/722
f 597/328/723 617/346/724 610/347/725 587/329/725
f 590/315/726 612/348/727 611/349/728 588/319/729
f 619/350/730 620/351/731 601/352/732 572/353/732
f 647/307/733 648/354/734 608/355/735 585/308/735
f 588/319/729 611/349/728 613/340/715 592/317/714
f 654/309/736 656/356/737 609/357/738 586/312/738
f 594/304/719 614/343/718 600/358/739 567/320/739
f 662/299/740 665/359/741 605/342/742 581/296/742
f 586/312/743 609/357/743 612/348/727 590/315/726
f 599/326/713 618/339/712 617/346/724 597/328/723
f 627/303/744 628/360/745 432/145/480 400/84/480
f 424/107/482 447/147/482 615/337/746 595/322/746
f 579/289/747 603/332/747 602/344/721 578/290/720
f 567/320/748 600/358/748 620/351/731 619/350/730
f 629/301/749 630/302/749 452/83/749 474/148/749
f 639/361/750 640/362/751 624/363/752 623/364/753
f 637/365/754 639/361/755 623/364/756 625/366/757
f 638/367/758 636/368/759 622/369/760 621/370/761
f 636/368/762 637/365/762 625/366/762 641/371/762
f 634/372/763 635/373/764 628/360/745 627/303/744
f 632/374/765 634/372/766 627/303/676 630/302/675
f 633/375/767 631/376/768 629/301/674 626/300/673
f 621/370/761 622/369/760 631/376/768 633/375/767
f 625/366/757 623/364/756 634/372/766 632/374/765
f 623/364/753 624/363/752 635/373/764 634/372/763
f 631/376/768 632/374/765 630/302/675 629/301/674
f 577/321/694 567/320/693 636/368/759 638/367/758
f 619/350/769 572/353/770 639/361/755 637/365/754
f 572/353/771 601/352/771 640/362/751 639/361/750
f 622/369/772 641/371/773 631/376/774
f 474/148/512 405/80/512 629/301/775
f 641/371/776 625/366/776 632/374/776 631/376/776
f 641/371/773 622/369/772 636/368/777
f 567/320/693 619/350/769 637/365/754 636/368/759
f 652/377/778 653/378/779 645/379/780 643/380/781
f 651/381/782 650/382/783 644/383/784 642/384/785
f 660/385/786 652/377/787 643/380/788 658/386/789
f 643/380/781 645/379/780 648/354/734 647/307/733
f 642/384/785 644/383/784 649/311/684 646/310/683
f 658/386/789 643/380/788 647/307/680 659/306/679
f 655/333/790 584/336/791 652/377/787 660/385/786
f 573/330/703 587/329/702 650/382/783 651/381/782
f 584/336/792 607/335/792 653/378/779 652/377/778
f 587/329/702 655/333/790 660/385/786 650/382/783
f 644/383/793 661/387/794 649/311/795
f 650/382/796 660/385/796 658/386/796 661/387/796
f 585/308/797 608/355/797 656/356/737 654/309/736
f 587/329/798 610/347/798 657/334/708 655/333/707
f 649/311/684 659/306/679 654/309/682 586/312/685
f 661/387/799 658/386/799 659/306/799 649/311/799
f 661/387/794 644/383/793 650/382/800
f 580/298/801 604/345/801 665/359/741 662/299/740
f 583/293/802 606/341/802 666/331/705 664/288/704
f 582/294/667 663/291/664 662/299/672 581/296/669
f 583/293/666 664/288/661 663/291/664 582/294/667
f 396/176/803 505/179/803 681/388/804 626/389/805
f 589/390/806 676/391/807 672/392/808 574/393/809
f 626/389/805 681/388/804 682/394/810 633/395/811
f 571/396/812 670/397/813 677/398/814 591/399/815
f 598/400/816 679/401/817 667/402/818 568/403/819
f 576/404/820 674/405/821 679/401/817 598/400/816
f 568/403/819 667/402/818 504/197/822 395/196/822
f 591/399/815 677/398/814 668/406/823 569/407/824
f 577/408/825 675/409/826 678/410/827 593/411/828
f 570/412/829 669/413/829 670/397/813 571/396/812
f 575/414/830 673/415/831 669/413/832 570/412/832
f 633/395/811 682/394/810 680/416/833 621/417/834
f 573/418/835 671/419/836 674/405/821 576/404/820
f 646/420/837 685/421/838 684/422/839 642/423/840
f 569/407/824 668/406/823 676/391/807 589/390/806
f 642/423/840 684/422/839 686/424/841 651/425/842
f 651/425/842 686/424/841 671/419/836 573/418/835
f 593/411/828 678/410/827 673/415/831 575/414/830
f 638/426/843 683/427/844 675/409/826 577/408/825
f 574/393/809 672/392/808 685/421/838 646/420/837
f 621/417/834 680/416/833 683/427/844 638/426/843
f 668/428/845 699/429/846 692/430/847 676/431/848
f 683/432/849 705/433/850 702/434/851 675/435/852
f 676/431/848 692/430/847 689/436/853 672/437/854
f 505/232/591 538/235/591 695/438/855 681/439/856
f 684/440/857 697/441/858 698/442/859 686/443/860
f 677/444/861 703/445/862 699/429/846 668/428/845
f 670/446/863 688/447/864 703/445/862 677/444/861
f 685/448/865 706/449/866 697/441/858 684/440/857
f 678/450/867 704/451/868 690/452/869 673/453/870
f 671/454/871 701/455/872 691/456/873 674/457/874
f 686/443/860 698/442/859 701/455/872 671/454/871
f 679/458/875 693/459/876 687/460/877 667/461/878
f 672/437/854 689/436/853 706/449/866 685/448/865
f 680/462/879 694/463/880 705/433/850 683/432/849
f 674/457/874 691/456/873 693/459/876 679/458/875
f 667/461/878 687/460/877 537/261/618 504/260/618
f 681/439/856 695/438/855 696/464/881 682/465/882
f 675/435/852 702/434/851 704/451/868 678/450/867
f 669/466/883 700/467/884 688/447/864 670/446/863
f 682/465/882 696/464/881 694/463/880 680/462/879
f 673/453/870 690/452/869 700/467/884 669/466/883
f 689/436/885 709/468/886 726/469/887 706/449/888
f 697/441/889 717/470/890 718/471/891 698/442/891
f 705/433/892 725/472/893 722/473/894 702/434/895
f 690/452/896 710/474/897 720/475/898 700/467/899
f 687/460/900 707/476/901 559/274/639 537/261/639
f 704/451/902 724/477/903 710/474/897 690/452/896
f 700/467/899 720/475/898 708/478/904 688/447/905
f 691/456/906 711/479/907 713/480/908 693/459/909
f 694/463/910 714/481/910 725/472/893 705/433/892
f 699/429/911 719/482/912 712/483/913 692/430/914
f 692/430/914 712/483/913 709/468/886 689/436/885
f 706/449/888 726/469/887 717/470/890 697/441/889
f 538/235/654 560/284/654 715/484/915 695/438/915
f 693/459/909 713/480/908 707/476/901 687/460/900
f 698/442/891 718/471/891 721/485/916 701/455/917
f 688/447/905 708/478/904 723/486/918 703/445/919
f 695/438/915 715/484/915 716/487/920 696/464/920
f 702/434/895 722/473/894 724/477/903 704/451/902
f 701/455/917 721/485/916 711/479/907 691/456/906
f 696/464/920 716/487/920 714/481/910 694/463/910
f 703/445/919 723/486/918 719/482/912 699/429/911
f 727/488/921 739/489/921 730/490/921
f 733/491/922 742/492/922 743/493/922 734/494/922
f 729/495/923 738/496/923 737/497/923 728/498/923
f 731/499/924 740/500/924 741/501/924 732/502/924
f 735/503/925 743/493/925 744/504/925
f 732/502/926 741/501/926 742/492/926 733/491/926
f 730/490/927 739/489/927 738/496/927 729/495/927
f 728/498/928 737/497/928 740/500/928 731/499/928
f 736/505/929 739/489/929 727/488/929
f 734/494/930 743/493/930 735/503/930
f 743/493/931 742/492/931 749/506/931 744/504/931
f 742/492/932 741/501/932 748/507/932 749/506/932
f 741/501/933 740/500/933 747/508/933 748/507/933
f 740/500/934 737/497/934 746/509/934 747/508/934
f 737/497/935 738/496/935 745/510/935 746/509/935
f 738/496/936 739/489/936 736/505/936 745/510/936
f 750/488/937 753/490/937 762/489/937
f 756/491/938 757/494/938 766/493/938 765/492/938
f 752/495/939 751/498/939 760/497/939 761/496/939
f 754/499/940 755/502/940 764/501/940 763/500/940
f 758/503/941 767/504/941 766/493/941
f 755/502/942 756/491/942 765/492/942 764/501/942
f 753/490/943 752/495/943 761/496/943 762/489/943
f 751/498/944 754/499/944 763/500/944 760/497/944
f 759/505/945 750/488/945 762/489/945
f 757/494/946 758/503/946 766/493/946
f 766/493/947 767/504/947 772/506/947 765/492/947
f 765/492/948 772/506/948 771/507/948 764/501/948
f 764/501/949 771/507/949 770/508/949 763/500/949
f 763/500/950 770/508/950 769/509/950 760/497/950
f 760/497/951 769/509/951 768/510/951 761/496/951
f 761/496/952 768/510/952 759/505/952 762/489/952
f 773/511/953 774/512/953 775/513/953
f 779/514/954 780/515/954 781/516/954
f 774/512/955 777/517/955 778/518/955 775/513/955
f 773/511/956 776/519/956 777/517/956 774/512/956
f 775/513/957 778/518/957 776/519/957 773/511/957
f 780/515/958 783/520/958 784/521/958 781/516/958
f 779/514/959 782/522/959 783/520/959 780/515/959
f 781/516/960 784/521/960 782/522/960 779/514/960
f 785/523/961 786/524/961 787/525/961
f 786/524/962 789/526/962 790/527/962 787/525/962
f 785/523/963 788/528/963 789/526/963 786/524/963
f 787/525/964 790/527/964 788/528/964 785/523/964
f 824/529/965 811/530/966 794/531/967 793/532/968
f 801/533/969 798/534/970 815/535/971 809/536/972
f 815/535/971 814/537/973 810/538/974 809/536/972
f 808/539/975 810/538/974 814/537/973 806/540/976
f 807/541/977 806/540/976 814/537/973 813/542/978
f 813/542/978 814/537/973 815/535/971 812/543/979
f 812/543/979 815/535/971 798/534/970 816/544/980
f 792/545/981 791/546/982 811/530/966 818/547/983
f 797/548/984 792/545/981 818/547/983 804/549/985
f 802/550/986 804/549/985 818/547/983 819/551/987
f 803/552/988 802/550/986 819/551/987 820/553/989
f 800/554/990 803/552/988 820/553/989 799/555/991
f 817/556/992 799/555/991 820/553/989 821/557/993
f 821/557/993 820/553/989 819/551/987 822/558/994
f 822/558/994 819/551/987 818/547/983 823/559/995
f 805/560/996 811/530/966 791/546/982 796/561/997
f 795/562/998 794/531/967 811/530/966 805/560/996
f 823/559/995 818/547/983 811/530/966 824/529/965
f 799/555/991 817/556/992 816/544/980 798/534/970
f 804/549/985 802/550/986 836/563/999 838/564/1000
f 793/532/968 794/531/967 828/565/1001 827/566/1002
f 806/540/976 840/567/1003 842/568/1004 808/539/975
f 791/546/982 825/569/1005 830/570/1006 796/561/997
f 791/546/982 792/545/981 826/571/1007 825/569/1005
f 810/538/974 844/572/1008 843/573/1009 809/536/972
f 792/545/981 797/548/984 831/574/1010 826/571/1007
f 808/539/975 842/568/1004 844/572/1008 810/538/974
f 805/560/996 839/575/1011 829/576/1012 795/562/998
f 809/536/972 843/573/1009 835/577/1013 801/533/969
f 796/561/997 830/570/1006 839/575/1011 805/560/996
f 797/548/984 804/549/985 838/564/1000 831/574/1010
f 795/562/998 829/576/1012 828/565/1001 794/531/967
f 803/552/988 800/554/990 834/578/1014 837/579/1015
f 799/555/991 798/534/970 832/580/1016 833/581/1017
f 802/550/986 803/552/988 837/579/1015 836/563/999
f 800/554/990 799/555/991 833/581/1017 834/578/1014
f 806/540/976 807/541/977 841/582/1018 840/567/1003
f 801/533/969 835/577/1013 832/580/1016 798/534/970
f 824/529/965 793/532/968 847/583/1019 863/584/1020
f 854/585/1021 861/586/1022 865/587/1023 851/588/1024
f 865/587/1023 861/586/1022 862/589/1025 864/590/1026
f 860/591/1027 859/592/1028 864/590/1026 862/589/1025
f 807/541/977 813/542/978 864/590/1026 859/592/1028
f 813/542/978 812/543/979 865/587/1023 864/590/1026
f 812/543/979 816/544/980 851/588/1024 865/587/1023
f 846/593/1029 866/594/1030 863/584/1020 845/595/1031
f 850/596/1032 857/597/1033 866/594/1030 846/593/1029
f 855/598/1034 867/599/1035 866/594/1030 857/597/1033
f 856/600/1036 868/601/1037 867/599/1035 855/598/1034
f 853/602/1038 852/603/1039 868/601/1037 856/600/1036
f 817/556/992 821/557/993 868/601/1037 852/603/1039
f 821/557/993 822/558/994 867/599/1035 868/601/1037
f 822/558/994 823/559/995 866/594/1030 867/599/1035
f 858/604/1040 849/605/1041 845/595/1031 863/584/1020
f 848/606/1042 858/604/1040 863/584/1020 847/583/1019
f 823/559/995 824/529/965 863/584/1020 866/594/1030
f 852/603/1039 851/588/1024 816/544/980 817/556/992
f 857/597/1033 881/607/1043 879/608/1044 855/598/1034
f 793/532/968 827/566/1002 871/609/1045 847/583/1019
f 859/592/1028 860/591/1027 884/610/1046 883/611/1047
f 845/595/1031 849/605/1041 873/612/1048 869/613/1049
f 845/595/1031 869/613/1049 870/614/1050 846/593/1029
f 862/589/1025 861/586/1022 885/615/1051 886/616/1052
f 846/593/1029 870/614/1050 874/617/1053 850/596/1032
f 860/591/1027 862/589/1025 886/616/1052 884/610/1046
f 858/604/1040 848/606/1042 872/618/1054 882/619/1055
f 861/586/1022 854/585/1021 878/620/1056 885/615/1051
f 849/605/1041 858/604/1040 882/619/1055 873/612/1048
f 850/596/1032 874/617/1053 881/607/1043 857/597/1033
f 848/606/1042 847/583/1019 871/609/1045 872/618/1054
f 856/600/1036 880/621/1057 877/622/1058 853/602/1038
f 852/603/1039 876/623/1059 875/624/1060 851/588/1024
f 855/598/1034 879/608/1044 880/621/1057 856/600/1036
f 853/602/1038 877/622/1058 876/623/1059 852/603/1039
f 859/592/1028 883/611/1047 841/582/1018 807/541/977
f 854/585/1021 851/588/1024 875/624/1060 878/620/1056
f 1025/625/1061 1029/626/1062 1067/627/1063 1066/628/1064
f 1030/629/1065 1067/627/1063 1029/626/1062
f 1028/630/1066 1027/631/1067 1070/632/1068 1071/633/1069
f 1027/631/1067 1026/634/1070 1069/635/1071 1070/632/1068
f 1026/634/1070 1024/636/1072 1068/637/1073 1069/635/1071
f 1024/636/1072 1025/625/1061 1066/628/1064 1068/637/1073
f 1031/638/1074 1028/630/1066 1032/639/1075
f 1033/640/1076 1032/639/1075 1072/641/1077 1073/642/1078
f 1040/643/1079 1039/644/1080 1079/645/1081 1080/646/1082
f 1037/647/1083 1036/648/1084 1076/649/1085 1077/650/1086
f 1044/651/1087 1043/652/1088 1083/653/1089 1084/654/1090
f 1034/655/1091 1033/640/1076 1073/642/1078 1074/656/1092
f 1041/657/1093 1040/643/1079 1080/646/1082 1081/658/1094
f 1038/659/1095 1037/647/1083 1077/650/1086 1078/660/1096
f 1035/661/1097 1034/655/1091 1074/656/1092 1075/662/1098
f 1042/663/1099 1041/657/1093 1081/658/1094 1082/664/1100
f 1039/644/1080 1038/659/1095 1078/660/1096 1079/645/1081
f 1036/648/1084 1035/661/1097 1075/662/1098 1076/649/1085
f 1043/652/1088 1042/663/1099 1082/664/1100 1083/653/1089
f 1071/633/1069 1072/641/1077 1032/639/1075 1028/630/1066
f 1044/651/1087 1084/654/1090 1045/665/1101
f 1138/666/1102 1139/667/1102 1141/668/1103 1140/669/1104
f 1143/670/1105 1140/669/1104 1141/668/1103 1142/671/1106
f 1142/671/1106 1111/672/1107 1110/673/1108 1143/670/1105
f 1132/674/1109 1133/675/1109 1135/676/1110 1134/677/1111
f 1136/678/1112 1134/677/1111 1135/676/1110 1137/679/1113
f 1137/679/1113 1108/680/1114 1107/681/1115 1136/678/1112
f 1126/682/1116 1127/683/1116 1129/684/1117 1128/685/1118
f 1131/686/1119 1128/685/1118 1129/684/1117 1130/687/1119
f 1130/687/1119 1125/688/1120 1124/689/1121 1131/686/1119
f 1100/690/1122 1124/689/1121 1125/688/1120 1105/691/1123
f 1095/692/1124 1094/693/1124 1096/694/1125 1093/695/1126
f 1092/696/1127 1093/695/1126 1096/694/1125 1097/697/1128
f 1091/698/1129 1092/696/1127 1097/697/1128 1098/699/1130
f 1091/698/1129 1104/700/1131 1085/701/1132 1090/702/1133
f 1085/701/1132 1086/703/1134 1089/704/1134 1090/702/1133
f 1087/705/1135 1088/706/1135 1089/704/1134 1086/703/1134
f 1101/707/1136 1104/700/1131 1091/698/1129 1098/699/1130
f 1099/708/1137 1102/709/1138 1101/707/1136 1098/699/1130
f 1100/690/1122 1103/710/1139 1102/709/1138 1099/708/1137
f 1121/711/1140 1103/710/1139 1100/690/1122 1105/691/1123
f 1106/712/1141 1122/713/1142 1121/711/1140 1105/691/1123
f 1107/681/1115 1123/714/1143 1122/713/1142 1106/712/1141
f 1123/714/1143 1107/681/1115 1108/680/1114 1118/715/1144
f 1109/716/1145 1119/717/1146 1118/715/1144 1108/680/1114
f 1110/673/1108 1120/718/1147 1119/717/1146 1109/716/1145
f 1120/718/1147 1110/673/1108 1111/672/1107 1115/719/1148
f 1112/720/1149 1116/721/1150 1115/719/1148 1111/672/1107
f 1113/722/1151 1117/723/1152 1116/721/1150 1112/720/1149
f 1114/724/1153 1117/723/1152 1113/722/1151
f 1047/725/1154 1048/726/1155 1053/727/1156 1054/728/1157
f 1048/726/1155 1049/729/1158 1052/730/1158 1053/727/1156
f 1050/731/1159 1051/732/1160 1052/730/1158 1049/729/1158
f 1061/733/1161 1060/734/1162 1047/725/1154 1054/728/1157
f 1047/725/1154 1060/734/1162 1063/735/1163 1046/736/1164
f 1064/737/1165 1065/738/1165 1046/736/1164 1063/735/1163
f 1060/734/1162 1062/739/1166 1063/735/1163
f 1054/728/1157 1055/740/1167 1061/733/1161
f 1055/740/1167 1056/741/1168 1059/742/1169 1061/733/1161
f 1057/743/1170 1058/744/1170 1059/742/1169 1056/741/1168
f 1019/745/1171 1018/746/1172 1020/747/1173
f 1015/748/1174 1014/749/1175 1016/750/1176
f 1010/751/1177 1011/752/1178 1012/753/1179
f 1009/754/1180 1013/755/1181 1012/753/1179 1011/752/1178
f 1013/755/1181 1144/756/1182 1145/757/1183 1014/749/1175
f 1009/754/1180 1008/758/1184 1144/756/1182 1013/755/1181
f 1017/759/1185 1016/750/1176 1014/749/1175 1145/757/1183
f 1146/760/1186 1149/761/1187 1150/762/1188 1147/763/1189
f 1007/764/1190 1146/760/1186 1144/756/1182 1008/758/1184
f 1145/757/1183 1144/756/1182 1146/760/1186 1147/763/1189
f 1007/764/1190 1148/765/1191 1149/761/1187 1146/760/1186
f 1007/764/1190 1006/766/1192 1148/765/1191
f 1021/767/1193 1151/768/1194 1152/769/1195 1022/770/1196
f 1147/763/1189 1150/762/1188 1151/768/1194 1021/767/1193
f 1021/767/1193 1020/747/1173 1018/746/1172 1147/763/1189
f 1018/746/1172 1017/759/1185 1145/757/1183 1147/763/1189
f 1023/771/1197 1022/770/1196 1152/769/1195
f 989/772/1198 991/773/1199 1129/774/1200 1127/775/1201
f 926/776/1202 925/777/1203 1044/778/1204 1045/779/1202
f 991/773/1199 992/780/1205 1130/781/1206 1129/774/1200
f 928/782/1207 1047/783/1208 1046/784/1209 927/785/1210
f 986/786/1211 993/787/1212 1131/788/1213 1124/789/1214
f 929/790/1215 1048/791/1216 1047/783/1208 928/782/1207
f 996/792/1217 994/793/1218 1132/794/1219 1134/795/1220
f 930/796/1221 1049/797/1222 1048/791/1216 929/790/1215
f 999/798/1223 970/799/1224 1108/800/1225 1137/801/1226
f 931/802/1227 1050/803/1159 1049/797/1222 930/796/1221
f 998/804/1228 996/792/1217 1134/795/1220 1136/805/1229
f 932/806/1230 1051/807/1160 1050/803/1159 931/802/1227
f 995/808/1231 997/809/1232 1135/810/1233 1133/811/1234
f 933/812/1235 1052/813/1236 1051/807/1160 932/806/1230
f 994/793/1218 995/808/1231 1133/811/1234 1132/794/1219
f 934/814/1237 1053/815/1238 1052/813/1236 933/812/1235
f 969/816/1239 998/804/1228 1136/805/1229 1107/817/1240
f 935/818/1241 1054/819/1242 1053/815/1238 934/814/1237
f 997/809/1232 999/798/1223 1137/801/1226 1135/810/1233
f 936/820/1243 1055/821/1244 1054/819/1242 935/818/1241
f 1002/822/1245 1000/823/1246 1138/824/1247 1140/825/1248
f 947/826/1249 948/827/1250 1086/828/1251 1085/829/1252
f 937/830/1253 1056/831/1254 1055/821/1244 936/820/1243
f 1004/832/1255 973/833/1256 1111/834/1257 1142/835/1258
f 948/827/1250 949/836/1259 1087/837/1260 1086/828/1251
f 938/838/1261 1057/839/1262 1056/831/1254 937/830/1253
f 1005/840/1263 1002/822/1245 1140/825/1248 1143/841/1264
f 949/836/1259 950/842/1265 1088/843/1266 1087/837/1260
f 939/844/1267 1058/845/1267 1057/839/1262 938/838/1261
f 1001/846/1268 1003/847/1269 1141/848/1270 1139/849/1271
f 950/842/1265 951/850/1272 1089/851/1273 1088/843/1266
f 940/852/1274 1059/853/1275 1058/845/1276 939/844/1276
f 1003/847/1269 1004/832/1255 1142/835/1258 1141/848/1270
f 951/850/1272 952/854/1277 1090/855/1278 1089/851/1273
f 941/856/1279 1060/857/1280 1061/858/1281 942/859/1282
f 972/860/1283 1005/840/1263 1143/841/1264 1110/861/1284
f 887/862/1285 1006/863/1285 1007/864/1286 888/865/1287
f 952/854/1277 953/866/1288 1091/867/1289 1090/855/1278
f 942/859/1282 1061/858/1281 1059/853/1275 940/852/1274
f 1000/823/1246 1001/846/1268 1139/849/1271 1138/824/1247
f 888/865/1287 1007/864/1286 1008/868/1290 889/869/1291
f 954/870/1292 1092/871/1293 1091/867/1289 953/866/1288
f 943/872/1294 1062/873/1294 1060/857/1280 941/856/1279
f 889/869/1291 1008/868/1290 1009/874/1295 890/875/1296
f 955/876/1297 1093/877/1298 1092/871/1293 954/870/1292
f 944/878/1299 1063/879/1300 1062/880/1301 943/881/1301
f 891/882/1302 892/883/1303 1011/884/1304 1010/885/1305
f 956/886/1306 1094/887/1307 1095/888/1308 957/889/1309
f 945/890/1310 1064/891/1311 1063/879/1300 944/878/1299
f 892/883/1303 890/875/1296 1009/874/1295 1011/884/1304
f 957/889/1309 1095/888/1308 1093/877/1298 955/876/1297
f 946/892/1312 1065/893/1313 1064/891/1311 945/890/1310
f 893/894/1314 891/882/1302 1010/885/1305 1012/895/1315
f 958/896/1316 1096/897/1317 1094/898/1307 956/899/1306
f 927/785/1210 1046/784/1209 1065/893/1313 946/892/1312
f 894/900/1318 893/894/1314 1012/895/1315 1013/901/1319
f 959/902/1320 1097/903/1321 1096/897/1317 958/896/1316
f 894/900/1318 1013/901/1319 1014/904/1322 895/905/1323
f 960/906/1324 1098/907/1325 1097/903/1321 959/902/1320
f 895/905/1323 1014/904/1322 1015/908/1326 896/909/1327
f 960/906/1324 961/910/1328 1099/911/1329 1098/907/1325
f 896/909/1327 1015/908/1326 1016/912/1330 897/913/1331
f 961/910/1328 962/914/1332 1100/915/1333 1099/911/1329
f 897/913/1331 1016/912/1330 1017/916/1334 898/917/1335
f 964/918/1336 963/919/1337 1101/920/1338 1102/921/1339
f 898/917/1335 1017/916/1334 1018/922/1340 899/923/1341
f 965/924/1342 964/918/1336 1102/921/1339 1103/925/1343
f 899/923/1341 1018/922/1340 1019/926/1344 900/927/1345
f 963/919/1337 966/928/1346 1104/929/1347 1101/920/1338
f 900/927/1345 1019/926/1344 1020/930/1348 901/931/1349
f 966/928/1346 947/826/1249 1085/829/1252 1104/929/1347
f 901/931/1349 1020/930/1348 1021/932/1350 902/933/1351
f 967/934/1352 968/935/1353 1106/936/1354 1105/937/1355
f 902/933/1351 1021/932/1350 1022/938/1356 903/939/1357
f 968/935/1353 969/816/1239 1107/817/1240 1106/936/1354
f 903/939/1357 1022/938/1356 1023/940/1358 904/941/1358
f 970/799/1224 971/942/1359 1109/943/1360 1108/800/1225
f 905/944/1361 906/945/1362 1025/946/1363 1024/947/1364
f 971/942/1359 972/860/1283 1110/861/1284 1109/943/1360
f 907/948/1365 905/944/1361 1024/947/1364 1026/949/1366
f 973/833/1256 974/950/1367 1112/951/1368 1111/834/1257
f 908/952/1369 907/948/1365 1026/949/1366 1027/953/1370
f 974/950/1367 975/954/1371 1113/955/1372 1112/951/1368
f 909/956/1373 908/952/1369 1027/953/1370 1028/957/1374
f 975/954/1371 976/958/1375 1114/959/1376 1113/955/1372
f 906/945/1362 910/960/1377 1029/961/1378 1025/946/1363
f 978/962/1379 977/963/1380 1115/964/1381 1116/965/1382
f 910/960/1377 911/966/1383 1030/967/1383 1029/961/1378
f 979/968/1384 978/962/1379 1116/965/1382 1117/969/1385
f 912/970/1386 909/956/1373 1028/957/1374 1031/971/1387
f 981/972/1388 980/973/1389 1118/974/1389 1119/975/1390
f 913/976/1391 912/970/1386 1031/971/1387 1032/977/1392
f 982/978/1393 981/972/1388 1119/975/1390 1120/979/1394
f 914/980/1395 913/976/1391 1032/977/1392 1033/981/1396
f 977/963/1380 982/978/1393 1120/979/1394 1115/964/1381
f 915/982/1397 914/980/1395 1033/981/1396 1034/983/1398
f 984/984/1399 983/985/1400 1121/986/1401 1122/987/1402
f 916/988/1403 915/982/1397 1034/983/1398 1035/989/1404
f 985/990/1405 984/984/1399 1122/987/1402 1123/991/1406
f 917/992/1407 916/988/1403 1035/989/1404 1036/993/1408
f 983/985/1400 965/924/1342 1103/925/1343 1121/986/1401
f 918/994/1409 917/992/1407 1036/993/1408 1037/995/1410
f 980/973/1389 985/990/1405 1123/991/1406 1118/974/1389
f 976/958/1375 979/968/1384 1117/969/1385 1114/959/1376
f 919/996/1411 918/994/1409 1037/995/1410 1038/997/1412
f 962/914/1332 986/786/1211 1124/789/1214 1100/915/1333
f 920/998/1413 919/996/1411 1038/997/1412 1039/999/1414
f 987/1000/1415 967/934/1352 1105/937/1355 1125/1001/1416
f 921/1002/1417 920/998/1413 1039/999/1414 1040/1003/1418
f 990/1004/1419 988/1005/1420 1126/1006/1421 1128/1007/1422
f 922/1008/1423 921/1002/1417 1040/1003/1418 1041/1009/1424
f 992/780/1205 987/1000/1415 1125/1001/1416 1130/781/1206
f 923/1010/1425 922/1008/1423 1041/1009/1424 1042/1011/1426
f 988/1005/1420 989/772/1198 1127/775/1201 1126/1006/1421
f 924/1012/1427 923/1010/1425 1042/1011/1426 1043/1013/1428
f 993/787/1212 990/1004/1419 1128/1007/1422 1131/788/1213
f 925/777/1203 924/1012/1427 1043/1013/1428 1044/778/1204
f 1285/1014/1429 1066/628/1064 1067/627/1063 1289/1015/1430
f 1030/629/1065 1289/1015/1430 1067/627/1063
f 1288/1016/1431 1071/633/1069 1070/632/1068 1287/1017/1432
f 1287/1017/1432 1070/632/1068 1069/635/1071 1286/1018/1433
f 1286/1018/1433 1069/635/1071 1068/637/1073 1284/1019/1434
f 1284/1019/1434 1068/637/1073 1066/628/1064 1285/1014/1429
f 1290/1020/1435 1291/1021/1436 1288/1016/1431
f 1292/1022/1437 1073/642/1078 1072/641/1077 1291/1021/1436
f 1299/1023/1438 1080/646/1082 1079/645/1081 1298/1024/1439
f 1296/1025/1440 1077/650/1086 1076/649/1085 1295/1026/1441
f 1303/1027/1442 1084/654/1090 1083/653/1089 1302/1028/1443
f 1293/1029/1444 1074/656/1092 1073/642/1078 1292/1022/1437
f 1300/1030/1445 1081/658/1094 1080/646/1082 1299/1023/1438
f 1297/1031/1446 1078/660/1096 1077/650/1086 1296/1025/1440
f 1294/1032/1447 1075/662/1098 1074/656/1092 1293/1029/1444
f 1301/1033/1448 1082/664/1100 1081/658/1094 1300/1030/1445
f 1298/1024/1439 1079/645/1081 1078/660/1096 1297/1031/1446
f 1295/1026/1441 1076/649/1085 1075/662/1098 1294/1032/1447
f 1302/1028/1443 1083/653/1089 1082/664/1100 1301/1033/1448
f 1071/633/1069 1288/1016/1431 1291/1021/1436 1072/641/1077
f 1303/1027/1442 1045/665/1101 1084/654/1090
f 1377/1034/1449 1379/1035/1450 1380/1036/1451 1378/1037/1449
f 1382/1038/1452 1381/1039/1453 1380/1036/1451 1379/1035/1450
f 1381/1039/1453 1382/1038/1452 1349/1040/1454 1350/1041/1455
f 1371/1042/1456 1373/1043/1457 1374/1044/1458 1372/1045/1456
f 1375/1046/1459 1376/1047/1460 1374/1044/1458 1373/1043/1457
f 1376/1047/1460 1375/1046/1459 1346/1048/1461 1347/1049/1462
f 1365/1050/1463 1367/1051/1464 1368/1052/1465 1366/1053/1463
f 1370/1054/1466 1369/1055/1467 1368/1052/1465 1367/1051/1464
f 1369/1055/1467 1370/1054/1466 1363/1056/1468 1364/1057/1469
f 1339/1058/1470 1344/1059/1471 1364/1057/1469 1363/1056/1468
f 1334/1060/1472 1332/1061/1473 1335/1062/1474 1333/1063/1472
f 1331/1064/1475 1336/1065/1476 1335/1062/1474 1332/1061/1473
f 1330/1066/1477 1337/1067/1478 1336/1065/1476 1331/1064/1475
f 1330/1066/1477 1329/1068/1479 1324/1069/1480 1343/1070/1481
f 1324/1069/1480 1329/1068/1479 1328/1071/1482 1325/1072/1482
f 1326/1073/1483 1325/1072/1482 1328/1071/1482 1327/1074/1483
f 1340/1075/1484 1337/1067/1478 1330/1066/1477 1343/1070/1481
f 1338/1076/1485 1337/1067/1478 1340/1075/1484 1341/1077/1486
f 1339/1058/1470 1338/1076/1485 1341/1077/1486 1342/1078/1487
f 1360/1079/1488 1344/1059/1471 1339/1058/1470 1342/1078/1487
f 1345/1080/1489 1344/1059/1471 1360/1079/1488 1361/1081/1490
f 1346/1048/1461 1345/1080/1489 1361/1081/1490 1362/1082/1491
f 1362/1082/1491 1357/1083/1492 1347/1049/1462 1346/1048/1461
f 1348/1084/1493 1347/1049/1462 1357/1083/1492 1358/1085/1494
f 1349/1040/1454 1348/1084/1493 1358/1085/1494 1359/1086/1495
f 1359/1086/1495 1354/1087/1496 1350/1041/1455 1349/1040/1454
f 1351/1088/1497 1350/1041/1455 1354/1087/1496 1355/1089/1498
f 1352/1090/1499 1351/1088/1497 1355/1089/1498 1356/1091/1500
f 1353/1092/1501 1352/1090/1499 1356/1091/1500
f 1305/1093/1502 1312/1094/1503 1311/1095/1504 1306/1096/1505
f 1306/1096/1505 1311/1095/1504 1310/1097/1506 1307/1098/1506
f 1308/1099/1507 1307/1098/1506 1310/1097/1506 1309/1100/1507
f 1319/1101/1508 1312/1094/1503 1305/1093/1502 1318/1102/1509
f 1305/1093/1502 1304/1103/1510 1321/1104/1511 1318/1102/1509
f 1322/1105/1512 1321/1104/1511 1304/1103/1510 1323/1106/1512
f 1318/1102/1509 1321/1104/1511 1320/1107/1513
f 1312/1094/1503 1319/1101/1508 1313/1108/1514
f 1313/1108/1514 1319/1101/1508 1317/1109/1515 1314/1110/1516
f 1315/1111/1517 1314/1110/1516 1317/1109/1515 1316/1112/1517
f 1280/1113/1518 1281/1114/1519 1279/1115/1520
f 1276/1116/1521 1277/1117/1522 1275/1118/1523
f 1271/1119/1524 1273/1120/1525 1272/1121/1526
f 1270/1122/1527 1272/1121/1526 1273/1120/1525 1274/1123/1528
f 1274/1123/1528 1275/1118/1523 1384/1124/1529 1383/1125/1530
f 1270/1122/1527 1274/1123/1528 1383/1125/1530 1269/1126/1531
f 1278/1127/1532 1384/1124/1529 1275/1118/1523 1277/1117/1522
f 1385/1128/1533 1386/1129/1534 1150/762/1188 1149/761/1187
f 1268/1130/1535 1269/1126/1531 1383/1125/1530 1385/1128/1533
f 1384/1124/1529 1386/1129/1534 1385/1128/1533 1383/1125/1530
f 1268/1130/1535 1385/1128/1533 1149/761/1187 1148/765/1191
f 1268/1130/1535 1148/765/1191 1006/766/1192
f 1282/1131/1536 1283/1132/1537 1152/769/1195 1151/768/1194
f 1386/1129/1534 1282/1131/1536 1151/768/1194 1150/762/1188
f 1282/1131/1536 1386/1129/1534 1279/1115/1520 1281/1114/1519
f 1279/1115/1520 1386/1129/1534 1384/1124/1529 1278/1127/1532
f 1023/771/1197 1152/769/1195 1283/1132/1537
f 1251/1133/1538 1366/1134/1539 1368/1135/1540 1253/1136/1541
f 926/1137/1202 1045/1138/1202 1303/1139/1542 1188/1140/1543
f 1253/1136/1541 1368/1135/1540 1369/1141/1544 1254/1142/1545
f 1190/1143/1546 1189/1144/1547 1304/1145/1548 1305/1146/1549
f 1248/1147/1550 1363/1148/1551 1370/1149/1552 1255/1150/1553
f 1191/1151/1554 1190/1143/1546 1305/1146/1549 1306/1152/1555
f 1258/1153/1556 1373/1154/1557 1371/1155/1558 1256/1156/1559
f 1192/1157/1560 1191/1151/1554 1306/1152/1555 1307/1158/1561
f 1261/1159/1562 1376/1160/1563 1347/1161/1564 1232/1162/1565
f 1193/1163/1566 1192/1157/1560 1307/1158/1561 1308/1164/1567
f 1260/1165/1568 1375/1166/1569 1373/1154/1557 1258/1153/1556
f 1194/1167/1570 1193/1163/1566 1308/1164/1567 1309/1168/1571
f 1257/1169/1572 1372/1170/1573 1374/1171/1574 1259/1172/1575
f 1195/1173/1576 1194/1167/1570 1309/1168/1571 1310/1174/1577
f 1256/1156/1559 1371/1155/1558 1372/1170/1573 1257/1169/1572
f 1196/1175/1578 1195/1173/1576 1310/1174/1577 1311/1176/1579
f 1231/1177/1580 1346/1178/1581 1375/1166/1569 1260/1165/1568
f 1197/1179/1582 1196/1175/1578 1311/1176/1579 1312/1180/1583
f 1259/1172/1575 1374/1171/1574 1376/1160/1563 1261/1159/1562
f 1198/1181/1584 1197/1179/1582 1312/1180/1583 1313/1182/1585
f 1264/1183/1586 1379/1184/1587 1377/1185/1588 1262/1186/1589
f 1209/1187/1590 1324/1188/1591 1325/1189/1592 1210/1190/1593
f 1199/1191/1594 1198/1181/1584 1313/1182/1585 1314/1192/1595
f 1266/1193/1596 1381/1194/1597 1350/1195/1598 1235/1196/1599
f 1210/1190/1593 1325/1189/1592 1326/1197/1600 1211/1198/1601
f 1200/1199/1602 1199/1191/1594 1314/1192/1595 1315/1200/1603
f 1267/1201/1604 1382/1202/1605 1379/1184/1587 1264/1183/1586
f 1211/1198/1601 1326/1197/1600 1327/1203/1606 1212/1204/1607
f 1201/1205/1608 1200/1199/1602 1315/1200/1603 1316/1206/1608
f 1263/1207/1609 1378/1208/1610 1380/1209/1611 1265/1210/1612
f 1212/1204/1607 1327/1203/1606 1328/1211/1613 1213/1212/1614
f 1202/1213/1615 1201/1214/1616 1316/1215/1616 1317/1216/1617
f 1265/1210/1612 1380/1209/1611 1381/1194/1597 1266/1193/1596
f 1213/1212/1614 1328/1211/1613 1329/1217/1618 1214/1218/1619
f 1203/1219/1620 1204/1220/1621 1319/1221/1622 1318/1222/1623
f 1234/1223/1624 1349/1224/1625 1382/1202/1605 1267/1201/1604
f 887/862/1285 1153/1225/1626 1268/1226/1627 1006/863/1285
f 1214/1218/1619 1329/1217/1618 1330/1227/1628 1215/1228/1629
f 1204/1220/1621 1202/1213/1615 1317/1216/1617 1319/1221/1622
f 1262/1186/1589 1377/1185/1588 1378/1208/1610 1263/1207/1609
f 1153/1225/1626 1154/1229/1630 1269/1230/1631 1268/1226/1627
f 1216/1231/1632 1215/1228/1629 1330/1227/1628 1331/1232/1633
f 1205/1233/1634 1203/1219/1620 1318/1222/1623 1320/1234/1634
f 1154/1229/1630 1155/1235/1635 1270/1236/1636 1269/1230/1631
f 1217/1237/1637 1216/1231/1632 1331/1232/1633 1332/1238/1638
f 1206/1239/1639 1205/1233/1640 1320/1234/1640 1321/1240/1641
f 1156/1241/1642 1271/1242/1643 1272/1243/1644 1157/1244/1645
f 1218/1245/1646 1219/1246/1647 1334/1247/1648 1333/1248/1649
f 1207/1249/1650 1206/1239/1639 1321/1240/1641 1322/1250/1651
f 1157/1244/1645 1272/1243/1644 1270/1236/1636 1155/1235/1635
f 1219/1246/1647 1217/1237/1637 1332/1238/1638 1334/1247/1648
f 1208/1251/1652 1207/1249/1650 1322/1250/1651 1323/1252/1653
f 1158/1253/1654 1273/1254/1655 1271/1242/1643 1156/1241/1642
f 1220/1255/1656 1218/1256/1646 1333/1257/1649 1335/1258/1657
f 1189/1144/1547 1208/1251/1652 1323/1252/1653 1304/1145/1548
f 1159/1259/1658 1274/1260/1659 1273/1254/1655 1158/1253/1654
f 1221/1261/1660 1220/1255/1656 1335/1258/1657 1336/1262/1661
f 1159/1259/1658 1160/1263/1662 1275/1264/1663 1274/1260/1659
f 1222/1265/1664 1221/1261/1660 1336/1262/1661 1337/1266/1665
f 1160/1263/1662 1161/1267/1666 1276/1268/1667 1275/1264/1663
f 1222/1265/1664 1337/1266/1665 1338/1269/1668 1223/1270/1669
f 1161/1267/1666 1162/1271/1670 1277/1272/1671 1276/1268/1667
f 1223/1270/1669 1338/1269/1668 1339/1273/1672 1224/1274/1673
f 1162/1271/1670 1163/1275/1674 1278/1276/1675 1277/1272/1671
f 1226/1277/1676 1341/1278/1677 1340/1279/1678 1225/1280/1679
f 1163/1275/1674 1164/1281/1680 1279/1282/1681 1278/1276/1675
f 1227/1283/1682 1342/1284/1683 1341/1278/1677 1226/1277/1676
f 1164/1281/1680 1165/1285/1684 1280/1286/1685 1279/1282/1681
f 1225/1280/1679 1340/1279/1678 1343/1287/1686 1228/1288/1687
f 1165/1285/1684 1166/1289/1688 1281/1290/1689 1280/1286/1685
f 1228/1288/1687 1343/1287/1686 1324/1188/1591 1209/1187/1590
f 1166/1289/1688 1167/1291/1690 1282/1292/1691 1281/1290/1689
f 1229/1293/1692 1344/1294/1693 1345/1295/1694 1230/1296/1695
f 1167/1291/1690 1168/1297/1696 1283/1298/1697 1282/1292/1691
f 1230/1296/1695 1345/1295/1694 1346/1178/1581 1231/1177/1580
f 1168/1297/1696 904/1299/1698 1023/1300/1698 1283/1298/1697
f 1232/1162/1565 1347/1161/1564 1348/1301/1699 1233/1302/1700
f 1169/1303/1701 1284/1304/1702 1285/1305/1703 1170/1306/1704
f 1233/1302/1700 1348/1301/1699 1349/1224/1625 1234/1223/1624
f 1171/1307/1705 1286/1308/1706 1284/1304/1702 1169/1303/1701
f 1235/1196/1599 1350/1195/1598 1351/1309/1707 1236/1310/1708
f 1172/1311/1709 1287/1312/1710 1286/1308/1706 1171/1307/1705
f 1236/1310/1708 1351/1309/1707 1352/1313/1711 1237/1314/1712
f 1173/1315/1713 1288/1316/1714 1287/1312/1710 1172/1311/1709
f 1237/1314/1712 1352/1313/1711 1353/1317/1715 1238/1318/1716
f 1170/1306/1704 1285/1305/1703 1289/1319/1717 1174/1320/1718
f 1240/1321/1719 1355/1322/1720 1354/1323/1721 1239/1324/1722
f 1174/1320/1718 1289/1319/1717 1030/967/1383 911/966/1383
f 1241/1325/1723 1356/1326/1724 1355/1322/1720 1240/1321/1719
f 1175/1327/1725 1290/1328/1726 1288/1316/1714 1173/1315/1713
f 1243/1329/1727 1358/1330/1728 1357/1331/1729 1242/1332/1729
f 1176/1333/1730 1291/1334/1731 1290/1328/1726 1175/1327/1725
f 1244/1335/1732 1359/1336/1733 1358/1330/1728 1243/1329/1727
f 1177/1337/1734 1292/1338/1735 1291/1334/1731 1176/1333/1730
f 1239/1324/1722 1354/1323/1721 1359/1336/1733 1244/1335/1732
f 1178/1339/1736 1293/1340/1737 1292/1338/1735 1177/1337/1734
f 1246/1341/1738 1361/1342/1739 1360/1343/1740 1245/1344/1741
f 1179/1345/1742 1294/1346/1743 1293/1340/1737 1178/1339/1736
f 1247/1347/1744 1362/1348/1745 1361/1342/1739 1246/1341/1738
f 1180/1349/1746 1295/1350/1747 1294/1346/1743 1179/1345/1742
f 1245/1344/1741 1360/1343/1740 1342/1284/1683 1227/1283/1682
f 1181/1351/1748 1296/1352/1749 1295/1350/1747 1180/1349/1746
f 1242/1332/1729 1357/1331/1729 1362/1348/1745 1247/1347/1744
f 1238/1318/1716 1353/1317/1715 1356/1326/1724 1241/1325/1723
f 1182/1353/1750 1297/1354/1751 1296/1352/1749 1181/1351/1748
f 1224/1274/1673 1339/1273/1672 1363/1148/1551 1248/1147/1550
f 1183/1355/1752 1298/1356/1753 1297/1354/1751 1182/1353/1750
f 1249/1357/1754 1364/1358/1755 1344/1294/1693 1229/1293/1692
f 1184/1359/1756 1299/1360/1757 1298/1356/1753 1183/1355/1752
f 1252/1361/1758 1367/1362/1759 1365/1363/1760 1250/1364/1761
f 1185/1365/1762 1300/1366/1763 1299/1360/1757 1184/1359/1756
f 1254/1142/1545 1369/1141/1544 1364/1358/1755 1249/1357/1754
f 1186/1367/1764 1301/1368/1765 1300/1366/1763 1185/1365/1762
f 1250/1364/1761 1365/1363/1760 1366/1134/1539 1251/1133/1538
f 1187/1369/1766 1302/1370/1767 1301/1368/1765 1186/1367/1764
f 1255/1150/1553 1370/1149/1552 1367/1362/1759 1252/1361/1758
f 1188/1140/1543 1303/1139/1542 1302/1370/1767 1187/1369/1766
f 1420/1371/1768 1407/1372/1769 1390/1373/1770 1389/1374/1771
f 1397/1375/1772 1394/1376/1773 1411/1377/1774 1405/1378/1775
f 1411/1377/1774 1410/1379/1776 1406/1380/1777 1405/1378/1775
f 1404/1381/1778 1406/1380/1777 1410/1379/1776 1402/1382/1779
f 1403/1383/1780 1402/1382/1779 1410/1379/1776 1409/1384/1781
f 1409/1384/1781 1410/1379/1776 1411/1377/1774 1408/1385/1782
f 1408/1385/1782 1411/1377/1774 1394/1376/1773 1412/1386/1783
f 1388/1387/1784 1387/1388/1785 1407/1372/1769 1414/1389/1786
f 1393/1390/1787 1388/1387/1784 1414/1389/1786 1400/1391/1788
f 1398/1392/1789 1400/1391/1788 1414/1389/1786 1415/1393/1790
f 1399/1394/1791 1398/1392/1789 1415/1393/1790 1416/1395/1792
f 1396/1396/1793 1399/1394/1791 1416/1395/1792 1395/1397/1794
f 1413/1398/1795 1395/1397/1794 1416/1395/1792 1417/1399/1796
f 1417/1399/1796 1416/1395/1792 1415/1393/1790 1418/1400/1797
f 1418/1400/1797 1415/1393/1790 1414/1389/1786 1419/1401/1798
f 1401/1402/1799 1407/1372/1769 1387/1388/1785 1392/1403/1800
f 1391/1404/1801 1390/1373/1770 1407/1372/1769 1401/1402/1799
f 1419/1401/1798 1414/1389/1786 1407/1372/1769 1420/1371/1768
f 1395/1397/1794 1413/1398/1795 1412/1386/1783 1394/1376/1773
f 1400/1391/1788 1398/1392/1789 1432/1405/1802 1434/1406/1803
f 1389/1374/1771 1390/1373/1770 1424/1407/1804 1423/1408/1805
f 1402/1382/1779 1436/1409/1806 1438/1410/1807 1404/1381/1778
f 1387/1388/1785 1421/1411/1808 1426/1412/1809 1392/1403/1800
f 1387/1388/1785 1388/1387/1784 1422/1413/1810 1421/1411/1808
f 1406/1380/1777 1440/1414/1811 1439/1415/1812 1405/1378/1775
f 1388/1387/1784 1393/1390/1787 1427/1416/1813 1422/1413/1810
f 1404/1381/1778 1438/1410/1807 1440/1414/1811 1406/1380/1777
f 1401/1402/1799 1435/1417/1814 1425/1418/1815 1391/1404/1801
f 1405/1378/1775 1439/1415/1812 1431/1419/1816 1397/1375/1772
f 1392/1403/1800 1426/1412/1809 1435/1417/1814 1401/1402/1799
f 1393/1390/1787 1400/1391/1788 1434/1406/1803 1427/1416/1813
f 1391/1404/1801 1425/1418/1815 1424/1407/1804 1390/1373/1770
f 1399/1394/1791 1396/1396/1793 1430/1420/1817 1433/1421/1818
f 1395/1397/1794 1394/1376/1773 1428/1422/1819 1429/1423/1820
f 1398/1392/1789 1399/1394/1791 1433/1421/1818 1432/1405/1802
f 1396/1396/1793 1395/1397/1794 1429/1423/1820 1430/1420/1817
f 1402/1382/1779 1403/1383/1780 1437/1424/1821 1436/1409/1806
f 1397/1375/1772 1431/1419/1816 1428/1422/1819 1394/1376/1773
f 1420/1371/1768 1389/1374/1771 1443/1425/1822 1459/1426/1823
f 1450/1427/1824 1457/1428/1825 1461/1429/1826 1447/1430/1827
f 1461/1429/1826 1457/1428/1825 1458/1431/1828 1460/1432/1829
f 1456/1433/1830 1455/1434/1831 1460/1432/1829 1458/1431/1828
f 1403/1383/1780 1409/1384/1781 1460/1432/1829 1455/1434/1831
f 1409/1384/1781 1408/1385/1782 1461/1429/1826 1460/1432/1829
f 1408/1385/1782 1412/1386/1783 1447/1430/1827 1461/1429/1826
f 1442/1435/1832 1462/1436/1833 1459/1426/1823 1441/1437/1834
f 1446/1438/1835 1453/1439/1836 1462/1436/1833 1442/1435/1832
f 1451/1440/1837 1463/1441/1838 1462/1436/1833 1453/1439/1836
f 1452/1442/1839 1464/1443/1840 1463/1441/1838 1451/1440/1837
f 1449/1444/1841 1448/1445/1842 1464/1443/1840 1452/1442/1839
f 1413/1398/1795 1417/1399/1796 1464/1443/1840 1448/1445/1842
f 1417/1399/1796 1418/1400/1797 1463/1441/1838 1464/1443/1840
f 1418/1400/1797 1419/1401/1798 1462/1436/1833 1463/1441/1838
f 1454/1446/1843 1445/1447/1844 1441/1437/1834 1459/1426/1823
f 1444/1448/1845 1454/1446/1843 1459/1426/1823 1443/1425/1822
f 1419/1401/1798 1420/1371/1768 1459/1426/1823 1462/1436/1833
f 1448/1445/1842 1447/1430/1827 1412/1386/1783 1413/1398/1795
f 1453/1439/1836 1477/1449/1846 1475/1450/1847 1451/1440/1837
f 1389/1374/1771 1423/1408/1805 1467/1451/1848 1443/1425/1822
f 1455/1434/1831 1456/1433/1830 1480/1452/1849 1479/1453/1850
f 1441/1437/1834 1445/1447/1844 1469/1454/1851 1465/1455/1852
f 1441/1437/1834 1465/1455/1852 1466/1456/1853 1442/1435/1832
f 1458/1431/1828 1457/1428/1825 1481/1457/1854 1482/1458/1855
f 1442/1435/1832 1466/1456/1853 1470/1459/1856 1446/1438/1835
f 1456/1433/1830 1458/1431/1828 1482/1458/1855 1480/1452/1849
f 1454/1446/1843 1444/1448/1845 1468/1460/1857 1478/1461/1858
f 1457/1428/1825 1450/1427/1824 1474/1462/1859 1481/1457/1854
f 1445/1447/1844 1454/1446/1843 1478/1461/1858 1469/1454/1851
f 1446/1438/1835 1470/1459/1856 1477/1449/1846 1453/1439/1836
f 1444/1448/1845 1443/1425/1822 1467/1451/1848 1468/1460/1857
f 1452/1442/1839 1476/1463/1860 1473/1464/1861 1449/1444/1841
f 1448/1445/1842 1472/1465/1862 1471/1466/1863 1447/1430/1827
f 1451/1440/1837 1475/1450/1847 1476/1463/1860 1452/1442/1839
f 1449/1444/1841 1473/1464/1861 1472/1465/1862 1448/1445/1842
f 1455/1434/1831 1479/1453/1850 1437/1424/1821 1403/1383/1780
f 1450/1427/1824 1447/1430/1827 1471/1466/1863 1474/1462/1859
f 1514/1467/1864 1513/1468/1865 1497/1469/1866 1498/1470/1867
f 1498/1470/1868 1486/1471/1869 1502/1472/1870 1514/1467/1871
f 1487/1473/1872 1484/1474/1873 1490/1475/1874 1493/1476/1874
f 1488/1477/1875 1494/1478/1875 1490/1479/1875 1484/1480/1875
f 1486/1471/1869 1485/1481/1876 1491/1482/1876 1492/1483/1876
f 1486/1484/1877 1492/1485/1877 1489/1486/1877 1483/1487/1877
f 1495/1488/1878 1498/1470/1867 1497/1469/1866 1496/1489/1878
f 1500/1490/1879 1484/1474/1873 1497/1469/1880 1513/1468/1881
f 1484/1474/1873 1487/1473/1872 1496/1489/1882 1497/1469/1880
f 1485/1481/1876 1486/1471/1869 1498/1470/1868 1495/1488/1883
f 1500/1491/1884 1504/1492/1884 1488/1477/1884 1484/1480/1884
f 1503/1493/1885 1509/1494/1886 1506/1495/1886 1500/1490/1879
f 1504/1492/1887 1500/1491/1887 1506/1496/1887 1510/1497/1887
f 1502/1472/1870 1508/1498/1888 1507/1499/1888 1501/1500/1889
f 1502/1501/1890 1499/1502/1890 1505/1503/1890 1508/1504/1890
f 1511/1505/1891 1512/1506/1891 1513/1468/1865 1514/1467/1864
f 1500/1490/1879 1513/1468/1881 1512/1506/1892 1503/1493/1885
f 1501/1500/1889 1511/1505/1889 1514/1467/1871 1502/1472/1870
f 1499/1502/1893 1502/1501/1893 1486/1484/1893 1483/1487/1893
f 1519/1507/1894 1520/1508/1894 1518/1509/1895 1516/1510/1895
f 1515/1511/1896 1517/1512/1896 1520/1508/1894 1519/1507/1894
f 1515/1511/1897 1519/1507/1898 1525/1513/1898 1521/1514/1897
f 1516/1510/1899 1518/1509/1899 1524/1515/1899 1522/1516/1899
f 1517/1512/1900 1515/1511/1901 1521/1517/1901 1523/1518/1902
f 1518/1509/1903 1520/1508/1903 1526/1519/1903 1524/1520/1903
f 1520/1508/1904 1517/1512/1900 1523/1521/1902 1526/1519/1904
f 1519/1507/1898 1516/1510/1905 1522/1522/1905 1525/1513/1898
f 1591/1/1906 1590/2/1907 1529/3/1908 1530/4/1909
f 1527/5/1910 1591/1/1906 1530/4/1909 1531/6/1911
f 1590/2/1907 1561/7/1912 1529/3/1908
f 1528/8/1913 1527/5/1910 1531/6/1911 1532/9/1914
f 1531/6/1911 1530/4/1909 1534/10/1915 1535/11/1916
f 1529/3/1908 1561/7/1912 1533/12/1917
f 1532/9/1914 1531/6/1911 1535/11/1916 1536/13/1918
f 1530/4/1909 1529/3/1908 1533/12/1917 1534/10/1915
f 1536/13/1918 1535/11/1916 1539/14/1919 1540/15/1920
f 1534/10/1915 1533/12/1917 1537/16/1921 1538/17/1922
f 1535/11/1916 1534/10/1915 1538/17/1922 1539/14/1919
f 1533/12/1917 1561/7/1912 1537/16/1921
f 1540/15/1920 1539/14/1919 1543/18/1923 1544/19/1924
f 1538/17/1922 1537/16/1921 1541/20/1925 1542/21/1926
f 1539/14/1919 1538/17/1922 1542/21/1926 1543/18/1923
f 1537/16/1921 1561/7/1912 1541/20/1925
f 1543/18/1923 1542/21/1926 1546/22/1927 1547/23/1928
f 1541/20/1925 1561/7/1912 1545/24/1929
f 1544/19/1924 1543/18/1923 1547/23/1928 1548/25/1930
f 1542/21/1926 1541/20/1925 1545/24/1929 1546/22/1927
f 1547/23/1928 1546/22/1927 1550/26/1931 1551/27/1932
f 1545/24/1929 1561/7/1912 1549/28/1933
f 1548/25/1930 1547/23/1928 1551/27/1932 1552/29/1934
f 1546/22/1927 1545/24/1929 1549/28/1933 1550/26/1931
f 1552/29/1934 1551/27/1932 1555/30/1935 1556/31/1936
f 1550/26/1931 1549/28/1933 1553/32/1937 1554/33/1938
f 1551/27/1932 1550/26/1931 1554/33/1938 1555/30/1935
f 1549/28/1933 1561/7/1912 1553/32/1937
f 1554/33/1938 1553/32/1937 1557/34/1939 1558/35/1940
f 1555/30/1935 1554/33/1938 1558/35/1940 1559/36/1941
f 1553/32/1937 1561/7/1912 1557/34/1939
f 1556/31/1936 1555/30/1935 1559/36/1941 1560/37/1942
f 1559/36/1941 1558/35/1940 1563/38/1943 1564/39/1944
f 1557/34/1939 1561/7/1912 1562/40/1945
f 1560/37/1942 1559/36/1941 1564/39/1944 1565/41/1946
f 1558/35/1940 1557/34/1939 1562/40/1945 1563/38/1943
f 1562/40/1945 1561/7/1912 1566/42/1947
f 1565/41/1946 1564/39/1944 1568/43/1948 1569/44/1949
f 1563/38/1943 1562/40/1945 1566/42/1947 1567/45/1950
f 1564/39/1944 1563/38/1943 1567/45/1950 1568/43/1948
f 1569/44/1949 1568/43/1948 1572/46/1951 1573/47/1952
f 1567/45/1950 1566/42/1947 1570/48/1953 1571/49/1954
f 1568/43/1948 1567/45/1950 1571/49/1954 1572/46/1951
f 1566/42/1947 1561/7/1912 1570/48/1953
f 1572/46/1951 1571/49/1954 1575/50/1955 1576/51/1956
f 1570/48/1953 1561/7/1912 1574/52/1957
f 1573/47/1952 1572/46/1951 1576/51/1956 1577/53/1958
f 1571/49/1954 1570/48/1953 1574/52/1957 1575/50/1955
f 1576/51/1956 1575/50/1955 1579/54/1959 1580/55/1960
f 1574/52/1957 1561/7/1912 1578/56/1961
f 1577/53/1958 1576/51/1956 1580/55/1960 1581/57/1962
f 1575/50/1955 1574/52/1957 1578/56/1961 1579/54/1959
f 1581/57/1962 1580/55/1960 1584/58/1963 1585/59/1964
f 1579/54/1959 1578/56/1961 1582/60/1965 1583/61/1966
f 1580/55/1960 1579/54/1959 1583/61/1966 1584/58/1963
f 1578/56/1961 1561/7/1912 1582/60/1965
f 1585/59/1964 1584/58/1963 1588/62/1967 1589/63/1968
f 1583/61/1966 1582/60/1965 1586/64/1969 1587/65/1970
f 1584/58/1963 1583/61/1966 1587/65/1970 1588/62/1967
f 1582/60/1965 1561/7/1912 1586/64/1969
f 1588/62/1967 1587/65/1970 1591/1/1906 1527/5/1910
f 1586/64/1969 1561/7/1912 1590/2/1907
f 1589/63/1968 1588/62/1967 1527/5/1910 1528/8/1913
f 1587/65/1970 1586/64/1969 1590/2/1907 1591/1/1906
f 1677/1523/1971 1687/1524/1971 1674/1525/1972 1673/1526/1972
f 1696/1527/1973 1675/1528/1974 1676/1529/1974 1704/1530/1973
f 1687/1524/1975 1704/1530/1975 1676/1529/1976 1674/1525/1976
f 1673/1526/1977 1675/1531/1977 1696/1532/1978 1677/1523/1978
f 1600/1507/1979 1597/1510/1980 1599/1509/1980 1601/1508/1979
f 1596/1511/1981 1600/1507/1979 1601/1508/1979 1598/1512/1981
f 1596/1511/1982 1602/1514/1982 1606/1513/1983 1600/1507/1983
f 1597/1510/1984 1603/1516/1984 1605/1515/1984 1599/1509/1984
f 1598/1512/1985 1604/1518/1985 1602/1517/1985 1596/1511/1985
f 1599/1509/1986 1605/1520/1986 1607/1519/1986 1601/1508/1986
f 1601/1508/1987 1607/1519/1987 1604/1521/1987 1598/1512/1987
f 1600/1507/1983 1606/1513/1983 1603/1522/1988 1597/1510/1988
f 1672/1/1989 1611/4/1990 1610/3/1991 1671/2/1992
f 1608/5/1993 1612/6/1994 1611/4/1990 1672/1/1989
f 1671/2/1992 1610/3/1991 1642/7/1995
f 1609/8/1996 1613/9/1997 1612/6/1994 1608/5/1993
f 1612/6/1994 1616/11/1998 1615/10/1999 1611/4/1990
f 1610/3/1991 1614/12/2000 1642/7/1995
f 1613/9/1997 1617/13/2001 1616/11/1998 1612/6/1994
f 1611/4/1990 1615/10/1999 1614/12/2000 1610/3/1991
f 1617/13/2001 1621/15/2002 1620/14/2003 1616/11/1998
f 1615/10/1999 1619/17/2004 1618/16/2005 1614/12/2000
f 1616/11/1998 1620/14/2003 1619/17/2004 1615/10/1999
f 1614/12/2000 1618/16/2005 1642/7/1995
f 1621/15/2002 1625/19/2006 1624/18/2007 1620/14/2003
f 1619/17/2004 1623/21/2008 1622/20/2009 1618/16/2005
f 1620/14/2003 1624/18/2007 1623/21/2008 1619/17/2004
f 1618/16/2005 1622/20/2009 1642/7/1995
f 1624/18/2007 1628/23/2010 1627/22/2011 1623/21/2008
f 1622/20/2009 1626/24/2012 1642/7/1995
f 1625/19/2006 1629/25/2013 1628/23/2010 1624/18/2007
f 1623/21/2008 1627/22/2011 1626/24/2012 1622/20/2009
f 1628/23/2010 1632/27/2014 1631/26/2015 1627/22/2011
f 1626/24/2012 1630/28/2016 1642/7/1995
f 1629/25/2013 1633/29/2017 1632/27/2014 1628/23/2010
f 1627/22/2011 1631/26/2015 1630/28/2016 1626/24/2012
f 1633/29/2017 1637/31/2018 1636/30/2019 1632/27/2014
f 1631/26/2015 1635/33/2020 1634/32/2021 1630/28/2016
f 1632/27/2014 1636/30/2019 1635/33/2020 1631/26/2015
f 1630/28/2016 1634/32/2021 1642/7/1995
f 1635/33/2020 1639/35/2022 1638/34/2023 1634/32/2021
f 1636/30/2019 1640/36/2024 1639/35/2022 1635/33/2020
f 1634/32/2021 1638/34/2023 1642/7/1995
f 1637/31/2018 1641/37/2025 1640/36/2024 1636/30/2019
f 1640/36/2024 1645/39/2026 1644/38/2027 1639/35/2022
f 1638/34/2023 1643/40/2028 1642/7/1995
f 1641/37/2025 1646/41/2029 1645/39/2026 1640/36/2024
f 1639/35/2022 1644/38/2027 1643/40/2028 1638/34/2023
f 1643/40/2028 1647/42/2030 1642/7/1995
f 1646/41/2029 1650/44/2031 1649/43/2032 1645/39/2026
f 1644/38/2027 1648/45/2033 1647/42/2030 1643/40/2028
f 1645/39/2026 1649/43/2032 1648/45/2033 1644/38/2027
f 1650/44/2031 1654/47/2034 1653/46/2035 1649/43/2032
f 1648/45/2033 1652/49/2036 1651/48/2037 1647/42/2030
f 1649/43/2032 1653/46/2035 1652/49/2036 1648/45/2033
f 1647/42/2030 1651/48/2037 1642/7/1995
f 1653/46/2035 1657/51/2038 1656/50/2039 1652/49/2036
f 1651/48/2037 1655/52/2040 1642/7/1995
f 1654/47/2034 1658/53/2041 1657/51/2038 1653/46/2035
f 1652/49/2036 1656/50/2039 1655/52/2040 1651/48/2037
f 1657/51/2038 1661/55/2042 1660/54/2043 1656/50/2039
f 1655/52/2040 1659/56/2044 1642/7/1995
f 1658/53/2041 1662/57/2045 1661/55/2042 1657/51/2038
f 1656/50/2039 1660/54/2043 1659/56/2044 1655/52/2040
f 1662/57/2045 1666/59/2046 1665/58/2047 1661/55/2042
f 1660/54/2043 1664/61/2048 1663/60/2049 1659/56/2044
f 1661/55/2042 1665/58/2047 1664/61/2048 1660/54/2043
f 1659/56/2044 1663/60/2049 1642/7/1995
f 1666/59/2046 1670/63/2050 1669/62/2051 1665/58/2047
f 1664/61/2048 1668/65/2052 1667/64/2053 1663/60/2049
f 1665/58/2047 1669/62/2051 1668/65/2052 1664/61/2048
f 1663/60/2049 1667/64/2053 1642/7/1995
f 1669/62/2051 1608/5/1993 1672/1/1989 1668/65/2052
f 1667/64/2053 1671/2/1992 1642/7/1995
f 1670/63/2050 1609/8/1996 1608/5/1993 1669/62/2051
f 1668/65/2052 1672/1/1989 1671/2/1992 1667/64/2053
f 1686/1533/2054 1593/1534/2055 1595/1535/2055 1705/1536/2056
f 1695/1537/2057 1705/1536/2057 1595/1535/2058 1594/1538/2058
f 1678/1539/2059 1592/1540/2060 1593/1534/2060 1686/1533/2059
f 1678/1539/2059 1686/1533/2059 1688/1541/2061 1685/1542/2061
f 1685/1542/2061 1688/1541/2061 1689/1543/2062 1684/1544/2062
f 1684/1544/2062 1689/1543/2062 1690/1545/2063 1683/1546/2063
f 1683/1546/2063 1690/1545/2063 1691/1547/2064 1682/1548/2064
f 1682/1548/2064 1691/1547/2064 1692/1549/2065 1681/1550/2065
f 1681/1550/2065 1692/1549/2065 1693/1551/2066 1680/1552/2066
f 1680/1552/2066 1693/1551/2066 1694/1553/2067 1679/1554/2067
f 1679/1554/2067 1694/1553/2067 1687/1524/1971 1677/1523/1971
f 1696/1527/1973 1704/1530/1973 1706/1555/2068 1703/1556/2068
f 1703/1556/2068 1706/1555/2068 1707/1557/2069 1702/1558/2069
f 1702/1558/2069 1707/1557/2069 1708/1559/2070 1701/1560/2070
f 1701/1560/2070 1708/1559/2070 1709/1561/2071 1700/1562/2071
f 1700/1562/2071 1709/1561/2071 1710/1563/2072 1699/1564/2072
f 1699/1564/2072 1710/1563/2072 1711/1565/2073 1698/1566/2073
f 1698/1566/2073 1711/1565/2073 1712/1567/2074 1697/1568/2074
f 1697/1568/2074 1712/1567/2074 1705/1536/2057 1695/1537/2057
f 1686/1533/2054 1705/1536/2056 1712/1567/2075 1688/1541/2076
f 1688/1541/2076 1712/1567/2075 1711/1565/2077 1689/1543/2078
f 1689/1543/2078 1711/1565/2077 1710/1563/2079 1690/1545/2079
f 1690/1545/2079 1710/1563/2079 1709/1561/2080 1691/1547/2081
f 1691/1547/2081 1709/1561/2080 1708/1559/2082 1692/1549/2082
f 1692/1549/2082 1708/1559/2082 1707/1557/2083 1693/1551/2084
f 1693/1551/2084 1707/1557/2083 1706/1555/2085 1694/1553/2086
f 1694/1553/2086 1706/1555/2085 1704/1530/1975 1687/1524/1975
f 1695/1569/2087 1678/1539/2088 1685/1542/2089 1697/1570/2090
f 1697/1570/2090 1685/1542/2089 1684/1544/2091 1698/1571/2092
f 1698/1571/2092 1684/1544/2091 1683/1546/2093 1699/1572/2093
f 1699/1572/2093 1683/1546/2093 1682/1548/2094 1700/1573/2094
f 1700/1573/2094 1682/1548/2094 1681/1550/2095 1701/1574/2095
f 1701/1574/2095 1681/1550/2095 1680/1552/2096 1702/1575/2097
f 1702/1575/2097 1680/1552/2096 1679/1554/2098 1703/1576/2098
f 1703/1576/2098 1679/1554/2098 1677/1523/1978 1696/1532/1978
f 1592/1540/2099 1678/1539/2088 1695/1569/2087 1594/1577/2099
f 1718/1578/2100 1734/1579/2101 1733/1580/2102 1717/1581/2103
f 1726/1582/2104 1742/1583/2105 1741/1584/2106 1725/1585/2107
f 1719/1586/2108 1735/1587/2109 1734/1579/2101 1718/1578/2100
f 1727/1588/2110 1743/1589/2111 1742/1583/2105 1726/1582/2104
f 1720/1590/2112 1736/1591/2113 1735/1587/2109 1719/1586/2108
f 1728/1592/2114 1744/1593/2115 1743/1589/2111 1727/1588/2110
f 1721/1594/2116 1737/1595/2117 1736/1591/2113 1720/1590/2112
f 1714/1596/2118 1730/1597/2119 1729/1598/2120 1713/1599/2121
f 1713/1599/2121 1729/1598/2120 1744/1593/2115 1728/1592/2114
f 1722/1600/2122 1738/1601/2123 1737/1595/2117 1721/1594/2116
f 1715/1602/2124 1731/1603/2125 1730/1597/2119 1714/1596/2118
f 1723/1604/2126 1739/1605/2127 1738/1601/2123 1722/1600/2122
f 1716/1606/2128 1732/1607/2129 1731/1603/2125 1715/1602/2124
f 1724/1608/2130 1740/1609/2131 1739/1605/2127 1723/1604/2126
f 1717/1581/2103 1733/1580/2102 1732/1607/2129 1716/1606/2128
f 1725/1585/2107 1741/1584/2106 1740/1609/2131 1724/1608/2130
f 1733/1580/2132 1749/1610/2132 1748/1611/2133 1732/1607/2133
f 1741/1584/2134 1757/1612/2134 1756/1613/2135 1740/1609/2135
f 1734/1579/2136 1750/1614/2136 1749/1610/2132 1733/1580/2132
f 1742/1583/2137 1758/1615/2137 1757/1612/2134 1741/1584/2134
f 1735/1587/2138 1751/1616/2139 1750/1614/2136 1734/1579/2136
f 1743/1589/2140 1759/1617/2140 1758/1615/2137 1742/1583/2137
f 1736/1591/2141 1752/1618/2141 1751/1616/2139 1735/1587/2138
f 1744/1593/2142 1760/1619/2142 1759/1617/2140 1743/1589/2140
f 1737/1595/2143 1753/1620/2143 1752/1618/2141 1736/1591/2141
f 1730/1597/2144 1746/1621/2144 1745/1622/2145 1729/1598/2145
f 1729/1598/2145 1745/1622/2145 1760/1619/2142 1744/1593/2142
f 1738/1601/2146 1754/1623/2146 1753/1620/2143 1737/1595/2143
f 1731/1603/2147 1747/1624/2147 1746/1621/2144 1730/1597/2144
f 1739/1605/2148 1755/1625/2149 1754/1623/2146 1738/1601/2146
f 1732/1607/2133 1748/1611/2133 1747/1624/2147 1731/1603/2147
f 1740/1609/2135 1756/1613/2135 1755/1625/2149 1739/1605/2148
f 1766/1578/2150 1765/1581/2151 1781/1580/2152 1782/1579/2153
f 1774/1582/2154 1773/1585/2155 1789/1584/2156 1790/1583/2157
f 1767/1586/2158 1766/1578/2150 1782/1579/2153 1783/1587/2159
f 1775/1588/2160 1774/1582/2154 1790/1583/2157 1791/1589/2161
f 1768/1590/2162 1767/1586/2158 1783/1587/2159 1784/1591/2163
f 1776/1592/2164 1775/1588/2160 1791/1589/2161 1792/1593/2165
f 1769/1594/2166 1768/1590/2162 1784/1591/2163 1785/1595/2167
f 1762/1596/2168 1761/1599/2169 1777/1598/2170 1778/1597/2171
f 1761/1599/2169 1776/1592/2164 1792/1593/2165 1777/1598/2170
f 1770/1600/2172 1769/1594/2166 1785/1595/2167 1786/1601/2173
f 1763/1602/2174 1762/1596/2168 1778/1597/2171 1779/1603/2175
f 1771/1604/2176 1770/1600/2172 1786/1601/2173 1787/1605/2177
f 1764/1606/2178 1763/1602/2174 1779/1603/2175 1780/1607/2179
f 1772/1608/2180 1771/1604/2176 1787/1605/2177 1788/1609/2181
f 1765/1581/2151 1764/1606/2178 1780/1607/2179 1781/1580/2152
f 1773/1585/2155 1772/1608/2180 1788/1609/2181 1789/1584/2156
f 1781/1580/2182 1780/1607/2183 1796/1611/2184 1797/1610/2182
f 1789/1584/2185 1788/1609/2186 1804/1613/2186 1805/1612/2185
f 1782/1579/2187 1781/1580/2182 1797/1610/2182 1798/1614/2188
f 1790/1583/2189 1789/1584/2185 1805/1612/2185 1806/1615/2189
f 1783/1587/2190 1782/1579/2187 1798/1614/2188 1799/1616/2190
f 1791/1589/2191 1790/1583/2189 1806/1615/2189 1807/1617/2192
f 1784/1591/2193 1783/1587/2190 1799/1616/2190 1800/1618/2193
f 1792/1593/2194 1791/1589/2191 1807/1617/2192 1808/1619/2195
f 1785/1595/2196 1784/1591/2193 1800/1618/2193 1801/1620/2196
f 1778/1597/2197 1777/1598/2198 1793/1622/2198 1794/1621/2197
f 1777/1598/2198 1792/1593/2194 1808/1619/2195 1793/1622/2198
f 1786/1601/2199 1785/1595/2196 1801/1620/2196 1802/1623/2199
f 1779/1603/2200 1778/1597/2197 1794/1621/2197 1795/1624/2200
f 1787/1605/2201 1786/1601/2199 1802/1623/2199 1803/1625/2202
f 1780/1607/2183 1779/1603/2200 1795/1624/2200 1796/1611/2184
f 1788/1609/2186 1787/1605/2201 1803/1625/2202 1804/1613/2186
f 1810/1626/2203 1822/1627/2204 1821/1628/2205 1809/1629/2206
f 1811/1630/2207 1823/1631/2208 1822/1627/2204 1810/1626/2203
f 1812/1632/2209 1824/1633/2210 1823/1631/2208 1811/1630/2207
f 1813/1634/2211 1825/1635/2212 1824/1633/2210 1812/1632/2209
f 1814/1636/2213 1826/1637/2214 1825/1635/2212 1813/1634/2211
f 1815/1638/2215 1827/1639/2216 1826/1637/2214 1814/1636/2213
f 1816/1640/2217 1828/1641/2218 1827/1639/2216 1815/1638/2215
f 1817/1642/2219 1829/1643/2220 1828/1641/2218 1816/1640/2217
f 1818/1644/2221 1830/1645/2222 1829/1646/2220 1817/1647/2219
f 1819/1648/2223 1831/1649/2224 1830/1645/2222 1818/1644/2221
f 1820/1650/2225 1832/1651/2226 1831/1649/2224 1819/1648/2223
f 1821/1628/2205 1833/1652/2227 1844/1653/2228 1832/1651/2226
f 1822/1627/2204 1834/1654/2229 1833/1652/2227 1821/1628/2205
f 1823/1631/2208 1835/1655/2230 1834/1654/2229 1822/1627/2204
f 1824/1633/2210 1836/1656/2231 1835/1655/2230 1823/1631/2208
f 1825/1635/2212 1837/1657/2232 1836/1656/2231 1824/1633/2210
f 1826/1637/2214 1838/1658/2233 1837/1657/2232 1825/1635/2212
f 1827/1639/2216 1839/1659/2234 1838/1658/2233 1826/1637/2214
f 1828/1641/2218 1840/1660/2235 1839/1659/2234 1827/1639/2216
f 1829/1643/2220 1841/1661/2236 1840/1660/2235 1828/1641/2218
f 1830/1645/2222 1842/1662/2237 1841/1663/2236 1829/1646/2220
f 1831/1649/2224 1843/1664/2238 1842/1662/2237 1830/1645/2222
f 1832/1651/2226 1844/1653/2228 1843/1664/2238 1831/1649/2224
f 1833/1652/2227 1845/1665/2239 1856/1666/2240 1844/1653/2228
f 1834/1654/2229 1846/1667/2241 1845/1665/2239 1833/1652/2227
f 1835/1655/2230 1847/1668/2242 1846/1667/2241 1834/1654/2229
f 1836/1656/2231 1848/1669/2243 1847/1668/2242 1835/1655/2230
f 1837/1657/2232 1849/1670/2244 1848/1669/2243 1836/1656/2231
f 1838/1658/2233 1850/1671/2245 1849/1670/2244 1837/1657/2232
f 1839/1659/2234 1851/1672/2246 1850/1671/2245 1838/1658/2233
f 1840/1660/2235 1852/1673/2247 1851/1672/2246 1839/1659/2234
f 1841/1661/2236 1853/1674/2248 1852/1673/2247 1840/1660/2235
f 1842/1662/2237 1854/1675/2249 1853/1676/2248 1841/1663/2236
f 1843/1664/2238 1855/1677/2250 1854/1675/2249 1842/1662/2237
f 1844/1653/2228 1856/1666/2240 1855/1677/2250 1843/1664/2238
f 1845/1665/2239 1857/1678/2251 1868/1679/2252 1856/1666/2240
f 1846/1667/2241 1858/1680/2253 1857/1678/2251 1845/1665/2239
f 1847/1668/2242 1859/1681/2254 1858/1680/2253 1846/1667/2241
f 1848/1669/2243 1860/1682/2255 1859/1681/2254 1847/1668/2242
f 1849/1670/2244 1861/1683/2256 1860/1682/2255 1848/1669/2243
f 1850/1671/2245 1862/1684/2257 1861/1683/2256 1849/1670/2244
f 1851/1672/2246 1863/1685/2258 1862/1684/2257 1850/1671/2245
f 1852/1673/2247 1864/1686/2259 1863/1685/2258 1851/1672/2246
f 1853/1674/2248 1865/1687/2260 1864/1686/2259 1852/1673/2247
f 1854/1675/2249 1866/1688/2261 1865/1689/2260 1853/1676/2248
f 1855/1677/2250 1867/1690/2262 1866/1688/2261 1854/1675/2249
f 1856/1666/2240 1868/1679/2252 1867/1690/2262 1855/1677/2250
f 1857/1678/2251 1869/1691/2263 1880/1692/2264 1868/1679/2252
f 1858/1680/2253 1870/1693/2265 1869/1691/2263 1857/1678/2251
f 1859/1681/2254 1871/1694/2266 1870/1693/2265 1858/1680/2253
f 1860/1682/2255 1872/1695/2267 1871/1694/2266 1859/1681/2254
f 1861/1683/2256 1873/1696/2268 1872/1695/2267 1860/1682/2255
f 1862/1684/2257 1874/1697/2269 1873/1696/2268 1861/1683/2256
f 1863/1685/2258 1875/1698/2270 1874/1697/2269 1862/1684/2257
f 1864/1686/2259 1876/1699/2271 1875/1698/2270 1863/1685/2258
f 1865/1687/2260 1877/1700/2272 1876/1699/2271 1864/1686/2259
f 1866/1688/2261 1878/1701/2273 1877/1702/2272 1865/1689/2260
f 1867/1690/2262 1879/1703/2274 1878/1701/2273 1866/1688/2261
f 1868/1679/2252 1880/1692/2264 1879/1703/2274 1867/1690/2262
f 1869/1691/2263 1881/1704/2275 1892/1705/2276 1880/1692/2264
f 1870/1693/2265 1882/1706/2277 1881/1704/2275 1869/1691/2263
f 1871/1694/2266 1883/1707/2278 1882/1706/2277 1870/1693/2265
f 1872/1695/2267 1884/1708/2279 1883/1707/2278 1871/1694/2266
f 1873/1696/2268 1885/1709/2280 1884/1708/2279 1872/1695/2267
f 1874/1697/2269 1886/1710/2281 1885/1709/2280 1873/1696/2268
f 1875/1698/2270 1887/1711/2282 1886/1710/2281 1874/1697/2269
f 1876/1699/2271 1888/1712/2283 1887/1711/2282 1875/1698/2270
f 1877/1700/2272 1889/1713/2284 1888/1712/2283 1876/1699/2271
f 1878/1701/2273 1890/1714/2285 1889/1715/2284 1877/1702/2272
f 1879/1703/2274 1891/1716/2286 1890/1714/2285 1878/1701/2273
f 1880/1692/2264 1892/1705/2276 1891/1716/2286 1879/1703/2274
f 1881/1704/2275 1893/1717/2287 1904/1718/2288 1892/1705/2276
f 1882/1706/2277 1894/1719/2289 1893/1717/2287 1881/1704/2275
f 1883/1707/2278 1895/1720/2290 1894/1719/2289 1882/1706/2277
f 1884/1708/2279 1896/1721/2291 1895/1720/2290 1883/1707/2278
f 1885/1709/2280 1897/1722/2292 1896/1721/2291 1884/1708/2279
f 1886/1710/2281 1898/1723/2293 1897/1722/2292 1885/1709/2280
f 1887/1711/2282 1899/1724/2294 1898/1723/2293 1886/1710/2281
f 1888/1712/2283 1900/1725/2295 1899/1724/2294 1887/1711/2282
f 1889/1713/2284 1901/1726/2296 1900/1725/2295 1888/1712/2283
f 1890/1714/2285 1902/1727/2297 1901/1728/2296 1889/1715/2284
f 1891/1716/2286 1903/1729/2298 1902/1727/2297 1890/1714/2285
f 1892/1705/2276 1904/1718/2288 1903/1729/2298 1891/1716/2286
f 1893/1717/2287 1905/1730/2299 1916/1731/2300 1904/1718/2288
f 1894/1719/2289 1906/1732/2301 1905/1730/2299 1893/1717/2287
f 1895/1720/2290 1907/1733/2302 1906/1732/2301 1894/1719/2289
f 1896/1721/2291 1908/1734/2303 1907/1733/2302 1895/1720/2290
f 1897/1722/2292 1909/1735/2304 1908/1734/2303 1896/1721/2291
f 1898/1723/2293 1910/1736/2305 1909/1735/2304 1897/1722/2292
f 1899/1724/2294 1911/1737/2306 1910/1736/2305 1898/1723/2293
f 1900/1725/2295 1912/1738/2307 1911/1737/2306 1899/1724/2294
f 1901/1726/2296 1913/1739/2308 1912/1738/2307 1900/1725/2295
f 1902/1727/2297 1914/1740/2309 1913/1741/2308 1901/1728/2296
f 1903/1729/2298 1915/1742/2310 1914/1740/2309 1902/1727/2297
f 1904/1718/2288 1916/1731/2300 1915/1742/2310 1903/1729/2298
f 1905/1730/2299 1917/1743/2311 1928/1744/2312 1916/1731/2300
f 1906/1732/2301 1918/1745/2313 1917/1743/2311 1905/1730/2299
f 1907/1733/2302 1919/1746/2314 1918/1745/2313 1906/1732/2301
f 1908/1734/2303 1920/1747/2315 1919/1746/2314 1907/1733/2302
f 1909/1735/2304 1921/1748/2316 1920/1747/2315 1908/1734/2303
f 1910/1736/2305 1922/1749/2317 1921/1748/2316 1909/1735/2304
f 1911/1737/2306 1923/1750/2318 1922/1749/2317 1910/1736/2305
f 1912/1738/2307 1924/1751/2319 1923/1750/2318 1911/1737/2306
f 1913/1739/2308 1925/1752/2320 1924/1751/2319 1912/1738/2307
f 1914/1740/2309 1926/1753/2321 1925/1754/2320 1913/1741/2308
f 1915/1742/2310 1927/1755/2322 1926/1753/2321 1914/1740/2309
f 1916/1731/2300 1928/1744/2312 1927/1755/2322 1915/1742/2310
f 1917/1743/2311 1929/1756/2323 1940/1757/2324 1928/1744/2312
f 1918/1745/2313 1930/1758/2325 1929/1756/2323 1917/1743/2311
f 1919/1746/2314 1931/1759/2326 1930/1758/2325 1918/1745/2313
f 1920/1747/2315 1932/1760/2327 1931/1759/2326 1919/1746/2314
f 1921/1748/2316 1933/1761/2328 1932/1760/2327 1920/1747/2315
f 1922/1749/2317 1934/1762/2329 1933/1761/2328 1921/1748/2316
f 1923/1750/2318 1935/1763/2330 1934/1762/2329 1922/1749/2317
f 1924/1751/2319 1936/1764/2331 1935/1763/2330 1923/1750/2318
f 1925/1752/2320 1937/1765/2332 1936/1764/2331 1924/1751/2319
f 1926/1753/2321 1938/1766/2333 1937/1767/2332 1925/1754/2320
f 1927/1755/2322 1939/1768/2334 1938/1766/2333 1926/1753/2321
f 1928/1744/2312 1940/1757/2324 1939/1768/2334 1927/1755/2322
f 1937/1767/2335 1938/1766/2336 1954/1769/2337 1955/1770/2338
f 1972/1771/2339 1973/1772/2340 1952/1773/2340 1946/1774/2339
f 1965/1775/2341 1966/1776/2342 1949/1777/2343 1947/1778/2344
f 1976/1779/2345 1965/1775/2341 1947/1778/2344 1943/1780/2346
f 1933/1761/2347 1934/1762/2348 1958/1781/2349 1959/1782/2347
f 1968/1783/2350 1969/1784/2351 1944/1785/2351 1951/1786/2352
f 1929/1756/2353 1930/1758/2354 1962/1787/2354 1964/1788/2355
f 1975/1789/2356 1976/1779/2345 1943/1780/2346 1950/1790/2356
f 1936/1764/2357 1937/1765/2335 1955/1791/2338 1956/1792/2357
f 1971/1793/2358 1972/1771/2339 1946/1774/2339 1942/1794/2359
f 1932/1760/2360 1933/1761/2347 1959/1782/2347 1960/1795/2361
f 1967/1796/2362 1968/1797/2350 1951/1798/2352 1945/1799/2363
f 1959/1782/2364 1958/1781/2365 1942/1794/2366 1946/1774/2367
f 1957/1800/2368 1956/1792/2369 1944/1785/2370 1948/1801/2371
f 1953/1802/2372 1963/1803/2373 1947/1778/2374 1949/1777/2375
f 1962/1787/2376 1961/1804/2377 1941/1805/2378 1950/1790/2379
f 1955/1770/2380 1954/1769/2381 1945/1799/2382 1951/1798/2383
f 1960/1795/2384 1959/1782/2364 1946/1774/2367 1952/1773/2385
f 1958/1781/2365 1957/1800/2368 1948/1801/2371 1942/1794/2366
f 1964/1788/2386 1962/1787/2376 1950/1790/2379 1943/1780/2387
f 1963/1803/2373 1964/1788/2386 1943/1780/2387 1947/1778/2374
f 1956/1792/2369 1955/1791/2380 1951/1786/2383 1944/1785/2370
f 1961/1804/2377 1960/1795/2384 1952/1773/2385 1941/1805/2378
f 1954/1769/2381 1953/1802/2372 1949/1777/2375 1945/1799/2382
f 1974/1806/2388 1975/1789/2356 1950/1790/2356 1941/1805/2388
f 1935/1763/2389 1936/1764/2357 1956/1792/2357 1957/1800/2390
f 1970/1807/2391 1971/1793/2358 1942/1794/2359 1948/1801/2392
f 1940/1757/2393 1929/1756/2353 1964/1788/2355 1963/1803/2394
f 1939/1768/2395 1940/1757/2393 1963/1803/2394 1953/1802/2395
f 1931/1759/2396 1932/1760/2360 1960/1795/2361 1961/1804/2397
f 1966/1776/2342 1967/1796/2362 1945/1799/2363 1949/1777/2343
f 1938/1766/2336 1939/1768/2395 1953/1802/2395 1954/1769/2337
f 1973/1772/2340 1974/1806/2388 1941/1805/2388 1952/1773/2340
f 1934/1762/2348 1935/1763/2389 1957/1800/2390 1958/1781/2349
f 1969/1784/2351 1970/1807/2391 1948/1801/2392 1944/1785/2351
f 1930/1758/2354 1931/1759/2396 1961/1804/2397 1962/1787/2354
f 1809/1629/2206 1821/1628/2205 1832/1651/2226 1820/1650/2225
f 1978/1626/2398 1977/1629/2399 1989/1628/2400 1990/1627/2401
f 1979/1630/2402 1978/1626/2398 1990/1627/2401 1991/1631/2403
f 1980/1632/2404 1979/1630/2402 1991/1631/2403 1992/1633/2405
f 1981/1634/2406 1980/1632/2404 1992/1633/2405 1993/1635/2407
f 1982/1636/2408 1981/1634/2406 1993/1635/2407 1994/1637/2409
f 1983/1638/2410 1982/1636/2408 1994/1637/2409 1995/1639/2411
f 1984/1640/2412 1983/1638/2410 1995/1639/2411 1996/1641/2413
f 1985/1642/2414 1984/1640/2412 1996/1641/2413 1997/1643/2415
f 1986/1644/2416 1985/1647/2414 1997/1646/2415 1998/1645/2417
f 1987/1648/2418 1986/1644/2416 1998/1645/2417 1999/1649/2419
f 1988/1650/2420 1987/1648/2418 1999/1649/2419 2000/1651/2421
f 1989/1628/2400 2000/1651/2421 2012/1653/2422 2001/1652/2423
f 1990/1627/2401 1989/1628/2400 2001/1652/2423 2002/1654/2424
f 1991/1631/2403 1990/1627/2401 2002/1654/2424 2003/1655/2425
f 1992/1633/2405 1991/1631/2403 2003/1655/2425 2004/1656/2426
f 1993/1635/2407 1992/1633/2405 2004/1656/2426 2005/1657/2427
f 1994/1637/2409 1993/1635/2407 2005/1657/2427 2006/1658/2428
f 1995/1639/2411 1994/1637/2409 2006/1658/2428 2007/1659/2429
f 1996/1641/2413 1995/1639/2411 2007/1659/2429 2008/1660/2430
f 1997/1643/2415 1996/1641/2413 2008/1660/2430 2009/1661/2431
f 1998/1645/2417 1997/1646/2415 2009/1663/2431 2010/1662/2432
f 1999/1649/2419 1998/1645/2417 2010/1662/2432 2011/1664/2433
f 2000/1651/2421 1999/1649/2419 2011/1664/2433 2012/1653/2422
f 2001/1652/2423 2012/1653/2422 2024/1666/2434 2013/1665/2435
f 2002/1654/2424 2001/1652/2423 2013/1665/2435 2014/1667/2436
f 2003/1655/2425 2002/1654/2424 2014/1667/2436 2015/1668/2437
f 2004/1656/2426 2003/1655/2425 2015/1668/2437 2016/1669/2438
f 2005/1657/2427 2004/1656/2426 2016/1669/2438 2017/1670/2439
f 2006/1658/2428 2005/1657/2427 2017/1670/2439 2018/1671/2440
f 2007/1659/2429 2006/1658/2428 2018/1671/2440 2019/1672/2441
f 2008/1660/2430 2007/1659/2429 2019/1672/2441 2020/1673/2442
f 2009/1661/2431 2008/1660/2430 2020/1673/2442 2021/1674/2443
f 2010/1662/2432 2009/1663/2431 2021/1676/2443 2022/1675/2444
f 2011/1664/2433 2010/1662/2432 2022/1675/2444 2023/1677/2445
f 2012/1653/2422 2011/1664/2433 2023/1677/2445 2024/1666/2434
f 2013/1665/2435 2024/1666/2434 2036/1679/2446 2025/1678/2447
f 2014/1667/2436 2013/1665/2435 2025/1678/2447 2026/1680/2448
f 2015/1668/2437 2014/1667/2436 2026/1680/2448 2027/1681/2449
f 2016/1669/2438 2015/1668/2437 2027/1681/2449 2028/1682/2450
f 2017/1670/2439 2016/1669/2438 2028/1682/2450 2029/1683/2451
f 2018/1671/2440 2017/1670/2439 2029/1683/2451 2030/1684/2452
f 2019/1672/2441 2018/1671/2440 2030/1684/2452 2031/1685/2453
f 2020/1673/2442 2019/1672/2441 2031/1685/2453 2032/1686/2454
f 2021/1674/2443 2020/1673/2442 2032/1686/2454 2033/1687/2455
f 2022/1675/2444 2021/1676/2443 2033/1689/2455 2034/1688/2456
f 2023/1677/2445 2022/1675/2444 2034/1688/2456 2035/1690/2457
f 2024/1666/2434 2023/1677/2445 2035/1690/2457 2036/1679/2446
f 2025/1678/2447 2036/1679/2446 2048/1692/2458 2037/1691/2459
f 2026/1680/2448 2025/1678/2447 2037/1691/2459 2038/1693/2460
f 2027/1681/2449 2026/1680/2448 2038/1693/2460 2039/1694/2461
f 2028/1682/2450 2027/1681/2449 2039/1694/2461 2040/1695/2462
f 2029/1683/2451 2028/1682/2450 2040/1695/2462 2041/1696/2463
f 2030/1684/2452 2029/1683/2451 2041/1696/2463 2042/1697/2464
f 2031/1685/2453 2030/1684/2452 2042/1697/2464 2043/1698/2465
f 2032/1686/2454 2031/1685/2453 2043/1698/2465 2044/1699/2466
f 2033/1687/2455 2032/1686/2454 2044/1699/2466 2045/1700/2467
f 2034/1688/2456 2033/1689/2455 2045/1702/2467 2046/1701/2468
f 2035/1690/2457 2034/1688/2456 2046/1701/2468 2047/1703/2469
f 2036/1679/2446 2035/1690/2457 2047/1703/2469 2048/1692/2458
f 2037/1691/2459 2048/1692/2458 2060/1705/2470 2049/1704/2471
f 2038/1693/2460 2037/1691/2459 2049/1704/2471 2050/1706/2472
f 2039/1694/2461 2038/1693/2460 2050/1706/2472 2051/1707/2473
f 2040/1695/2462 2039/1694/2461 2051/1707/2473 2052/1708/2474
f 2041/1696/2463 2040/1695/2462 2052/1708/2474 2053/1709/2475
f 2042/1697/2464 2041/1696/2463 2053/1709/2475 2054/1710/2476
f 2043/1698/2465 2042/1697/2464 2054/1710/2476 2055/1711/2477
f 2044/1699/2466 2043/1698/2465 2055/1711/2477 2056/1712/2478
f 2045/1700/2467 2044/1699/2466 2056/1712/2478 2057/1713/2479
f 2046/1701/2468 2045/1702/2467 2057/1715/2479 2058/1714/2480
f 2047/1703/2469 2046/1701/2468 2058/1714/2480 2059/1716/2481
f 2048/1692/2458 2047/1703/2469 2059/1716/2481 2060/1705/2470
f 2049/1704/2471 2060/1705/2470 2072/1718/2482 2061/1717/2483
f 2050/1706/2472 2049/1704/2471 2061/1717/2483 2062/1719/2484
f 2051/1707/2473 2050/1706/2472 2062/1719/2484 2063/1720/2485
f 2052/1708/2474 2051/1707/2473 2063/1720/2485 2064/1721/2486
f 2053/1709/2475 2052/1708/2474 2064/1721/2486 2065/1722/2487
f 2054/1710/2476 2053/1709/2475 2065/1722/2487 2066/1723/2488
f 2055/1711/2477 2054/1710/2476 2066/1723/2488 2067/1724/2489
f 2056/1712/2478 2055/1711/2477 2067/1724/2489 2068/1725/2490
f 2057/1713/2479 2056/1712/2478 2068/1725/2490 2069/1726/2491
f 2058/1714/2480 2057/1715/2479 2069/1728/2491 2070/1727/2492
f 2059/1716/2481 2058/1714/2480 2070/1727/2492 2071/1729/2493
f 2060/1705/2470 2059/1716/2481 2071/1729/2493 2072/1718/2482
f 2061/1717/2483 2072/1718/2482 2084/1731/2494 2073/1730/2495
f 2062/1719/2484 2061/1717/2483 2073/1730/2495 2074/1732/2496
f 2063/1720/2485 2062/1719/2484 2074/1732/2496 2075/1733/2497
f 2064/1721/2486 2063/1720/2485 2075/1733/2497 2076/1734/2498
f 2065/1722/2487 2064/1721/2486 2076/1734/2498 2077/1735/2499
f 2066/1723/2488 2065/1722/2487 2077/1735/2499 2078/1736/2500
f 2067/1724/2489 2066/1723/2488 2078/1736/2500 2079/1737/2501
f 2068/1725/2490 2067/1724/2489 2079/1737/2501 2080/1738/2502
f 2069/1726/2491 2068/1725/2490 2080/1738/2502 2081/1739/2503
f 2070/1727/2492 2069/1728/2491 2081/1741/2503 2082/1740/2504
f 2071/1729/2493 2070/1727/2492 2082/1740/2504 2083/1742/2505
f 2072/1718/2482 2071/1729/2493 2083/1742/2505 2084/1731/2494
f 2073/1730/2495 2084/1731/2494 2096/1744/2506 2085/1743/2507
f 2074/1732/2496 2073/1730/2495 2085/1743/2507 2086/1745/2508
f 2075/1733/2497 2074/1732/2496 2086/1745/2508 2087/1746/2509
f 2076/1734/2498 2075/1733/2497 2087/1746/2509 2088/1747/2510
f 2077/1735/2499 2076/1734/2498 2088/1747/2510 2089/1748/2511
f 2078/1736/2500 2077/1735/2499 2089/1748/2511 2090/1749/2512
f 2079/1737/2501 2078/1736/2500 2090/1749/2512 2091/1750/2513
f 2080/1738/2502 2079/1737/2501 2091/1750/2513 2092/1751/2514
f 2081/1739/2503 2080/1738/2502 2092/1751/2514 2093/1752/2515
f 2082/1740/2504 2081/1741/2503 2093/1754/2515 2094/1753/2516
f 2083/1742/2505 2082/1740/2504 2094/1753/2516 2095/1755/2517
f 2084/1731/2494 2083/1742/2505 2095/1755/2517 2096/1744/2506
f 2085/1743/2507 2096/1744/2506 2108/1757/2518 2097/1756/2519
f 2086/1745/2508 2085/1743/2507 2097/1756/2519 2098/1758/2520
f 2087/1746/2509 2086/1745/2508 2098/1758/2520 2099/1759/2521
f 2088/1747/2510 2087/1746/2509 2099/1759/2521 2100/1760/2522
f 2089/1748/2511 2088/1747/2510 2100/1760/2522 2101/1761/2523
f 2090/1749/2512 2089/1748/2511 2101/1761/2523 2102/1762/2524
f 2091/1750/2513 2090/1749/2512 2102/1762/2524 2103/1763/2525
f 2092/1751/2514 2091/1750/2513 2103/1763/2525 2104/1764/2526
f 2093/1752/2515 2092/1751/2514 2104/1764/2526 2105/1765/2527
f 2094/1753/2516 2093/1754/2515 2105/1767/2527 2106/1766/2528
f 2095/1755/2517 2094/1753/2516 2106/1766/2528 2107/1768/2529
f 2096/1744/2506 2095/1755/2517 2107/1768/2529 2108/1757/2518
f 2105/1767/2530 2123/1770/2531 2122/1769/2532 2106/1766/2533
f 2140/1771/2534 2114/1774/2534 2120/1773/2535 2141/1772/2535
f 2133/1775/2536 2115/1778/2537 2117/1777/2538 2134/1776/2539
f 2144/1779/2540 2111/1780/2541 2115/1778/2537 2133/1775/2536
f 2101/1761/2542 2127/1782/2542 2126/1781/2543 2102/1762/2544
f 2136/1783/2545 2119/1786/2546 2112/1785/2547 2137/1784/2548
f 2097/1756/2549 2132/1788/2550 2130/1787/2551 2098/1758/2552
f 2143/1789/2553 2118/1790/2553 2111/1780/2541 2144/1779/2540
f 2104/1764/2554 2124/1792/2555 2123/1791/2531 2105/1765/2530
f 2139/1793/2556 2110/1794/2557 2114/1774/2534 2140/1771/2534
f 2100/1760/2558 2128/1795/2559 2127/1782/2542 2101/1761/2542
f 2135/1796/2560 2113/1799/2561 2119/1798/2546 2136/1797/2545
f 2127/1782/2562 2114/1774/2563 2110/1794/2564 2126/1781/2565
f 2125/1800/2566 2116/1801/2567 2112/1785/2568 2124/1792/2569
f 2121/1802/2570 2117/1777/2571 2115/1778/2572 2131/1803/2573
f 2130/1787/2574 2118/1790/2575 2109/1805/2576 2129/1804/2577
f 2123/1770/2578 2119/1798/2579 2113/1799/2580 2122/1769/2581
f 2128/1795/2582 2120/1773/2583 2114/1774/2563 2127/1782/2562
f 2126/1781/2565 2110/1794/2564 2116/1801/2567 2125/1800/2566
f 2132/1788/2584 2111/1780/2585 2118/1790/2575 2130/1787/2574
f 2131/1803/2573 2115/1778/2572 2111/1780/2585 2132/1788/2584
f 2124/1792/2569 2112/1785/2568 2119/1786/2579 2123/1791/2578
f 2129/1804/2577 2109/1805/2576 2120/1773/2583 2128/1795/2582
f 2122/1769/2581 2113/1799/2580 2117/1777/2571 2121/1802/2570
f 2142/1806/2586 2109/1805/2586 2118/1790/2553 2143/1789/2553
f 2103/1763/2587 2125/1800/2588 2124/1792/2555 2104/1764/2554
f 2138/1807/2589 2116/1801/2590 2110/1794/2557 2139/1793/2556
f 2108/1757/2591 2131/1803/2592 2132/1788/2550 2097/1756/2549
f 2107/1768/2593 2121/1802/2594 2131/1803/2592 2108/1757/2591
f 2099/1759/2595 2129/1804/2596 2128/1795/2559 2100/1760/2558
f 2134/1776/2539 2117/1777/2538 2113/1799/2561 2135/1796/2560
f 2106/1766/2533 2122/1769/2532 2121/1802/2594 2107/1768/2593
f 2141/1772/2535 2120/1773/2535 2109/1805/2586 2142/1806/2586
f 2102/1762/2544 2126/1781/2543 2125/1800/2588 2103/1763/2587
f 2137/1784/2548 2112/1785/2547 2116/1801/2590 2138/1807/2589
f 2098/1758/2552 2130/1787/2551 2129/1804/2596 2099/1759/2595
f 1977/1629/2399 1988/1650/2420 2000/1651/2421 1989/1628/2400
f 2145/1808/2597 2157/1809/2598 2168/1810/2599 2156/1811/2600
f 2146/1812/2601 2158/1813/2602 2157/1809/2598 2145/1808/2597
f 2147/1814/2603 2159/1815/2604 2158/1813/2602 2146/1812/2601
f 2148/1816/2605 2160/1817/2606 2159/1815/2604 2147/1814/2603
f 2149/1818/2607 2161/1819/2608 2160/1817/2606 2148/1816/2605
f 2150/1820/2609 2162/1821/2610 2161/1819/2608 2149/1818/2607
f 2151/1822/2611 2163/1823/2612 2162/1821/2610 2150/1820/2609
f 2152/1824/2613 2164/1825/2614 2163/1823/2612 2151/1822/2611
f 2153/1826/2615 2165/1827/2616 2164/1825/2614 2152/1824/2613
f 2154/1828/2617 2166/1829/2618 2165/1830/2616 2153/1831/2615
f 2155/1832/2619 2167/1833/2620 2166/1829/2618 2154/1828/2617
f 2156/1811/2600 2168/1810/2599 2167/1833/2620 2155/1832/2619
f 2157/1809/2598 2169/1834/2621 2180/1835/2622 2168/1810/2599
f 2158/1813/2602 2170/1836/2623 2169/1834/2621 2157/1809/2598
f 2159/1815/2604 2171/1837/2624 2170/1836/2623 2158/1813/2602
f 2160/1817/2606 2172/1838/2625 2171/1837/2624 2159/1815/2604
f 2161/1819/2608 2173/1839/2626 2172/1838/2625 2160/1817/2606
f 2162/1821/2610 2174/1840/2627 2173/1839/2626 2161/1819/2608
f 2163/1823/2612 2175/1841/2628 2174/1840/2627 2162/1821/2610
f 2164/1825/2614 2176/1842/2629 2175/1841/2628 2163/1823/2612
f 2165/1827/2616 2177/1843/2630 2176/1842/2629 2164/1825/2614
f 2166/1829/2618 2178/1844/2631 2177/1845/2630 2165/1830/2616
f 2167/1833/2620 2179/1846/2632 2178/1844/2631 2166/1829/2618
f 2168/1810/2599 2180/1835/2622 2179/1846/2632 2167/1833/2620
f 2169/1834/2621 2181/1847/2633 2192/1848/2634 2180/1835/2622
f 2170/1836/2623 2182/1849/2635 2181/1847/2633 2169/1834/2621
f 2171/1837/2624 2183/1850/2636 2182/1849/2635 2170/1836/2623
f 2172/1838/2625 2184/1851/2637 2183/1850/2636 2171/1837/2624
f 2173/1839/2626 2185/1852/2638 2184/1851/2637 2172/1838/2625
f 2174/1840/2627 2186/1853/2639 2185/1852/2638 2173/1839/2626
f 2175/1841/2628 2187/1854/2640 2186/1853/2639 2174/1840/2627
f 2176/1842/2629 2188/1855/2641 2187/1854/2640 2175/1841/2628
f 2177/1843/2630 2189/1856/2642 2188/1855/2641 2176/1842/2629
f 2178/1844/2631 2190/1857/2643 2189/1858/2642 2177/1845/2630
f 2179/1846/2632 2191/1859/2644 2190/1857/2643 2178/1844/2631
f 2180/1835/2622 2192/1848/2634 2191/1859/2644 2179/1846/2632
f 2181/1847/2633 2193/1860/2645 2204/1861/2646 2192/1848/2634
f 2182/1849/2635 2194/1862/2647 2193/1860/2645 2181/1847/2633
f 2183/1850/2636 2195/1863/2648 2194/1862/2647 2182/1849/2635
f 2184/1851/2637 2196/1864/2649 2195/1863/2648 2183/1850/2636
f 2185/1852/2638 2197/1865/2650 2196/1864/2649 2184/1851/2637
f 2186/1853/2639 2198/1866/2651 2197/1865/2650 2185/1852/2638
f 2187/1854/2640 2199/1867/2652 2198/1866/2651 2186/1853/2639
f 2188/1855/2641 2200/1868/2653 2199/1867/2652 2187/1854/2640
f 2189/1856/2642 2201/1869/2654 2200/1868/2653 2188/1855/2641
f 2190/1857/2643 2202/1870/2655 2201/1871/2654 2189/1858/2642
f 2191/1859/2644 2203/1872/2656 2202/1870/2655 2190/1857/2643
f 2192/1848/2634 2204/1861/2646 2203/1872/2656 2191/1859/2644
f 2193/1860/2645 2205/1873/2657 2216/1874/2658 2204/1861/2646
f 2194/1862/2647 2206/1875/2659 2205/1873/2657 2193/1860/2645
f 2195/1863/2648 2207/1876/2660 2206/1875/2659 2194/1862/2647
f 2196/1864/2649 2208/1877/2661 2207/1876/2660 2195/1863/2648
f 2197/1865/2650 2209/1878/2662 2208/1877/2661 2196/1864/2649
f 2198/1866/2651 2210/1879/2663 2209/1878/2662 2197/1865/2650
f 2199/1867/2652 2211/1880/2664 2210/1879/2663 2198/1866/2651
f 2200/1868/2653 2212/1881/2665 2211/1880/2664 2199/1867/2652
f 2201/1869/2654 2213/1882/2666 2212/1881/2665 2200/1868/2653
f 2202/1870/2655 2214/1883/2667 2213/1884/2666 2201/1871/2654
f 2203/1872/2656 2215/1885/2668 2214/1883/2667 2202/1870/2655
f 2204/1861/2646 2216/1874/2658 2215/1885/2668 2203/1872/2656
f 2205/1873/2657 2217/1886/2669 2228/1887/2670 2216/1874/2658
f 2206/1875/2659 2218/1888/2671 2217/1886/2669 2205/1873/2657
f 2207/1876/2660 2219/1889/2672 2218/1888/2671 2206/1875/2659
f 2208/1877/2661 2220/1890/2673 2219/1889/2672 2207/1876/2660
f 2209/1878/2662 2221/1891/2674 2220/1890/2673 2208/1877/2661
f 2210/1879/2663 2222/1892/2675 2221/1891/2674 2209/1878/2662
f 2211/1880/2664 2223/1893/2676 2222/1892/2675 2210/1879/2663
f 2212/1881/2665 2224/1894/2677 2223/1893/2676 2211/1880/2664
f 2213/1882/2666 2225/1895/2678 2224/1894/2677 2212/1881/2665
f 2214/1883/2667 2226/1896/2679 2225/1897/2678 2213/1884/2666
f 2215/1885/2668 2227/1898/2680 2226/1896/2679 2214/1883/2667
f 2216/1874/2658 2228/1887/2670 2227/1898/2680 2215/1885/2668
f 2217/1886/2669 2229/1899/2681 2240/1900/2682 2228/1887/2670
f 2218/1888/2671 2230/1901/2683 2229/1899/2681 2217/1886/2669
f 2219/1889/2672 2231/1902/2684 2230/1901/2683 2218/1888/2671
f 2220/1890/2673 2232/1903/2685 2231/1902/2684 2219/1889/2672
f 2221/1891/2674 2233/1904/2686 2232/1903/2685 2220/1890/2673
f 2222/1892/2675 2234/1905/2687 2233/1904/2686 2221/1891/2674
f 2223/1893/2676 2235/1906/2688 2234/1905/2687 2222/1892/2675
f 2224/1894/2677 2236/1907/2689 2235/1906/2688 2223/1893/2676
f 2225/1895/2678 2237/1908/2690 2236/1907/2689 2224/1894/2677
f 2226/1896/2679 2238/1909/2691 2237/1910/2690 2225/1897/2678
f 2227/1898/2680 2239/1911/2692 2238/1909/2691 2226/1896/2679
f 2228/1887/2670 2240/1900/2682 2239/1911/2692 2227/1898/2680
f 2229/1899/2681 2241/1912/2693 2252/1913/2694 2240/1900/2682
f 2230/1901/2683 2242/1914/2695 2241/1912/2693 2229/1899/2681
f 2231/1902/2684 2243/1915/2696 2242/1914/2695 2230/1901/2683
f 2232/1903/2685 2244/1916/2697 2243/1915/2696 2231/1902/2684
f 2233/1904/2686 2245/1917/2698 2244/1916/2697 2232/1903/2685
f 2234/1905/2687 2246/1918/2699 2245/1917/2698 2233/1904/2686
f 2235/1906/2688 2247/1919/2700 2246/1918/2699 2234/1905/2687
f 2236/1907/2689 2248/1920/2701 2247/1919/2700 2235/1906/2688
f 2237/1908/2690 2249/1921/2702 2248/1920/2701 2236/1907/2689
f 2238/1909/2691 2250/1922/2703 2249/1923/2702 2237/1910/2690
f 2239/1911/2692 2251/1924/2704 2250/1922/2703 2238/1909/2691
f 2240/1900/2682 2252/1913/2694 2251/1924/2704 2239/1911/2692
f 2242/1914/2695 2254/1925/2705 2253/1926/2706 2241/1912/2693
f 2243/1915/2696 2255/1927/2707 2254/1925/2705 2242/1914/2695
f 2244/1916/2697 2256/1928/2708 2255/1927/2707 2243/1915/2696
f 2245/1917/2698 2257/1929/2709 2256/1928/2708 2244/1916/2697
f 2246/1918/2699 2258/1930/2710 2257/1929/2709 2245/1917/2698
f 2247/1919/2700 2259/1931/2711 2258/1930/2710 2246/1918/2699
f 2248/1920/2701 2260/1932/2712 2259/1931/2711 2247/1919/2700
f 2249/1921/2702 2261/1933/2713 2260/1932/2712 2248/1920/2701
f 2250/1922/2703 2262/1934/2714 2261/1935/2713 2249/1923/2702
f 2251/1924/2704 2263/1936/2715 2262/1934/2714 2250/1922/2703
f 2252/1913/2694 2264/1937/2716 2263/1936/2715 2251/1924/2704
f 2253/1926/2706 2265/1938/2717 2276/1939/2718 2264/1937/2716
f 2254/1925/2705 2266/1940/2719 2265/1938/2717 2253/1926/2706
f 2255/1927/2707 2267/1941/2720 2266/1940/2719 2254/1925/2705
f 2256/1928/2708 2268/1942/2721 2267/1941/2720 2255/1927/2707
f 2257/1929/2709 2269/1943/2722 2268/1942/2721 2256/1928/2708
f 2258/1930/2710 2270/1944/2723 2269/1943/2722 2257/1929/2709
f 2259/1931/2711 2271/1945/2724 2270/1944/2723 2258/1930/2710
f 2260/1932/2712 2272/1946/2725 2271/1945/2724 2259/1931/2711
f 2261/1933/2713 2273/1947/2726 2272/1946/2725 2260/1932/2712
f 2262/1934/2714 2274/1948/2727 2273/1949/2726 2261/1935/2713
f 2263/1936/2715 2275/1950/2728 2274/1948/2727 2262/1934/2714
f 2264/1937/2716 2276/1939/2718 2275/1950/2728 2263/1936/2715
f 2385/1951/2729 2396/1952/2730 2276/1939/2718 2265/1938/2717
f 2386/1953/2731 2385/1951/2729 2265/1938/2717 2266/1940/2719
f 2387/1954/2732 2386/1953/2731 2266/1940/2719 2267/1941/2720
f 2388/1955/2733 2387/1954/2732 2267/1941/2720 2268/1942/2721
f 2389/1956/2734 2388/1955/2733 2268/1942/2721 2269/1943/2722
f 2390/1957/2735 2389/1956/2734 2269/1943/2722 2270/1944/2723
f 2391/1958/2736 2390/1957/2735 2270/1944/2723 2271/1945/2724
f 2392/1959/2737 2391/1958/2736 2271/1945/2724 2272/1946/2725
f 2393/1960/2738 2392/1959/2737 2272/1946/2725 2273/1947/2726
f 2394/1961/2739 2393/1962/2738 2273/1949/2726 2274/1948/2727
f 2395/1963/2740 2394/1961/2739 2274/1948/2727 2275/1950/2728
f 2396/1952/2730 2395/1963/2740 2275/1950/2728 2276/1939/2718
f 2372/1964/2741 2384/1965/2742 2373/1966/2743 2361/1967/2744
f 2288/1968/2745 2300/1969/2746 2289/1970/2747 2277/1971/2748
f 2277/1971/2748 2289/1970/2747 2290/1972/2749 2278/1973/2750
f 2278/1973/2750 2290/1972/2749 2291/1974/2751 2279/1975/2752
f 2279/1975/2752 2291/1974/2751 2292/1976/2753 2280/1977/2754
f 2280/1977/2754 2292/1976/2753 2293/1978/2755 2281/1979/2756
f 2281/1979/2756 2293/1978/2755 2294/1980/2757 2282/1981/2758
f 2282/1981/2758 2294/1980/2757 2295/1982/2759 2283/1983/2760
f 2283/1983/2760 2295/1982/2759 2296/1984/2761 2284/1985/2762
f 2284/1985/2762 2296/1984/2761 2297/1986/2763 2285/1987/2764
f 2285/1988/2764 2297/1989/2763 2298/1990/2765 2286/1991/2766
f 2286/1991/2766 2298/1990/2765 2299/1992/2767 2287/1993/2768
f 2287/1993/2768 2299/1992/2767 2300/1969/2746 2288/1968/2745
f 2300/1969/2746 2312/1994/2769 2301/1995/2770 2289/1970/2747
f 2289/1970/2747 2301/1995/2770 2302/1996/2771 2290/1972/2749
f 2290/1972/2749 2302/1996/2771 2303/1997/2772 2291/1974/2751
f 2291/1974/2751 2303/1997/2772 2304/1998/2773 2292/1976/2753
f 2292/1976/2753 2304/1998/2773 2305/1999/2774 2293/1978/2755
f 2293/1978/2755 2305/1999/2774 2306/2000/2775 2294/1980/2757
f 2294/1980/2757 2306/2000/2775 2307/2001/2776 2295/1982/2759
f 2295/1982/2759 2307/2001/2776 2308/2002/2777 2296/1984/2761
f 2296/1984/2761 2308/2002/2777 2309/2003/2778 2297/1986/2763
f 2297/1989/2763 2309/2004/2778 2310/2005/2779 2298/1990/2765
f 2298/1990/2765 2310/2005/2779 2311/2006/2780 2299/1992/2767
f 2299/1992/2767 2311/2006/2780 2312/1994/2769 2300/1969/2746
f 2312/1994/2769 2324/2007/2781 2313/2008/2782 2301/1995/2770
f 2301/1995/2770 2313/2008/2782 2314/2009/2783 2302/1996/2771
f 2302/1996/2771 2314/2009/2783 2315/2010/2784 2303/1997/2772
f 2303/1997/2772 2315/2010/2784 2316/2011/2785 2304/1998/2773
f 2304/1998/2773 2316/2011/2785 2317/2012/2786 2305/1999/2774
f 2305/1999/2774 2317/2012/2786 2318/2013/2787 2306/2000/2775
f 2306/2000/2775 2318/2013/2787 2319/2014/2788 2307/2001/2776
f 2307/2001/2776 2319/2014/2788 2320/2015/2789 2308/2002/2777
f 2308/2002/2777 2320/2015/2789 2321/2016/2790 2309/2003/2778
f 2309/2004/2778 2321/2017/2790 2322/2018/2791 2310/2005/2779
f 2310/2005/2779 2322/2018/2791 2323/2019/2792 2311/2006/2780
f 2311/2006/2780 2323/2019/2792 2324/2007/2781 2312/1994/2769
f 2324/2007/2781 2336/2020/2793 2325/2021/2794 2313/2008/2782
f 2313/2008/2782 2325/2021/2794 2326/2022/2795 2314/2009/2783
f 2314/2009/2783 2326/2022/2795 2327/2023/2796 2315/2010/2784
f 2315/2010/2784 2327/2023/2796 2328/2024/2797 2316/2011/2785
f 2316/2011/2785 2328/2024/2797 2329/2025/2798 2317/2012/2786
f 2317/2012/2786 2329/2025/2798 2330/2026/2799 2318/2013/2787
f 2318/2013/2787 2330/2026/2799 2331/2027/2800 2319/2014/2788
f 2319/2014/2788 2331/2027/2800 2332/2028/2801 2320/2015/2789
f 2320/2015/2789 2332/2028/2801 2333/2029/2802 2321/2016/2790
f 2321/2017/2790 2333/2030/2802 2334/2031/2803 2322/2018/2791
f 2322/2018/2791 2334/2031/2803 2335/2032/2804 2323/2019/2792
f 2323/2019/2792 2335/2032/2804 2336/2020/2793 2324/2007/2781
f 2336/2020/2793 2348/2033/2805 2337/2034/2806 2325/2021/2794
f 2325/2021/2794 2337/2034/2806 2338/2035/2807 2326/2022/2795
f 2326/2022/2795 2338/2035/2807 2339/2036/2808 2327/2023/2796
f 2327/2023/2796 2339/2036/2808 2340/2037/2809 2328/2024/2797
f 2328/2024/2797 2340/2037/2809 2341/2038/2810 2329/2025/2798
f 2329/2025/2798 2341/2038/2810 2342/2039/2811 2330/2026/2799
f 2330/2026/2799 2342/2039/2811 2343/2040/2812 2331/2027/2800
f 2331/2027/2800 2343/2040/2812 2344/2041/2813 2332/2028/2801
f 2332/2028/2801 2344/2041/2813 2345/2042/2814 2333/2029/2802
f 2333/2030/2802 2345/2043/2814 2346/2044/2815 2334/2031/2803
f 2334/2031/2803 2346/2044/2815 2347/2045/2816 2335/2032/2804
f 2335/2032/2804 2347/2045/2816 2348/2033/2805 2336/2020/2793
f 2348/2033/2805 2360/2046/2817 2349/2047/2818 2337/2034/2806
f 2337/2034/2806 2349/2047/2818 2350/2048/2819 2338/2035/2807
f 2338/2035/2807 2350/2048/2819 2351/2049/2820 2339/2036/2808
f 2339/2036/2808 2351/2049/2820 2352/2050/2821 2340/2037/2809
f 2340/2037/2809 2352/2050/2821 2353/2051/2822 2341/2038/2810
f 2341/2038/2810 2353/2051/2822 2354/2052/2823 2342/2039/2811
f 2342/2039/2811 2354/2052/2823 2355/2053/2824 2343/2040/2812
f 2343/2040/2812 2355/2053/2824 2356/2054/2825 2344/2041/2813
f 2344/2041/2813 2356/2054/2825 2357/2055/2826 2345/2042/2814
f 2345/2043/2814 2357/2056/2826 2358/2057/2827 2346/2044/2815
f 2346/2044/2815 2358/2057/2827 2359/2058/2828 2347/2045/2816
f 2347/2045/2816 2359/2058/2828 2360/2046/2817 2348/2033/2805
f 2360/2046/2817 2372/1964/2741 2361/1967/2744 2349/2047/2818
f 2349/2047/2818 2361/1967/2744 2362/2059/2829 2350/2048/2819
f 2350/2048/2819 2362/2059/2829 2363/2060/2830 2351/2049/2820
f 2351/2049/2820 2363/2060/2830 2364/2061/2831 2352/2050/2821
f 2352/2050/2821 2364/2061/2831 2365/2062/2832 2353/2051/2822
f 2353/2051/2822 2365/2062/2832 2366/2063/2833 2354/2052/2823
f 2354/2052/2823 2366/2063/2833 2367/2064/2834 2355/2053/2824
f 2355/2053/2824 2367/2064/2834 2368/2065/2835 2356/2054/2825
f 2356/2054/2825 2368/2065/2835 2369/2066/2836 2357/2055/2826
f 2357/2056/2826 2369/2067/2836 2370/2068/2837 2358/2057/2827
f 2358/2057/2827 2370/2068/2837 2371/2069/2838 2359/2058/2828
f 2359/2058/2828 2371/2069/2838 2372/1964/2741 2360/2046/2817
f 2361/1967/2744 2373/1966/2743 2374/2070/2839 2362/2059/2829
f 2362/2059/2829 2374/2070/2839 2375/2071/2840 2363/2060/2830
f 2363/2060/2830 2375/2071/2840 2376/2072/2841 2364/2061/2831
f 2364/2061/2831 2376/2072/2841 2377/2073/2842 2365/2062/2832
f 2365/2062/2832 2377/2073/2842 2378/2074/2843 2366/2063/2833
f 2366/2063/2833 2378/2074/2843 2379/2075/2844 2367/2064/2834
f 2367/2064/2834 2379/2075/2844 2380/2076/2845 2368/2065/2835
f 2368/2065/2835 2380/2076/2845 2381/2077/2846 2369/2066/2836
f 2369/2067/2836 2381/2078/2846 2382/2079/2847 2370/2068/2837
f 2370/2068/2837 2382/2079/2847 2383/2080/2848 2371/2069/2838
f 2371/2069/2838 2383/2080/2848 2384/1965/2742 2372/1964/2741
f 2384/1965/2742 2396/1952/2730 2385/1951/2729 2373/1966/2743
f 2373/1966/2743 2385/1951/2729 2386/1953/2731 2374/2070/2839
f 2374/2070/2839 2386/1953/2731 2387/1954/2732 2375/2071/2840
f 2375/2071/2840 2387/1954/2732 2388/1955/2733 2376/2072/2841
f 2376/2072/2841 2388/1955/2733 2389/1956/2734 2377/2073/2842
f 2377/2073/2842 2389/1956/2734 2390/1957/2735 2378/2074/2843
f 2378/2074/2843 2390/1957/2735 2391/1958/2736 2379/2075/2844
f 2379/2075/2844 2391/1958/2736 2392/1959/2737 2380/2076/2845
f 2380/2076/2845 2392/1959/2737 2393/1960/2738 2381/2077/2846
f 2381/2078/2846 2393/1962/2738 2394/1961/2739 2382/2079/2847
f 2382/2079/2847 2394/1961/2739 2395/1963/2740 2383/2080/2848
f 2383/2080/2848 2395/1963/2740 2396/1952/2730 2384/1965/2742
f 2241/1912/2693 2253/1926/2706 2264/1937/2716 2252/1913/2694
f 2288/1968/2745 2277/1971/2748 2397/2081/2849 2408/2082/2850
f 2283/1983/2760 2284/1985/2762 2404/2083/2851 2403/2084/2852
f 2280/1977/2754 2281/1979/2756 2401/2085/2853 2400/2086/2854
f 2287/1993/2768 2288/1968/2745 2408/2082/2850 2407/2087/2855
f 2277/1971/2748 2278/1973/2750 2398/2088/2856 2397/2081/2849
f 2284/1985/2762 2285/1987/2764 2405/2089/2857 2404/2083/2851
f 2281/1979/2756 2282/1981/2758 2402/2090/2858 2401/2085/2853
f 2278/1973/2750 2279/1975/2752 2399/2091/2859 2398/2088/2856
f 2285/1988/2764 2286/1991/2766 2406/2092/2860 2405/2093/2857
f 2282/1981/2758 2283/1983/2760 2403/2084/2852 2402/2090/2858
f 2279/1975/2752 2280/1977/2754 2400/2086/2854 2399/2091/2859
f 2286/1991/2766 2287/1993/2768 2407/2087/2855 2406/2092/2860
