# Blender 5.1.2
# www.blender.org
mtllib sword.mtl
o MasterSwordTrans
v -0.000474 0.211910 0.177375
v -0.000000 0.211910 0.176570
v 0.000473 0.211910 0.177375
v 0.001156 0.211910 0.177934
v 0.000473 0.211910 0.178493
v -0.000000 0.211910 0.179298
v -0.000474 0.211910 0.178493
v -0.001157 0.211910 0.177934
v -0.001652 0.205683 0.175986
v -0.000000 0.205683 0.173177
v 0.001651 0.205683 0.175986
v 0.004032 0.205683 0.177934
v 0.001651 0.205683 0.179882
v -0.000000 0.205683 0.182691
v -0.001652 0.205683 0.179882
v -0.004033 0.205683 0.177934
v -0.000000 0.211910 0.177934
v -0.000000 0.205683 0.177934
v -0.004078 0.167169 0.175793
v -0.002987 0.167169 0.174022
v -0.001380 0.167169 0.172927
v 0.000466 0.167169 0.172699
v 0.002231 0.167169 0.173375
v 0.003610 0.167169 0.174840
v 0.004365 0.167169 0.176839
v 0.004365 0.167169 0.179028
v 0.003610 0.167169 0.181028
v 0.002231 0.167169 0.182493
v 0.000466 0.167169 0.183169
v -0.001380 0.167169 0.182941
v -0.002987 0.167169 0.181846
v -0.004078 0.167169 0.180075
v -0.004463 0.167169 0.177934
v -0.000000 0.167169 0.177934
v -0.007577 0.174484 0.173955
v -0.005550 0.174484 0.170664
v -0.005550 0.172278 0.170664
v -0.007577 0.172278 0.173955
v -0.002563 0.174484 0.168630
v -0.002563 0.172278 0.168630
v 0.000866 0.174484 0.168205
v 0.000866 0.172278 0.168205
v 0.004147 0.174484 0.169462
v 0.004147 0.172278 0.169462
v 0.006709 0.174484 0.172184
v 0.006709 0.172278 0.172184
v 0.008112 0.174484 0.175900
v 0.008112 0.172278 0.175900
v 0.008112 0.174484 0.179968
v 0.008112 0.172278 0.179968
v 0.006709 0.174484 0.183684
v 0.006709 0.172278 0.183684
v 0.004147 0.174484 0.186406
v 0.004147 0.172278 0.186406
v 0.000866 0.174484 0.187663
v 0.000866 0.172278 0.187663
v -0.002563 0.174484 0.187238
v -0.002563 0.172278 0.187238
v -0.005550 0.174484 0.185204
v -0.005550 0.172278 0.185204
v -0.007577 0.174484 0.181913
v -0.007577 0.172278 0.181913
v -0.008294 0.174484 0.177934
v -0.008294 0.172278 0.177934
v -0.004078 0.176182 0.175793
v -0.002987 0.176182 0.174022
v -0.001380 0.176182 0.172927
v 0.000466 0.176182 0.172699
v 0.002231 0.176182 0.173375
v 0.003610 0.176182 0.174840
v 0.004365 0.176182 0.176839
v 0.004365 0.176182 0.179028
v 0.003610 0.176182 0.181028
v 0.002231 0.176182 0.182493
v 0.000466 0.176182 0.183169
v -0.001380 0.176182 0.182941
v -0.002987 0.176182 0.181846
v -0.004078 0.176182 0.180075
v -0.004463 0.176182 0.177934
v -0.004078 0.177342 0.175793
v -0.002987 0.177342 0.174022
v -0.001380 0.177342 0.172927
v 0.000466 0.177342 0.172699
v 0.002231 0.177342 0.173375
v 0.003610 0.177342 0.174840
v 0.004365 0.177342 0.176839
v 0.004365 0.177342 0.179028
v 0.003610 0.177342 0.181028
v 0.002231 0.177342 0.182493
v 0.000466 0.177342 0.183169
v -0.001380 0.177342 0.182941
v -0.002987 0.177342 0.181846
v -0.004078 0.177342 0.180075
v -0.004463 0.177342 0.177934
v -0.003244 0.200060 0.176231
v -0.002376 0.200060 0.174822
v -0.001098 0.200060 0.173951
v 0.000371 0.200060 0.173769
v 0.001775 0.200060 0.174307
v 0.002872 0.200060 0.175472
v 0.003472 0.200060 0.177063
v 0.003472 0.200060 0.178805
v 0.002872 0.200060 0.180396
v 0.001775 0.200060 0.181561
v 0.000371 0.200060 0.182099
v -0.001098 0.200060 0.181917
v -0.002376 0.200060 0.181046
v -0.003244 0.200060 0.179637
v -0.003551 0.200060 0.177934
v -0.002376 0.177342 0.174822
v -0.003244 0.177342 0.176231
v -0.001098 0.177342 0.173951
v 0.000371 0.177342 0.173769
v 0.001775 0.177342 0.174307
v 0.002872 0.177342 0.175472
v 0.003472 0.177342 0.177063
v 0.003472 0.177342 0.178805
v 0.002872 0.177342 0.180396
v 0.001775 0.177342 0.181561
v 0.000371 0.177342 0.182099
v -0.001098 0.177342 0.181917
v -0.002376 0.177342 0.181046
v -0.003244 0.177342 0.179637
v -0.003551 0.177342 0.177934
v -0.003776 0.200060 0.175951
v -0.002766 0.200060 0.174311
v -0.003776 0.200751 0.175951
v -0.002766 0.200751 0.174311
v -0.001278 0.200060 0.173298
v -0.001278 0.200751 0.173298
v 0.000432 0.200060 0.173086
v 0.000432 0.200751 0.173086
v 0.002066 0.200060 0.173712
v 0.002066 0.200751 0.173712
v 0.003343 0.200060 0.175069
v 0.003343 0.200751 0.175069
v 0.004042 0.200060 0.176920
v 0.004042 0.200751 0.176920
v 0.004042 0.200060 0.178947
v 0.004042 0.200751 0.178947
v 0.003343 0.200060 0.180799
v 0.003343 0.200751 0.180799
v 0.002066 0.200060 0.182156
v 0.002066 0.200751 0.182156
v 0.000432 0.200060 0.182782
v 0.000432 0.200751 0.182782
v -0.001278 0.200060 0.182570
v -0.001278 0.200751 0.182570
v -0.002766 0.200060 0.181557
v -0.002766 0.200751 0.181557
v -0.003776 0.200060 0.179917
v -0.003776 0.200751 0.179917
v -0.004133 0.200060 0.177934
v -0.004133 0.200751 0.177934
v -0.003238 0.202983 0.173683
v -0.004423 0.202983 0.175607
v -0.001491 0.202983 0.172494
v 0.000514 0.202983 0.172245
v 0.002432 0.202983 0.172980
v 0.003931 0.202983 0.174572
v 0.004751 0.202983 0.176745
v 0.004751 0.202983 0.179123
v 0.003931 0.202983 0.181296
v 0.002432 0.202983 0.182888
v 0.000514 0.202983 0.183623
v -0.001491 0.202983 0.183374
v -0.003238 0.202983 0.182185
v -0.004423 0.202983 0.180261
v -0.004842 0.202983 0.177934
v -0.003238 0.203652 0.173683
v -0.004423 0.203652 0.175607
v -0.001491 0.203652 0.172494
v 0.000514 0.203652 0.172245
v 0.002432 0.203652 0.172980
v 0.003931 0.203652 0.174572
v 0.004751 0.203652 0.176745
v 0.004751 0.203652 0.179123
v 0.003931 0.203652 0.181296
v 0.002432 0.203652 0.182888
v 0.000514 0.203652 0.183623
v -0.001491 0.203652 0.183374
v -0.003238 0.203652 0.182185
v -0.004423 0.203652 0.180261
v -0.004842 0.203652 0.177934
v -0.003238 0.203652 0.173683
v -0.004423 0.203652 0.175607
v -0.001491 0.203652 0.172494
v 0.000514 0.203652 0.172245
v 0.002432 0.203652 0.172980
v 0.003931 0.203652 0.174572
v 0.004751 0.203652 0.176745
v 0.004751 0.203652 0.179123
v 0.003931 0.203652 0.181296
v 0.002432 0.203652 0.182888
v 0.000514 0.203652 0.183623
v -0.001491 0.203652 0.183374
v -0.003238 0.203652 0.182185
v -0.004423 0.203652 0.180261
v -0.004842 0.203652 0.177934
v -0.000000 0.205884 0.177934
v -0.002775 0.205884 0.174299
v -0.003789 0.205884 0.175944
v -0.001282 0.205884 0.173282
v 0.000433 0.205884 0.173069
v 0.002073 0.205884 0.173698
v 0.003355 0.205884 0.175059
v 0.004056 0.205884 0.176917
v 0.004056 0.205884 0.178951
v 0.003355 0.205884 0.180809
v 0.002073 0.205884 0.182170
v 0.000433 0.205884 0.182799
v -0.001282 0.205884 0.182586
v -0.002775 0.205884 0.181569
v -0.003789 0.205884 0.179924
v -0.004148 0.205884 0.177934
v -0.013067 0.171929 0.175923
v -0.013067 0.172520 0.176400
v -0.013067 0.173335 0.175923
v -0.013067 0.174647 0.177934
v -0.013067 0.173335 0.179945
v -0.013067 0.172520 0.179468
v -0.013067 0.171929 0.179945
v -0.013067 0.170583 0.177934
v -0.009801 0.167395 0.174713
v -0.009801 0.168547 0.175477
v -0.009801 0.169857 0.174713
v -0.009801 0.172026 0.177934
v -0.009801 0.169857 0.181155
v -0.009801 0.168547 0.180390
v -0.009801 0.167395 0.181155
v -0.009801 0.165936 0.177934
v -0.006534 0.165383 0.174532
v -0.006534 0.166535 0.175339
v -0.006534 0.167637 0.174532
v -0.006534 0.170172 0.177934
v -0.006534 0.167637 0.181336
v -0.006534 0.166535 0.180529
v -0.006534 0.165383 0.181336
v -0.006534 0.163344 0.177934
v -0.003267 0.164584 0.174212
v -0.003267 0.165665 0.175095
v -0.003267 0.167114 0.174212
v -0.003267 0.169262 0.177934
v -0.003267 0.167114 0.181656
v -0.003267 0.165665 0.180773
v -0.003267 0.164584 0.181656
v -0.003267 0.162290 0.177934
v -0.000000 0.164584 0.174212
v -0.000000 0.165665 0.175095
v -0.000000 0.167114 0.174212
v -0.000000 0.169262 0.177934
v -0.000000 0.167114 0.181656
v -0.000000 0.165665 0.180773
v -0.000000 0.164584 0.181656
v -0.000000 0.162290 0.177934
v 0.003266 0.164584 0.174212
v 0.003266 0.165665 0.175095
v 0.003266 0.167114 0.174212
v 0.003266 0.169262 0.177934
v 0.003266 0.167114 0.181656
v 0.003266 0.165665 0.180773
v 0.003266 0.164584 0.181656
v 0.003266 0.162290 0.177934
v 0.006533 0.165383 0.174532
v 0.006533 0.166535 0.175339
v 0.006533 0.167637 0.174532
v 0.006533 0.170172 0.177934
v 0.006533 0.167637 0.181336
v 0.006533 0.166535 0.180529
v 0.006533 0.165383 0.181336
v 0.006533 0.163344 0.177934
v 0.009800 0.167395 0.174713
v 0.009800 0.168547 0.175477
v 0.009800 0.169857 0.174713
v 0.009800 0.172026 0.177934
v 0.009800 0.169857 0.181155
v 0.009800 0.168547 0.180390
v 0.009800 0.167395 0.181155
v 0.009800 0.165936 0.177934
v 0.013067 0.171929 0.175923
v 0.013067 0.172520 0.176400
v 0.013067 0.173335 0.175923
v 0.013067 0.174647 0.177934
v 0.013067 0.173335 0.179945
v 0.013067 0.172520 0.179468
v 0.013067 0.171929 0.179945
v 0.013067 0.170583 0.177934
v -0.013067 0.172229 0.177934
v 0.013067 0.172229 0.177934
v 0.007774 0.166864 0.176929
v 0.008319 0.167518 0.177934
v 0.008929 0.165783 0.176900
v 0.009565 0.166387 0.177934
v 0.010028 0.164620 0.176683
v 0.010874 0.165240 0.177934
v 0.010939 0.163323 0.176508
v 0.011963 0.163919 0.177934
v 0.011677 0.161925 0.176295
v 0.012920 0.162496 0.177934
v 0.012192 0.160422 0.176108
v 0.013631 0.160933 0.177934
v 0.012460 0.159271 0.176016
v 0.013999 0.159218 0.177934
v 0.010922 0.159413 0.177934
v 0.012460 0.159271 0.179851
v 0.010746 0.160144 0.177934
v 0.012192 0.160422 0.179760
v 0.010414 0.161342 0.177934
v 0.011677 0.161925 0.179573
v 0.009892 0.162712 0.177934
v 0.010939 0.163323 0.179360
v 0.009171 0.163993 0.177934
v 0.010028 0.164620 0.179185
v 0.008256 0.165156 0.177934
v 0.008929 0.165783 0.178968
v 0.007229 0.166209 0.177934
v 0.007774 0.166864 0.178939
v 0.011094 0.169521 0.176530
v 0.011855 0.170436 0.177934
v 0.012708 0.168011 0.176489
v 0.013595 0.168856 0.177934
v 0.014242 0.166387 0.176186
v 0.015425 0.167254 0.177934
v 0.015515 0.164575 0.175943
v 0.016945 0.165409 0.177934
v 0.016546 0.162623 0.175644
v 0.018283 0.163420 0.177934
v 0.017265 0.160523 0.175384
v 0.019275 0.161237 0.177934
v 0.017640 0.158915 0.175256
v 0.019789 0.158842 0.177934
v 0.015491 0.159115 0.177934
v 0.017640 0.158915 0.180612
v 0.015246 0.160135 0.177934
v 0.017265 0.160523 0.180484
v 0.014782 0.161809 0.177934
v 0.016546 0.162623 0.180224
v 0.014052 0.163723 0.177934
v 0.015515 0.164575 0.179925
v 0.013046 0.165512 0.177934
v 0.014242 0.166387 0.179682
v 0.011767 0.167136 0.177934
v 0.012708 0.168011 0.179379
v 0.010333 0.168606 0.177934
v 0.011094 0.169521 0.179337
v 0.009233 0.168195 0.176731
v 0.009885 0.168979 0.177934
v 0.010615 0.166901 0.176696
v 0.011376 0.167625 0.177934
v 0.011930 0.165509 0.176436
v 0.012943 0.166252 0.177934
v 0.013020 0.163957 0.176228
v 0.014246 0.164672 0.177934
v 0.013904 0.162284 0.175972
v 0.015392 0.162968 0.177934
v 0.014520 0.160485 0.175749
v 0.016242 0.161097 0.177934
v 0.014841 0.159108 0.175639
v 0.016682 0.159045 0.177934
v 0.013000 0.159279 0.177934
v 0.014841 0.159108 0.180229
v 0.012790 0.160153 0.177934
v 0.014520 0.160485 0.180119
v 0.012392 0.161587 0.177934
v 0.013904 0.162284 0.179896
v 0.011767 0.163227 0.177934
v 0.013020 0.163957 0.179640
v 0.010905 0.164760 0.177934
v 0.011930 0.165509 0.179431
v 0.009809 0.166151 0.177934
v 0.010615 0.166901 0.179172
v 0.008581 0.167411 0.177934
v 0.009233 0.168195 0.179137
v -0.000000 0.167145 0.181917
v -0.000000 0.167145 0.173951
v -0.002147 0.164283 0.181917
v -0.002147 0.164283 0.173951
v 0.002146 0.164283 0.181917
v 0.002146 0.164283 0.173951
v 0.001609 0.164283 0.173158
v -0.000000 0.166430 0.173158
v 0.001073 0.164283 0.173951
v -0.000000 0.165714 0.173951
v -0.000000 0.164283 0.172355
v -0.000000 0.162852 0.173951
v -0.001074 0.164283 0.173951
v -0.000000 0.162137 0.173158
v -0.001610 0.164283 0.173158
v 0.001609 0.164283 0.182710
v -0.000000 0.166430 0.182710
v 0.001073 0.164283 0.181917
v -0.000000 0.165714 0.181917
v -0.000000 0.164283 0.183513
v -0.000000 0.162852 0.181917
v -0.001074 0.164283 0.181917
v -0.000000 0.162137 0.182710
v -0.001610 0.164283 0.182710
v 0.000402 0.161958 0.181917
v 0.000402 0.161958 0.173951
v -0.000403 0.161958 0.181917
v -0.000403 0.161958 0.173951
v -0.000000 0.161958 0.182511
v -0.000000 0.161958 0.173357
v -0.000403 0.160167 0.181917
v -0.000000 0.159630 0.181917
v -0.000403 0.160167 0.173951
v -0.000000 0.159630 0.173951
v -0.000000 0.160167 0.173357
v 0.000402 0.160167 0.173951
v -0.000000 0.160167 0.182511
v 0.000402 0.160167 0.181917
v -0.007775 0.166862 0.178939
v -0.008320 0.167517 0.177934
v -0.008930 0.165781 0.178968
v -0.009565 0.166386 0.177934
v -0.010028 0.164618 0.179185
v -0.010875 0.165239 0.177934
v -0.010939 0.163321 0.179360
v -0.011963 0.163918 0.177934
v -0.011678 0.161923 0.179573
v -0.012921 0.162494 0.177934
v -0.012193 0.160420 0.179760
v -0.013631 0.160932 0.177934
v -0.012461 0.159269 0.179851
v -0.013999 0.159217 0.177934
v -0.010923 0.159412 0.177934
v -0.012461 0.159269 0.176016
v -0.010747 0.160143 0.177934
v -0.012193 0.160420 0.176108
v -0.010415 0.161341 0.177934
v -0.011678 0.161923 0.176295
v -0.009893 0.162711 0.177934
v -0.010939 0.163321 0.176508
v -0.009172 0.163992 0.177934
v -0.010028 0.164618 0.176683
v -0.008256 0.165155 0.177934
v -0.008930 0.165781 0.176900
v -0.007230 0.166207 0.177934
v -0.007775 0.166862 0.176929
v -0.011095 0.169520 0.179337
v -0.011856 0.170434 0.177934
v -0.012709 0.168010 0.179379
v -0.013596 0.168854 0.177934
v -0.014243 0.166385 0.179682
v -0.015425 0.167252 0.177934
v -0.015515 0.164574 0.179925
v -0.016946 0.165407 0.177934
v -0.016546 0.162621 0.180224
v -0.018283 0.163419 0.177934
v -0.017266 0.160522 0.180484
v -0.019275 0.161236 0.177934
v -0.017641 0.158914 0.180612
v -0.019789 0.158841 0.177934
v -0.015492 0.159113 0.177934
v -0.017641 0.158914 0.175256
v -0.015247 0.160134 0.177934
v -0.017266 0.160522 0.175384
v -0.014782 0.161808 0.177934
v -0.016546 0.162621 0.175644
v -0.014053 0.163721 0.177934
v -0.015515 0.164574 0.175943
v -0.013046 0.165510 0.177934
v -0.014243 0.166385 0.176186
v -0.011768 0.167135 0.177934
v -0.012709 0.168010 0.176489
v -0.010334 0.168605 0.177934
v -0.011095 0.169520 0.176530
v -0.009233 0.168194 0.179137
v -0.009885 0.168978 0.177934
v -0.010616 0.166900 0.179172
v -0.011376 0.167624 0.177934
v -0.011930 0.165508 0.179431
v -0.012944 0.166251 0.177934
v -0.013021 0.163956 0.179640
v -0.014246 0.164670 0.177934
v -0.013904 0.162283 0.179896
v -0.015392 0.162966 0.177934
v -0.014521 0.160484 0.180119
v -0.016242 0.161096 0.177934
v -0.014842 0.159106 0.180229
v -0.016683 0.159044 0.177934
v -0.013001 0.159277 0.177934
v -0.014842 0.159106 0.175639
v -0.012790 0.160152 0.177934
v -0.014521 0.160484 0.175749
v -0.012393 0.161586 0.177934
v -0.013904 0.162283 0.175972
v -0.011768 0.163226 0.177934
v -0.013021 0.163956 0.176228
v -0.010905 0.164758 0.177934
v -0.011930 0.165508 0.176436
v -0.009810 0.166150 0.177934
v -0.010616 0.166900 0.176696
v -0.008581 0.167410 0.177934
v -0.009233 0.168194 0.176731
v 0.003619 0.165377 0.180828
v -0.003620 0.165377 0.180828
v 0.003619 0.165377 0.175040
v -0.003620 0.165377 0.175040
v -0.005665 0.165377 0.177934
v 0.005664 0.165377 0.177934
v 0.003619 0.157717 0.180828
v -0.003620 0.157717 0.180828
v -0.003620 0.157717 0.175040
v 0.003619 0.157717 0.175040
v -0.000000 0.160525 0.180828
v -0.000000 0.160525 0.175040
v 0.004130 0.157191 0.175763
v -0.004131 0.157191 0.175763
v 0.004130 0.157191 0.180105
v -0.004131 0.157191 0.180105
v 0.005664 0.157191 0.177934
v -0.005665 0.157191 0.177934
v 0.004451 0.157191 0.175763
v 0.005985 0.157191 0.177934
v 0.005985 0.155284 0.177934
v 0.004451 0.155285 0.175763
v 0.004451 0.157191 0.180105
v 0.004451 0.155285 0.180105
v -0.004452 0.157191 0.175763
v -0.005986 0.157191 0.177934
v -0.004452 0.155285 0.175763
v -0.005986 0.155284 0.177934
v -0.004452 0.157191 0.180105
v -0.004452 0.155285 0.180105
v 0.003841 0.157191 0.175763
v 0.003841 0.155285 0.175763
v 0.003841 0.155285 0.180105
v 0.003841 0.157191 0.180105
v -0.003842 0.157191 0.175763
v -0.003842 0.155285 0.175763
v -0.003842 0.157191 0.180105
v -0.003842 0.155285 0.180105
v 0.003607 0.165377 0.180566
v -0.003608 0.165377 0.180566
v 0.003607 0.057001 0.180566
v -0.003608 0.057001 0.180566
v 0.003607 0.057001 0.175302
v -0.003608 0.057001 0.175302
v 0.003607 0.165377 0.175302
v -0.003608 0.165377 0.175302
v 0.007245 0.057001 0.177934
v -0.007245 0.057001 0.177934
v -0.005429 0.165377 0.177934
v 0.005429 0.165377 0.177934
v -0.000000 0.049791 0.180566
v -0.000000 0.043876 0.177934
v -0.000000 0.049791 0.175302
v 0.002749 0.053241 0.175302
v -0.002750 0.053241 0.175302
v -0.002750 0.053241 0.180566
v 0.002749 0.053241 0.180566
v -0.005001 0.049965 0.177934
v 0.005000 0.049965 0.177934
v 0.003607 0.131492 0.180566
v 0.007245 0.131492 0.177934
v 0.003607 0.131492 0.175302
v -0.003608 0.131492 0.180566
v -0.007245 0.131492 0.177934
v -0.003608 0.131492 0.175302
v 0.009451 0.135094 0.177934
v -0.009452 0.135094 0.177934
v 0.009451 0.142378 0.177934
v -0.009452 0.142378 0.177934
v 0.003607 0.145968 0.180566
v 0.005429 0.145994 0.177934
v 0.003607 0.145968 0.175302
v -0.003608 0.145968 0.180566
v -0.005429 0.145994 0.177934
v -0.003608 0.145968 0.175302
v 0.003607 0.135142 0.175302
v -0.003608 0.135142 0.175302
v -0.003608 0.135094 0.180566
v 0.003607 0.135094 0.180566
v -0.003608 0.142359 0.175302
v 0.003607 0.142359 0.175302
v 0.003607 0.142378 0.180566
v -0.003608 0.142378 0.180566
v -0.000000 0.165377 0.177934
v -0.000000 0.057001 0.180566
v -0.000000 0.057001 0.175302
v -0.000000 0.165377 0.177934
v 0.006529 0.135094 0.175321
v 0.006529 0.142378 0.175321
v -0.006530 0.135094 0.175321
v -0.006530 0.142378 0.175321
v -0.006530 0.142378 0.180547
v -0.006530 0.135094 0.180547
v 0.006529 0.135094 0.180547
v 0.006529 0.142378 0.180547
v -0.002376 0.187991 0.174822
v -0.002244 0.188701 0.174998
v -0.002376 0.189411 0.174822
v -0.001098 0.187991 0.173951
v -0.001038 0.188701 0.174177
v -0.001098 0.189411 0.173951
v 0.000371 0.187991 0.173769
v 0.000347 0.188701 0.174005
v 0.000371 0.189411 0.173769
v 0.001775 0.187991 0.174307
v 0.001672 0.188701 0.174513
v 0.001775 0.189411 0.174307
v 0.002872 0.187991 0.175472
v 0.002707 0.188701 0.175612
v 0.002872 0.189411 0.175472
v 0.003472 0.187991 0.177063
v 0.003273 0.188701 0.177113
v 0.003472 0.189411 0.177063
v 0.003472 0.187991 0.178805
v 0.003273 0.188701 0.178755
v 0.003472 0.189411 0.178805
v 0.002872 0.187991 0.180396
v 0.002707 0.188701 0.180256
v 0.002872 0.189411 0.180396
v 0.001775 0.187991 0.181561
v 0.001672 0.188701 0.181355
v 0.001775 0.189411 0.181561
v 0.000371 0.187991 0.182099
v 0.000347 0.188701 0.181863
v 0.000371 0.189411 0.182099
v -0.001098 0.187991 0.181917
v -0.001038 0.188701 0.181691
v -0.001098 0.189411 0.181917
v -0.002376 0.187991 0.181046
v -0.002244 0.188701 0.180870
v -0.002376 0.189411 0.181046
v -0.003244 0.187991 0.179637
v -0.003062 0.188701 0.179541
v -0.003244 0.189411 0.179637
v -0.003551 0.187991 0.177934
v -0.003352 0.188701 0.177934
v -0.003551 0.189411 0.177934
v -0.003244 0.187991 0.176231
v -0.003062 0.188701 0.176327
v -0.003244 0.189411 0.176231
v -0.002376 0.182312 0.174822
v -0.002244 0.183022 0.174998
v -0.002376 0.183732 0.174822
v -0.003244 0.182312 0.176231
v -0.003062 0.183022 0.176327
v -0.003244 0.183732 0.176231
v -0.003551 0.182312 0.177934
v -0.003352 0.183022 0.177934
v -0.003551 0.183732 0.177934
v -0.003244 0.182312 0.179637
v -0.003062 0.183022 0.179541
v -0.003244 0.183732 0.179637
v -0.002376 0.182312 0.181046
v -0.002244 0.183022 0.180870
v -0.002376 0.183732 0.181046
v -0.001098 0.182312 0.181917
v -0.001038 0.183022 0.181691
v -0.001098 0.183732 0.181917
v 0.000371 0.182312 0.182099
v 0.000347 0.183022 0.181863
v 0.000371 0.183732 0.182099
v 0.001775 0.182312 0.181561
v 0.001672 0.183022 0.181355
v 0.001775 0.183732 0.181561
v 0.002872 0.182312 0.180396
v 0.002707 0.183022 0.180256
v 0.002872 0.183732 0.180396
v 0.003472 0.182312 0.178805
v 0.003273 0.183022 0.178755
v 0.003472 0.183732 0.178805
v 0.003472 0.182312 0.177063
v 0.003273 0.183022 0.177113
v 0.003472 0.183732 0.177063
v 0.002872 0.182312 0.175472
v 0.002707 0.183022 0.175612
v 0.002872 0.183732 0.175472
v 0.001775 0.182312 0.174307
v 0.001672 0.183022 0.174513
v 0.001775 0.183732 0.174307
v 0.000371 0.182312 0.173769
v 0.000347 0.183022 0.174005
v 0.000371 0.183732 0.173769
v -0.001098 0.182312 0.173951
v -0.001038 0.183022 0.174177
v -0.001098 0.183732 0.173951
v -0.002376 0.193671 0.174822
v -0.002244 0.194381 0.174998
v -0.002376 0.195091 0.174822
v -0.001098 0.193671 0.173951
v -0.001038 0.194381 0.174177
v -0.001098 0.195091 0.173951
v 0.000371 0.193671 0.173769
v 0.000347 0.194381 0.174005
v 0.000371 0.195091 0.173769
v 0.001775 0.193671 0.174307
v 0.001672 0.194381 0.174513
v 0.001775 0.195091 0.174307
v 0.002872 0.193671 0.175472
v 0.002707 0.194381 0.175612
v 0.002872 0.195091 0.175472
v 0.003472 0.193671 0.177063
v 0.003273 0.194381 0.177113
v 0.003472 0.195091 0.177063
v 0.003472 0.193671 0.178805
v 0.003273 0.194381 0.178755
v 0.003472 0.195091 0.178805
v 0.002872 0.193671 0.180396
v 0.002707 0.194381 0.180256
v 0.002872 0.195091 0.180396
v 0.001775 0.193671 0.181561
v 0.001672 0.194381 0.181355
v 0.001775 0.195091 0.181561
v 0.000371 0.193671 0.182099
v 0.000347 0.194381 0.181863
v 0.000371 0.195091 0.182099
v -0.001098 0.193671 0.181917
v -0.001038 0.194381 0.181691
v -0.001098 0.195091 0.181917
v -0.002376 0.193671 0.181046
v -0.002244 0.194381 0.180870
v -0.002376 0.195091 0.181046
v -0.003244 0.193671 0.179637
v -0.003062 0.194381 0.179541
v -0.003244 0.195091 0.179637
v -0.003551 0.193671 0.177934
v -0.003352 0.194381 0.177934
v -0.003551 0.195091 0.177934
v -0.003244 0.193671 0.176231
v -0.003062 0.194381 0.176327
v -0.003244 0.195091 0.176231
v -0.002376 0.197930 0.174822
v -0.002244 0.197221 0.174998
v -0.002376 0.196511 0.174822
v -0.001098 0.196511 0.173951
v -0.001038 0.197221 0.174177
v -0.001098 0.197930 0.173951
v 0.000371 0.196511 0.173769
v 0.000347 0.197221 0.174005
v 0.000371 0.197930 0.173769
v 0.001775 0.196511 0.174307
v 0.001672 0.197221 0.174513
v 0.001775 0.197930 0.174307
v 0.002872 0.196511 0.175472
v 0.002707 0.197221 0.175612
v 0.002872 0.197930 0.175472
v 0.003472 0.196511 0.177063
v 0.003273 0.197221 0.177113
v 0.003472 0.197930 0.177063
v 0.003472 0.196511 0.178805
v 0.003273 0.197221 0.178755
v 0.003472 0.197930 0.178805
v 0.002872 0.196511 0.180396
v 0.002707 0.197221 0.180256
v 0.002872 0.197930 0.180396
v 0.001775 0.196511 0.181561
v 0.001672 0.197221 0.181355
v 0.001775 0.197930 0.181561
v 0.000371 0.196511 0.182099
v 0.000347 0.197221 0.181863
v 0.000371 0.197930 0.182099
v -0.001098 0.196511 0.181917
v -0.001038 0.197221 0.181691
v -0.001098 0.197930 0.181917
v -0.002376 0.196511 0.181046
v -0.002244 0.197221 0.180870
v -0.002376 0.197930 0.181046
v -0.003244 0.196511 0.179637
v -0.003062 0.197221 0.179541
v -0.003244 0.197930 0.179637
v -0.003551 0.196511 0.177934
v -0.003352 0.197221 0.177934
v -0.003551 0.197930 0.177934
v -0.003244 0.196511 0.176231
v -0.003062 0.197221 0.176327
v -0.003244 0.197930 0.176231
v -0.002376 0.190831 0.174822
v -0.002244 0.191541 0.174998
v -0.002376 0.192251 0.174822
v -0.003244 0.192251 0.176231
v -0.003062 0.191541 0.176327
v -0.003244 0.190831 0.176231
v -0.003551 0.192251 0.177934
v -0.003352 0.191541 0.177934
v -0.003551 0.190831 0.177934
v -0.003244 0.192251 0.179637
v -0.003062 0.191541 0.179541
v -0.003244 0.190831 0.179637
v -0.002376 0.192251 0.181046
v -0.002244 0.191541 0.180870
v -0.002376 0.190831 0.181046
v -0.001098 0.192251 0.181917
v -0.001038 0.191541 0.181691
v -0.001098 0.190831 0.181917
v 0.000371 0.192251 0.182099
v 0.000347 0.191541 0.181863
v 0.000371 0.190831 0.182099
v 0.001775 0.192251 0.181561
v 0.001672 0.191541 0.181355
v 0.001775 0.190831 0.181561
v 0.002872 0.192251 0.180396
v 0.002707 0.191541 0.180256
v 0.002872 0.190831 0.180396
v 0.003472 0.192251 0.178805
v 0.003273 0.191541 0.178755
v 0.003472 0.190831 0.178805
v 0.003472 0.192251 0.177063
v 0.003273 0.191541 0.177113
v 0.003472 0.190831 0.177063
v 0.002872 0.192251 0.175472
v 0.002707 0.191541 0.175612
v 0.002872 0.190831 0.175472
v 0.001775 0.192251 0.174307
v 0.001672 0.191541 0.174513
v 0.001775 0.190831 0.174307
v 0.000371 0.192251 0.173769
v 0.000347 0.191541 0.174005
v 0.000371 0.190831 0.173769
v -0.001098 0.192251 0.173951
v -0.001038 0.191541 0.174177
v -0.001098 0.190831 0.173951
v -0.002376 0.186571 0.174822
v -0.002244 0.185861 0.174998
v -0.002376 0.185152 0.174822
v -0.001098 0.185152 0.173951
v -0.001038 0.185861 0.174177
v -0.001098 0.186571 0.173951
v 0.000371 0.185152 0.173769
v 0.000347 0.185861 0.174005
v 0.000371 0.186571 0.173769
v 0.001775 0.185152 0.174307
v 0.001672 0.185861 0.174513
v 0.001775 0.186571 0.174307
v 0.002872 0.185152 0.175472
v 0.002707 0.185861 0.175612
v 0.002872 0.186571 0.175472
v 0.003472 0.185152 0.177063
v 0.003273 0.185861 0.177113
v 0.003472 0.186571 0.177063
v 0.003472 0.185152 0.178805
v 0.003273 0.185861 0.178755
v 0.003472 0.186571 0.178805
v 0.002872 0.185152 0.180396
v 0.002707 0.185861 0.180256
v 0.002872 0.186571 0.180396
v 0.001775 0.185152 0.181561
v 0.001672 0.185861 0.181355
v 0.001775 0.186571 0.181561
v 0.000371 0.185152 0.182099
v 0.000347 0.185861 0.181863
v 0.000371 0.186571 0.182099
v -0.001098 0.185152 0.181917
v -0.001038 0.185861 0.181691
v -0.001098 0.186571 0.181917
v -0.002376 0.185152 0.181046
v -0.002244 0.185861 0.180870
v -0.002376 0.186571 0.181046
v -0.003244 0.185152 0.179637
v -0.003062 0.185861 0.179541
v -0.003244 0.186571 0.179637
v -0.003551 0.185152 0.177934
v -0.003352 0.185861 0.177934
v -0.003551 0.186571 0.177934
v -0.003244 0.185152 0.176231
v -0.003062 0.185861 0.176327
v -0.003244 0.186571 0.176231
v -0.002376 0.179472 0.174822
v -0.002244 0.180182 0.174998
v -0.002376 0.180892 0.174822
v -0.003244 0.180892 0.176231
v -0.003062 0.180182 0.176327
v -0.003244 0.179472 0.176231
v -0.003551 0.180892 0.177934
v -0.003352 0.180182 0.177934
v -0.003551 0.179472 0.177934
v -0.003244 0.180892 0.179637
v -0.003062 0.180182 0.179541
v -0.003244 0.179472 0.179637
v -0.002376 0.180892 0.181046
v -0.002244 0.180182 0.180870
v -0.002376 0.179472 0.181046
v -0.001098 0.180892 0.181917
v -0.001038 0.180182 0.181691
v -0.001098 0.179472 0.181917
v 0.000371 0.180892 0.182099
v 0.000347 0.180182 0.181863
v 0.000371 0.179472 0.182099
v 0.001775 0.180892 0.181561
v 0.001672 0.180182 0.181355
v 0.001775 0.179472 0.181561
v 0.002872 0.180892 0.180396
v 0.002707 0.180182 0.180256
v 0.002872 0.179472 0.180396
v 0.003472 0.180892 0.178805
v 0.003273 0.180182 0.178755
v 0.003472 0.179472 0.178805
v 0.003472 0.180892 0.177063
v 0.003273 0.180182 0.177113
v 0.003472 0.179472 0.177063
v 0.002872 0.180892 0.175472
v 0.002707 0.180182 0.175612
v 0.002872 0.179472 0.175472
v 0.001775 0.180892 0.174307
v 0.001672 0.180182 0.174513
v 0.001775 0.179472 0.174307
v 0.000371 0.180892 0.173769
v 0.000347 0.180182 0.174005
v 0.000371 0.179472 0.173769
v -0.001098 0.180892 0.173951
v -0.001038 0.180182 0.174177
v -0.001098 0.179472 0.173951
vn -0.8309 0.2662 -0.4886
vn 0.8309 0.2662 -0.4886
vn 0.6077 0.2807 -0.7429
vn 0.6077 0.2807 0.7429
vn 0.8309 0.2662 0.4886
vn -0.8309 0.2662 0.4886
vn -0.6077 0.2807 0.7429
vn -0.6077 0.2807 -0.7429
vn -0.0000 1.0000 -0.0000
vn -0.0000 -1.0000 -0.0000
vn -0.6740 -0.6110 -0.4152
vn -0.4340 -0.6367 -0.6374
vn -0.0931 -0.6535 -0.7512
vn 0.2728 -0.6474 -0.7117
vn 0.5691 -0.6237 -0.5358
vn 0.7481 -0.6006 -0.2824
vn 0.8064 -0.5914 -0.0000
vn 0.7481 -0.6006 0.2824
vn 0.5691 -0.6237 0.5358
vn 0.2728 -0.6474 0.7117
vn -0.0931 -0.6535 0.7512
vn -0.4340 -0.6367 0.6374
vn -0.6740 -0.6110 0.4152
vn -0.7919 -0.5938 0.1427
vn -0.7919 -0.5938 -0.1427
vn -0.8514 -0.0000 -0.5245
vn -0.5629 -0.0000 -0.8265
vn -0.1230 -0.0000 -0.9924
vn 0.3579 -0.0000 -0.9338
vn 0.7281 -0.0000 -0.6855
vn 0.9356 -0.0000 -0.3531
vn 1.0000 -0.0000 -0.0000
vn 0.9356 -0.0000 0.3531
vn 0.7281 -0.0000 0.6855
vn 0.3579 -0.0000 0.9338
vn -0.1230 -0.0000 0.9924
vn -0.5629 -0.0000 0.8265
vn -0.8514 -0.0000 0.5245
vn -0.9841 -0.0000 0.1773
vn -0.9841 -0.0000 -0.1773
vn -0.3366 0.9185 -0.2074
vn -0.2101 0.9277 -0.3086
vn -0.0442 0.9333 -0.3565
vn 0.1304 0.9313 -0.3402
vn 0.2798 0.9232 -0.2635
vn 0.3785 0.9145 -0.1429
vn 0.4126 0.9109 -0.0000
vn 0.3785 0.9145 0.1429
vn 0.2798 0.9232 0.2635
vn 0.1304 0.9313 0.3402
vn -0.0442 0.9333 0.3565
vn -0.2101 0.9277 0.3086
vn -0.3366 0.9185 0.2074
vn -0.4040 0.9118 0.0728
vn -0.4040 0.9118 -0.0728
vn -0.8091 -0.3114 -0.4984
vn -0.5310 -0.3318 -0.7797
vn -0.1154 -0.3465 -0.9309
vn 0.3362 -0.3430 -0.8771
vn 0.6884 -0.3256 -0.6482
vn 0.8897 -0.3091 -0.3358
vn 0.9531 -0.3028 -0.0000
vn 0.8897 -0.3091 0.3358
vn 0.6884 -0.3256 0.6482
vn 0.3362 -0.3430 0.8771
vn -0.1154 -0.3465 0.9309
vn -0.5310 -0.3318 0.7797
vn -0.8091 -0.3114 0.4984
vn -0.9393 -0.2984 0.1693
vn -0.9393 -0.2984 -0.1693
vn -0.0000 -0.0000 1.0000
vn -0.0000 -0.0000 -0.0000
vn -0.8107 0.3057 -0.4993
vn -0.5322 0.3258 -0.7814
vn -0.1157 0.3403 -0.9332
vn 0.3370 0.3369 -0.8792
vn 0.6898 0.3198 -0.6495
vn 0.8914 0.3035 -0.3365
vn 0.9548 0.2972 -0.0000
vn 0.8914 0.3035 0.3365
vn 0.6898 0.3198 0.6495
vn 0.3370 0.3369 0.8792
vn -0.1157 0.3403 0.9332
vn -0.5322 0.3258 0.7814
vn -0.8107 0.3057 0.4993
vn -0.9410 0.2929 0.1696
vn -0.9410 0.2929 -0.1696
vn 0.4397 0.5211 -0.7315
vn -0.6507 -0.3830 -0.6557
vn 0.5593 0.6902 -0.4592
vn 0.5593 0.6902 0.4592
vn -0.6507 -0.3830 0.6557
vn 0.4397 0.5211 0.7315
vn -0.7984 -0.5307 0.2844
vn -0.7984 -0.5307 -0.2844
vn 0.2932 0.5388 -0.7897
vn -0.3671 -0.5077 -0.7794
vn 0.4417 0.7315 -0.5194
vn 0.4417 0.7315 0.5194
vn -0.3671 -0.5077 0.7794
vn 0.2932 0.5388 0.7898
vn -0.5367 -0.7461 0.3940
vn -0.5367 -0.7461 -0.3940
vn 0.0851 0.6016 -0.7942
vn -0.1864 -0.5426 -0.8190
vn 0.1544 0.8257 -0.5426
vn 0.1544 0.8257 0.5426
vn -0.1864 -0.5426 0.8190
vn 0.0851 0.6016 0.7942
vn -0.2587 -0.8253 0.5019
vn -0.2587 -0.8253 -0.5019
vn -0.0000 0.6330 -0.7741
vn -0.0000 -0.5203 -0.8540
vn -0.0000 0.8662 -0.4997
vn -0.0000 0.8662 0.4997
vn -0.0000 -0.5203 0.8540
vn -0.0000 0.6330 0.7741
vn -0.0000 -0.8513 0.5247
vn -0.0000 -0.8513 -0.5247
vn -0.0851 0.6016 -0.7942
vn 0.1864 -0.5426 -0.8190
vn -0.1544 0.8257 -0.5426
vn -0.1544 0.8257 0.5426
vn 0.1864 -0.5426 0.8190
vn -0.0851 0.6016 0.7942
vn 0.2587 -0.8253 0.5019
vn 0.2587 -0.8253 -0.5019
vn -0.2932 0.5388 -0.7897
vn 0.3671 -0.5077 -0.7794
vn -0.4417 0.7315 -0.5194
vn -0.4417 0.7315 0.5194
vn 0.3671 -0.5077 0.7794
vn -0.2932 0.5388 0.7898
vn 0.5367 -0.7461 0.3940
vn 0.5367 -0.7461 -0.3940
vn -0.4397 0.5211 -0.7315
vn 0.6507 -0.3830 -0.6557
vn -0.5593 0.6902 -0.4592
vn -0.5593 0.6902 0.4592
vn 0.6507 -0.3830 0.6557
vn -0.4397 0.5211 0.7315
vn 0.7984 -0.5307 0.2844
vn 0.7984 -0.5307 -0.2844
vn -1.0000 -0.0000 -0.0000
vn 0.5130 0.5653 -0.6460
vn 0.5022 0.5834 -0.6383
vn 0.5910 0.4940 -0.6377
vn 0.6385 0.4320 -0.6369
vn 0.6990 0.3183 -0.6404
vn 0.7573 0.1882 -0.6254
vn -0.0634 -0.9980 -0.0000
vn -0.7702 -0.1515 0.6195
vn -0.7497 -0.1915 0.6335
vn -0.7133 -0.2750 0.6446
vn -0.6639 -0.3766 0.6460
vn -0.6010 -0.4593 0.6541
vn -0.5328 -0.5357 0.6551
vn -0.7687 0.6396 -0.0000
vn 0.5130 0.5653 0.6460
vn 0.5022 0.5834 0.6383
vn 0.5910 0.4940 0.6377
vn 0.6385 0.4320 0.6369
vn 0.6990 0.3183 0.6404
vn 0.7573 0.1882 0.6254
vn -0.5328 -0.5357 -0.6551
vn -0.6010 -0.4593 -0.6541
vn -0.6639 -0.3766 -0.6460
vn -0.7133 -0.2750 -0.6446
vn -0.7497 -0.1915 -0.6335
vn -0.7702 -0.1515 -0.6195
vn 0.5129 0.5653 -0.6460
vn 0.6385 0.4320 -0.6370
vn 0.5129 0.5653 0.6460
vn 0.6385 0.4320 0.6370
vn -0.8000 0.6000 -0.0000
vn -0.8000 -0.6000 -0.0000
vn 0.8000 -0.6000 -0.0000
vn 0.8000 0.6000 -0.0000
vn 0.7035 -0.5276 -0.4761
vn 0.7035 0.5276 -0.4761
vn -0.7035 0.5276 -0.4761
vn -0.7035 -0.5276 -0.4761
vn 0.7046 0.5284 -0.4736
vn 0.7046 -0.5284 -0.4736
vn -0.7046 -0.5284 -0.4736
vn 0.7035 0.5276 0.4761
vn -0.7035 -0.5276 0.4761
vn 0.7046 0.5284 0.4736
vn -0.7046 0.5284 0.4736
vn -0.7046 -0.5284 0.4736
vn -0.7035 0.5276 0.4761
vn 0.7035 -0.5276 0.4761
vn -0.7046 0.5284 -0.4736
vn 0.7046 -0.5284 0.4736
vn 0.8282 -0.0000 -0.5605
vn -0.8282 -0.0000 0.5605
vn 0.8282 -0.0000 0.5605
vn -0.8282 -0.0000 -0.5605
vn -0.5129 0.5653 0.6460
vn -0.5022 0.5834 0.6383
vn -0.5910 0.4940 0.6377
vn -0.6385 0.4320 0.6370
vn -0.6990 0.3183 0.6404
vn -0.7573 0.1882 0.6254
vn 0.0634 -0.9980 -0.0000
vn 0.7702 -0.1515 -0.6195
vn 0.7497 -0.1915 -0.6335
vn 0.7133 -0.2750 -0.6446
vn 0.6639 -0.3766 -0.6460
vn 0.6010 -0.4593 -0.6541
vn 0.5328 -0.5357 -0.6551
vn 0.7687 0.6396 -0.0000
vn -0.5129 0.5653 -0.6460
vn -0.5022 0.5834 -0.6383
vn -0.5910 0.4940 -0.6377
vn -0.6385 0.4320 -0.6370
vn -0.6990 0.3183 -0.6404
vn -0.7573 0.1882 -0.6254
vn 0.5328 -0.5357 0.6551
vn 0.6010 -0.4593 0.6541
vn 0.6639 -0.3766 0.6460
vn 0.7133 -0.2750 0.6446
vn 0.7497 -0.1915 0.6335
vn 0.7702 -0.1515 0.6195
vn 0.0633 -0.9980 -0.0000
vn -0.5130 0.5653 0.6460
vn -0.5130 0.5653 -0.6460
vn -0.8167 -0.0000 0.5770
vn -0.8167 -0.0000 -0.5770
vn -0.0000 -0.0000 -1.0000
vn 0.8167 -0.0000 -0.5770
vn 0.8167 -0.0000 0.5770
vn -0.0000 1.0000 0.0003
vn -0.0000 1.0000 -0.0003
vn 0.0003 -1.0000 -0.0000
vn -0.6130 -0.7901 -0.0000
vn 0.6130 -0.7901 -0.0000
vn -0.7167 -0.6973 -0.0000
vn 0.7167 -0.6973 -0.0000
vn -0.0003 -1.0000 -0.0000
vn 0.4442 -0.3609 -0.8200
vn -0.5862 -0.0000 -0.8102
vn 0.8223 -0.0000 -0.5691
vn 0.6013 -0.1728 0.7801
vn -0.5862 -0.0000 0.8102
vn 0.8223 -0.0000 0.5691
vn -0.4442 -0.3609 0.8200
vn -0.6013 -0.1728 -0.7801
vn -0.6013 -0.1728 0.7801
vn 0.4442 -0.3609 0.8200
vn 0.6013 -0.1728 -0.7801
vn -0.4442 -0.3609 -0.8200
vn 0.5862 -0.0000 0.8102
vn 0.5862 -0.0000 -0.8102
vn 0.0064 -0.0000 1.0000
vn 0.5711 -0.4048 -0.7142
vn -0.0064 -0.0000 1.0000
vn 0.6666 -0.0000 -0.7454
vn 0.6029 0.5797 -0.5482
vn -0.8223 -0.0000 0.5691
vn -0.8223 -0.0000 -0.5691
vn -0.0064 -0.0000 -1.0000
vn -0.0000 -1.0000 0.0003
vn -0.0000 -1.0000 -0.0003
vn 0.0064 -0.0000 -1.0000
vn -0.5711 -0.4048 -0.7142
vn -0.6666 -0.0000 -0.7454
vn -0.6029 0.5797 -0.5482
vn -0.6029 0.5797 0.5482
vn -0.6666 -0.0000 0.7454
vn -0.5711 -0.4048 0.7142
vn 0.5711 -0.4048 0.7142
vn 0.6666 -0.0000 0.7454
vn 0.6029 0.5797 0.5482
vn -0.5375 0.2967 -0.7893
vn -0.5375 -0.2967 -0.7893
vn -0.8179 -0.2780 -0.5038
vn -0.8179 0.2780 -0.5038
vn -0.1170 0.3102 -0.9435
vn -0.1170 -0.3102 -0.9435
vn 0.3406 0.3069 -0.8887
vn 0.3406 -0.3069 -0.8887
vn 0.6965 0.2910 -0.6558
vn 0.6965 -0.2910 -0.6558
vn 0.8992 0.2759 -0.3394
vn 0.8992 -0.2759 -0.3394
vn 0.9628 0.2702 -0.0000
vn 0.9628 -0.2702 -0.0000
vn 0.8992 0.2759 0.3394
vn 0.8992 -0.2759 0.3394
vn 0.6965 0.2910 0.6558
vn 0.6965 -0.2910 0.6558
vn 0.3406 0.3069 0.8887
vn 0.3406 -0.3069 0.8887
vn -0.1170 0.3102 0.9435
vn -0.1170 -0.3102 0.9435
vn -0.5375 0.2967 0.7893
vn -0.5375 -0.2967 0.7893
vn -0.8179 0.2780 0.5038
vn -0.8179 -0.2780 0.5038
vn -0.9486 0.2662 0.1709
vn -0.9486 -0.2662 0.1709
vn -0.9486 0.2662 -0.1709
vn -0.9486 -0.2662 -0.1709
vn -0.9486 -0.2662 -0.1710
vn -0.9486 0.2662 -0.1710
vn -0.9486 0.2662 0.1710
vn -0.1170 0.3101 0.9435
vn -0.1170 0.3101 -0.9435
vn -0.9486 -0.2662 0.1710
vn -0.1170 -0.3101 0.9435
vn -0.1170 -0.3101 -0.9435
vt 0.948425 0.404306
vt 0.942700 0.401944
vt 0.909638 0.353955
vt 0.914207 0.333698
vt 0.940534 0.409888
vt 0.893033 0.370517
vt 0.935034 0.415572
vt 0.885399 0.390376
vt 0.939334 0.422563
vt 0.869808 0.401119
vt 0.968773 0.408063
vt 0.965651 0.400509
vt 0.976704 0.346246
vt 0.994618 0.340009
vt 0.957760 0.401539
vt 0.956468 0.339963
vt 0.950094 0.398369
vt 0.933207 0.342028
vt 0.946056 0.414410
vt 0.958122 0.408706
vt 0.873356 0.358077
vt 0.958366 0.316621
vt 0.425788 0.383925
vt 0.408271 0.383618
vt 0.408971 0.330100
vt 0.427277 0.330636
vt 0.443350 0.384159
vt 0.445041 0.330990
vt 0.460922 0.384224
vt 0.462528 0.331131
vt 0.478489 0.384084
vt 0.479943 0.331059
vt 0.496048 0.383749
vt 0.497464 0.330792
vt 0.513597 0.383272
vt 0.515287 0.330369
vt 0.531123 0.382761
vt 0.533656 0.329861
vt 0.548590 0.382408
vt 0.552922 0.329409
vt 0.565899 0.382540
vt 0.573610 0.329305
vt 0.582809 0.383736
vt 0.596496 0.330216
vt 0.598715 0.387118
vt 0.622411 0.334122
vt 0.357116 0.384909
vt 0.341507 0.388092
vt 0.319129 0.333417
vt 0.345803 0.329597
vt 0.373733 0.383665
vt 0.368973 0.329064
vt 0.390872 0.383422
vt 0.389734 0.329483
vt 0.628563 0.459328
vt 0.619580 0.471693
vt 0.594986 0.444378
vt 0.606344 0.479334
vt 0.591144 0.480932
vt 0.576608 0.476209
vt 0.565251 0.465982
vt 0.559034 0.452020
vt 0.559034 0.436737
vt 0.565251 0.422775
vt 0.576608 0.412548
vt 0.591144 0.407825
vt 0.606344 0.409423
vt 0.619580 0.417064
vt 0.628563 0.429429
vt 0.631741 0.444378
vt 0.409302 0.311830
vt 0.427415 0.312240
vt 0.444970 0.312520
vt 0.462243 0.312635
vt 0.479443 0.312581
vt 0.496761 0.312370
vt 0.514401 0.312030
vt 0.532617 0.311618
vt 0.551756 0.311230
vt 0.572321 0.311020
vt 0.595079 0.311051
vt 0.621423 0.310265
vt 0.320610 0.309918
vt 0.346766 0.310961
vt 0.369672 0.311045
vt 0.390244 0.311374
vt 0.414086 0.277858
vt 0.430573 0.278033
vt 0.446869 0.278148
vt 0.463061 0.278189
vt 0.479228 0.278142
vt 0.495439 0.278000
vt 0.511759 0.277761
vt 0.528250 0.277412
vt 0.544946 0.276911
vt 0.561815 0.276106
vt 0.578618 0.274515
vt 0.594542 0.270758
vt 0.347362 0.273432
vt 0.363302 0.276266
vt 0.380313 0.277225
vt 0.397332 0.277620
vt 0.415774 0.268070
vt 0.431442 0.268244
vt 0.447102 0.268355
vt 0.462755 0.268398
vt 0.478407 0.268365
vt 0.494062 0.268249
vt 0.509720 0.268041
vt 0.525370 0.267724
vt 0.540975 0.267259
vt 0.556448 0.266537
vt 0.571659 0.265190
vt 0.586567 0.261631
vt 0.354340 0.263710
vt 0.369292 0.266417
vt 0.384556 0.267380
vt 0.400117 0.267815
vt 0.417365 0.260421
vt 0.432305 0.260636
vt 0.447405 0.260770
vt 0.462588 0.260827
vt 0.477793 0.260801
vt 0.492962 0.260686
vt 0.508034 0.260473
vt 0.522934 0.260145
vt 0.537560 0.259674
vt 0.551775 0.259024
vt 0.565407 0.258161
vt 0.578239 0.257163
vt 0.361758 0.258134
vt 0.374686 0.259006
vt 0.388397 0.259659
vt 0.402684 0.260110
vt 0.437447 0.062434
vt 0.423976 0.062005
vt 0.423513 0.056167
vt 0.437043 0.056605
vt 0.450938 0.062727
vt 0.450553 0.056888
vt 0.464437 0.062916
vt 0.464057 0.057060
vt 0.477946 0.063015
vt 0.477571 0.057148
vt 0.491468 0.063040
vt 0.491112 0.057180
vt 0.504940 0.063085
vt 0.504665 0.057288
vt 0.518472 0.062945
vt 0.518315 0.057111
vt 0.531999 0.062647
vt 0.532005 0.056796
vt 0.545524 0.062195
vt 0.545815 0.056358
vt 0.559104 0.061573
vt 0.559877 0.055737
vt 0.573157 0.060933
vt 0.574321 0.055066
vt 0.383383 0.059663
vt 0.369325 0.058971
vt 0.367762 0.052899
vt 0.382246 0.053684
vt 0.396919 0.060643
vt 0.396257 0.054693
vt 0.410486 0.061441
vt 0.409921 0.055565
vt 0.437755 0.067213
vt 0.424320 0.066805
vt 0.521065 0.463102
vt 0.543731 0.437929
vt 0.552010 0.449324
vt 0.451229 0.067515
vt 0.531533 0.430887
vt 0.464719 0.067719
vt 0.517525 0.429414
vt 0.478212 0.067831
vt 0.504129 0.433767
vt 0.491692 0.067868
vt 0.493662 0.443192
vt 0.505147 0.067853
vt 0.487933 0.456059
vt 0.518563 0.067746
vt 0.487933 0.470145
vt 0.531912 0.067475
vt 0.493662 0.483012
vt 0.545148 0.067032
vt 0.504129 0.492437
vt 0.558194 0.066403
vt 0.517525 0.496790
vt 0.570920 0.065526
vt 0.531533 0.495317
vt 0.384689 0.064645
vt 0.371998 0.063652
vt 0.543731 0.488274
vt 0.397714 0.065538
vt 0.552010 0.476879
vt 0.410954 0.066275
vt 0.554939 0.463102
vt 0.424582 0.036789
vt 0.438339 0.037065
vt 0.451907 0.037203
vt 0.465382 0.037256
vt 0.478813 0.037237
vt 0.492224 0.037124
vt 0.505572 0.036663
vt 0.518882 0.037240
vt 0.532682 0.037028
vt 0.546939 0.036774
vt 0.561955 0.036162
vt 0.578195 0.035081
vt 0.364758 0.031057
vt 0.380882 0.033492
vt 0.396037 0.035121
vt 0.410477 0.036314
vt 0.424355 0.031248
vt 0.438061 0.031457
vt 0.451602 0.031550
vt 0.465052 0.031567
vt 0.478458 0.031515
vt 0.491849 0.031366
vt 0.505309 0.030943
vt 0.518763 0.031478
vt 0.532414 0.031344
vt 0.546635 0.031212
vt 0.561690 0.030658
vt 0.578056 0.029160
vt 0.365341 0.024689
vt 0.381232 0.027864
vt 0.396140 0.029610
vt 0.410490 0.030709
vt 0.424355 0.031248
vt 0.438062 0.031457
vt 0.451603 0.031549
vt 0.465052 0.031566
vt 0.478457 0.031515
vt 0.491849 0.031365
vt 0.505309 0.030942
vt 0.518763 0.031478
vt 0.532413 0.031343
vt 0.546635 0.031211
vt 0.561691 0.030658
vt 0.578055 0.029159
vt 0.365342 0.024688
vt 0.381232 0.027863
vt 0.396140 0.029608
vt 0.410490 0.030708
vt 0.424981 0.011685
vt 0.438169 0.011816
vt 0.451444 0.011804
vt 0.464788 0.011735
vt 0.478205 0.011607
vt 0.491730 0.011375
vt 0.505446 0.011007
vt 0.519388 0.010881
vt 0.533196 0.011458
vt 0.546997 0.011598
vt 0.560958 0.011202
vt 0.575141 0.009486
vt 0.371233 0.004883
vt 0.385016 0.008223
vt 0.398560 0.010188
vt 0.411812 0.011312
vt 0.802695 0.221418
vt 0.803077 0.227629
vt 0.767433 0.205415
vt 0.766556 0.195825
vt 0.802503 0.235711
vt 0.766820 0.216645
vt 0.803473 0.253898
vt 0.766597 0.244091
vt 0.860478 0.179189
vt 0.842695 0.183191
vt 0.814855 0.154025
vt 0.841216 0.146424
vt 0.835030 0.185902
vt 0.804170 0.157558
vt 0.828920 0.187181
vt 0.794676 0.159222
vt 0.811184 0.200794
vt 0.775840 0.173851
vt 0.739045 0.191386
vt 0.741516 0.181222
vt 0.736406 0.201114
vt 0.729807 0.231531
vt 0.792027 0.128837
vt 0.819491 0.114659
vt 0.783366 0.133813
vt 0.774239 0.138745
vt 0.753526 0.156517
vt 0.715307 0.177059
vt 0.719699 0.168011
vt 0.709608 0.188345
vt 0.695989 0.216725
vt 0.773074 0.105911
vt 0.796406 0.086644
vt 0.763674 0.114264
vt 0.756129 0.120822
vt 0.735773 0.142360
vt 0.692904 0.162817
vt 0.699336 0.154529
vt 0.684963 0.173054
vt 0.665851 0.197239
vt 0.752030 0.085728
vt 0.771145 0.061546
vt 0.744088 0.095965
vt 0.737655 0.104253
vt 0.718496 0.129391
vt 0.673318 0.144519
vt 0.680863 0.137960
vt 0.663919 0.152873
vt 0.640590 0.172143
vt 0.727384 0.070437
vt 0.741006 0.042059
vt 0.721685 0.081722
vt 0.717293 0.090770
vt 0.701219 0.116421
vt 0.653626 0.124970
vt 0.662753 0.120037
vt 0.644965 0.129947
vt 0.617503 0.144129
vt 0.700586 0.057667
vt 0.707187 0.027252
vt 0.697947 0.067395
vt 0.695475 0.077559
vt 0.683465 0.102264
vt 0.632821 0.101226
vt 0.642315 0.099561
vt 0.622137 0.104760
vt 0.595777 0.112365
vt 0.670172 0.042137
vt 0.670397 0.014691
vt 0.669559 0.053367
vt 0.670435 0.062957
vt 0.661151 0.084931
vt 0.601959 0.072885
vt 0.608070 0.071605
vt 0.594294 0.075597
vt 0.576512 0.079602
vt 0.634489 0.023070
vt 0.633520 0.004883
vt 0.633914 0.031152
vt 0.634296 0.037363
vt 0.625806 0.057989
vt 0.314455 0.010562
vt 0.316075 0.004883
vt 0.323143 0.017278
vt 0.307158 0.012285
vt 0.307812 0.030006
vt 0.325110 0.033909
vt 0.328146 0.027054
vt 0.334026 0.026506
vt 0.333582 0.008612
vt 0.152788 0.005571
vt 0.157851 0.008610
vt 0.156096 0.019451
vt 0.164356 0.004883
vt 0.175987 0.018268
vt 0.166024 0.032937
vt 0.159123 0.030007
vt 0.154456 0.033625
vt 0.142553 0.020256
vt 0.367674 0.482873
vt 0.360830 0.477532
vt 0.362669 0.466765
vt 0.373191 0.469912
vt 0.364882 0.453804
vt 0.377149 0.456898
vt 0.367036 0.441191
vt 0.381088 0.444092
vt 0.369151 0.428809
vt 0.384891 0.431177
vt 0.371101 0.417389
vt 0.387646 0.417452
vt 0.372877 0.406990
vt 0.389133 0.406424
vt 0.357730 0.401061
vt 0.376195 0.387565
vt 0.337227 0.407049
vt 0.355473 0.411957
vt 0.337086 0.413842
vt 0.353517 0.425819
vt 0.337317 0.425590
vt 0.352818 0.439264
vt 0.338473 0.439496
vt 0.352284 0.452651
vt 0.339766 0.453344
vt 0.351698 0.466241
vt 0.341143 0.467012
vt 0.352600 0.480299
vt 0.342354 0.480247
vt 0.358925 0.488685
vt 0.377357 0.486225
vt 0.382892 0.474142
vt 0.388728 0.461706
vt 0.394543 0.449072
vt 0.400249 0.436338
vt 0.404366 0.425333
vt 0.406487 0.418878
vt 0.813771 0.406894
vt 0.804211 0.399432
vt 0.806779 0.384394
vt 0.821477 0.388790
vt 0.809871 0.366290
vt 0.827005 0.370611
vt 0.812880 0.348672
vt 0.832507 0.352724
vt 0.815834 0.331376
vt 0.837819 0.334685
vt 0.818558 0.315426
vt 0.841668 0.315513
vt 0.821038 0.300900
vt 0.843745 0.300110
vt 0.799881 0.292619
vt 0.825672 0.273768
vt 0.771242 0.300983
vt 0.796728 0.307838
vt 0.771045 0.310471
vt 0.793996 0.327201
vt 0.771368 0.326881
vt 0.793020 0.345981
vt 0.772983 0.346305
vt 0.792274 0.364680
vt 0.774788 0.365647
vt 0.791455 0.383662
vt 0.776712 0.384738
vt 0.792716 0.403298
vt 0.778404 0.403225
vt 0.801550 0.415011
vt 0.827296 0.411575
vt 0.835027 0.394697
vt 0.843178 0.377327
vt 0.851301 0.359680
vt 0.859271 0.341893
vt 0.865021 0.326521
vt 0.867984 0.317505
vt 0.933353 0.118951
vt 0.925161 0.112558
vt 0.927362 0.099672
vt 0.939956 0.103439
vt 0.930011 0.084160
vt 0.944693 0.087862
vt 0.932589 0.069064
vt 0.949407 0.072536
vt 0.935120 0.054244
vt 0.953958 0.057079
vt 0.937454 0.040577
vt 0.957256 0.040652
vt 0.939580 0.028131
vt 0.959036 0.027454
vt 0.921452 0.021035
vt 0.943550 0.004883
vt 0.896913 0.028202
vt 0.918750 0.034076
vt 0.896744 0.036332
vt 0.916409 0.050666
vt 0.897020 0.050392
vt 0.915573 0.066758
vt 0.898404 0.067035
vt 0.914933 0.082780
vt 0.899951 0.083609
vt 0.914231 0.099045
vt 0.901600 0.099967
vt 0.915312 0.115870
vt 0.903049 0.115808
vt 0.922881 0.125906
vt 0.944942 0.122962
vt 0.951566 0.108501
vt 0.958550 0.093617
vt 0.965510 0.078496
vt 0.972339 0.063255
vt 0.977266 0.050084
vt 0.979806 0.042359
vt 0.641249 0.280563
vt 0.615419 0.264946
vt 0.655121 0.219989
vt 0.673602 0.241077
vt 0.673604 0.310746
vt 0.669464 0.307050
vt 0.704630 0.262446
vt 0.709235 0.265632
vt 0.710834 0.335635
vt 0.689391 0.323899
vt 0.725599 0.277663
vt 0.740994 0.294225
vt 0.730068 0.355813
vt 0.767443 0.309110
vt 0.715926 0.264700
vt 0.713415 0.269360
vt 0.765575 0.299813
vt 0.744929 0.289597
vt 0.739960 0.272620
vt 0.748938 0.284722
vt 0.730927 0.272881
vt 0.763274 0.290747
vt 0.757605 0.273744
vt 0.695222 0.237361
vt 0.681467 0.231463
vt 0.690295 0.220604
vt 0.721055 0.356792
vt 0.706942 0.340304
vt 0.712033 0.357174
vt 0.702967 0.345206
vt 0.694383 0.356248
vt 0.633343 0.290127
vt 0.624474 0.300949
vt 0.619113 0.283594
vt 0.642438 0.302885
vt 0.688554 0.339331
vt 0.686157 0.330308
vt 0.685627 0.328047
vt 0.672944 0.219246
vt 0.697366 0.248356
vt 0.693440 0.252383
vt 0.637358 0.285249
vt 0.617020 0.274365
vt 0.666909 0.311684
vt 0.664053 0.219348
vt 0.677461 0.236364
vt 0.696988 0.246152
vt 0.651803 0.303195
vt 0.678167 0.313904
vt 0.674287 0.317407
vt 0.728669 0.272994
vt 0.657345 0.298683
vt 0.654140 0.303218
vt 0.708533 0.258954
vt 0.470452 0.478534
vt 0.462030 0.476421
vt 0.459352 0.465833
vt 0.470247 0.464449
vt 0.456127 0.453085
vt 0.468595 0.450947
vt 0.452988 0.440681
vt 0.467011 0.437643
vt 0.449907 0.428503
vt 0.465258 0.424294
vt 0.447066 0.417272
vt 0.462219 0.410629
vt 0.444479 0.407044
vt 0.459113 0.399944
vt 0.428229 0.407758
vt 0.439646 0.387940
vt 0.411907 0.421536
vt 0.430577 0.418634
vt 0.414529 0.427804
vt 0.434402 0.432100
vt 0.419497 0.438452
vt 0.439208 0.444677
vt 0.426186 0.450698
vt 0.444141 0.457133
vt 0.432976 0.462836
vt 0.449109 0.469797
vt 0.439770 0.474775
vt 0.455627 0.482284
vt 0.446237 0.486386
vt 0.464805 0.487390
vt 0.480662 0.477677
vt 0.480830 0.464387
vt 0.481129 0.450654
vt 0.481330 0.436747
vt 0.481390 0.422793
vt 0.480698 0.411064
vt 0.480024 0.404303
vt 0.882021 0.120299
vt 0.869906 0.119753
vt 0.863290 0.106007
vt 0.877818 0.101077
vt 0.855324 0.089458
vt 0.871795 0.083056
vt 0.847573 0.073354
vt 0.865920 0.065289
vt 0.839963 0.057543
vt 0.859802 0.047506
vt 0.832945 0.042963
vt 0.851835 0.029649
vt 0.826554 0.029684
vt 0.844607 0.015889
vt 0.804511 0.035188
vt 0.814617 0.004883
vt 0.786009 0.058594
vt 0.810756 0.049421
vt 0.791344 0.066443
vt 0.819743 0.066787
vt 0.801112 0.079633
vt 0.829825 0.082662
vt 0.813678 0.094532
vt 0.840047 0.098337
vt 0.826353 0.109254
vt 0.850374 0.114286
vt 0.838979 0.123702
vt 0.862775 0.129562
vt 0.851066 0.137793
vt 0.876760 0.133994
vt 0.895758 0.116281
vt 0.892285 0.098045
vt 0.888869 0.079164
vt 0.885269 0.060074
vt 0.881464 0.040958
vt 0.877248 0.025096
vt 0.874442 0.016030
vt 0.679502 0.449112
vt 0.669423 0.446583
vt 0.666216 0.433910
vt 0.679257 0.432254
vt 0.662357 0.418654
vt 0.677280 0.416094
vt 0.658601 0.403808
vt 0.675384 0.400172
vt 0.654914 0.389233
vt 0.673286 0.384196
vt 0.651513 0.375791
vt 0.669649 0.367841
vt 0.648416 0.363550
vt 0.665931 0.355052
vt 0.628967 0.364404
vt 0.642632 0.340686
vt 0.609433 0.380894
vt 0.631778 0.377421
vt 0.612571 0.388396
vt 0.636356 0.393538
vt 0.618517 0.401140
vt 0.642108 0.408590
vt 0.626523 0.415797
vt 0.648012 0.423499
vt 0.634649 0.430324
vt 0.653957 0.438655
vt 0.642781 0.444613
vt 0.661758 0.453601
vt 0.650520 0.458510
vt 0.672744 0.459712
vt 0.691722 0.448086
vt 0.691922 0.432181
vt 0.692281 0.415744
vt 0.692521 0.399100
vt 0.692593 0.382400
vt 0.691764 0.368361
vt 0.690957 0.360270
vt 0.004883 0.004883
vt 0.829793 0.269889
vt 0.869892 0.237667
vt 0.882463 0.275010
vt 0.902986 0.145955
vt 0.966717 0.173091
vt 0.901055 0.166165
vt 0.899661 0.186517
vt 0.962341 0.199552
vt 0.918402 0.231247
vt 0.903414 0.193746
vt 0.970025 0.247706
vt 0.981619 0.271751
vt 0.913651 0.276913
vt 0.915262 0.268914
vt 0.934537 0.319772
vt 0.928013 0.315122
vt 0.992290 0.296449
vt 0.631455 0.175961
vt 0.632513 0.204061
vt 0.600801 0.203489
vt 0.619003 0.187477
vt 0.579802 0.181240
vt 0.593035 0.161876
vt 0.598235 0.176867
vt 0.751112 0.385328
vt 0.737097 0.404163
vt 0.732594 0.388921
vt 0.730866 0.362026
vt 0.699242 0.388685
vt 0.698905 0.360632
vt 0.712160 0.377369
vt 0.632729 0.171679
vt 0.635101 0.200216
vt 0.579505 0.176905
vt 0.594934 0.157191
vt 0.599303 0.176582
vt 0.751199 0.389715
vt 0.734891 0.408725
vt 0.731557 0.389227
vt 0.712453 0.379828
vt 0.697846 0.392915
vt 0.696225 0.364440
vt 0.629611 0.172106
vt 0.618600 0.185049
vt 0.597425 0.158897
vt 0.732432 0.406900
vt 0.700975 0.392529
vt 0.870710 0.201118
vt 0.886354 0.292105
vt 0.878790 0.289225
vt 0.869237 0.179481
vt 0.862767 0.184343
vt 0.248503 0.880360
vt 0.280334 0.278578
vt 0.277625 0.880620
vt 0.107927 0.910960
vt 0.130267 0.940611
vt 0.086049 0.988917
vt 0.086003 0.937987
vt 0.114688 0.278863
vt 0.085952 0.880903
vt 0.056143 0.278866
vt 0.500786 0.387706
vt 0.529937 0.404756
vt 0.486727 0.405826
vt 0.022336 0.881964
vt 0.021534 0.279690
vt 0.056821 0.881065
vt 0.113192 0.002512
vt 0.136460 0.002083
vt 0.138311 0.157169
vt 0.114825 0.159363
vt 0.219378 0.880370
vt 0.226431 0.910336
vt 0.203997 0.939903
vt 0.184896 0.881090
vt 0.314931 0.279517
vt 0.312100 0.881636
vt 0.221949 0.159112
vt 0.198470 0.156803
vt 0.201222 0.001112
vt 0.224482 0.001660
vt 0.248040 0.988347
vt 0.248258 0.937431
vt 0.270316 0.910524
vt 0.292497 0.940283
vt 0.064031 0.911000
vt 0.041744 0.940690
vt 0.115084 0.881011
vt 0.149571 0.881848
vt 0.187203 0.278961
vt 0.221805 0.278362
vt 0.149299 0.279565
vt 0.199831 0.248055
vt 0.222711 0.248581
vt 0.166155 0.249590
vt 0.136901 0.248595
vt 0.280258 0.189240
vt 0.303235 0.190815
vt 0.302754 0.248612
vt 0.279682 0.248970
vt 0.136873 0.190701
vt 0.166648 0.190552
vt 0.055226 0.160009
vt 0.055405 0.002430
vt 0.282268 0.002634
vt 0.281529 0.159524
vt 0.305535 0.002558
vt 0.305031 0.157570
vt 0.031730 0.157928
vt 0.032135 0.002228
vt 0.199728 0.190331
vt 0.222906 0.189141
vt 0.033467 0.191172
vt 0.056466 0.189848
vt 0.056891 0.248832
vt 0.033813 0.248838
vt 0.113867 0.189607
vt 0.113836 0.248699
vt 0.559088 0.421806
vt 0.501665 0.423228
vt 0.558209 0.386284
vt 0.573147 0.403686
vt 0.821923 0.219165
vt 0.920581 0.296193
vt 0.970107 0.146366
vt 0.907981 0.139701
vt 0.004553 0.249982
vt 0.003700 0.191213
vt 0.332995 0.190946
vt 0.332002 0.249822
vt 0.170349 0.248962
vt 0.170184 0.190098
vt 0.436904 0.097435
vt 0.437074 0.091391
vt 0.450751 0.091672
vt 0.450631 0.097710
vt 0.437244 0.085347
vt 0.450870 0.085633
vt 0.435882 0.133703
vt 0.435712 0.139747
vt 0.421712 0.139411
vt 0.421929 0.133361
vt 0.435541 0.145791
vt 0.421494 0.145461
vt 0.434179 0.194146
vt 0.434349 0.188103
vt 0.448839 0.188300
vt 0.448719 0.194338
vt 0.434519 0.182059
vt 0.448958 0.182261
vt 0.433157 0.230414
vt 0.432986 0.236458
vt 0.418234 0.236219
vt 0.418452 0.230169
vt 0.432816 0.242502
vt 0.418017 0.242269
vt 0.419756 0.193865
vt 0.433838 0.206236
vt 0.419321 0.205967
vt 0.448480 0.206418
vt 0.463321 0.194445
vt 0.463187 0.206516
vt 0.477937 0.194467
vt 0.477911 0.206528
vt 0.492526 0.194404
vt 0.492605 0.206456
vt 0.507042 0.194260
vt 0.507222 0.206299
vt 0.521432 0.194007
vt 0.521705 0.206033
vt 0.535618 0.193605
vt 0.535971 0.205619
vt 0.549497 0.193026
vt 0.549911 0.205027
vt 0.562927 0.192244
vt 0.563378 0.204229
vt 0.575723 0.191287
vt 0.576181 0.203265
vt 0.365278 0.191280
vt 0.378125 0.192194
vt 0.377499 0.204343
vt 0.364638 0.203436
vt 0.391600 0.192929
vt 0.391018 0.205063
vt 0.405527 0.193478
vt 0.405010 0.205594
vt 0.436222 0.121613
vt 0.450153 0.121867
vt 0.449914 0.133947
vt 0.464120 0.122030
vt 0.463987 0.134100
vt 0.478094 0.122103
vt 0.478068 0.134165
vt 0.492049 0.122097
vt 0.492129 0.134149
vt 0.505959 0.122027
vt 0.506140 0.134067
vt 0.519793 0.121858
vt 0.520066 0.133884
vt 0.533501 0.121531
vt 0.533854 0.133544
vt 0.547012 0.121029
vt 0.547426 0.133030
vt 0.560223 0.120334
vt 0.560674 0.132320
vt 0.572978 0.119423
vt 0.573436 0.131401
vt 0.369118 0.118350
vt 0.381876 0.119309
vt 0.381250 0.131457
vt 0.368478 0.130506
vt 0.395093 0.120134
vt 0.394511 0.132267
vt 0.408628 0.120790
vt 0.408111 0.132906
vt 0.422364 0.121259
vt 0.418886 0.218067
vt 0.433497 0.218324
vt 0.404493 0.217708
vt 0.403976 0.229824
vt 0.390435 0.217194
vt 0.389853 0.229328
vt 0.376874 0.216489
vt 0.376249 0.228638
vt 0.363998 0.215591
vt 0.363358 0.227747
vt 0.563829 0.216213
vt 0.576638 0.215242
vt 0.577096 0.227220
vt 0.564280 0.228199
vt 0.550326 0.217025
vt 0.550740 0.229026
vt 0.536324 0.217630
vt 0.536677 0.229644
vt 0.521978 0.218057
vt 0.522251 0.230083
vt 0.507403 0.218337
vt 0.507583 0.230377
vt 0.492684 0.218507
vt 0.492764 0.230559
vt 0.477885 0.218588
vt 0.477859 0.230650
vt 0.463054 0.218584
vt 0.462921 0.230654
vt 0.448241 0.218495
vt 0.448002 0.230575
vt 0.450392 0.109790
vt 0.436563 0.109525
vt 0.464386 0.097891
vt 0.464253 0.109962
vt 0.478146 0.097982
vt 0.478120 0.110044
vt 0.491890 0.097995
vt 0.491970 0.110047
vt 0.505598 0.097949
vt 0.505779 0.109989
vt 0.519246 0.097808
vt 0.519520 0.109834
vt 0.532795 0.097506
vt 0.533148 0.109519
vt 0.546183 0.097030
vt 0.546598 0.109031
vt 0.559321 0.096364
vt 0.559772 0.108350
vt 0.572064 0.095468
vt 0.572521 0.107447
vt 0.370398 0.094039
vt 0.383126 0.095013
vt 0.382501 0.107162
vt 0.369758 0.106196
vt 0.396258 0.095868
vt 0.395676 0.108002
vt 0.409661 0.096561
vt 0.409145 0.108677
vt 0.423233 0.097057
vt 0.422798 0.109159
vt 0.464520 0.085823
vt 0.478173 0.085923
vt 0.491811 0.085945
vt 0.505418 0.085912
vt 0.518973 0.085784
vt 0.532442 0.085494
vt 0.545769 0.085032
vt 0.558870 0.084380
vt 0.571606 0.083492
vt 0.383751 0.082867
vt 0.371038 0.081885
vt 0.396840 0.083737
vt 0.410178 0.084447
vt 0.423668 0.084957
vt 0.435201 0.157881
vt 0.421060 0.157563
vt 0.407594 0.145020
vt 0.407077 0.157135
vt 0.393929 0.144399
vt 0.393347 0.156532
vt 0.380625 0.143604
vt 0.380000 0.155753
vt 0.367838 0.142660
vt 0.367198 0.154816
vt 0.561124 0.144304
vt 0.573893 0.143377
vt 0.574351 0.155356
vt 0.561575 0.156290
vt 0.547840 0.145028
vt 0.548254 0.157029
vt 0.534207 0.145555
vt 0.534560 0.157569
vt 0.520339 0.145908
vt 0.520612 0.157934
vt 0.506320 0.146104
vt 0.506501 0.158144
vt 0.492208 0.146199
vt 0.492287 0.158252
vt 0.478042 0.146224
vt 0.478016 0.158286
vt 0.463854 0.146168
vt 0.463720 0.158239
vt 0.449675 0.146024
vt 0.449436 0.158104
vt 0.434860 0.169968
vt 0.449197 0.170181
vt 0.463587 0.170307
vt 0.463454 0.182377
vt 0.477989 0.170346
vt 0.477963 0.182407
vt 0.492367 0.170302
vt 0.492446 0.182354
vt 0.506681 0.170182
vt 0.506862 0.182222
vt 0.520886 0.169958
vt 0.521159 0.181984
vt 0.534912 0.169580
vt 0.535266 0.181594
vt 0.548669 0.169027
vt 0.549083 0.181028
vt 0.562026 0.168274
vt 0.562477 0.180260
vt 0.574808 0.167332
vt 0.575266 0.179311
vt 0.366558 0.166970
vt 0.379375 0.167899
vt 0.378750 0.180048
vt 0.365918 0.179126
vt 0.392764 0.168664
vt 0.392182 0.180798
vt 0.406560 0.169249
vt 0.406043 0.181365
vt 0.420625 0.169663
vt 0.420190 0.181765
vt 0.403459 0.241937
vt 0.389271 0.241459
vt 0.375624 0.240784
vt 0.362718 0.239901
vt 0.564731 0.240183
vt 0.577553 0.239196
vt 0.551154 0.241024
vt 0.537030 0.241655
vt 0.522525 0.242107
vt 0.507764 0.242415
vt 0.492843 0.242609
vt 0.477832 0.242709
vt 0.462788 0.242722
vt 0.447763 0.242652
vt 0.435030 0.163925
vt 0.449317 0.164143
vt 0.463654 0.164273
vt 0.478003 0.164316
vt 0.492327 0.164277
vt 0.506591 0.164163
vt 0.520749 0.163946
vt 0.534736 0.163575
vt 0.548462 0.163028
vt 0.561800 0.162282
vt 0.574580 0.161344
vt 0.366878 0.160893
vt 0.379688 0.161826
vt 0.393055 0.162598
vt 0.406819 0.163192
vt 0.420842 0.163613
vt 0.433668 0.212280
vt 0.448361 0.212457
vt 0.419104 0.212017
vt 0.404751 0.211651
vt 0.390726 0.211129
vt 0.377187 0.210416
vt 0.364318 0.209514
vt 0.576409 0.209254
vt 0.563604 0.210222
vt 0.550118 0.211026
vt 0.536148 0.211625
vt 0.521842 0.212046
vt 0.507313 0.212318
vt 0.492645 0.212482
vt 0.477898 0.212558
vt 0.463121 0.212550
vt 0.436393 0.115569
vt 0.450273 0.115829
vt 0.464186 0.115996
vt 0.478107 0.116074
vt 0.492009 0.116072
vt 0.505869 0.116008
vt 0.519656 0.115846
vt 0.533324 0.115525
vt 0.546805 0.115030
vt 0.559997 0.114342
vt 0.572750 0.113435
vt 0.369438 0.112273
vt 0.382188 0.113236
vt 0.395385 0.114068
vt 0.408886 0.114734
vt 0.422581 0.115209
vt 0.464453 0.091857
vt 0.478160 0.091952
vt 0.491851 0.091970
vt 0.505508 0.091931
vt 0.519110 0.091796
vt 0.532618 0.091500
vt 0.545976 0.091031
vt 0.559096 0.090373
vt 0.571835 0.089480
vt 0.370718 0.087962
vt 0.383439 0.088940
vt 0.396549 0.089803
vt 0.409920 0.090504
vt 0.423450 0.091007
vt 0.407852 0.138963
vt 0.394220 0.138333
vt 0.380938 0.137531
vt 0.368158 0.136583
vt 0.573665 0.137390
vt 0.560899 0.138312
vt 0.547633 0.139029
vt 0.534030 0.139550
vt 0.520203 0.139896
vt 0.506230 0.140086
vt 0.492168 0.140175
vt 0.478055 0.140195
vt 0.463920 0.140134
vt 0.449795 0.139986
vt 0.463387 0.188411
vt 0.477950 0.188437
vt 0.492486 0.188379
vt 0.506952 0.188241
vt 0.521295 0.187996
vt 0.535442 0.187600
vt 0.549290 0.187027
vt 0.562702 0.186252
vt 0.575494 0.185299
vt 0.365598 0.185204
vt 0.378437 0.186121
vt 0.391891 0.186864
vt 0.405785 0.187422
vt 0.419973 0.187815
vt 0.403718 0.235881
vt 0.389562 0.235394
vt 0.375937 0.234711
vt 0.363038 0.233824
vt 0.577324 0.233208
vt 0.564505 0.234191
vt 0.550947 0.235025
vt 0.536854 0.235650
vt 0.522388 0.236095
vt 0.507674 0.236396
vt 0.492803 0.236584
vt 0.477846 0.236680
vt 0.462854 0.236688
vt 0.447883 0.236614
s 1
usemtl MasterSwordTexture
f 1/1/1 2/2/1 10/3/1 9/4/1
f 2/2/2 3/5/2 11/6/2 10/3/2
f 3/5/3 4/7/3 12/8/3 11/6/3
f 4/7/4 5/9/4 13/10/4 12/8/4
f 5/11/5 6/12/5 14/13/5 13/14/5
f 6/12/6 7/15/6 15/16/6 14/13/6
f 7/15/7 8/17/7 16/18/7 15/16/7
f 8/17/8 1/1/8 9/4/8 16/18/8
f 2/2/9 1/1/9 17/19/9
f 3/5/9 2/2/9 17/19/9
f 4/7/9 3/5/9 17/19/9
f 5/9/9 4/7/9 17/19/9
f 6/12/9 5/11/9 17/20/9
f 7/15/9 6/12/9 17/20/9
f 8/17/9 7/15/9 17/20/9
f 1/1/9 8/17/9 17/20/9
f 9/4/10 10/3/10 18/21/10
f 10/3/10 11/6/10 18/21/10
f 11/6/10 12/8/10 18/21/10
f 12/8/10 13/10/10 18/21/10
f 13/14/10 14/13/10 18/22/10
f 14/13/10 15/16/10 18/22/10
f 15/16/10 16/18/10 18/22/10
f 16/18/10 9/4/10 18/22/10
f 20/23/11 19/24/11 38/25/11 37/26/11
f 21/27/12 20/23/12 37/26/12 40/28/12
f 22/29/13 21/27/13 40/28/13 42/30/13
f 23/31/14 22/29/14 42/30/14 44/32/14
f 24/33/15 23/31/15 44/32/15 46/34/15
f 25/35/16 24/33/16 46/34/16 48/36/16
f 26/37/17 25/35/17 48/36/17 50/38/17
f 27/39/18 26/37/18 50/38/18 52/40/18
f 28/41/19 27/39/19 52/40/19 54/42/19
f 29/43/20 28/41/20 54/42/20 56/44/20
f 30/45/21 29/43/21 56/44/21 58/46/21
f 31/47/22 30/48/22 58/49/22 60/50/22
f 32/51/23 31/47/23 60/50/23 62/52/23
f 33/53/24 32/51/24 62/52/24 64/54/24
f 19/24/25 33/53/25 64/54/25 38/25/25
f 19/55/10 20/56/10 34/57/10
f 20/56/10 21/58/10 34/57/10
f 21/58/10 22/59/10 34/57/10
f 22/59/10 23/60/10 34/57/10
f 23/60/10 24/61/10 34/57/10
f 24/61/10 25/62/10 34/57/10
f 25/62/10 26/63/10 34/57/10
f 26/63/10 27/64/10 34/57/10
f 27/64/10 28/65/10 34/57/10
f 28/65/10 29/66/10 34/57/10
f 29/66/10 30/67/10 34/57/10
f 30/67/10 31/68/10 34/57/10
f 31/68/10 32/69/10 34/57/10
f 32/69/10 33/70/10 34/57/10
f 33/70/10 19/55/10 34/57/10
f 35/71/26 36/72/26 37/26/26 38/25/26
f 36/72/27 39/73/27 40/28/27 37/26/27
f 39/73/28 41/74/28 42/30/28 40/28/28
f 41/74/29 43/75/29 44/32/29 42/30/29
f 43/75/30 45/76/30 46/34/30 44/32/30
f 45/76/31 47/77/31 48/36/31 46/34/31
f 47/77/32 49/78/32 50/38/32 48/36/32
f 49/78/33 51/79/33 52/40/33 50/38/33
f 51/79/34 53/80/34 54/42/34 52/40/34
f 53/80/35 55/81/35 56/44/35 54/42/35
f 55/81/36 57/82/36 58/46/36 56/44/36
f 57/83/37 59/84/37 60/50/37 58/49/37
f 59/84/38 61/85/38 62/52/38 60/50/38
f 61/85/39 63/86/39 64/54/39 62/52/39
f 63/86/40 35/71/40 38/25/40 64/54/40
f 36/72/41 35/71/41 65/87/41 66/88/41
f 39/73/42 36/72/42 66/88/42 67/89/42
f 41/74/43 39/73/43 67/89/43 68/90/43
f 43/75/44 41/74/44 68/90/44 69/91/44
f 45/76/45 43/75/45 69/91/45 70/92/45
f 47/77/46 45/76/46 70/92/46 71/93/46
f 49/78/47 47/77/47 71/93/47 72/94/47
f 51/79/48 49/78/48 72/94/48 73/95/48
f 53/80/49 51/79/49 73/95/49 74/96/49
f 55/81/50 53/80/50 74/96/50 75/97/50
f 57/82/51 55/81/51 75/97/51 76/98/51
f 59/84/52 57/83/52 76/99/52 77/100/52
f 61/85/53 59/84/53 77/100/53 78/101/53
f 63/86/54 61/85/54 78/101/54 79/102/54
f 35/71/55 63/86/55 79/102/55 65/87/55
f 80/103/26 81/104/26 66/88/26 65/87/26
f 81/104/27 82/105/27 67/89/27 66/88/27
f 82/105/28 83/106/28 68/90/28 67/89/28
f 83/106/29 84/107/29 69/91/29 68/90/29
f 84/107/30 85/108/30 70/92/30 69/91/30
f 85/108/31 86/109/31 71/93/31 70/92/31
f 86/109/32 87/110/32 72/94/32 71/93/32
f 87/110/33 88/111/33 73/95/33 72/94/33
f 88/111/34 89/112/34 74/96/34 73/95/34
f 89/112/35 90/113/35 75/97/35 74/96/35
f 90/113/36 91/114/36 76/98/36 75/97/36
f 91/115/37 92/116/37 77/100/37 76/99/37
f 92/116/38 93/117/38 78/101/38 77/100/38
f 93/117/39 94/118/39 79/102/39 78/101/39
f 94/118/40 80/103/40 65/87/40 79/102/40
f 81/104/9 80/103/9 111/119/9 110/120/9
f 82/105/9 81/104/9 110/120/9 112/121/9
f 83/106/9 82/105/9 112/121/9 113/122/9
f 84/107/9 83/106/9 113/122/9 114/123/9
f 85/108/9 84/107/9 114/123/9 115/124/9
f 86/109/9 85/108/9 115/124/9 116/125/9
f 87/110/9 86/109/9 116/125/9 117/126/9
f 88/111/9 87/110/9 117/126/9 118/127/9
f 89/112/9 88/111/9 118/127/9 119/128/9
f 90/113/9 89/112/9 119/128/9 120/129/9
f 91/114/9 90/113/9 120/129/9 121/130/9
f 92/116/9 91/115/9 121/131/9 122/132/9
f 93/117/9 92/116/9 122/132/9 123/133/9
f 94/118/9 93/117/9 123/133/9 124/134/9
f 80/103/9 94/118/9 124/134/9 111/119/9
f 126/135/26 125/136/26 127/137/26 128/138/26
f 129/139/27 126/135/27 128/138/27 130/140/27
f 131/141/28 129/139/28 130/140/28 132/142/28
f 133/143/29 131/141/29 132/142/29 134/144/29
f 135/145/30 133/143/30 134/144/30 136/146/30
f 137/147/31 135/145/31 136/146/31 138/148/31
f 139/149/32 137/147/32 138/148/32 140/150/32
f 141/151/33 139/149/33 140/150/33 142/152/33
f 143/153/34 141/151/34 142/152/34 144/154/34
f 145/155/35 143/153/35 144/154/35 146/156/35
f 147/157/36 145/155/36 146/156/36 148/158/36
f 149/159/37 147/160/37 148/161/37 150/162/37
f 151/163/38 149/159/38 150/162/38 152/164/38
f 153/165/39 151/163/39 152/164/39 154/166/39
f 125/136/40 153/165/40 154/166/40 127/137/40
f 96/167/10 95/168/10 125/136/10 126/135/10
f 200/169/9 201/170/9 202/171/9
f 97/172/10 96/167/10 126/135/10 129/139/10
f 200/169/9 203/173/9 201/170/9
f 98/174/10 97/172/10 129/139/10 131/141/10
f 200/169/9 204/175/9 203/173/9
f 99/176/10 98/174/10 131/141/10 133/143/10
f 200/169/9 205/177/9 204/175/9
f 100/178/10 99/176/10 133/143/10 135/145/10
f 200/169/9 206/179/9 205/177/9
f 101/180/10 100/178/10 135/145/10 137/147/10
f 200/169/9 207/181/9 206/179/9
f 102/182/10 101/180/10 137/147/10 139/149/10
f 200/169/9 208/183/9 207/181/9
f 103/184/10 102/182/10 139/149/10 141/151/10
f 200/169/9 209/185/9 208/183/9
f 104/186/10 103/184/10 141/151/10 143/153/10
f 200/169/9 210/187/9 209/185/9
f 105/188/10 104/186/10 143/153/10 145/155/10
f 200/169/9 211/189/9 210/187/9
f 106/190/10 105/188/10 145/155/10 147/157/10
f 200/169/9 212/191/9 211/189/9
f 107/192/10 106/193/10 147/160/10 149/159/10
f 200/169/9 213/194/9 212/191/9
f 108/195/10 107/192/10 149/159/10 151/163/10
f 200/169/9 214/196/9 213/194/9
f 109/197/10 108/195/10 151/163/10 153/165/10
f 200/169/9 215/198/9 214/196/9
f 95/168/10 109/197/10 153/165/10 125/136/10
f 200/169/9 202/171/9 215/198/9
f 128/138/56 127/137/56 156/199/56 155/200/56
f 130/140/57 128/138/57 155/200/57 157/201/57
f 132/142/58 130/140/58 157/201/58 158/202/58
f 134/144/59 132/142/59 158/202/59 159/203/59
f 136/146/60 134/144/60 159/203/60 160/204/60
f 138/148/61 136/146/61 160/204/61 161/205/61
f 140/150/62 138/148/62 161/205/62 162/206/62
f 142/152/63 140/150/63 162/206/63 163/207/63
f 144/154/64 142/152/64 163/207/64 164/208/64
f 146/156/65 144/154/65 164/208/65 165/209/65
f 148/158/66 146/156/66 165/209/66 166/210/66
f 150/162/67 148/161/67 166/211/67 167/212/67
f 152/164/68 150/162/68 167/212/68 168/213/68
f 154/166/69 152/164/69 168/213/69 169/214/69
f 127/137/70 154/166/70 169/214/70 156/199/70
f 155/200/26 156/199/26 171/215/26 170/216/26
f 157/201/27 155/200/27 170/216/27 172/217/27
f 158/202/28 157/201/28 172/217/28 173/218/28
f 159/203/29 158/202/29 173/218/29 174/219/29
f 160/204/30 159/203/30 174/219/30 175/220/30
f 161/205/31 160/204/31 175/220/31 176/221/31
f 162/206/32 161/205/32 176/221/32 177/222/32
f 163/207/33 162/206/33 177/222/33 178/223/33
f 164/208/34 163/207/34 178/223/34 179/224/34
f 165/209/35 164/208/35 179/224/35 180/225/35
f 166/210/36 165/209/36 180/225/36 181/226/36
f 167/212/37 166/211/37 181/227/37 182/228/37
f 168/213/38 167/212/38 182/228/38 183/229/38
f 169/214/39 168/213/39 183/229/39 184/230/39
f 156/199/40 169/214/40 184/230/40 171/215/40
f 170/216/71 171/215/71 186/231/71 185/232/71
f 172/217/71 170/216/71 185/232/71 187/233/71
f 173/218/71 172/217/71 187/233/71 188/234/71
f 174/219/71 173/218/71 188/234/71 189/235/71
f 175/220/71 174/219/71 189/235/71 190/236/71
f 176/221/71 175/220/71 190/236/71 191/237/71
f 177/222/72 176/221/72 191/237/72 192/238/72
f 178/223/71 177/222/71 192/238/71 193/239/71
f 179/224/71 178/223/71 193/239/71 194/240/71
f 180/225/71 179/224/71 194/240/71 195/241/71
f 181/226/71 180/225/71 195/241/71 196/242/71
f 182/228/71 181/227/71 196/243/71 197/244/71
f 183/229/71 182/228/71 197/244/71 198/245/71
f 184/230/71 183/229/71 198/245/71 199/246/71
f 171/215/71 184/230/71 199/246/71 186/231/71
f 185/232/73 186/231/73 202/247/73 201/248/73
f 187/233/74 185/232/74 201/248/74 203/249/74
f 188/234/75 187/233/75 203/249/75 204/250/75
f 189/235/76 188/234/76 204/250/76 205/251/76
f 190/236/77 189/235/77 205/251/77 206/252/77
f 191/237/78 190/236/78 206/252/78 207/253/78
f 192/238/79 191/237/79 207/253/79 208/254/79
f 193/239/80 192/238/80 208/254/80 209/255/80
f 194/240/81 193/239/81 209/255/81 210/256/81
f 195/241/82 194/240/82 210/256/82 211/257/82
f 196/242/83 195/241/83 211/257/83 212/258/83
f 197/244/84 196/243/84 212/259/84 213/260/84
f 198/245/85 197/244/85 213/260/85 214/261/85
f 199/246/86 198/245/86 214/261/86 215/262/86
f 186/231/87 199/246/87 215/262/87 202/247/87
f 216/263/88 217/264/88 225/265/88 224/266/88
f 217/264/89 218/267/89 226/268/89 225/265/89
f 218/267/90 219/269/90 227/270/90 226/268/90
f 219/271/91 220/272/91 228/273/91 227/274/91
f 220/272/92 221/275/92 229/276/92 228/273/92
f 221/275/93 222/277/93 230/278/93 229/276/93
f 222/277/94 223/279/94 231/280/94 230/278/94
f 223/279/95 216/263/95 224/266/95 231/280/95
f 224/266/96 225/265/96 233/281/96 232/282/96
f 225/265/97 226/268/97 234/283/97 233/281/97
f 226/268/98 227/270/98 235/284/98 234/283/98
f 227/274/99 228/273/99 236/285/99 235/286/99
f 228/273/100 229/276/100 237/287/100 236/285/100
f 229/276/101 230/278/101 238/288/101 237/287/101
f 230/278/102 231/280/102 239/289/102 238/288/102
f 231/280/103 224/266/103 232/282/103 239/289/103
f 232/282/104 233/281/104 241/290/104 240/291/104
f 233/281/105 234/283/105 242/292/105 241/290/105
f 234/283/106 235/284/106 243/293/106 242/292/106
f 235/286/107 236/285/107 244/294/107 243/295/107
f 236/285/108 237/287/108 245/296/108 244/294/108
f 237/287/109 238/288/109 246/297/109 245/296/109
f 238/288/110 239/289/110 247/298/110 246/297/110
f 239/289/111 232/282/111 240/291/111 247/298/111
f 240/291/112 241/290/112 249/299/112 248/300/112
f 241/290/113 242/292/113 250/301/113 249/299/113
f 242/292/114 243/293/114 251/302/114 250/301/114
f 243/295/115 244/294/115 252/303/115 251/304/115
f 244/294/116 245/296/116 253/305/116 252/303/116
f 245/296/117 246/297/117 254/306/117 253/305/117
f 246/297/118 247/298/118 255/307/118 254/306/118
f 247/298/119 240/291/119 248/300/119 255/307/119
f 248/300/112 249/299/112 257/308/112 256/309/112
f 249/299/113 250/301/113 258/310/113 257/308/113
f 250/301/114 251/302/114 259/311/114 258/310/114
f 251/304/115 252/303/115 260/312/115 259/313/115
f 252/303/116 253/305/116 261/314/116 260/312/116
f 253/305/117 254/306/117 262/315/117 261/314/117
f 254/306/118 255/307/118 263/316/118 262/315/118
f 255/307/119 248/300/119 256/309/119 263/316/119
f 256/309/120 257/308/120 265/317/120 264/318/120
f 257/308/121 258/310/121 266/319/121 265/317/121
f 258/310/122 259/311/122 267/320/122 266/319/122
f 259/313/123 260/312/123 268/321/123 267/322/123
f 260/312/124 261/314/124 269/323/124 268/321/124
f 261/314/125 262/315/125 270/324/125 269/323/125
f 262/315/126 263/316/126 271/325/126 270/324/126
f 263/316/127 256/309/127 264/318/127 271/325/127
f 264/318/128 265/317/128 273/326/128 272/327/128
f 265/317/129 266/319/129 274/328/129 273/326/129
f 266/319/130 267/320/130 275/329/130 274/328/130
f 267/322/131 268/321/131 276/330/131 275/331/131
f 268/321/132 269/323/132 277/332/132 276/330/132
f 269/323/133 270/324/133 278/333/133 277/332/133
f 270/324/134 271/325/134 279/334/134 278/333/134
f 271/325/135 264/318/135 272/327/135 279/334/135
f 272/327/136 273/326/136 281/335/136 280/336/136
f 273/326/137 274/328/137 282/337/137 281/335/137
f 274/328/138 275/329/138 283/338/138 282/337/138
f 275/331/139 276/330/139 284/339/139 283/340/139
f 276/330/140 277/332/140 285/341/140 284/339/140
f 277/332/141 278/333/141 286/342/141 285/341/141
f 278/333/142 279/334/142 287/343/142 286/342/142
f 279/334/143 272/327/143 280/336/143 287/343/143
f 217/344/144 216/345/144 288/346/144
f 218/347/144 217/344/144 288/346/144
f 219/348/144 218/347/144 288/346/144
f 220/349/144 219/348/144 288/346/144
f 221/350/144 220/349/144 288/346/144
f 222/351/144 221/350/144 288/346/144
f 223/352/144 222/351/144 288/346/144
f 216/345/144 223/352/144 288/346/144
f 280/353/32 281/354/32 289/355/32
f 281/354/32 282/356/32 289/355/32
f 282/356/32 283/357/32 289/355/32
f 283/357/32 284/358/32 289/355/32
f 284/358/32 285/359/32 289/355/32
f 285/359/32 286/360/32 289/355/32
f 286/360/32 287/361/32 289/355/32
f 287/361/32 280/353/32 289/355/32
f 290/362/145 291/363/145 293/364/145 292/365/145
f 292/365/146 293/364/146 295/366/146 294/367/146
f 294/367/147 295/366/147 297/368/147 296/369/147
f 296/369/148 297/368/148 299/370/148 298/371/148
f 298/371/149 299/370/149 301/372/149 300/373/149
f 300/373/150 301/372/150 303/374/150 302/375/150
f 302/375/151 303/374/151 305/376/151 304/377/151
f 304/378/152 305/376/152 307/379/152 306/380/152
f 306/380/153 307/379/153 309/381/153 308/382/153
f 308/382/154 309/381/154 311/383/154 310/384/154
f 310/384/155 311/383/155 313/385/155 312/386/155
f 312/386/156 313/385/156 315/387/156 314/388/156
f 314/388/157 315/387/157 317/389/157 316/390/157
f 316/391/158 317/389/158 291/363/158 290/362/158
f 291/363/159 317/389/159 315/387/159 293/364/159
f 293/364/160 315/387/160 313/385/160 295/366/160
f 295/366/161 313/385/161 311/383/161 297/368/161
f 297/368/162 311/383/162 309/381/162 299/370/162
f 299/370/163 309/381/163 307/379/163 301/372/163
f 301/372/164 307/379/164 305/376/164 303/374/164
f 316/392/165 290/362/165 292/365/165 314/393/165
f 314/393/166 292/365/166 294/367/166 312/394/166
f 312/394/167 294/367/167 296/369/167 310/395/167
f 310/395/168 296/369/168 298/371/168 308/396/168
f 308/396/169 298/371/169 300/373/169 306/397/169
f 306/397/170 300/373/170 302/375/170 304/398/170
f 318/399/171 319/400/171 321/401/171 320/402/171
f 320/402/146 321/401/146 323/403/146 322/404/146
f 322/404/147 323/403/147 325/405/147 324/406/147
f 324/406/172 325/405/172 327/407/172 326/408/172
f 326/408/149 327/407/149 329/409/149 328/410/149
f 328/410/150 329/409/150 331/411/150 330/412/150
f 330/412/151 331/411/151 333/413/151 332/414/151
f 332/415/152 333/413/152 335/416/152 334/417/152
f 334/417/153 335/416/153 337/418/153 336/419/153
f 336/419/154 337/418/154 339/420/154 338/421/154
f 338/421/155 339/420/155 341/422/155 340/423/155
f 340/423/156 341/422/156 343/424/156 342/425/156
f 342/425/157 343/424/157 345/426/157 344/427/157
f 344/428/158 345/426/158 319/400/158 318/399/158
f 319/400/173 345/426/173 343/424/173 321/401/173
f 321/401/160 343/424/160 341/422/160 323/403/160
f 323/403/161 341/422/161 339/420/161 325/405/161
f 325/405/174 339/420/174 337/418/174 327/407/174
f 327/407/163 337/418/163 335/416/163 329/409/163
f 329/409/164 335/416/164 333/413/164 331/411/164
f 344/429/165 318/399/165 320/402/165 342/430/165
f 342/430/166 320/402/166 322/404/166 340/431/166
f 340/431/167 322/404/167 324/406/167 338/432/167
f 338/432/168 324/406/168 326/408/168 336/433/168
f 336/433/169 326/408/169 328/410/169 334/434/169
f 334/434/170 328/410/170 330/412/170 332/435/170
f 346/436/145 347/437/145 349/438/145 348/439/145
f 348/439/146 349/438/146 351/440/146 350/441/146
f 350/441/147 351/440/147 353/442/147 352/443/147
f 352/443/172 353/442/172 355/444/172 354/445/172
f 354/445/149 355/444/149 357/446/149 356/447/149
f 356/447/150 357/446/150 359/448/150 358/449/150
f 358/449/151 359/448/151 361/450/151 360/451/151
f 360/452/152 361/450/152 363/453/152 362/454/152
f 362/454/153 363/453/153 365/455/153 364/456/153
f 364/456/154 365/455/154 367/457/154 366/458/154
f 366/458/155 367/457/155 369/459/155 368/460/155
f 368/460/156 369/459/156 371/461/156 370/462/156
f 370/462/157 371/461/157 373/463/157 372/464/157
f 372/465/158 373/463/158 347/437/158 346/436/158
f 347/437/159 373/463/159 371/461/159 349/438/159
f 349/438/160 371/461/160 369/459/160 351/440/160
f 351/440/161 369/459/161 367/457/161 353/442/161
f 353/442/174 367/457/174 365/455/174 355/444/174
f 355/444/163 365/455/163 363/453/163 357/446/163
f 357/446/164 363/453/164 361/450/164 359/448/164
f 372/466/165 346/436/165 348/439/165 370/467/165
f 370/467/166 348/439/166 350/441/166 368/468/166
f 368/468/167 350/441/167 352/443/167 366/469/167
f 366/469/168 352/443/168 354/445/168 364/470/168
f 364/470/169 354/445/169 356/447/169 362/471/169
f 362/471/170 356/447/170 358/449/170 360/472/170
f 376/473/175 374/474/175 375/475/175 377/476/175
f 405/477/176 404/478/176 406/479/176 407/480/176
f 378/481/177 398/482/177 399/483/177 379/484/177
f 374/485/178 378/481/178 379/484/178 375/486/178
f 408/487/179 409/488/179 407/480/179
f 381/489/180 375/486/180 379/484/180 380/490/180
f 385/491/181 382/492/181 380/490/181 387/493/181
f 383/494/182 381/489/182 380/490/182 382/492/182
f 384/495/183 383/494/183 382/492/183
f 385/491/184 384/495/184 382/492/184
f 385/496/185 386/497/185 384/498/185
f 390/499/186 389/500/186 378/481/186 374/485/186
f 392/501/187 391/502/187 389/500/187 390/499/187
f 393/503/188 391/502/188 392/501/188
f 395/504/189 393/505/189 392/506/189
f 394/507/190 393/505/190 395/504/190
f 394/508/191 396/509/191 389/500/191 391/502/191
f 378/481/192 402/510/192 398/482/192
f 386/497/193 383/511/193 384/498/193
f 394/508/194 391/502/194 393/503/194
f 377/476/182 403/512/182 401/513/182
f 374/474/191 376/473/191 397/514/191 390/515/191
f 410/516/187 404/478/187 405/477/187
f 375/475/181 381/517/181 388/518/181 377/476/181
f 381/517/179 383/511/179 386/497/179 388/518/179
f 387/519/180 388/518/180 386/497/180 385/496/180
f 390/515/192 397/514/192 395/504/192 392/506/192
f 396/520/186 394/507/186 395/504/186 397/514/186
f 411/521/192 410/522/192 405/477/192
f 403/523/179 379/484/179 399/483/179
f 376/473/187 400/524/187 402/525/187
f 406/479/182 408/526/182 407/480/182
f 401/513/176 400/524/176 376/473/176 377/476/176
f 409/488/177 411/521/177 405/477/177 407/480/177
f 400/524/144 401/513/144 406/479/144 404/478/144
f 403/523/195 399/483/195 409/488/195 408/487/195
f 402/525/196 400/524/196 404/478/196 410/516/196
f 398/482/197 402/510/197 410/522/197 411/521/197
f 401/513/198 403/512/198 408/526/198 406/479/198
f 399/483/32 398/482/32 411/521/32 409/488/32
f 412/527/199 413/528/199 415/529/199 414/530/199
f 414/530/200 415/529/200 417/531/200 416/532/200
f 416/532/201 417/531/201 419/533/201 418/534/201
f 418/534/202 419/533/202 421/535/202 420/536/202
f 420/536/203 421/535/203 423/537/203 422/538/203
f 422/538/204 423/537/204 425/539/204 424/540/204
f 424/540/205 425/539/205 427/541/205 426/542/205
f 426/543/206 427/541/206 429/544/206 428/545/206
f 428/545/207 429/544/207 431/546/207 430/547/207
f 430/547/208 431/546/208 433/548/208 432/549/208
f 432/549/209 433/548/209 435/550/209 434/551/209
f 434/551/210 435/550/210 437/552/210 436/553/210
f 436/553/211 437/552/211 439/554/211 438/555/211
f 438/556/212 439/554/212 413/528/212 412/527/212
f 413/528/213 439/554/213 437/552/213 415/529/213
f 415/529/214 437/552/214 435/550/214 417/531/214
f 417/531/215 435/550/215 433/548/215 419/533/215
f 419/533/216 433/548/216 431/546/216 421/535/216
f 421/535/217 431/546/217 429/544/217 423/537/217
f 423/537/218 429/544/218 427/541/218 425/539/218
f 438/557/219 412/527/219 414/530/219 436/558/219
f 436/558/220 414/530/220 416/532/220 434/559/220
f 434/559/221 416/532/221 418/534/221 432/560/221
f 432/560/222 418/534/222 420/536/222 430/561/222
f 430/561/223 420/536/223 422/538/223 428/562/223
f 428/562/224 422/538/224 424/540/224 426/563/224
f 440/564/199 441/565/199 443/566/199 442/567/199
f 442/567/200 443/566/200 445/568/200 444/569/200
f 444/569/201 445/568/201 447/570/201 446/571/201
f 446/571/202 447/570/202 449/572/202 448/573/202
f 448/573/203 449/572/203 451/574/203 450/575/203
f 450/575/204 451/574/204 453/576/204 452/577/204
f 452/577/225 453/576/225 455/578/225 454/579/225
f 454/580/206 455/578/206 457/581/206 456/582/206
f 456/582/207 457/581/207 459/583/207 458/584/207
f 458/584/208 459/583/208 461/585/208 460/586/208
f 460/586/209 461/585/209 463/587/209 462/588/209
f 462/588/210 463/587/210 465/589/210 464/590/210
f 464/590/211 465/589/211 467/591/211 466/592/211
f 466/593/212 467/591/212 441/565/212 440/564/212
f 441/565/213 467/591/213 465/589/213 443/566/213
f 443/566/214 465/589/214 463/587/214 445/568/214
f 445/568/215 463/587/215 461/585/215 447/570/215
f 447/570/216 461/585/216 459/583/216 449/572/216
f 449/572/217 459/583/217 457/581/217 451/574/217
f 451/574/218 457/581/218 455/578/218 453/576/218
f 466/594/219 440/564/219 442/567/219 464/595/219
f 464/595/220 442/567/220 444/569/220 462/596/220
f 462/596/221 444/569/221 446/571/221 460/597/221
f 460/597/222 446/571/222 448/573/222 458/598/222
f 458/598/223 448/573/223 450/575/223 456/599/223
f 456/599/224 450/575/224 452/577/224 454/600/224
f 468/601/226 469/602/226 471/603/226 470/604/226
f 470/604/200 471/603/200 473/605/200 472/606/200
f 472/606/201 473/605/201 475/607/201 474/608/201
f 474/608/202 475/607/202 477/609/202 476/610/202
f 476/610/203 477/609/203 479/611/203 478/612/203
f 478/612/204 479/611/204 481/613/204 480/614/204
f 480/614/205 481/613/205 483/615/205 482/616/205
f 482/617/206 483/615/206 485/618/206 484/619/206
f 484/619/207 485/618/207 487/620/207 486/621/207
f 486/621/208 487/620/208 489/622/208 488/623/208
f 488/623/209 489/622/209 491/624/209 490/625/209
f 490/625/210 491/624/210 493/626/210 492/627/210
f 492/627/211 493/626/211 495/628/211 494/629/211
f 494/630/212 495/628/212 469/602/212 468/601/212
f 469/602/227 495/628/227 493/626/227 471/603/227
f 471/603/214 493/626/214 491/624/214 473/605/214
f 473/605/215 491/624/215 489/622/215 475/607/215
f 475/607/216 489/622/216 487/620/216 477/609/216
f 477/609/217 487/620/217 485/618/217 479/611/217
f 479/611/218 485/618/218 483/615/218 481/613/218
f 494/631/219 468/601/219 470/604/219 492/632/219
f 492/632/220 470/604/220 472/606/220 490/633/220
f 490/633/221 472/606/221 474/608/221 488/634/221
f 488/634/222 474/608/222 476/610/222 486/635/222
f 486/635/223 476/610/223 478/612/223 484/636/223
f 484/636/224 478/612/224 480/614/224 482/637/224
f 501/638/9 498/638/9 579/638/9
f 496/639/71 506/640/71 502/641/71
f 511/642/228 500/643/228 513/644/228
f 500/643/229 509/645/229 513/644/229
f 499/646/230 507/647/230 504/648/230
f 498/649/231 501/650/231 508/651/231 505/652/231
f 502/653/232 510/654/232 501/650/232 496/655/232
f 514/656/231 515/657/231 516/658/231 517/659/231
f 515/660/232 518/661/232 519/662/232 516/658/232
f 521/663/229 520/664/229 522/665/229 523/666/229
f 524/667/228 521/668/228 523/666/228 525/669/228
f 508/670/233 512/671/233 515/657/233 514/656/233
f 512/672/234 510/673/234 518/661/234 515/660/234
f 519/662/71 518/661/71 510/673/71 528/674/71
f 513/675/233 509/676/233 520/664/233 521/663/233
f 522/665/230 520/664/230 509/676/230 531/677/230
f 533/678/235 523/666/235 531/677/235
f 511/679/234 513/680/234 521/668/234 524/667/234
f 526/681/144 527/682/144 528/674/144 529/683/144
f 531/677/32 530/684/32 532/685/32 533/678/32
f 502/641/236 506/640/236 507/647/236 505/652/236
f 504/648/237 507/647/237 506/640/237 503/686/237
f 508/651/238 510/687/238 502/688/238 505/652/238
f 511/689/239 509/645/239 504/648/239 503/690/239
f 508/670/230 527/682/230 526/681/230
f 516/658/240 528/674/240 527/682/240
f 510/673/9 508/670/9 526/681/9 529/683/9
f 509/676/9 511/679/9 532/685/9 530/684/9
f 511/679/71 533/678/71 532/685/71
f 580/691/71 558/692/71 537/693/71
f 549/694/241 554/695/241 547/696/241 548/697/241
f 557/698/230 581/699/230 560/700/230
f 535/701/9 582/702/9 544/703/9
f 543/704/242 559/705/242 560/700/242 539/706/242
f 540/707/243 545/708/243 566/709/243 567/710/243
f 536/711/244 552/712/244 554/713/244 542/714/244
f 558/692/245 559/715/245 543/716/245 537/693/245
f 565/717/246 566/718/246 545/719/246 534/720/246
f 547/721/247 546/722/247 551/723/247 553/724/247
f 550/725/248 553/726/248 543/704/248 539/706/248
f 553/724/249 551/723/249 537/693/249 543/716/249
f 554/713/250 552/712/250 546/722/250 547/721/250
f 538/727/251 542/728/251 554/695/251 549/694/251
f 547/696/252 553/726/252 550/725/252 548/697/252
f 542/714/253 556/729/253 555/730/253 536/711/253
f 557/698/254 556/731/254 542/728/254 538/727/254
f 555/730/255 589/732/255 574/733/255
f 561/734/256 556/731/256 557/698/256 583/735/256
f 578/736/257 587/737/257 588/738/257 573/739/257
f 584/740/258 563/741/258 561/734/258 583/735/258
f 567/710/230 570/742/230 541/743/230 540/707/230
f 534/720/71 535/744/71 568/745/71 565/717/71
f 563/741/259 584/740/259 567/710/259 566/709/259
f 535/744/260 544/746/260 569/747/260 568/745/260
f 570/742/261 569/748/261 544/749/261 541/743/261
f 590/750/255 565/717/255 577/751/255
f 586/752/262 575/753/262 572/754/262 585/755/262
f 575/753/230 576/756/230 571/757/230 572/754/230
f 590/750/255 577/751/255 574/733/255 589/732/255
f 577/751/71 578/736/71 573/739/71 574/733/71
f 560/700/230 572/754/230 571/757/230 557/698/230
f 560/700/262 585/755/262 572/754/262
f 558/692/257 573/739/257 588/738/257
f 574/733/71 573/739/71 558/692/71 555/730/71
f 586/752/262 570/742/262 575/753/262
f 576/756/230 575/753/230 570/742/230 567/710/230
f 568/745/71 578/736/71 577/751/71 565/717/71
f 568/745/257 587/737/257 578/736/257
f 496/638/9 579/638/9 497/638/9
f 579/638/9 498/638/9 499/638/9
f 500/638/9 579/638/9 499/638/9
f 497/638/9 579/638/9 500/638/9
f 501/638/9 579/638/9 496/638/9
f 551/723/71 580/691/71 537/693/71
f 536/711/71 580/691/71 552/712/71
f 546/722/71 580/691/71 551/723/71
f 552/712/71 580/691/71 546/722/71
f 555/730/71 580/691/71 536/711/71
f 555/730/71 558/692/71 580/691/71
f 538/727/230 549/694/230 581/699/230
f 581/699/230 550/725/230 539/706/230
f 581/699/230 549/694/230 548/697/230
f 581/699/230 548/697/230 550/725/230
f 538/727/230 581/699/230 557/698/230
f 560/700/230 581/699/230 539/706/230
f 582/702/9 540/758/9 541/759/9
f 534/760/9 582/702/9 535/701/9
f 545/761/9 582/702/9 534/760/9
f 545/761/9 540/758/9 582/702/9
f 544/703/9 582/702/9 541/759/9
f 506/640/71 497/762/71 503/686/71
f 496/639/71 497/762/71 506/640/71
f 505/652/230 507/647/230 498/649/230
f 498/649/230 507/647/230 499/646/230
f 377/476/182 388/518/182 387/519/182 403/512/182
f 387/493/179 380/490/179 379/484/179 403/523/179
f 396/509/192 402/510/192 378/481/192 389/500/192
f 376/473/187 402/525/187 396/520/187 397/514/187
f 501/650/232 510/654/232 512/763/232
f 508/651/231 501/650/231 512/763/231
f 497/764/228 500/643/228 511/642/228 503/765/228
f 504/648/229 509/645/229 500/643/229 499/646/229
f 517/659/230 527/682/230 508/670/230 514/656/230
f 528/674/71 510/673/71 529/683/71
f 525/669/71 533/678/71 511/679/71 524/667/71
f 531/677/230 509/676/230 530/684/230
f 525/669/263 523/666/263 533/678/263
f 531/677/264 523/666/264 522/665/264
f 516/658/264 527/682/264 517/659/264
f 519/662/263 528/674/263 516/658/263
f 583/735/265 557/698/265 571/757/265
f 576/756/265 584/740/265 583/735/265 571/757/265
f 567/710/265 584/740/265 576/756/265
f 562/766/266 585/755/266 560/700/266 559/705/266
f 562/766/267 564/767/267 586/752/267 585/755/267
f 564/767/268 569/748/268 570/742/268 586/752/268
f 564/768/269 587/737/269 568/745/269 569/747/269
f 587/737/270 564/768/270 562/769/270 588/738/270
f 558/692/271 588/738/271 562/769/271 559/715/271
f 555/730/272 556/729/272 561/770/272 589/732/272
f 563/771/273 590/750/273 589/732/273 561/770/273
f 563/771/274 566/718/274 565/717/274 590/750/274
f 728/772/275 727/773/275 730/774/275 729/775/275
f 727/773/276 726/776/276 731/777/276 730/774/276
f 773/778/277 772/779/277 775/780/277 774/781/277
f 772/779/278 771/782/278 776/783/278 775/780/278
f 818/784/275 817/785/275 820/786/275 819/787/275
f 817/785/276 816/788/276 821/789/276 820/786/276
f 863/790/277 862/791/277 865/792/277 864/793/277
f 862/791/278 861/794/278 866/795/278 865/792/278
f 858/796/26 818/784/26 638/797/26 641/798/26
f 818/784/27 819/787/27 680/799/27 638/797/27
f 819/787/28 822/800/28 677/801/28 680/799/28
f 822/800/29 825/802/29 674/803/29 677/801/29
f 825/802/30 828/804/30 671/805/30 674/803/30
f 828/804/31 831/806/31 668/807/31 671/805/31
f 831/806/32 834/808/32 665/809/32 668/807/32
f 834/808/33 837/810/33 662/811/33 665/809/33
f 837/810/34 840/812/34 659/813/34 662/811/34
f 840/812/35 843/814/35 656/815/35 659/813/35
f 843/814/36 846/816/36 653/817/36 656/815/36
f 846/818/37 849/819/37 650/820/37 653/821/37
f 849/819/38 852/822/38 647/823/38 650/820/38
f 852/822/39 855/824/39 644/825/39 647/823/39
f 855/824/40 858/796/40 641/798/40 644/825/40
f 681/826/27 684/827/27 813/828/27 773/778/27
f 684/827/28 687/829/28 810/830/28 813/828/28
f 687/829/29 690/831/29 807/832/29 810/830/29
f 690/831/30 693/833/30 804/834/30 807/832/30
f 693/833/31 696/835/31 801/836/31 804/834/31
f 696/835/32 699/837/32 798/838/32 801/836/32
f 699/837/33 702/839/33 795/840/33 798/838/33
f 702/839/34 705/841/34 792/842/34 795/840/34
f 705/841/35 708/843/35 789/844/35 792/842/35
f 708/843/36 711/845/36 786/846/36 789/844/36
f 711/847/37 714/848/37 783/849/37 786/850/37
f 714/848/38 717/851/38 780/852/38 783/849/38
f 717/851/39 720/853/39 777/854/39 780/852/39
f 720/853/40 723/855/40 774/781/40 777/854/40
f 723/855/26 681/826/26 773/778/26 774/781/26
f 639/856/26 636/857/26 863/790/26 864/793/26
f 642/858/40 639/856/40 864/793/40 867/859/40
f 645/860/39 642/858/39 867/859/39 870/861/39
f 648/862/38 645/860/38 870/861/38 873/863/38
f 651/864/37 648/862/37 873/863/37 876/865/37
f 654/866/36 651/867/36 876/868/36 879/869/36
f 657/870/35 654/866/35 879/869/35 882/871/35
f 660/872/34 657/870/34 882/871/34 885/873/34
f 663/874/33 660/872/33 885/873/33 888/875/33
f 666/876/32 663/874/32 888/875/32 891/877/32
f 669/878/31 666/876/31 891/877/31 894/879/31
f 672/880/30 669/878/30 894/879/30 897/881/30
f 675/882/29 672/880/29 897/881/29 900/883/29
f 678/884/28 675/882/28 900/883/28 903/885/28
f 636/857/27 678/884/27 903/885/27 863/790/27
f 728/772/27 729/775/27 686/886/27 683/887/27
f 729/775/28 732/888/28 689/889/28 686/886/28
f 732/888/29 735/890/29 692/891/29 689/889/29
f 735/890/30 738/892/30 695/893/30 692/891/30
f 738/892/31 741/894/31 698/895/31 695/893/31
f 741/894/32 744/896/32 701/897/32 698/895/32
f 744/896/33 747/898/33 704/899/33 701/897/33
f 747/898/34 750/900/34 707/901/34 704/899/34
f 750/900/35 753/902/35 710/903/35 707/901/35
f 753/902/36 756/904/36 713/905/36 710/903/36
f 756/906/37 759/907/37 716/908/37 713/909/37
f 759/907/38 762/910/38 719/911/38 716/908/38
f 762/910/39 765/912/39 722/913/39 719/911/39
f 765/912/40 768/914/40 725/915/40 722/913/40
f 768/914/26 728/772/26 683/887/26 725/915/26
f 96/167/27 97/172/27 731/777/27 726/776/27
f 97/172/28 98/174/28 734/916/28 731/777/28
f 98/174/29 99/176/29 737/917/29 734/916/29
f 99/176/30 100/178/30 740/918/30 737/917/30
f 100/178/31 101/180/31 743/919/31 740/918/31
f 101/180/32 102/182/32 746/920/32 743/919/32
f 102/182/33 103/184/33 749/921/33 746/920/33
f 103/184/34 104/186/34 752/922/34 749/921/34
f 104/186/35 105/188/35 755/923/35 752/922/35
f 105/188/36 106/190/36 758/924/36 755/923/36
f 106/193/37 107/192/37 761/925/37 758/926/37
f 107/192/38 108/195/38 764/927/38 761/925/38
f 108/195/39 109/197/39 767/928/39 764/927/39
f 109/197/40 95/168/40 770/929/40 767/928/40
f 95/168/26 96/167/26 726/776/26 770/929/26
f 776/783/26 771/782/26 593/930/26 635/931/26
f 779/932/40 776/783/40 635/931/40 632/933/40
f 782/934/39 779/932/39 632/933/39 629/935/39
f 785/936/38 782/934/38 629/935/38 626/937/38
f 788/938/37 785/936/37 626/937/37 623/939/37
f 791/940/36 788/941/36 623/942/36 620/943/36
f 794/944/35 791/940/35 620/943/35 617/945/35
f 797/946/34 794/944/34 617/945/34 614/947/34
f 800/948/33 797/946/33 614/947/33 611/949/33
f 803/950/32 800/948/32 611/949/32 608/951/32
f 806/952/31 803/950/31 608/951/31 605/953/31
f 809/954/30 806/952/30 605/953/30 602/955/30
f 812/956/29 809/954/29 602/955/29 599/957/29
f 815/958/28 812/956/28 599/957/28 596/959/28
f 771/782/27 815/958/27 596/959/27 593/930/27
f 591/960/27 594/961/27 821/789/27 816/788/27
f 594/961/28 597/962/28 824/963/28 821/789/28
f 597/962/29 600/964/29 827/965/29 824/963/29
f 600/964/30 603/966/30 830/967/30 827/965/30
f 603/966/31 606/968/31 833/969/31 830/967/31
f 606/968/32 609/970/32 836/971/32 833/969/32
f 609/970/33 612/972/33 839/973/33 836/971/33
f 612/972/34 615/974/34 842/975/34 839/973/34
f 615/974/35 618/976/35 845/977/35 842/975/35
f 618/976/36 621/978/36 848/979/36 845/977/36
f 621/980/37 624/981/37 851/982/37 848/983/37
f 624/981/38 627/984/38 854/985/38 851/982/38
f 627/984/39 630/986/39 857/987/39 854/985/39
f 630/986/40 633/988/40 860/989/40 857/987/40
f 633/988/26 591/960/26 816/788/26 860/989/26
f 866/795/26 861/794/26 110/120/26 111/119/26
f 869/990/40 866/795/40 111/119/40 124/134/40
f 872/991/39 869/990/39 124/134/39 123/133/39
f 875/992/38 872/991/38 123/133/38 122/132/38
f 878/993/37 875/992/37 122/132/37 121/131/37
f 881/994/36 878/995/36 121/130/36 120/129/36
f 884/996/35 881/994/35 120/129/35 119/128/35
f 887/997/34 884/996/34 119/128/34 118/127/34
f 890/998/33 887/997/33 118/127/33 117/126/33
f 893/999/32 890/998/32 117/126/32 116/125/32
f 896/1000/31 893/999/31 116/125/31 115/124/31
f 899/1001/30 896/1000/30 115/124/30 114/123/30
f 902/1002/29 899/1001/29 114/123/29 113/122/29
f 905/1003/28 902/1002/28 113/122/28 112/121/28
f 861/794/27 905/1003/27 112/121/27 110/120/27
f 591/960/275 592/1004/275 595/1005/275 594/961/275
f 592/1004/276 593/930/276 596/959/276 595/1005/276
f 594/961/279 595/1005/279 598/1006/279 597/962/279
f 595/1005/280 596/959/280 599/957/280 598/1006/280
f 597/962/281 598/1006/281 601/1007/281 600/964/281
f 598/1006/282 599/957/282 602/955/282 601/1007/282
f 600/964/283 601/1007/283 604/1008/283 603/966/283
f 601/1007/284 602/955/284 605/953/284 604/1008/284
f 603/966/285 604/1008/285 607/1009/285 606/968/285
f 604/1008/286 605/953/286 608/951/286 607/1009/286
f 606/968/287 607/1009/287 610/1010/287 609/970/287
f 607/1009/288 608/951/288 611/949/288 610/1010/288
f 609/970/289 610/1010/289 613/1011/289 612/972/289
f 610/1010/290 611/949/290 614/947/290 613/1011/290
f 612/972/291 613/1011/291 616/1012/291 615/974/291
f 613/1011/292 614/947/292 617/945/292 616/1012/292
f 615/974/293 616/1012/293 619/1013/293 618/976/293
f 616/1012/294 617/945/294 620/943/294 619/1013/294
f 618/976/295 619/1013/295 622/1014/295 621/978/295
f 619/1013/296 620/943/296 623/942/296 622/1014/296
f 621/980/297 622/1015/297 625/1016/297 624/981/297
f 622/1015/298 623/939/298 626/937/298 625/1016/298
f 624/981/299 625/1016/299 628/1017/299 627/984/299
f 625/1016/300 626/937/300 629/935/300 628/1017/300
f 627/984/301 628/1017/301 631/1018/301 630/986/301
f 628/1017/302 629/935/302 632/933/302 631/1018/302
f 630/986/303 631/1018/303 634/1019/303 633/988/303
f 631/1018/304 632/933/304 635/931/304 634/1019/304
f 593/930/277 592/1004/277 634/1019/277 635/931/277
f 592/1004/278 591/960/278 633/988/278 634/1019/278
f 636/857/275 637/1020/275 679/1021/275 678/884/275
f 637/1020/276 638/797/276 680/799/276 679/1021/276
f 638/797/277 637/1020/277 640/1022/277 641/798/277
f 637/1020/278 636/857/278 639/856/278 640/1022/278
f 641/798/305 640/1022/305 643/1023/305 644/825/305
f 640/1022/306 639/856/306 642/858/306 643/1023/306
f 644/825/302 643/1023/302 646/1024/302 647/823/302
f 643/1023/307 642/858/307 645/860/307 646/1024/307
f 647/823/300 646/1024/300 649/1025/300 650/820/300
f 646/1024/299 645/860/299 648/862/299 649/1025/299
f 650/820/298 649/1025/298 652/1026/298 653/821/298
f 649/1025/297 648/862/297 651/864/297 652/1026/297
f 653/817/296 652/1027/296 655/1028/296 656/815/296
f 652/1027/308 651/867/308 654/866/308 655/1028/308
f 656/815/294 655/1028/294 658/1029/294 659/813/294
f 655/1028/293 654/866/293 657/870/293 658/1029/293
f 659/813/292 658/1029/292 661/1030/292 662/811/292
f 658/1029/291 657/870/291 660/872/291 661/1030/291
f 662/811/290 661/1030/290 664/1031/290 665/809/290
f 661/1030/289 660/872/289 663/874/289 664/1031/289
f 665/809/288 664/1031/288 667/1032/288 668/807/288
f 664/1031/287 663/874/287 666/876/287 667/1032/287
f 668/807/286 667/1032/286 670/1033/286 671/805/286
f 667/1032/285 666/876/285 669/878/285 670/1033/285
f 671/805/284 670/1033/284 673/1034/284 674/803/284
f 670/1033/283 669/878/283 672/880/283 673/1034/283
f 674/803/282 673/1034/282 676/1035/282 677/801/282
f 673/1034/281 672/880/281 675/882/281 676/1035/281
f 677/801/280 676/1035/280 679/1021/280 680/799/280
f 676/1035/309 675/882/309 678/884/309 679/1021/309
f 681/826/275 682/1036/275 685/1037/275 684/827/275
f 682/1036/276 683/887/276 686/886/276 685/1037/276
f 684/827/279 685/1037/279 688/1038/279 687/829/279
f 685/1037/280 686/886/280 689/889/280 688/1038/280
f 687/829/281 688/1038/281 691/1039/281 690/831/281
f 688/1038/282 689/889/282 692/891/282 691/1039/282
f 690/831/283 691/1039/283 694/1040/283 693/833/283
f 691/1039/284 692/891/284 695/893/284 694/1040/284
f 693/833/285 694/1040/285 697/1041/285 696/835/285
f 694/1040/286 695/893/286 698/895/286 697/1041/286
f 696/835/287 697/1041/287 700/1042/287 699/837/287
f 697/1041/288 698/895/288 701/897/288 700/1042/288
f 699/837/289 700/1042/289 703/1043/289 702/839/289
f 700/1042/290 701/897/290 704/899/290 703/1043/290
f 702/839/291 703/1043/291 706/1044/291 705/841/291
f 703/1043/292 704/899/292 707/901/292 706/1044/292
f 705/841/293 706/1044/293 709/1045/293 708/843/293
f 706/1044/294 707/901/294 710/903/294 709/1045/294
f 708/843/295 709/1045/295 712/1046/295 711/845/295
f 709/1045/296 710/903/296 713/905/296 712/1046/296
f 711/847/297 712/1047/297 715/1048/297 714/848/297
f 712/1047/298 713/909/298 716/908/298 715/1048/298
f 714/848/299 715/1048/299 718/1049/299 717/851/299
f 715/1048/300 716/908/300 719/911/300 718/1049/300
f 717/851/301 718/1049/301 721/1050/301 720/853/301
f 718/1049/302 719/911/302 722/913/302 721/1050/302
f 720/853/303 721/1050/303 724/1051/303 723/855/303
f 721/1050/304 722/913/304 725/915/304 724/1051/304
f 683/887/277 682/1036/277 724/1051/277 725/915/277
f 682/1036/278 681/826/278 723/855/278 724/1051/278
f 729/775/279 730/774/279 733/1052/279 732/888/279
f 730/774/280 731/777/280 734/916/280 733/1052/280
f 732/888/281 733/1052/281 736/1053/281 735/890/281
f 733/1052/282 734/916/282 737/917/282 736/1053/282
f 735/890/283 736/1053/283 739/1054/283 738/892/283
f 736/1053/284 737/917/284 740/918/284 739/1054/284
f 738/892/285 739/1054/285 742/1055/285 741/894/285
f 739/1054/286 740/918/286 743/919/286 742/1055/286
f 741/894/287 742/1055/287 745/1056/287 744/896/287
f 742/1055/288 743/919/288 746/920/288 745/1056/288
f 744/896/289 745/1056/289 748/1057/289 747/898/289
f 745/1056/290 746/920/290 749/921/290 748/1057/290
f 747/898/291 748/1057/291 751/1058/291 750/900/291
f 748/1057/292 749/921/292 752/922/292 751/1058/292
f 750/900/293 751/1058/293 754/1059/293 753/902/293
f 751/1058/294 752/922/294 755/923/294 754/1059/294
f 753/902/295 754/1059/295 757/1060/295 756/904/295
f 754/1059/296 755/923/296 758/924/296 757/1060/296
f 756/906/297 757/1061/297 760/1062/297 759/907/297
f 757/1061/298 758/926/298 761/925/298 760/1062/298
f 759/907/299 760/1062/299 763/1063/299 762/910/299
f 760/1062/300 761/925/300 764/927/300 763/1063/300
f 762/910/301 763/1063/301 766/1064/301 765/912/301
f 763/1063/302 764/927/302 767/928/302 766/1064/302
f 765/912/306 766/1064/306 769/1065/306 768/914/306
f 766/1064/305 767/928/305 770/929/305 769/1065/305
f 726/776/277 727/773/277 769/1065/277 770/929/277
f 727/773/278 728/772/278 768/914/278 769/1065/278
f 774/781/305 775/780/305 778/1066/305 777/854/305
f 775/780/306 776/783/306 779/932/306 778/1066/306
f 777/854/302 778/1066/302 781/1067/302 780/852/302
f 778/1066/301 779/932/301 782/934/301 781/1067/301
f 780/852/300 781/1067/300 784/1068/300 783/849/300
f 781/1067/299 782/934/299 785/936/299 784/1068/299
f 783/849/298 784/1068/298 787/1069/298 786/850/298
f 784/1068/297 785/936/297 788/938/297 787/1069/297
f 786/846/296 787/1070/296 790/1071/296 789/844/296
f 787/1070/295 788/941/295 791/940/295 790/1071/295
f 789/844/294 790/1071/294 793/1072/294 792/842/294
f 790/1071/293 791/940/293 794/944/293 793/1072/293
f 792/842/292 793/1072/292 796/1073/292 795/840/292
f 793/1072/291 794/944/291 797/946/291 796/1073/291
f 795/840/290 796/1073/290 799/1074/290 798/838/290
f 796/1073/289 797/946/289 800/948/289 799/1074/289
f 798/838/288 799/1074/288 802/1075/288 801/836/288
f 799/1074/287 800/948/287 803/950/287 802/1075/287
f 801/836/286 802/1075/286 805/1076/286 804/834/286
f 802/1075/285 803/950/285 806/952/285 805/1076/285
f 804/834/284 805/1076/284 808/1077/284 807/832/284
f 805/1076/283 806/952/283 809/954/283 808/1077/283
f 807/832/282 808/1077/282 811/1078/282 810/830/282
f 808/1077/281 809/954/281 812/956/281 811/1078/281
f 810/830/280 811/1078/280 814/1079/280 813/828/280
f 811/1078/279 812/956/279 815/958/279 814/1079/279
f 771/782/275 772/779/275 814/1079/275 815/958/275
f 772/779/276 773/778/276 813/828/276 814/1079/276
f 819/787/279 820/786/279 823/1080/279 822/800/279
f 820/786/280 821/789/280 824/963/280 823/1080/280
f 822/800/281 823/1080/281 826/1081/281 825/802/281
f 823/1080/282 824/963/282 827/965/282 826/1081/282
f 825/802/283 826/1081/283 829/1082/283 828/804/283
f 826/1081/284 827/965/284 830/967/284 829/1082/284
f 828/804/285 829/1082/285 832/1083/285 831/806/285
f 829/1082/286 830/967/286 833/969/286 832/1083/286
f 831/806/287 832/1083/287 835/1084/287 834/808/287
f 832/1083/288 833/969/288 836/971/288 835/1084/288
f 834/808/289 835/1084/289 838/1085/289 837/810/289
f 835/1084/290 836/971/290 839/973/290 838/1085/290
f 837/810/291 838/1085/291 841/1086/291 840/812/291
f 838/1085/292 839/973/292 842/975/292 841/1086/292
f 840/812/293 841/1086/293 844/1087/293 843/814/293
f 841/1086/294 842/975/294 845/977/294 844/1087/294
f 843/814/295 844/1087/295 847/1088/295 846/816/295
f 844/1087/296 845/977/296 848/979/296 847/1088/296
f 846/818/297 847/1089/297 850/1090/297 849/819/297
f 847/1089/298 848/983/298 851/982/298 850/1090/298
f 849/819/299 850/1090/299 853/1091/299 852/822/299
f 850/1090/300 851/982/300 854/985/300 853/1091/300
f 852/822/301 853/1091/301 856/1092/301 855/824/301
f 853/1091/302 854/985/302 857/987/302 856/1092/302
f 855/824/306 856/1092/306 859/1093/306 858/796/306
f 856/1092/304 857/987/304 860/989/304 859/1093/304
f 816/788/277 817/785/277 859/1093/277 860/989/277
f 817/785/278 818/784/278 858/796/278 859/1093/278
f 864/793/304 865/792/304 868/1094/304 867/859/304
f 865/792/306 866/795/306 869/990/306 868/1094/306
f 867/859/310 868/1094/310 871/1095/310 870/861/310
f 868/1094/307 869/990/307 872/991/307 871/1095/307
f 870/861/300 871/1095/300 874/1096/300 873/863/300
f 871/1095/299 872/991/299 875/992/299 874/1096/299
f 873/863/298 874/1096/298 877/1097/298 876/865/298
f 874/1096/297 875/992/297 878/993/297 877/1097/297
f 876/868/311 877/1098/311 880/1099/311 879/869/311
f 877/1098/295 878/995/295 881/994/295 880/1099/295
f 879/869/294 880/1099/294 883/1100/294 882/871/294
f 880/1099/293 881/994/293 884/996/293 883/1100/293
f 882/871/292 883/1100/292 886/1101/292 885/873/292
f 883/1100/291 884/996/291 887/997/291 886/1101/291
f 885/873/290 886/1101/290 889/1102/290 888/875/290
f 886/1101/289 887/997/289 890/998/289 889/1102/289
f 888/875/288 889/1102/288 892/1103/288 891/877/288
f 889/1102/287 890/998/287 893/999/287 892/1103/287
f 891/877/286 892/1103/286 895/1104/286 894/879/286
f 892/1103/285 893/999/285 896/1000/285 895/1104/285
f 894/879/284 895/1104/284 898/1105/284 897/881/284
f 895/1104/283 896/1000/283 899/1001/283 898/1105/283
f 897/881/282 898/1105/282 901/1106/282 900/883/282
f 898/1105/281 899/1001/281 902/1002/281 901/1106/281
f 900/883/312 901/1106/312 904/1107/312 903/885/312
f 901/1106/279 902/1002/279 905/1003/279 904/1107/279
f 861/794/275 862/791/275 904/1107/275 905/1003/275
f 862/791/276 863/790/276 903/885/276 904/1107/276
