# Blender 5.1.1
# www.blender.org
mtllib triforce.mtl
o MasterSwordTrans
v -0.000474 0.211910 0.177375
v -0.000000 0.211910 0.176570
v 0.000473 0.211910 0.177375
v 0.001156 0.211910 0.177934
v 0.000473 0.211910 0.178493
v -0.000000 0.211910 0.179298
v -0.000474 0.211910 0.178493
v -0.001157 0.211910 0.177934
v -0.001652 0.205683 0.175986
v -0.000000 0.205683 0.173177
v 0.001651 0.205683 0.175986
v 0.004032 0.205683 0.177934
v 0.001651 0.205683 0.179882
v -0.000000 0.205683 0.182691
v -0.001652 0.205683 0.179882
v -0.004033 0.205683 0.177934
v -0.000000 0.211910 0.177934
v -0.000000 0.205683 0.177934
v -0.004078 0.167169 0.175793
v -0.002987 0.167169 0.174022
v -0.001380 0.167169 0.172927
v 0.000466 0.167169 0.172699
v 0.002231 0.167169 0.173375
v 0.003610 0.167169 0.174840
v 0.004365 0.167169 0.176839
v 0.004365 0.167169 0.179028
v 0.003610 0.167169 0.181028
v 0.002231 0.167169 0.182493
v 0.000466 0.167169 0.183169
v -0.001380 0.167169 0.182941
v -0.002987 0.167169 0.181846
v -0.004078 0.167169 0.180075
v -0.004463 0.167169 0.177934
v -0.000000 0.167169 0.177934
v -0.007577 0.174484 0.173955
v -0.005550 0.174484 0.170664
v -0.005550 0.172278 0.170664
v -0.007577 0.172278 0.173955
v -0.002563 0.174484 0.168630
v -0.002563 0.172278 0.168630
v 0.000866 0.174484 0.168205
v 0.000866 0.172278 0.168205
v 0.004147 0.174484 0.169462
v 0.004147 0.172278 0.169462
v 0.006709 0.174484 0.172184
v 0.006709 0.172278 0.172184
v 0.008112 0.174484 0.175900
v 0.008112 0.172278 0.175900
v 0.008112 0.174484 0.179968
v 0.008112 0.172278 0.179968
v 0.006709 0.174484 0.183684
v 0.006709 0.172278 0.183684
v 0.004147 0.174484 0.186406
v 0.004147 0.172278 0.186406
v 0.000866 0.174484 0.187663
v 0.000866 0.172278 0.187663
v -0.002563 0.174484 0.187238
v -0.002563 0.172278 0.187238
v -0.005550 0.174484 0.185204
v -0.005550 0.172278 0.185204
v -0.007577 0.174484 0.181913
v -0.007577 0.172278 0.181913
v -0.008294 0.174484 0.177934
v -0.008294 0.172278 0.177934
v -0.004078 0.176182 0.175793
v -0.002987 0.176182 0.174022
v -0.001380 0.176182 0.172927
v 0.000466 0.176182 0.172699
v 0.002231 0.176182 0.173375
v 0.003610 0.176182 0.174840
v 0.004365 0.176182 0.176839
v 0.004365 0.176182 0.179028
v 0.003610 0.176182 0.181028
v 0.002231 0.176182 0.182493
v 0.000466 0.176182 0.183169
v -0.001380 0.176182 0.182941
v -0.002987 0.176182 0.181846
v -0.004078 0.176182 0.180075
v -0.004463 0.176182 0.177934
v -0.004078 0.177342 0.175793
v -0.002987 0.177342 0.174022
v -0.001380 0.177342 0.172927
v 0.000466 0.177342 0.172699
v 0.002231 0.177342 0.173375
v 0.003610 0.177342 0.174840
v 0.004365 0.177342 0.176839
v 0.004365 0.177342 0.179028
v 0.003610 0.177342 0.181028
v 0.002231 0.177342 0.182493
v 0.000466 0.177342 0.183169
v -0.001380 0.177342 0.182941
v -0.002987 0.177342 0.181846
v -0.004078 0.177342 0.180075
v -0.004463 0.177342 0.177934
v -0.003244 0.200060 0.176231
v -0.002376 0.200060 0.174822
v -0.001098 0.200060 0.173951
v 0.000371 0.200060 0.173769
v 0.001775 0.200060 0.174307
v 0.002872 0.200060 0.175472
v 0.003472 0.200060 0.177063
v 0.003472 0.200060 0.178805
v 0.002872 0.200060 0.180396
v 0.001775 0.200060 0.181561
v 0.000371 0.200060 0.182099
v -0.001098 0.200060 0.181917
v -0.002376 0.200060 0.181046
v -0.003244 0.200060 0.179637
v -0.003551 0.200060 0.177934
v -0.002376 0.177342 0.174822
v -0.003244 0.177342 0.176231
v -0.001098 0.177342 0.173951
v 0.000371 0.177342 0.173769
v 0.001775 0.177342 0.174307
v 0.002872 0.177342 0.175472
v 0.003472 0.177342 0.177063
v 0.003472 0.177342 0.178805
v 0.002872 0.177342 0.180396
v 0.001775 0.177342 0.181561
v 0.000371 0.177342 0.182099
v -0.001098 0.177342 0.181917
v -0.002376 0.177342 0.181046
v -0.003244 0.177342 0.179637
v -0.003551 0.177342 0.177934
v -0.003776 0.200060 0.175951
v -0.002766 0.200060 0.174311
v -0.003776 0.200751 0.175951
v -0.002766 0.200751 0.174311
v -0.001278 0.200060 0.173298
v -0.001278 0.200751 0.173298
v 0.000432 0.200060 0.173086
v 0.000432 0.200751 0.173086
v 0.002066 0.200060 0.173712
v 0.002066 0.200751 0.173712
v 0.003343 0.200060 0.175069
v 0.003343 0.200751 0.175069
v 0.004042 0.200060 0.176920
v 0.004042 0.200751 0.176920
v 0.004042 0.200060 0.178947
v 0.004042 0.200751 0.178947
v 0.003343 0.200060 0.180799
v 0.003343 0.200751 0.180799
v 0.002066 0.200060 0.182156
v 0.002066 0.200751 0.182156
v 0.000432 0.200060 0.182782
v 0.000432 0.200751 0.182782
v -0.001278 0.200060 0.182570
v -0.001278 0.200751 0.182570
v -0.002766 0.200060 0.181557
v -0.002766 0.200751 0.181557
v -0.003776 0.200060 0.179917
v -0.003776 0.200751 0.179917
v -0.004133 0.200060 0.177934
v -0.004133 0.200751 0.177934
v -0.003238 0.202983 0.173683
v -0.004423 0.202983 0.175607
v -0.001491 0.202983 0.172494
v 0.000514 0.202983 0.172245
v 0.002432 0.202983 0.172980
v 0.003931 0.202983 0.174572
v 0.004751 0.202983 0.176745
v 0.004751 0.202983 0.179123
v 0.003931 0.202983 0.181296
v 0.002432 0.202983 0.182888
v 0.000514 0.202983 0.183623
v -0.001491 0.202983 0.183374
v -0.003238 0.202983 0.182185
v -0.004423 0.202983 0.180261
v -0.004842 0.202983 0.177934
v -0.003238 0.203652 0.173683
v -0.004423 0.203652 0.175607
v -0.001491 0.203652 0.172494
v 0.000514 0.203652 0.172245
v 0.002432 0.203652 0.172980
v 0.003931 0.203652 0.174572
v 0.004751 0.203652 0.176745
v 0.004751 0.203652 0.179123
v 0.003931 0.203652 0.181296
v 0.002432 0.203652 0.182888
v 0.000514 0.203652 0.183623
v -0.001491 0.203652 0.183374
v -0.003238 0.203652 0.182185
v -0.004423 0.203652 0.180261
v -0.004842 0.203652 0.177934
v -0.003238 0.203652 0.173683
v -0.004423 0.203652 0.175607
v -0.001491 0.203652 0.172494
v 0.000514 0.203652 0.172245
v 0.002432 0.203652 0.172980
v 0.003931 0.203652 0.174572
v 0.004751 0.203652 0.176745
v 0.004751 0.203652 0.179123
v 0.003931 0.203652 0.181296
v 0.002432 0.203652 0.182888
v 0.000514 0.203652 0.183623
v -0.001491 0.203652 0.183374
v -0.003238 0.203652 0.182185
v -0.004423 0.203652 0.180261
v -0.004842 0.203652 0.177934
v -0.000000 0.205884 0.177934
v -0.002775 0.205884 0.174299
v -0.003789 0.205884 0.175944
v -0.001282 0.205884 0.173282
v 0.000433 0.205884 0.173069
v 0.002073 0.205884 0.173698
v 0.003355 0.205884 0.175059
v 0.004056 0.205884 0.176917
v 0.004056 0.205884 0.178951
v 0.003355 0.205884 0.180809
v 0.002073 0.205884 0.182170
v 0.000433 0.205884 0.182799
v -0.001282 0.205884 0.182586
v -0.002775 0.205884 0.181569
v -0.003789 0.205884 0.179924
v -0.004148 0.205884 0.177934
v -0.013067 0.171929 0.175923
v -0.013067 0.172520 0.176400
v -0.013067 0.173335 0.175923
v -0.013067 0.174647 0.177934
v -0.013067 0.173335 0.179945
v -0.013067 0.172520 0.179468
v -0.013067 0.171929 0.179945
v -0.013067 0.170583 0.177934
v -0.009801 0.167395 0.174713
v -0.009801 0.168547 0.175477
v -0.009801 0.169857 0.174713
v -0.009801 0.172026 0.177934
v -0.009801 0.169857 0.181155
v -0.009801 0.168547 0.180390
v -0.009801 0.167395 0.181155
v -0.009801 0.165936 0.177934
v -0.006534 0.165383 0.174532
v -0.006534 0.166535 0.175339
v -0.006534 0.167637 0.174532
v -0.006534 0.170172 0.177934
v -0.006534 0.167637 0.181336
v -0.006534 0.166535 0.180529
v -0.006534 0.165383 0.181336
v -0.006534 0.163344 0.177934
v -0.003267 0.164584 0.174212
v -0.003267 0.165665 0.175095
v -0.003267 0.167114 0.174212
v -0.003267 0.169262 0.177934
v -0.003267 0.167114 0.181656
v -0.003267 0.165665 0.180773
v -0.003267 0.164584 0.181656
v -0.003267 0.162290 0.177934
v -0.000000 0.164584 0.174212
v -0.000000 0.165665 0.175095
v -0.000000 0.167114 0.174212
v -0.000000 0.169262 0.177934
v -0.000000 0.167114 0.181656
v -0.000000 0.165665 0.180773
v -0.000000 0.164584 0.181656
v -0.000000 0.162290 0.177934
v 0.003266 0.164584 0.174212
v 0.003266 0.165665 0.175095
v 0.003266 0.167114 0.174212
v 0.003266 0.169262 0.177934
v 0.003266 0.167114 0.181656
v 0.003266 0.165665 0.180773
v 0.003266 0.164584 0.181656
v 0.003266 0.162290 0.177934
v 0.006533 0.165383 0.174532
v 0.006533 0.166535 0.175339
v 0.006533 0.167637 0.174532
v 0.006533 0.170172 0.177934
v 0.006533 0.167637 0.181336
v 0.006533 0.166535 0.180529
v 0.006533 0.165383 0.181336
v 0.006533 0.163344 0.177934
v 0.009800 0.167395 0.174713
v 0.009800 0.168547 0.175477
v 0.009800 0.169857 0.174713
v 0.009800 0.172026 0.177934
v 0.009800 0.169857 0.181155
v 0.009800 0.168547 0.180390
v 0.009800 0.167395 0.181155
v 0.009800 0.165936 0.177934
v 0.013067 0.171929 0.175923
v 0.013067 0.172520 0.176400
v 0.013067 0.173335 0.175923
v 0.013067 0.174647 0.177934
v 0.013067 0.173335 0.179945
v 0.013067 0.172520 0.179468
v 0.013067 0.171929 0.179945
v 0.013067 0.170583 0.177934
v -0.013067 0.172229 0.177934
v 0.013067 0.172229 0.177934
v 0.007774 0.166864 0.176929
v 0.008319 0.167518 0.177934
v 0.008929 0.165783 0.176900
v 0.009565 0.166387 0.177934
v 0.010028 0.164620 0.176683
v 0.010874 0.165240 0.177934
v 0.010939 0.163323 0.176508
v 0.011963 0.163919 0.177934
v 0.011677 0.161925 0.176295
v 0.012920 0.162496 0.177934
v 0.012192 0.160422 0.176108
v 0.013631 0.160933 0.177934
v 0.012460 0.159271 0.176016
v 0.013999 0.159218 0.177934
v 0.010922 0.159413 0.177934
v 0.012460 0.159271 0.179851
v 0.010746 0.160144 0.177934
v 0.012192 0.160422 0.179760
v 0.010414 0.161342 0.177934
v 0.011677 0.161925 0.179573
v 0.009892 0.162712 0.177934
v 0.010939 0.163323 0.179360
v 0.009171 0.163993 0.177934
v 0.010028 0.164620 0.179185
v 0.008256 0.165156 0.177934
v 0.008929 0.165783 0.178968
v 0.007229 0.166209 0.177934
v 0.007774 0.166864 0.178939
v 0.011094 0.169521 0.176530
v 0.011855 0.170436 0.177934
v 0.012708 0.168011 0.176489
v 0.013595 0.168856 0.177934
v 0.014242 0.166387 0.176186
v 0.015425 0.167254 0.177934
v 0.015515 0.164575 0.175943
v 0.016945 0.165409 0.177934
v 0.016546 0.162623 0.175644
v 0.018283 0.163420 0.177934
v 0.017265 0.160523 0.175384
v 0.019275 0.161237 0.177934
v 0.017640 0.158915 0.175256
v 0.019789 0.158842 0.177934
v 0.015491 0.159115 0.177934
v 0.017640 0.158915 0.180612
v 0.015246 0.160135 0.177934
v 0.017265 0.160523 0.180484
v 0.014782 0.161809 0.177934
v 0.016546 0.162623 0.180224
v 0.014052 0.163723 0.177934
v 0.015515 0.164575 0.179925
v 0.013046 0.165512 0.177934
v 0.014242 0.166387 0.179682
v 0.011767 0.167136 0.177934
v 0.012708 0.168011 0.179379
v 0.010333 0.168606 0.177934
v 0.011094 0.169521 0.179337
v 0.009233 0.168195 0.176731
v 0.009885 0.168979 0.177934
v 0.010615 0.166901 0.176696
v 0.011376 0.167625 0.177934
v 0.011930 0.165509 0.176436
v 0.012943 0.166252 0.177934
v 0.013020 0.163957 0.176228
v 0.014246 0.164672 0.177934
v 0.013904 0.162284 0.175972
v 0.015392 0.162968 0.177934
v 0.014520 0.160485 0.175749
v 0.016242 0.161097 0.177934
v 0.014841 0.159108 0.175639
v 0.016682 0.159045 0.177934
v 0.013000 0.159279 0.177934
v 0.014841 0.159108 0.180229
v 0.012790 0.160153 0.177934
v 0.014520 0.160485 0.180119
v 0.012392 0.161587 0.177934
v 0.013904 0.162284 0.179896
v 0.011767 0.163227 0.177934
v 0.013020 0.163957 0.179640
v 0.010905 0.164760 0.177934
v 0.011930 0.165509 0.179431
v 0.009809 0.166151 0.177934
v 0.010615 0.166901 0.179172
v 0.008581 0.167411 0.177934
v 0.009233 0.168195 0.179137
v -0.000000 0.167145 0.181917
v -0.000000 0.167145 0.173951
v -0.002147 0.164283 0.181917
v -0.002147 0.164283 0.173951
v 0.002146 0.164283 0.181917
v 0.002146 0.164283 0.173951
v 0.001609 0.164283 0.173158
v -0.000000 0.166430 0.173158
v 0.001073 0.164283 0.173951
v -0.000000 0.165714 0.173951
v -0.000000 0.164283 0.172355
v -0.000000 0.162852 0.173951
v -0.001074 0.164283 0.173951
v -0.000000 0.162137 0.173158
v -0.001610 0.164283 0.173158
v 0.001609 0.164283 0.182710
v -0.000000 0.166430 0.182710
v 0.001073 0.164283 0.181917
v -0.000000 0.165714 0.181917
v -0.000000 0.164283 0.183513
v -0.000000 0.162852 0.181917
v -0.001074 0.164283 0.181917
v -0.000000 0.162137 0.182710
v -0.001610 0.164283 0.182710
v 0.000402 0.161958 0.181917
v 0.000402 0.161958 0.173951
v -0.000403 0.161958 0.181917
v -0.000403 0.161958 0.173951
v -0.000000 0.161958 0.182511
v -0.000000 0.161958 0.173357
v -0.000403 0.160167 0.181917
v -0.000000 0.159630 0.181917
v -0.000403 0.160167 0.173951
v -0.000000 0.159630 0.173951
v -0.000000 0.160167 0.173357
v 0.000402 0.160167 0.173951
v -0.000000 0.160167 0.182511
v 0.000402 0.160167 0.181917
v -0.007775 0.166862 0.178939
v -0.008320 0.167517 0.177934
v -0.008930 0.165781 0.178968
v -0.009565 0.166386 0.177934
v -0.010028 0.164618 0.179185
v -0.010875 0.165239 0.177934
v -0.010939 0.163321 0.179360
v -0.011963 0.163918 0.177934
v -0.011678 0.161923 0.179573
v -0.012921 0.162494 0.177934
v -0.012193 0.160420 0.179760
v -0.013631 0.160932 0.177934
v -0.012461 0.159269 0.179851
v -0.013999 0.159217 0.177934
v -0.010923 0.159412 0.177934
v -0.012461 0.159269 0.176016
v -0.010747 0.160143 0.177934
v -0.012193 0.160420 0.176108
v -0.010415 0.161341 0.177934
v -0.011678 0.161923 0.176295
v -0.009893 0.162711 0.177934
v -0.010939 0.163321 0.176508
v -0.009172 0.163992 0.177934
v -0.010028 0.164618 0.176683
v -0.008256 0.165155 0.177934
v -0.008930 0.165781 0.176900
v -0.007230 0.166207 0.177934
v -0.007775 0.166862 0.176929
v -0.011095 0.169520 0.179337
v -0.011856 0.170434 0.177934
v -0.012709 0.168010 0.179379
v -0.013596 0.168854 0.177934
v -0.014243 0.166385 0.179682
v -0.015425 0.167252 0.177934
v -0.015515 0.164574 0.179925
v -0.016946 0.165407 0.177934
v -0.016546 0.162621 0.180224
v -0.018283 0.163419 0.177934
v -0.017266 0.160522 0.180484
v -0.019275 0.161236 0.177934
v -0.017641 0.158914 0.180612
v -0.019789 0.158841 0.177934
v -0.015492 0.159113 0.177934
v -0.017641 0.158914 0.175256
v -0.015247 0.160134 0.177934
v -0.017266 0.160522 0.175384
v -0.014782 0.161808 0.177934
v -0.016546 0.162621 0.175644
v -0.014053 0.163721 0.177934
v -0.015515 0.164574 0.175943
v -0.013046 0.165510 0.177934
v -0.014243 0.166385 0.176186
v -0.011768 0.167135 0.177934
v -0.012709 0.168010 0.176489
v -0.010334 0.168605 0.177934
v -0.011095 0.169520 0.176530
v -0.009233 0.168194 0.179137
v -0.009885 0.168978 0.177934
v -0.010616 0.166900 0.179172
v -0.011376 0.167624 0.177934
v -0.011930 0.165508 0.179431
v -0.012944 0.166251 0.177934
v -0.013021 0.163956 0.179640
v -0.014246 0.164670 0.177934
v -0.013904 0.162283 0.179896
v -0.015392 0.162966 0.177934
v -0.014521 0.160484 0.180119
v -0.016242 0.161096 0.177934
v -0.014842 0.159106 0.180229
v -0.016683 0.159044 0.177934
v -0.013001 0.159277 0.177934
v -0.014842 0.159106 0.175639
v -0.012790 0.160152 0.177934
v -0.014521 0.160484 0.175749
v -0.012393 0.161586 0.177934
v -0.013904 0.162283 0.175972
v -0.011768 0.163226 0.177934
v -0.013021 0.163956 0.176228
v -0.010905 0.164758 0.177934
v -0.011930 0.165508 0.176436
v -0.009810 0.166150 0.177934
v -0.010616 0.166900 0.176696
v -0.008581 0.167410 0.177934
v -0.009233 0.168194 0.176731
v 0.003619 0.165377 0.180828
v -0.003620 0.165377 0.180828
v 0.003619 0.165377 0.175040
v -0.003620 0.165377 0.175040
v -0.005665 0.165377 0.177934
v 0.005664 0.165377 0.177934
v 0.003619 0.157717 0.180828
v -0.003620 0.157717 0.180828
v -0.003620 0.157717 0.175040
v 0.003619 0.157717 0.175040
v -0.000000 0.160525 0.180828
v -0.000000 0.160525 0.175040
v 0.004130 0.157191 0.175763
v -0.004131 0.157191 0.175763
v 0.004130 0.157191 0.180105
v -0.004131 0.157191 0.180105
v 0.005664 0.157191 0.177934
v -0.005665 0.157191 0.177934
v 0.004451 0.157191 0.175763
v 0.005985 0.157191 0.177934
v 0.005985 0.155284 0.177934
v 0.004451 0.155285 0.175763
v 0.004451 0.157191 0.180105
v 0.004451 0.155285 0.180105
v -0.004452 0.157191 0.175763
v -0.005986 0.157191 0.177934
v -0.004452 0.155285 0.175763
v -0.005986 0.155284 0.177934
v -0.004452 0.157191 0.180105
v -0.004452 0.155285 0.180105
v 0.003841 0.157191 0.175763
v 0.003841 0.155285 0.175763
v 0.003841 0.155285 0.180105
v 0.003841 0.157191 0.180105
v -0.003842 0.157191 0.175763
v -0.003842 0.155285 0.175763
v -0.003842 0.157191 0.180105
v -0.003842 0.155285 0.180105
v 0.003607 0.165377 0.180566
v -0.003608 0.165377 0.180566
v 0.003607 0.057001 0.180566
v -0.003608 0.057001 0.180566
v 0.003607 0.057001 0.175302
v -0.003608 0.057001 0.175302
v 0.003607 0.165377 0.175302
v -0.003608 0.165377 0.175302
v 0.007245 0.057001 0.177934
v -0.007245 0.057001 0.177934
v -0.005429 0.165377 0.177934
v 0.005429 0.165377 0.177934
v -0.000000 0.049791 0.180566
v -0.000000 0.043876 0.177934
v -0.000000 0.049791 0.175302
v 0.002749 0.053241 0.175302
v -0.002750 0.053241 0.175302
v -0.002750 0.053241 0.180566
v 0.002749 0.053241 0.180566
v -0.005001 0.049965 0.177934
v 0.005000 0.049965 0.177934
v 0.003607 0.131492 0.180566
v 0.007245 0.131492 0.177934
v 0.003607 0.131492 0.175302
v -0.003608 0.131492 0.180566
v -0.007245 0.131492 0.177934
v -0.003608 0.131492 0.175302
v 0.009451 0.135094 0.177934
v -0.009452 0.135094 0.177934
v 0.009451 0.142378 0.177934
v -0.009452 0.142378 0.177934
v 0.003607 0.145968 0.180566
v 0.005429 0.145994 0.177934
v 0.003607 0.145968 0.175302
v -0.003608 0.145968 0.180566
v -0.005429 0.145994 0.177934
v -0.003608 0.145968 0.175302
v 0.003607 0.135142 0.175302
v -0.003608 0.135142 0.175302
v -0.003608 0.135094 0.180566
v 0.003607 0.135094 0.180566
v -0.003608 0.142359 0.175302
v 0.003607 0.142359 0.175302
v 0.003607 0.142378 0.180566
v -0.003608 0.142378 0.180566
v -0.000000 0.165377 0.177934
v -0.000000 0.057001 0.180566
v -0.000000 0.057001 0.175302
v -0.000000 0.165377 0.177934
v 0.006529 0.135094 0.175321
v 0.006529 0.142378 0.175321
v -0.006530 0.135094 0.175321
v -0.006530 0.142378 0.175321
v -0.006530 0.142378 0.180547
v -0.006530 0.135094 0.180547
v 0.006529 0.135094 0.180547
v 0.006529 0.142378 0.180547
v -0.002376 0.187991 0.174822
v -0.002244 0.188701 0.174998
v -0.002376 0.189411 0.174822
v -0.001098 0.187991 0.173951
v -0.001038 0.188701 0.174177
v -0.001098 0.189411 0.173951
v 0.000371 0.187991 0.173769
v 0.000347 0.188701 0.174005
v 0.000371 0.189411 0.173769
v 0.001775 0.187991 0.174307
v 0.001672 0.188701 0.174513
v 0.001775 0.189411 0.174307
v 0.002872 0.187991 0.175472
v 0.002707 0.188701 0.175612
v 0.002872 0.189411 0.175472
v 0.003472 0.187991 0.177063
v 0.003273 0.188701 0.177113
v 0.003472 0.189411 0.177063
v 0.003472 0.187991 0.178805
v 0.003273 0.188701 0.178755
v 0.003472 0.189411 0.178805
v 0.002872 0.187991 0.180396
v 0.002707 0.188701 0.180256
v 0.002872 0.189411 0.180396
v 0.001775 0.187991 0.181561
v 0.001672 0.188701 0.181355
v 0.001775 0.189411 0.181561
v 0.000371 0.187991 0.182099
v 0.000347 0.188701 0.181863
v 0.000371 0.189411 0.182099
v -0.001098 0.187991 0.181917
v -0.001038 0.188701 0.181691
v -0.001098 0.189411 0.181917
v -0.002376 0.187991 0.181046
v -0.002244 0.188701 0.180870
v -0.002376 0.189411 0.181046
v -0.003244 0.187991 0.179637
v -0.003062 0.188701 0.179541
v -0.003244 0.189411 0.179637
v -0.003551 0.187991 0.177934
v -0.003352 0.188701 0.177934
v -0.003551 0.189411 0.177934
v -0.003244 0.187991 0.176231
v -0.003062 0.188701 0.176327
v -0.003244 0.189411 0.176231
v -0.002376 0.182312 0.174822
v -0.002244 0.183022 0.174998
v -0.002376 0.183732 0.174822
v -0.003244 0.182312 0.176231
v -0.003062 0.183022 0.176327
v -0.003244 0.183732 0.176231
v -0.003551 0.182312 0.177934
v -0.003352 0.183022 0.177934
v -0.003551 0.183732 0.177934
v -0.003244 0.182312 0.179637
v -0.003062 0.183022 0.179541
v -0.003244 0.183732 0.179637
v -0.002376 0.182312 0.181046
v -0.002244 0.183022 0.180870
v -0.002376 0.183732 0.181046
v -0.001098 0.182312 0.181917
v -0.001038 0.183022 0.181691
v -0.001098 0.183732 0.181917
v 0.000371 0.182312 0.182099
v 0.000347 0.183022 0.181863
v 0.000371 0.183732 0.182099
v 0.001775 0.182312 0.181561
v 0.001672 0.183022 0.181355
v 0.001775 0.183732 0.181561
v 0.002872 0.182312 0.180396
v 0.002707 0.183022 0.180256
v 0.002872 0.183732 0.180396
v 0.003472 0.182312 0.178805
v 0.003273 0.183022 0.178755
v 0.003472 0.183732 0.178805
v 0.003472 0.182312 0.177063
v 0.003273 0.183022 0.177113
v 0.003472 0.183732 0.177063
v 0.002872 0.182312 0.175472
v 0.002707 0.183022 0.175612
v 0.002872 0.183732 0.175472
v 0.001775 0.182312 0.174307
v 0.001672 0.183022 0.174513
v 0.001775 0.183732 0.174307
v 0.000371 0.182312 0.173769
v 0.000347 0.183022 0.174005
v 0.000371 0.183732 0.173769
v -0.001098 0.182312 0.173951
v -0.001038 0.183022 0.174177
v -0.001098 0.183732 0.173951
v -0.002376 0.193671 0.174822
v -0.002244 0.194381 0.174998
v -0.002376 0.195091 0.174822
v -0.001098 0.193671 0.173951
v -0.001038 0.194381 0.174177
v -0.001098 0.195091 0.173951
v 0.000371 0.193671 0.173769
v 0.000347 0.194381 0.174005
v 0.000371 0.195091 0.173769
v 0.001775 0.193671 0.174307
v 0.001672 0.194381 0.174513
v 0.001775 0.195091 0.174307
v 0.002872 0.193671 0.175472
v 0.002707 0.194381 0.175612
v 0.002872 0.195091 0.175472
v 0.003472 0.193671 0.177063
v 0.003273 0.194381 0.177113
v 0.003472 0.195091 0.177063
v 0.003472 0.193671 0.178805
v 0.003273 0.194381 0.178755
v 0.003472 0.195091 0.178805
v 0.002872 0.193671 0.180396
v 0.002707 0.194381 0.180256
v 0.002872 0.195091 0.180396
v 0.001775 0.193671 0.181561
v 0.001672 0.194381 0.181355
v 0.001775 0.195091 0.181561
v 0.000371 0.193671 0.182099
v 0.000347 0.194381 0.181863
v 0.000371 0.195091 0.182099
v -0.001098 0.193671 0.181917
v -0.001038 0.194381 0.181691
v -0.001098 0.195091 0.181917
v -0.002376 0.193671 0.181046
v -0.002244 0.194381 0.180870
v -0.002376 0.195091 0.181046
v -0.003244 0.193671 0.179637
v -0.003062 0.194381 0.179541
v -0.003244 0.195091 0.179637
v -0.003551 0.193671 0.177934
v -0.003352 0.194381 0.177934
v -0.003551 0.195091 0.177934
v -0.003244 0.193671 0.176231
v -0.003062 0.194381 0.176327
v -0.003244 0.195091 0.176231
v -0.002376 0.197930 0.174822
v -0.002244 0.197221 0.174998
v -0.002376 0.196511 0.174822
v -0.001098 0.196511 0.173951
v -0.001038 0.197221 0.174177
v -0.001098 0.197930 0.173951
v 0.000371 0.196511 0.173769
v 0.000347 0.197221 0.174005
v 0.000371 0.197930 0.173769
v 0.001775 0.196511 0.174307
v 0.001672 0.197221 0.174513
v 0.001775 0.197930 0.174307
v 0.002872 0.196511 0.175472
v 0.002707 0.197221 0.175612
v 0.002872 0.197930 0.175472
v 0.003472 0.196511 0.177063
v 0.003273 0.197221 0.177113
v 0.003472 0.197930 0.177063
v 0.003472 0.196511 0.178805
v 0.003273 0.197221 0.178755
v 0.003472 0.197930 0.178805
v 0.002872 0.196511 0.180396
v 0.002707 0.197221 0.180256
v 0.002872 0.197930 0.180396
v 0.001775 0.196511 0.181561
v 0.001672 0.197221 0.181355
v 0.001775 0.197930 0.181561
v 0.000371 0.196511 0.182099
v 0.000347 0.197221 0.181863
v 0.000371 0.197930 0.182099
v -0.001098 0.196511 0.181917
v -0.001038 0.197221 0.181691
v -0.001098 0.197930 0.181917
v -0.002376 0.196511 0.181046
v -0.002244 0.197221 0.180870
v -0.002376 0.197930 0.181046
v -0.003244 0.196511 0.179637
v -0.003062 0.197221 0.179541
v -0.003244 0.197930 0.179637
v -0.003551 0.196511 0.177934
v -0.003352 0.197221 0.177934
v -0.003551 0.197930 0.177934
v -0.003244 0.196511 0.176231
v -0.003062 0.197221 0.176327
v -0.003244 0.197930 0.176231
v -0.002376 0.190831 0.174822
v -0.002244 0.191541 0.174998
v -0.002376 0.192251 0.174822
v -0.003244 0.192251 0.176231
v -0.003062 0.191541 0.176327
v -0.003244 0.190831 0.176231
v -0.003551 0.192251 0.177934
v -0.003352 0.191541 0.177934
v -0.003551 0.190831 0.177934
v -0.003244 0.192251 0.179637
v -0.003062 0.191541 0.179541
v -0.003244 0.190831 0.179637
v -0.002376 0.192251 0.181046
v -0.002244 0.191541 0.180870
v -0.002376 0.190831 0.181046
v -0.001098 0.192251 0.181917
v -0.001038 0.191541 0.181691
v -0.001098 0.190831 0.181917
v 0.000371 0.192251 0.182099
v 0.000347 0.191541 0.181863
v 0.000371 0.190831 0.182099
v 0.001775 0.192251 0.181561
v 0.001672 0.191541 0.181355
v 0.001775 0.190831 0.181561
v 0.002872 0.192251 0.180396
v 0.002707 0.191541 0.180256
v 0.002872 0.190831 0.180396
v 0.003472 0.192251 0.178805
v 0.003273 0.191541 0.178755
v 0.003472 0.190831 0.178805
v 0.003472 0.192251 0.177063
v 0.003273 0.191541 0.177113
v 0.003472 0.190831 0.177063
v 0.002872 0.192251 0.175472
v 0.002707 0.191541 0.175612
v 0.002872 0.190831 0.175472
v 0.001775 0.192251 0.174307
v 0.001672 0.191541 0.174513
v 0.001775 0.190831 0.174307
v 0.000371 0.192251 0.173769
v 0.000347 0.191541 0.174005
v 0.000371 0.190831 0.173769
v -0.001098 0.192251 0.173951
v -0.001038 0.191541 0.174177
v -0.001098 0.190831 0.173951
v -0.002376 0.186571 0.174822
v -0.002244 0.185861 0.174998
v -0.002376 0.185152 0.174822
v -0.001098 0.185152 0.173951
v -0.001038 0.185861 0.174177
v -0.001098 0.186571 0.173951
v 0.000371 0.185152 0.173769
v 0.000347 0.185861 0.174005
v 0.000371 0.186571 0.173769
v 0.001775 0.185152 0.174307
v 0.001672 0.185861 0.174513
v 0.001775 0.186571 0.174307
v 0.002872 0.185152 0.175472
v 0.002707 0.185861 0.175612
v 0.002872 0.186571 0.175472
v 0.003472 0.185152 0.177063
v 0.003273 0.185861 0.177113
v 0.003472 0.186571 0.177063
v 0.003472 0.185152 0.178805
v 0.003273 0.185861 0.178755
v 0.003472 0.186571 0.178805
v 0.002872 0.185152 0.180396
v 0.002707 0.185861 0.180256
v 0.002872 0.186571 0.180396
v 0.001775 0.185152 0.181561
v 0.001672 0.185861 0.181355
v 0.001775 0.186571 0.181561
v 0.000371 0.185152 0.182099
v 0.000347 0.185861 0.181863
v 0.000371 0.186571 0.182099
v -0.001098 0.185152 0.181917
v -0.001038 0.185861 0.181691
v -0.001098 0.186571 0.181917
v -0.002376 0.185152 0.181046
v -0.002244 0.185861 0.180870
v -0.002376 0.186571 0.181046
v -0.003244 0.185152 0.179637
v -0.003062 0.185861 0.179541
v -0.003244 0.186571 0.179637
v -0.003551 0.185152 0.177934
v -0.003352 0.185861 0.177934
v -0.003551 0.186571 0.177934
v -0.003244 0.185152 0.176231
v -0.003062 0.185861 0.176327
v -0.003244 0.186571 0.176231
v -0.002376 0.179472 0.174822
v -0.002244 0.180182 0.174998
v -0.002376 0.180892 0.174822
v -0.003244 0.180892 0.176231
v -0.003062 0.180182 0.176327
v -0.003244 0.179472 0.176231
v -0.003551 0.180892 0.177934
v -0.003352 0.180182 0.177934
v -0.003551 0.179472 0.177934
v -0.003244 0.180892 0.179637
v -0.003062 0.180182 0.179541
v -0.003244 0.179472 0.179637
v -0.002376 0.180892 0.181046
v -0.002244 0.180182 0.180870
v -0.002376 0.179472 0.181046
v -0.001098 0.180892 0.181917
v -0.001038 0.180182 0.181691
v -0.001098 0.179472 0.181917
v 0.000371 0.180892 0.182099
v 0.000347 0.180182 0.181863
v 0.000371 0.179472 0.182099
v 0.001775 0.180892 0.181561
v 0.001672 0.180182 0.181355
v 0.001775 0.179472 0.181561
v 0.002872 0.180892 0.180396
v 0.002707 0.180182 0.180256
v 0.002872 0.179472 0.180396
v 0.003472 0.180892 0.178805
v 0.003273 0.180182 0.178755
v 0.003472 0.179472 0.178805
v 0.003472 0.180892 0.177063
v 0.003273 0.180182 0.177113
v 0.003472 0.179472 0.177063
v 0.002872 0.180892 0.175472
v 0.002707 0.180182 0.175612
v 0.002872 0.179472 0.175472
v 0.001775 0.180892 0.174307
v 0.001672 0.180182 0.174513
v 0.001775 0.179472 0.174307
v 0.000371 0.180892 0.173769
v 0.000347 0.180182 0.174005
v 0.000371 0.179472 0.173769
v -0.001098 0.180892 0.173951
v -0.001038 0.180182 0.174177
v -0.001098 0.179472 0.173951
vn -0.8309 0.2662 -0.4886
vn 0.8309 0.2662 -0.4886
vn 0.6077 0.2807 -0.7429
vn 0.6077 0.2807 0.7429
vn 0.8309 0.2662 0.4886
vn -0.8309 0.2662 0.4886
vn -0.6077 0.2807 0.7429
vn -0.6077 0.2807 -0.7429
vn -0.0000 1.0000 -0.0000
vn -0.0000 -1.0000 -0.0000
vn -0.6740 -0.6110 -0.4152
vn -0.4340 -0.6367 -0.6374
vn -0.0931 -0.6535 -0.7512
vn 0.2728 -0.6474 -0.7117
vn 0.5691 -0.6237 -0.5358
vn 0.7481 -0.6006 -0.2824
vn 0.8064 -0.5914 -0.0000
vn 0.7481 -0.6006 0.2824
vn 0.5691 -0.6237 0.5358
vn 0.2728 -0.6474 0.7117
vn -0.0931 -0.6535 0.7512
vn -0.4340 -0.6367 0.6374
vn -0.6740 -0.6110 0.4152
vn -0.7919 -0.5938 0.1427
vn -0.7919 -0.5938 -0.1427
vn -0.8514 -0.0000 -0.5245
vn -0.5629 -0.0000 -0.8265
vn -0.1230 -0.0000 -0.9924
vn 0.3579 -0.0000 -0.9338
vn 0.7281 -0.0000 -0.6855
vn 0.9356 -0.0000 -0.3531
vn 1.0000 -0.0000 -0.0000
vn 0.9356 -0.0000 0.3531
vn 0.7281 -0.0000 0.6855
vn 0.3579 -0.0000 0.9338
vn -0.1230 -0.0000 0.9924
vn -0.5629 -0.0000 0.8265
vn -0.8514 -0.0000 0.5245
vn -0.9841 -0.0000 0.1773
vn -0.9841 -0.0000 -0.1773
vn -0.3366 0.9185 -0.2074
vn -0.2101 0.9277 -0.3086
vn -0.0442 0.9333 -0.3565
vn 0.1304 0.9313 -0.3402
vn 0.2798 0.9232 -0.2635
vn 0.3785 0.9145 -0.1429
vn 0.4126 0.9109 -0.0000
vn 0.3785 0.9145 0.1429
vn 0.2798 0.9232 0.2635
vn 0.1304 0.9313 0.3402
vn -0.0442 0.9333 0.3565
vn -0.2101 0.9277 0.3086
vn -0.3366 0.9185 0.2074
vn -0.4040 0.9118 0.0728
vn -0.4040 0.9118 -0.0728
vn -0.8091 -0.3114 -0.4984
vn -0.5310 -0.3318 -0.7797
vn -0.1154 -0.3465 -0.9309
vn 0.3362 -0.3430 -0.8771
vn 0.6884 -0.3256 -0.6482
vn 0.8897 -0.3091 -0.3358
vn 0.9531 -0.3028 -0.0000
vn 0.8897 -0.3091 0.3358
vn 0.6884 -0.3256 0.6482
vn 0.3362 -0.3430 0.8771
vn -0.1154 -0.3465 0.9309
vn -0.5310 -0.3318 0.7797
vn -0.8091 -0.3114 0.4984
vn -0.9393 -0.2984 0.1693
vn -0.9393 -0.2984 -0.1693
vn -0.0000 -0.0000 1.0000
vn -0.0000 -0.0000 -0.0000
vn -0.8107 0.3057 -0.4993
vn -0.5322 0.3258 -0.7814
vn -0.1157 0.3403 -0.9332
vn 0.3370 0.3369 -0.8792
vn 0.6898 0.3198 -0.6495
vn 0.8914 0.3035 -0.3365
vn 0.9548 0.2972 -0.0000
vn 0.8914 0.3035 0.3365
vn 0.6898 0.3198 0.6495
vn 0.3370 0.3369 0.8792
vn -0.1157 0.3403 0.9332
vn -0.5322 0.3258 0.7814
vn -0.8107 0.3057 0.4993
vn -0.9410 0.2929 0.1696
vn -0.9410 0.2929 -0.1696
vn 0.4397 0.5211 -0.7315
vn -0.6507 -0.3830 -0.6557
vn 0.5593 0.6902 -0.4592
vn 0.5593 0.6902 0.4592
vn -0.6507 -0.3830 0.6557
vn 0.4397 0.5211 0.7315
vn -0.7984 -0.5307 0.2844
vn -0.7984 -0.5307 -0.2844
vn 0.2932 0.5388 -0.7897
vn -0.3671 -0.5077 -0.7794
vn 0.4417 0.7315 -0.5194
vn 0.4417 0.7315 0.5194
vn -0.3671 -0.5077 0.7794
vn 0.2932 0.5388 0.7898
vn -0.5367 -0.7461 0.3940
vn -0.5367 -0.7461 -0.3940
vn 0.0851 0.6016 -0.7942
vn -0.1864 -0.5426 -0.8190
vn 0.1544 0.8257 -0.5426
vn 0.1544 0.8257 0.5426
vn -0.1864 -0.5426 0.8190
vn 0.0851 0.6016 0.7942
vn -0.2587 -0.8253 0.5019
vn -0.2587 -0.8253 -0.5019
vn -0.0000 0.6330 -0.7741
vn -0.0000 -0.5203 -0.8540
vn -0.0000 0.8662 -0.4997
vn -0.0000 0.8662 0.4997
vn -0.0000 -0.5203 0.8540
vn -0.0000 0.6330 0.7741
vn -0.0000 -0.8513 0.5247
vn -0.0000 -0.8513 -0.5247
vn -0.0851 0.6016 -0.7942
vn 0.1864 -0.5426 -0.8190
vn -0.1544 0.8257 -0.5426
vn -0.1544 0.8257 0.5426
vn 0.1864 -0.5426 0.8190
vn -0.0851 0.6016 0.7942
vn 0.2587 -0.8253 0.5019
vn 0.2587 -0.8253 -0.5019
vn -0.2932 0.5388 -0.7897
vn 0.3671 -0.5077 -0.7794
vn -0.4417 0.7315 -0.5194
vn -0.4417 0.7315 0.5194
vn 0.3671 -0.5077 0.7794
vn -0.2932 0.5388 0.7898
vn 0.5367 -0.7461 0.3940
vn 0.5367 -0.7461 -0.3940
vn -0.4397 0.5211 -0.7315
vn 0.6507 -0.3830 -0.6557
vn -0.5593 0.6902 -0.4592
vn -0.5593 0.6902 0.4592
vn 0.6507 -0.3830 0.6557
vn -0.4397 0.5211 0.7315
vn 0.7984 -0.5307 0.2844
vn 0.7984 -0.5307 -0.2844
vn -1.0000 -0.0000 -0.0000
vn 0.5130 0.5653 -0.6460
vn 0.5022 0.5834 -0.6383
vn 0.5910 0.4940 -0.6377
vn 0.6385 0.4320 -0.6369
vn 0.6990 0.3183 -0.6404
vn 0.7573 0.1882 -0.6254
vn -0.0634 -0.9980 -0.0000
vn -0.7702 -0.1515 0.6195
vn -0.7497 -0.1915 0.6335
vn -0.7133 -0.2750 0.6446
vn -0.6639 -0.3766 0.6460
vn -0.6010 -0.4593 0.6541
vn -0.5328 -0.5357 0.6551
vn -0.7687 0.6396 -0.0000
vn 0.5130 0.5653 0.6460
vn 0.5022 0.5834 0.6383
vn 0.5910 0.4940 0.6377
vn 0.6385 0.4320 0.6369
vn 0.6990 0.3183 0.6404
vn 0.7573 0.1882 0.6254
vn -0.5328 -0.5357 -0.6551
vn -0.6010 -0.4593 -0.6541
vn -0.6639 -0.3766 -0.6460
vn -0.7133 -0.2750 -0.6446
vn -0.7497 -0.1915 -0.6335
vn -0.7702 -0.1515 -0.6195
vn 0.5129 0.5653 -0.6460
vn 0.6385 0.4320 -0.6370
vn 0.5129 0.5653 0.6460
vn 0.6385 0.4320 0.6370
vn -0.8000 0.6000 -0.0000
vn -0.8000 -0.6000 -0.0000
vn 0.8000 -0.6000 -0.0000
vn 0.8000 0.6000 -0.0000
vn 0.7035 -0.5276 -0.4761
vn 0.7035 0.5276 -0.4761
vn -0.7035 0.5276 -0.4761
vn -0.7035 -0.5276 -0.4761
vn 0.7046 0.5284 -0.4736
vn 0.7046 -0.5284 -0.4736
vn -0.7046 -0.5284 -0.4736
vn 0.7035 0.5276 0.4761
vn -0.7035 -0.5276 0.4761
vn 0.7046 0.5284 0.4736
vn -0.7046 0.5284 0.4736
vn -0.7046 -0.5284 0.4736
vn -0.7035 0.5276 0.4761
vn 0.7035 -0.5276 0.4761
vn -0.7046 0.5284 -0.4736
vn 0.7046 -0.5284 0.4736
vn 0.8282 -0.0000 -0.5605
vn -0.8282 -0.0000 0.5605
vn 0.8282 -0.0000 0.5605
vn -0.8282 -0.0000 -0.5605
vn -0.5129 0.5653 0.6460
vn -0.5022 0.5834 0.6383
vn -0.5910 0.4940 0.6377
vn -0.6385 0.4320 0.6370
vn -0.6990 0.3183 0.6404
vn -0.7573 0.1882 0.6254
vn 0.0634 -0.9980 -0.0000
vn 0.7702 -0.1515 -0.6195
vn 0.7497 -0.1915 -0.6335
vn 0.7133 -0.2750 -0.6446
vn 0.6639 -0.3766 -0.6460
vn 0.6010 -0.4593 -0.6541
vn 0.5328 -0.5357 -0.6551
vn 0.7687 0.6396 -0.0000
vn -0.5129 0.5653 -0.6460
vn -0.5022 0.5834 -0.6383
vn -0.5910 0.4940 -0.6377
vn -0.6385 0.4320 -0.6370
vn -0.6990 0.3183 -0.6404
vn -0.7573 0.1882 -0.6254
vn 0.5328 -0.5357 0.6551
vn 0.6010 -0.4593 0.6541
vn 0.6639 -0.3766 0.6460
vn 0.7133 -0.2750 0.6446
vn 0.7497 -0.1915 0.6335
vn 0.7702 -0.1515 0.6195
vn 0.0633 -0.9980 -0.0000
vn -0.5130 0.5653 0.6460
vn -0.5130 0.5653 -0.6460
vn -0.8167 -0.0000 0.5770
vn -0.8167 -0.0000 -0.5770
vn -0.0000 -0.0000 -1.0000
vn 0.8167 -0.0000 -0.5770
vn 0.8167 -0.0000 0.5770
vn -0.0000 1.0000 0.0003
vn -0.0000 1.0000 -0.0003
vn 0.0003 -1.0000 -0.0000
vn -0.6130 -0.7901 -0.0000
vn 0.6130 -0.7901 -0.0000
vn -0.7167 -0.6973 -0.0000
vn 0.7167 -0.6973 -0.0000
vn -0.0003 -1.0000 -0.0000
vn 0.4442 -0.3609 -0.8200
vn -0.5862 -0.0000 -0.8102
vn 0.8223 -0.0000 -0.5691
vn 0.6013 -0.1728 0.7801
vn -0.5862 -0.0000 0.8102
vn 0.8223 -0.0000 0.5691
vn -0.4442 -0.3609 0.8200
vn -0.6013 -0.1728 -0.7801
vn -0.6013 -0.1728 0.7801
vn 0.4442 -0.3609 0.8200
vn 0.6013 -0.1728 -0.7801
vn -0.4442 -0.3609 -0.8200
vn 0.5862 -0.0000 0.8102
vn 0.5862 -0.0000 -0.8102
vn 0.0064 -0.0000 1.0000
vn 0.5711 -0.4048 -0.7142
vn -0.0064 -0.0000 1.0000
vn 0.6666 -0.0000 -0.7454
vn 0.6029 0.5797 -0.5482
vn -0.8223 -0.0000 0.5691
vn -0.8223 -0.0000 -0.5691
vn -0.0064 -0.0000 -1.0000
vn -0.0000 -1.0000 0.0003
vn -0.0000 -1.0000 -0.0003
vn 0.0064 -0.0000 -1.0000
vn -0.5711 -0.4048 -0.7142
vn -0.6666 -0.0000 -0.7454
vn -0.6029 0.5797 -0.5482
vn -0.6029 0.5797 0.5482
vn -0.6666 -0.0000 0.7454
vn -0.5711 -0.4048 0.7142
vn 0.5711 -0.4048 0.7142
vn 0.6666 -0.0000 0.7454
vn 0.6029 0.5797 0.5482
vn -0.5375 0.2967 -0.7893
vn -0.5375 -0.2967 -0.7893
vn -0.8179 -0.2780 -0.5038
vn -0.8179 0.2780 -0.5038
vn -0.1170 0.3102 -0.9435
vn -0.1170 -0.3102 -0.9435
vn 0.3406 0.3069 -0.8887
vn 0.3406 -0.3069 -0.8887
vn 0.6965 0.2910 -0.6558
vn 0.6965 -0.2910 -0.6558
vn 0.8992 0.2759 -0.3394
vn 0.8992 -0.2759 -0.3394
vn 0.9628 0.2702 -0.0000
vn 0.9628 -0.2702 -0.0000
vn 0.8992 0.2759 0.3394
vn 0.8992 -0.2759 0.3394
vn 0.6965 0.2910 0.6558
vn 0.6965 -0.2910 0.6558
vn 0.3406 0.3069 0.8887
vn 0.3406 -0.3069 0.8887
vn -0.1170 0.3102 0.9435
vn -0.1170 -0.3102 0.9435
vn -0.5375 0.2967 0.7893
vn -0.5375 -0.2967 0.7893
vn -0.8179 0.2780 0.5038
vn -0.8179 -0.2780 0.5038
vn -0.9486 0.2662 0.1709
vn -0.9486 -0.2662 0.1709
vn -0.9486 0.2662 -0.1709
vn -0.9486 -0.2662 -0.1709
vn -0.9486 -0.2662 -0.1710
vn -0.9486 0.2662 -0.1710
vn -0.9486 0.2662 0.1710
vn -0.1170 0.3101 0.9435
vn -0.1170 0.3101 -0.9435
vn -0.9486 -0.2662 0.1710
vn -0.1170 -0.3101 0.9435
vn -0.1170 -0.3101 -0.9435
vt 0.948425 0.404306
vt 0.942700 0.401944
vt 0.909638 0.353955
vt 0.914207 0.333698
vt 0.940534 0.409888
vt 0.893033 0.370517
vt 0.935034 0.415572
vt 0.885399 0.390376
vt 0.939334 0.422563
vt 0.869808 0.401119
vt 0.968773 0.408063
vt 0.965651 0.400509
vt 0.976704 0.346246
vt 0.994618 0.340009
vt 0.957760 0.401539
vt 0.956468 0.339963
vt 0.950094 0.398369
vt 0.933207 0.342028
vt 0.946056 0.414410
vt 0.958122 0.408706
vt 0.873356 0.358077
vt 0.958366 0.316621
vt 0.425788 0.383925
vt 0.408271 0.383618
vt 0.408971 0.330100
vt 0.427277 0.330636
vt 0.443350 0.384159
vt 0.445041 0.330990
vt 0.460922 0.384224
vt 0.462528 0.331131
vt 0.478489 0.384084
vt 0.479943 0.331059
vt 0.496048 0.383749
vt 0.497464 0.330792
vt 0.513597 0.383272
vt 0.515287 0.330369
vt 0.531123 0.382761
vt 0.533656 0.329861
vt 0.548590 0.382408
vt 0.552922 0.329409
vt 0.565899 0.382540
vt 0.573610 0.329305
vt 0.582809 0.383736
vt 0.596496 0.330216
vt 0.598715 0.387118
vt 0.622411 0.334122
vt 0.357116 0.384909
vt 0.341507 0.388092
vt 0.319129 0.333417
vt 0.345803 0.329597
vt 0.373733 0.383665
vt 0.368973 0.329064
vt 0.390872 0.383422
vt 0.389734 0.329483
vt 0.628563 0.459328
vt 0.619580 0.471693
vt 0.594986 0.444378
vt 0.606344 0.479334
vt 0.591144 0.480932
vt 0.576608 0.476209
vt 0.565251 0.465982
vt 0.559034 0.452020
vt 0.559034 0.436737
vt 0.565251 0.422775
vt 0.576608 0.412548
vt 0.591144 0.407825
vt 0.606344 0.409423
vt 0.619580 0.417064
vt 0.628563 0.429429
vt 0.631741 0.444378
vt 0.409302 0.311830
vt 0.427415 0.312240
vt 0.444970 0.312520
vt 0.462243 0.312635
vt 0.479443 0.312581
vt 0.496761 0.312370
vt 0.514401 0.312030
vt 0.532617 0.311618
vt 0.551756 0.311230
vt 0.572321 0.311020
vt 0.595079 0.311051
vt 0.621423 0.310265
vt 0.320610 0.309918
vt 0.346766 0.310961
vt 0.369672 0.311045
vt 0.390244 0.311374
vt 0.414086 0.277858
vt 0.430573 0.278033
vt 0.446869 0.278148
vt 0.463061 0.278189
vt 0.479228 0.278142
vt 0.495439 0.278000
vt 0.511759 0.277761
vt 0.528250 0.277412
vt 0.544946 0.276911
vt 0.561815 0.276106
vt 0.578618 0.274515
vt 0.594542 0.270758
vt 0.347362 0.273432
vt 0.363302 0.276266
vt 0.380313 0.277225
vt 0.397332 0.277620
vt 0.415774 0.268070
vt 0.431442 0.268244
vt 0.447102 0.268355
vt 0.462755 0.268398
vt 0.478407 0.268365
vt 0.494062 0.268249
vt 0.509720 0.268041
vt 0.525370 0.267724
vt 0.540975 0.267259
vt 0.556448 0.266537
vt 0.571659 0.265190
vt 0.586567 0.261631
vt 0.354340 0.263710
vt 0.369292 0.266417
vt 0.384556 0.267380
vt 0.400117 0.267815
vt 0.417365 0.260421
vt 0.432305 0.260636
vt 0.447405 0.260770
vt 0.462588 0.260827
vt 0.477793 0.260801
vt 0.492962 0.260686
vt 0.508034 0.260473
vt 0.522934 0.260145
vt 0.537560 0.259674
vt 0.551775 0.259024
vt 0.565407 0.258161
vt 0.578239 0.257163
vt 0.361758 0.258134
vt 0.374686 0.259006
vt 0.388397 0.259659
vt 0.402684 0.260110
vt 0.437447 0.062434
vt 0.423976 0.062005
vt 0.423513 0.056167
vt 0.437043 0.056605
vt 0.450938 0.062727
vt 0.450553 0.056888
vt 0.464437 0.062916
vt 0.464057 0.057060
vt 0.477946 0.063015
vt 0.477571 0.057148
vt 0.491468 0.063040
vt 0.491112 0.057180
vt 0.504940 0.063085
vt 0.504665 0.057288
vt 0.518472 0.062945
vt 0.518315 0.057111
vt 0.531999 0.062647
vt 0.532005 0.056796
vt 0.545524 0.062195
vt 0.545815 0.056358
vt 0.559104 0.061573
vt 0.559877 0.055737
vt 0.573157 0.060933
vt 0.574321 0.055066
vt 0.383383 0.059663
vt 0.369325 0.058971
vt 0.367762 0.052899
vt 0.382246 0.053684
vt 0.396919 0.060643
vt 0.396257 0.054693
vt 0.410486 0.061441
vt 0.409921 0.055565
vt 0.437755 0.067213
vt 0.424320 0.066805
vt 0.521065 0.463102
vt 0.543731 0.437929
vt 0.552010 0.449324
vt 0.451229 0.067515
vt 0.531533 0.430887
vt 0.464719 0.067719
vt 0.517525 0.429414
vt 0.478212 0.067831
vt 0.504129 0.433767
vt 0.491692 0.067868
vt 0.493662 0.443192
vt 0.505147 0.067853
vt 0.487933 0.456059
vt 0.518563 0.067746
vt 0.487933 0.470145
vt 0.531912 0.067475
vt 0.493662 0.483012
vt 0.545148 0.067032
vt 0.504129 0.492437
vt 0.558194 0.066403
vt 0.517525 0.496790
vt 0.570920 0.065526
vt 0.531533 0.495317
vt 0.384689 0.064645
vt 0.371998 0.063652
vt 0.543731 0.488274
vt 0.397714 0.065538
vt 0.552010 0.476879
vt 0.410954 0.066275
vt 0.554939 0.463102
vt 0.424582 0.036789
vt 0.438339 0.037065
vt 0.451907 0.037203
vt 0.465382 0.037256
vt 0.478813 0.037237
vt 0.492224 0.037124
vt 0.505572 0.036663
vt 0.518882 0.037240
vt 0.532682 0.037028
vt 0.546939 0.036774
vt 0.561955 0.036162
vt 0.578195 0.035081
vt 0.364758 0.031057
vt 0.380882 0.033492
vt 0.396037 0.035121
vt 0.410477 0.036314
vt 0.424355 0.031248
vt 0.438061 0.031457
vt 0.451602 0.031550
vt 0.465052 0.031567
vt 0.478458 0.031515
vt 0.491849 0.031366
vt 0.505309 0.030943
vt 0.518763 0.031478
vt 0.532414 0.031344
vt 0.546635 0.031212
vt 0.561690 0.030658
vt 0.578056 0.029160
vt 0.365341 0.024689
vt 0.381232 0.027864
vt 0.396140 0.029610
vt 0.410490 0.030709
vt 0.424355 0.031248
vt 0.438062 0.031457
vt 0.451603 0.031549
vt 0.465052 0.031566
vt 0.478457 0.031515
vt 0.491849 0.031365
vt 0.505309 0.030942
vt 0.518763 0.031478
vt 0.532413 0.031343
vt 0.546635 0.031211
vt 0.561691 0.030658
vt 0.578055 0.029159
vt 0.365342 0.024688
vt 0.381232 0.027863
vt 0.396140 0.029608
vt 0.410490 0.030708
vt 0.424981 0.011685
vt 0.438169 0.011816
vt 0.451444 0.011804
vt 0.464788 0.011735
vt 0.478205 0.011607
vt 0.491730 0.011375
vt 0.505446 0.011007
vt 0.519388 0.010881
vt 0.533196 0.011458
vt 0.546997 0.011598
vt 0.560958 0.011202
vt 0.575141 0.009486
vt 0.371233 0.004883
vt 0.385016 0.008223
vt 0.398560 0.010188
vt 0.411812 0.011312
vt 0.802695 0.221418
vt 0.803077 0.227629
vt 0.767433 0.205415
vt 0.766556 0.195825
vt 0.802503 0.235711
vt 0.766820 0.216645
vt 0.803473 0.253898
vt 0.766597 0.244091
vt 0.860478 0.179189
vt 0.842695 0.183191
vt 0.814855 0.154025
vt 0.841216 0.146424
vt 0.835030 0.185902
vt 0.804170 0.157558
vt 0.828920 0.187181
vt 0.794676 0.159222
vt 0.811184 0.200794
vt 0.775840 0.173851
vt 0.739045 0.191386
vt 0.741516 0.181222
vt 0.736406 0.201114
vt 0.729807 0.231531
vt 0.792027 0.128837
vt 0.819491 0.114659
vt 0.783366 0.133813
vt 0.774239 0.138745
vt 0.753526 0.156517
vt 0.715307 0.177059
vt 0.719699 0.168011
vt 0.709608 0.188345
vt 0.695989 0.216725
vt 0.773074 0.105911
vt 0.796406 0.086644
vt 0.763674 0.114264
vt 0.756129 0.120822
vt 0.735773 0.142360
vt 0.692904 0.162817
vt 0.699336 0.154529
vt 0.684963 0.173054
vt 0.665851 0.197239
vt 0.752030 0.085728
vt 0.771145 0.061546
vt 0.744088 0.095965
vt 0.737655 0.104253
vt 0.718496 0.129391
vt 0.673318 0.144519
vt 0.680863 0.137960
vt 0.663919 0.152873
vt 0.640590 0.172143
vt 0.727384 0.070437
vt 0.741006 0.042059
vt 0.721685 0.081722
vt 0.717293 0.090770
vt 0.701219 0.116421
vt 0.653626 0.124970
vt 0.662753 0.120037
vt 0.644965 0.129947
vt 0.617503 0.144129
vt 0.700586 0.057667
vt 0.707187 0.027252
vt 0.697947 0.067395
vt 0.695475 0.077559
vt 0.683465 0.102264
vt 0.632821 0.101226
vt 0.642315 0.099561
vt 0.622137 0.104760
vt 0.595777 0.112365
vt 0.670172 0.042137
vt 0.670397 0.014691
vt 0.669559 0.053367
vt 0.670435 0.062957
vt 0.661151 0.084931
vt 0.601959 0.072885
vt 0.608070 0.071605
vt 0.594294 0.075597
vt 0.576512 0.079602
vt 0.634489 0.023070
vt 0.633520 0.004883
vt 0.633914 0.031152
vt 0.634296 0.037363
vt 0.625806 0.057989
vt 0.314455 0.010562
vt 0.316075 0.004883
vt 0.323143 0.017278
vt 0.307158 0.012285
vt 0.307812 0.030006
vt 0.325110 0.033909
vt 0.328146 0.027054
vt 0.334026 0.026506
vt 0.333582 0.008612
vt 0.152788 0.005571
vt 0.157851 0.008610
vt 0.156096 0.019451
vt 0.164356 0.004883
vt 0.175987 0.018268
vt 0.166024 0.032937
vt 0.159123 0.030007
vt 0.154456 0.033625
vt 0.142553 0.020256
vt 0.367674 0.482873
vt 0.360830 0.477532
vt 0.362669 0.466765
vt 0.373191 0.469912
vt 0.364882 0.453804
vt 0.377149 0.456898
vt 0.367036 0.441191
vt 0.381088 0.444092
vt 0.369151 0.428809
vt 0.384891 0.431177
vt 0.371101 0.417389
vt 0.387646 0.417452
vt 0.372877 0.406990
vt 0.389133 0.406424
vt 0.357730 0.401061
vt 0.376195 0.387565
vt 0.337227 0.407049
vt 0.355473 0.411957
vt 0.337086 0.413842
vt 0.353517 0.425819
vt 0.337317 0.425590
vt 0.352818 0.439264
vt 0.338473 0.439496
vt 0.352284 0.452651
vt 0.339766 0.453344
vt 0.351698 0.466241
vt 0.341143 0.467012
vt 0.352600 0.480299
vt 0.342354 0.480247
vt 0.358925 0.488685
vt 0.377357 0.486225
vt 0.382892 0.474142
vt 0.388728 0.461706
vt 0.394543 0.449072
vt 0.400249 0.436338
vt 0.404366 0.425333
vt 0.406487 0.418878
vt 0.813771 0.406894
vt 0.804211 0.399432
vt 0.806779 0.384394
vt 0.821477 0.388790
vt 0.809871 0.366290
vt 0.827005 0.370611
vt 0.812880 0.348672
vt 0.832507 0.352724
vt 0.815834 0.331376
vt 0.837819 0.334685
vt 0.818558 0.315426
vt 0.841668 0.315513
vt 0.821038 0.300900
vt 0.843745 0.300110
vt 0.799881 0.292619
vt 0.825672 0.273768
vt 0.771242 0.300983
vt 0.796728 0.307838
vt 0.771045 0.310471
vt 0.793996 0.327201
vt 0.771368 0.326881
vt 0.793020 0.345981
vt 0.772983 0.346305
vt 0.792274 0.364680
vt 0.774788 0.365647
vt 0.791455 0.383662
vt 0.776712 0.384738
vt 0.792716 0.403298
vt 0.778404 0.403225
vt 0.801550 0.415011
vt 0.827296 0.411575
vt 0.835027 0.394697
vt 0.843178 0.377327
vt 0.851301 0.359680
vt 0.859271 0.341893
vt 0.865021 0.326521
vt 0.867984 0.317505
vt 0.933353 0.118951
vt 0.925161 0.112558
vt 0.927362 0.099672
vt 0.939956 0.103439
vt 0.930011 0.084160
vt 0.944693 0.087862
vt 0.932589 0.069064
vt 0.949407 0.072536
vt 0.935120 0.054244
vt 0.953958 0.057079
vt 0.937454 0.040577
vt 0.957256 0.040652
vt 0.939580 0.028131
vt 0.959036 0.027454
vt 0.921452 0.021035
vt 0.943550 0.004883
vt 0.896913 0.028202
vt 0.918750 0.034076
vt 0.896744 0.036332
vt 0.916409 0.050666
vt 0.897020 0.050392
vt 0.915573 0.066758
vt 0.898404 0.067035
vt 0.914933 0.082780
vt 0.899951 0.083609
vt 0.914231 0.099045
vt 0.901600 0.099967
vt 0.915312 0.115870
vt 0.903049 0.115808
vt 0.922881 0.125906
vt 0.944942 0.122962
vt 0.951566 0.108501
vt 0.958550 0.093617
vt 0.965510 0.078496
vt 0.972339 0.063255
vt 0.977266 0.050084
vt 0.979806 0.042359
vt 0.641249 0.280563
vt 0.615419 0.264946
vt 0.655121 0.219989
vt 0.673602 0.241077
vt 0.673604 0.310746
vt 0.669464 0.307050
vt 0.704630 0.262446
vt 0.709235 0.265632
vt 0.710834 0.335635
vt 0.689391 0.323899
vt 0.725599 0.277663
vt 0.740994 0.294225
vt 0.730068 0.355813
vt 0.767443 0.309110
vt 0.715926 0.264700
vt 0.713415 0.269360
vt 0.765575 0.299813
vt 0.744929 0.289597
vt 0.739960 0.272620
vt 0.748938 0.284722
vt 0.730927 0.272881
vt 0.763274 0.290747
vt 0.757605 0.273744
vt 0.695222 0.237361
vt 0.681467 0.231463
vt 0.690295 0.220604
vt 0.721055 0.356792
vt 0.706942 0.340304
vt 0.712033 0.357174
vt 0.702967 0.345206
vt 0.694383 0.356248
vt 0.633343 0.290127
vt 0.624474 0.300949
vt 0.619113 0.283594
vt 0.642438 0.302885
vt 0.688554 0.339331
vt 0.686157 0.330308
vt 0.685627 0.328047
vt 0.672944 0.219246
vt 0.697366 0.248356
vt 0.693440 0.252383
vt 0.637358 0.285249
vt 0.617020 0.274365
vt 0.666909 0.311684
vt 0.664053 0.219348
vt 0.677461 0.236364
vt 0.696988 0.246152
vt 0.651803 0.303195
vt 0.678167 0.313904
vt 0.674287 0.317407
vt 0.728669 0.272994
vt 0.657345 0.298683
vt 0.654140 0.303218
vt 0.708533 0.258954
vt 0.470452 0.478534
vt 0.462030 0.476421
vt 0.459352 0.465833
vt 0.470247 0.464449
vt 0.456127 0.453085
vt 0.468595 0.450947
vt 0.452988 0.440681
vt 0.467011 0.437643
vt 0.449907 0.428503
vt 0.465258 0.424294
vt 0.447066 0.417272
vt 0.462219 0.410629
vt 0.444479 0.407044
vt 0.459113 0.399944
vt 0.428229 0.407758
vt 0.439646 0.387940
vt 0.411907 0.421536
vt 0.430577 0.418634
vt 0.414529 0.427804
vt 0.434402 0.432100
vt 0.419497 0.438452
vt 0.439208 0.444677
vt 0.426186 0.450698
vt 0.444141 0.457133
vt 0.432976 0.462836
vt 0.449109 0.469797
vt 0.439770 0.474775
vt 0.455627 0.482284
vt 0.446237 0.486386
vt 0.464805 0.487390
vt 0.480662 0.477677
vt 0.480830 0.464387
vt 0.481129 0.450654
vt 0.481330 0.436747
vt 0.481390 0.422793
vt 0.480698 0.411064
vt 0.480024 0.404303
vt 0.882021 0.120299
vt 0.869906 0.119753
vt 0.863290 0.106007
vt 0.877818 0.101077
vt 0.855324 0.089458
vt 0.871795 0.083056
vt 0.847573 0.073354
vt 0.865920 0.065289
vt 0.839963 0.057543
vt 0.859802 0.047506
vt 0.832945 0.042963
vt 0.851835 0.029649
vt 0.826554 0.029684
vt 0.844607 0.015889
vt 0.804511 0.035188
vt 0.814617 0.004883
vt 0.786009 0.058594
vt 0.810756 0.049421
vt 0.791344 0.066443
vt 0.819743 0.066787
vt 0.801112 0.079633
vt 0.829825 0.082662
vt 0.813678 0.094532
vt 0.840047 0.098337
vt 0.826353 0.109254
vt 0.850374 0.114286
vt 0.838979 0.123702
vt 0.862775 0.129562
vt 0.851066 0.137793
vt 0.876760 0.133994
vt 0.895758 0.116281
vt 0.892285 0.098045
vt 0.888869 0.079164
vt 0.885269 0.060074
vt 0.881464 0.040958
vt 0.877248 0.025096
vt 0.874442 0.016030
vt 0.679502 0.449112
vt 0.669423 0.446583
vt 0.666216 0.433910
vt 0.679257 0.432254
vt 0.662357 0.418654
vt 0.677280 0.416094
vt 0.658601 0.403808
vt 0.675384 0.400172
vt 0.654914 0.389233
vt 0.673286 0.384196
vt 0.651513 0.375791
vt 0.669649 0.367841
vt 0.648416 0.363550
vt 0.665931 0.355052
vt 0.628967 0.364404
vt 0.642632 0.340686
vt 0.609433 0.380894
vt 0.631778 0.377421
vt 0.612571 0.388396
vt 0.636356 0.393538
vt 0.618517 0.401140
vt 0.642108 0.408590
vt 0.626523 0.415797
vt 0.648012 0.423499
vt 0.634649 0.430324
vt 0.653957 0.438655
vt 0.642781 0.444613
vt 0.661758 0.453601
vt 0.650520 0.458510
vt 0.672744 0.459712
vt 0.691722 0.448086
vt 0.691922 0.432181
vt 0.692281 0.415744
vt 0.692521 0.399100
vt 0.692593 0.382400
vt 0.691764 0.368361
vt 0.690957 0.360270
vt 0.004883 0.004883
vt 0.829793 0.269889
vt 0.869892 0.237667
vt 0.882463 0.275010
vt 0.902986 0.145955
vt 0.966717 0.173091
vt 0.901055 0.166165
vt 0.899661 0.186517
vt 0.962341 0.199552
vt 0.918402 0.231247
vt 0.903414 0.193746
vt 0.970025 0.247706
vt 0.981619 0.271751
vt 0.913651 0.276913
vt 0.915262 0.268914
vt 0.934537 0.319772
vt 0.928013 0.315122
vt 0.992290 0.296449
vt 0.631455 0.175961
vt 0.632513 0.204061
vt 0.600801 0.203489
vt 0.619003 0.187477
vt 0.579802 0.181240
vt 0.593035 0.161876
vt 0.598235 0.176867
vt 0.751112 0.385328
vt 0.737097 0.404163
vt 0.732594 0.388921
vt 0.730866 0.362026
vt 0.699242 0.388685
vt 0.698905 0.360632
vt 0.712160 0.377369
vt 0.632729 0.171679
vt 0.635101 0.200216
vt 0.579505 0.176905
vt 0.594934 0.157191
vt 0.599303 0.176582
vt 0.751199 0.389715
vt 0.734891 0.408725
vt 0.731557 0.389227
vt 0.712453 0.379828
vt 0.697846 0.392915
vt 0.696225 0.364440
vt 0.629611 0.172106
vt 0.618600 0.185049
vt 0.597425 0.158897
vt 0.732432 0.406900
vt 0.700975 0.392529
vt 0.870710 0.201118
vt 0.886354 0.292105
vt 0.878790 0.289225
vt 0.869237 0.179481
vt 0.862767 0.184343
vt 0.248503 0.880360
vt 0.280334 0.278578
vt 0.277625 0.880620
vt 0.107927 0.910960
vt 0.130267 0.940611
vt 0.086049 0.988917
vt 0.086003 0.937987
vt 0.114688 0.278863
vt 0.085952 0.880903
vt 0.056143 0.278866
vt 0.500786 0.387706
vt 0.529937 0.404756
vt 0.486727 0.405826
vt 0.022336 0.881964
vt 0.021534 0.279690
vt 0.056821 0.881065
vt 0.113192 0.002512
vt 0.136460 0.002083
vt 0.138311 0.157169
vt 0.114825 0.159363
vt 0.219378 0.880370
vt 0.226431 0.910336
vt 0.203997 0.939903
vt 0.184896 0.881090
vt 0.314931 0.279517
vt 0.312100 0.881636
vt 0.221949 0.159112
vt 0.198470 0.156803
vt 0.201222 0.001112
vt 0.224482 0.001660
vt 0.248040 0.988347
vt 0.248258 0.937431
vt 0.270316 0.910524
vt 0.292497 0.940283
vt 0.064031 0.911000
vt 0.041744 0.940690
vt 0.115084 0.881011
vt 0.149571 0.881848
vt 0.187203 0.278961
vt 0.221805 0.278362
vt 0.149299 0.279565
vt 0.199831 0.248055
vt 0.222711 0.248581
vt 0.166155 0.249590
vt 0.136901 0.248595
vt 0.280258 0.189240
vt 0.303235 0.190815
vt 0.302754 0.248612
vt 0.279682 0.248970
vt 0.136873 0.190701
vt 0.166648 0.190552
vt 0.055226 0.160009
vt 0.055405 0.002430
vt 0.282268 0.002634
vt 0.281529 0.159524
vt 0.305535 0.002558
vt 0.305031 0.157570
vt 0.031730 0.157928
vt 0.032135 0.002228
vt 0.199728 0.190331
vt 0.222906 0.189141
vt 0.033467 0.191172
vt 0.056466 0.189848
vt 0.056891 0.248832
vt 0.033813 0.248838
vt 0.113867 0.189607
vt 0.113836 0.248699
vt 0.559088 0.421806
vt 0.501665 0.423228
vt 0.558209 0.386284
vt 0.573147 0.403686
vt 0.821923 0.219165
vt 0.920581 0.296193
vt 0.970107 0.146366
vt 0.907981 0.139701
vt 0.004553 0.249982
vt 0.003700 0.191213
vt 0.332995 0.190946
vt 0.332002 0.249822
vt 0.170349 0.248962
vt 0.170184 0.190098
vt 0.436904 0.097435
vt 0.437074 0.091391
vt 0.450751 0.091672
vt 0.450631 0.097710
vt 0.437244 0.085347
vt 0.450870 0.085633
vt 0.435882 0.133703
vt 0.435712 0.139747
vt 0.421712 0.139411
vt 0.421929 0.133361
vt 0.435541 0.145791
vt 0.421494 0.145461
vt 0.434179 0.194146
vt 0.434349 0.188103
vt 0.448839 0.188300
vt 0.448719 0.194338
vt 0.434519 0.182059
vt 0.448958 0.182261
vt 0.433157 0.230414
vt 0.432986 0.236458
vt 0.418234 0.236219
vt 0.418452 0.230169
vt 0.432816 0.242502
vt 0.418017 0.242269
vt 0.419756 0.193865
vt 0.433838 0.206236
vt 0.419321 0.205967
vt 0.448480 0.206418
vt 0.463321 0.194445
vt 0.463187 0.206516
vt 0.477937 0.194467
vt 0.477911 0.206528
vt 0.492526 0.194404
vt 0.492605 0.206456
vt 0.507042 0.194260
vt 0.507222 0.206299
vt 0.521432 0.194007
vt 0.521705 0.206033
vt 0.535618 0.193605
vt 0.535971 0.205619
vt 0.549497 0.193026
vt 0.549911 0.205027
vt 0.562927 0.192244
vt 0.563378 0.204229
vt 0.575723 0.191287
vt 0.576181 0.203265
vt 0.365278 0.191280
vt 0.378125 0.192194
vt 0.377499 0.204343
vt 0.364638 0.203436
vt 0.391600 0.192929
vt 0.391018 0.205063
vt 0.405527 0.193478
vt 0.405010 0.205594
vt 0.436222 0.121613
vt 0.450153 0.121867
vt 0.449914 0.133947
vt 0.464120 0.122030
vt 0.463987 0.134100
vt 0.478094 0.122103
vt 0.478068 0.134165
vt 0.492049 0.122097
vt 0.492129 0.134149
vt 0.505959 0.122027
vt 0.506140 0.134067
vt 0.519793 0.121858
vt 0.520066 0.133884
vt 0.533501 0.121531
vt 0.533854 0.133544
vt 0.547012 0.121029
vt 0.547426 0.133030
vt 0.560223 0.120334
vt 0.560674 0.132320
vt 0.572978 0.119423
vt 0.573436 0.131401
vt 0.369118 0.118350
vt 0.381876 0.119309
vt 0.381250 0.131457
vt 0.368478 0.130506
vt 0.395093 0.120134
vt 0.394511 0.132267
vt 0.408628 0.120790
vt 0.408111 0.132906
vt 0.422364 0.121259
vt 0.418886 0.218067
vt 0.433497 0.218324
vt 0.404493 0.217708
vt 0.403976 0.229824
vt 0.390435 0.217194
vt 0.389853 0.229328
vt 0.376874 0.216489
vt 0.376249 0.228638
vt 0.363998 0.215591
vt 0.363358 0.227747
vt 0.563829 0.216213
vt 0.576638 0.215242
vt 0.577096 0.227220
vt 0.564280 0.228199
vt 0.550326 0.217025
vt 0.550740 0.229026
vt 0.536324 0.217630
vt 0.536677 0.229644
vt 0.521978 0.218057
vt 0.522251 0.230083
vt 0.507403 0.218337
vt 0.507583 0.230377
vt 0.492684 0.218507
vt 0.492764 0.230559
vt 0.477885 0.218588
vt 0.477859 0.230650
vt 0.463054 0.218584
vt 0.462921 0.230654
vt 0.448241 0.218495
vt 0.448002 0.230575
vt 0.450392 0.109790
vt 0.436563 0.109525
vt 0.464386 0.097891
vt 0.464253 0.109962
vt 0.478146 0.097982
vt 0.478120 0.110044
vt 0.491890 0.097995
vt 0.491970 0.110047
vt 0.505598 0.097949
vt 0.505779 0.109989
vt 0.519246 0.097808
vt 0.519520 0.109834
vt 0.532795 0.097506
vt 0.533148 0.109519
vt 0.546183 0.097030
vt 0.546598 0.109031
vt 0.559321 0.096364
vt 0.559772 0.108350
vt 0.572064 0.095468
vt 0.572521 0.107447
vt 0.370398 0.094039
vt 0.383126 0.095013
vt 0.382501 0.107162
vt 0.369758 0.106196
vt 0.396258 0.095868
vt 0.395676 0.108002
vt 0.409661 0.096561
vt 0.409145 0.108677
vt 0.423233 0.097057
vt 0.422798 0.109159
vt 0.464520 0.085823
vt 0.478173 0.085923
vt 0.491811 0.085945
vt 0.505418 0.085912
vt 0.518973 0.085784
vt 0.532442 0.085494
vt 0.545769 0.085032
vt 0.558870 0.084380
vt 0.571606 0.083492
vt 0.383751 0.082867
vt 0.371038 0.081885
vt 0.396840 0.083737
vt 0.410178 0.084447
vt 0.423668 0.084957
vt 0.435201 0.157881
vt 0.421060 0.157563
vt 0.407594 0.145020
vt 0.407077 0.157135
vt 0.393929 0.144399
vt 0.393347 0.156532
vt 0.380625 0.143604
vt 0.380000 0.155753
vt 0.367838 0.142660
vt 0.367198 0.154816
vt 0.561124 0.144304
vt 0.573893 0.143377
vt 0.574351 0.155356
vt 0.561575 0.156290
vt 0.547840 0.145028
vt 0.548254 0.157029
vt 0.534207 0.145555
vt 0.534560 0.157569
vt 0.520339 0.145908
vt 0.520612 0.157934
vt 0.506320 0.146104
vt 0.506501 0.158144
vt 0.492208 0.146199
vt 0.492287 0.158252
vt 0.478042 0.146224
vt 0.478016 0.158286
vt 0.463854 0.146168
vt 0.463720 0.158239
vt 0.449675 0.146024
vt 0.449436 0.158104
vt 0.434860 0.169968
vt 0.449197 0.170181
vt 0.463587 0.170307
vt 0.463454 0.182377
vt 0.477989 0.170346
vt 0.477963 0.182407
vt 0.492367 0.170302
vt 0.492446 0.182354
vt 0.506681 0.170182
vt 0.506862 0.182222
vt 0.520886 0.169958
vt 0.521159 0.181984
vt 0.534912 0.169580
vt 0.535266 0.181594
vt 0.548669 0.169027
vt 0.549083 0.181028
vt 0.562026 0.168274
vt 0.562477 0.180260
vt 0.574808 0.167332
vt 0.575266 0.179311
vt 0.366558 0.166970
vt 0.379375 0.167899
vt 0.378750 0.180048
vt 0.365918 0.179126
vt 0.392764 0.168664
vt 0.392182 0.180798
vt 0.406560 0.169249
vt 0.406043 0.181365
vt 0.420625 0.169663
vt 0.420190 0.181765
vt 0.403459 0.241937
vt 0.389271 0.241459
vt 0.375624 0.240784
vt 0.362718 0.239901
vt 0.564731 0.240183
vt 0.577553 0.239196
vt 0.551154 0.241024
vt 0.537030 0.241655
vt 0.522525 0.242107
vt 0.507764 0.242415
vt 0.492843 0.242609
vt 0.477832 0.242709
vt 0.462788 0.242722
vt 0.447763 0.242652
vt 0.435030 0.163925
vt 0.449317 0.164143
vt 0.463654 0.164273
vt 0.478003 0.164316
vt 0.492327 0.164277
vt 0.506591 0.164163
vt 0.520749 0.163946
vt 0.534736 0.163575
vt 0.548462 0.163028
vt 0.561800 0.162282
vt 0.574580 0.161344
vt 0.366878 0.160893
vt 0.379688 0.161826
vt 0.393055 0.162598
vt 0.406819 0.163192
vt 0.420842 0.163613
vt 0.433668 0.212280
vt 0.448361 0.212457
vt 0.419104 0.212017
vt 0.404751 0.211651
vt 0.390726 0.211129
vt 0.377187 0.210416
vt 0.364318 0.209514
vt 0.576409 0.209254
vt 0.563604 0.210222
vt 0.550118 0.211026
vt 0.536148 0.211625
vt 0.521842 0.212046
vt 0.507313 0.212318
vt 0.492645 0.212482
vt 0.477898 0.212558
vt 0.463121 0.212550
vt 0.436393 0.115569
vt 0.450273 0.115829
vt 0.464186 0.115996
vt 0.478107 0.116074
vt 0.492009 0.116072
vt 0.505869 0.116008
vt 0.519656 0.115846
vt 0.533324 0.115525
vt 0.546805 0.115030
vt 0.559997 0.114342
vt 0.572750 0.113435
vt 0.369438 0.112273
vt 0.382188 0.113236
vt 0.395385 0.114068
vt 0.408886 0.114734
vt 0.422581 0.115209
vt 0.464453 0.091857
vt 0.478160 0.091952
vt 0.491851 0.091970
vt 0.505508 0.091931
vt 0.519110 0.091796
vt 0.532618 0.091500
vt 0.545976 0.091031
vt 0.559096 0.090373
vt 0.571835 0.089480
vt 0.370718 0.087962
vt 0.383439 0.088940
vt 0.396549 0.089803
vt 0.409920 0.090504
vt 0.423450 0.091007
vt 0.407852 0.138963
vt 0.394220 0.138333
vt 0.380938 0.137531
vt 0.368158 0.136583
vt 0.573665 0.137390
vt 0.560899 0.138312
vt 0.547633 0.139029
vt 0.534030 0.139550
vt 0.520203 0.139896
vt 0.506230 0.140086
vt 0.492168 0.140175
vt 0.478055 0.140195
vt 0.463920 0.140134
vt 0.449795 0.139986
vt 0.463387 0.188411
vt 0.477950 0.188437
vt 0.492486 0.188379
vt 0.506952 0.188241
vt 0.521295 0.187996
vt 0.535442 0.187600
vt 0.549290 0.187027
vt 0.562702 0.186252
vt 0.575494 0.185299
vt 0.365598 0.185204
vt 0.378437 0.186121
vt 0.391891 0.186864
vt 0.405785 0.187422
vt 0.419973 0.187815
vt 0.403718 0.235881
vt 0.389562 0.235394
vt 0.375937 0.234711
vt 0.363038 0.233824
vt 0.577324 0.233208
vt 0.564505 0.234191
vt 0.550947 0.235025
vt 0.536854 0.235650
vt 0.522388 0.236095
vt 0.507674 0.236396
vt 0.492803 0.236584
vt 0.477846 0.236680
vt 0.462854 0.236688
vt 0.447883 0.236614
s 1
usemtl MasterSwordTexture
f 1/1/1 2/2/1 10/3/1 9/4/1
f 2/2/2 3/5/2 11/6/2 10/3/2
f 3/5/3 4/7/3 12/8/3 11/6/3
f 4/7/4 5/9/4 13/10/4 12/8/4
f 5/11/5 6/12/5 14/13/5 13/14/5
f 6/12/6 7/15/6 15/16/6 14/13/6
f 7/15/7 8/17/7 16/18/7 15/16/7
f 8/17/8 1/1/8 9/4/8 16/18/8
f 2/2/9 1/1/9 17/19/9
f 3/5/9 2/2/9 17/19/9
f 4/7/9 3/5/9 17/19/9
f 5/9/9 4/7/9 17/19/9
f 6/12/9 5/11/9 17/20/9
f 7/15/9 6/12/9 17/20/9
f 8/17/9 7/15/9 17/20/9
f 1/1/9 8/17/9 17/20/9
f 9/4/10 10/3/10 18/21/10
f 10/3/10 11/6/10 18/21/10
f 11/6/10 12/8/10 18/21/10
f 12/8/10 13/10/10 18/21/10
f 13/14/10 14/13/10 18/22/10
f 14/13/10 15/16/10 18/22/10
f 15/16/10 16/18/10 18/22/10
f 16/18/10 9/4/10 18/22/10
f 20/23/11 19/24/11 38/25/11 37/26/11
f 21/27/12 20/23/12 37/26/12 40/28/12
f 22/29/13 21/27/13 40/28/13 42/30/13
f 23/31/14 22/29/14 42/30/14 44/32/14
f 24/33/15 23/31/15 44/32/15 46/34/15
f 25/35/16 24/33/16 46/34/16 48/36/16
f 26/37/17 25/35/17 48/36/17 50/38/17
f 27/39/18 26/37/18 50/38/18 52/40/18
f 28/41/19 27/39/19 52/40/19 54/42/19
f 29/43/20 28/41/20 54/42/20 56/44/20
f 30/45/21 29/43/21 56/44/21 58/46/21
f 31/47/22 30/48/22 58/49/22 60/50/22
f 32/51/23 31/47/23 60/50/23 62/52/23
f 33/53/24 32/51/24 62/52/24 64/54/24
f 19/24/25 33/53/25 64/54/25 38/25/25
f 19/55/10 20/56/10 34/57/10
f 20/56/10 21/58/10 34/57/10
f 21/58/10 22/59/10 34/57/10
f 22/59/10 23/60/10 34/57/10
f 23/60/10 24/61/10 34/57/10
f 24/61/10 25/62/10 34/57/10
f 25/62/10 26/63/10 34/57/10
f 26/63/10 27/64/10 34/57/10
f 27/64/10 28/65/10 34/57/10
f 28/65/10 29/66/10 34/57/10
f 29/66/10 30/67/10 34/57/10
f 30/67/10 31/68/10 34/57/10
f 31/68/10 32/69/10 34/57/10
f 32/69/10 33/70/10 34/57/10
f 33/70/10 19/55/10 34/57/10
f 35/71/26 36/72/26 37/26/26 38/25/26
f 36/72/27 39/73/27 40/28/27 37/26/27
f 39/73/28 41/74/28 42/30/28 40/28/28
f 41/74/29 43/75/29 44/32/29 42/30/29
f 43/75/30 45/76/30 46/34/30 44/32/30
f 45/76/31 47/77/31 48/36/31 46/34/31
f 47/77/32 49/78/32 50/38/32 48/36/32
f 49/78/33 51/79/33 52/40/33 50/38/33
f 51/79/34 53/80/34 54/42/34 52/40/34
f 53/80/35 55/81/35 56/44/35 54/42/35
f 55/81/36 57/82/36 58/46/36 56/44/36
f 57/83/37 59/84/37 60/50/37 58/49/37
f 59/84/38 61/85/38 62/52/38 60/50/38
f 61/85/39 63/86/39 64/54/39 62/52/39
f 63/86/40 35/71/40 38/25/40 64/54/40
f 36/72/41 35/71/41 65/87/41 66/88/41
f 39/73/42 36/72/42 66/88/42 67/89/42
f 41/74/43 39/73/43 67/89/43 68/90/43
f 43/75/44 41/74/44 68/90/44 69/91/44
f 45/76/45 43/75/45 69/91/45 70/92/45
f 47/77/46 45/76/46 70/92/46 71/93/46
f 49/78/47 47/77/47 71/93/47 72/94/47
f 51/79/48 49/78/48 72/94/48 73/95/48
f 53/80/49 51/79/49 73/95/49 74/96/49
f 55/81/50 53/80/50 74/96/50 75/97/50
f 57/82/51 55/81/51 75/97/51 76/98/51
f 59/84/52 57/83/52 76/99/52 77/100/52
f 61/85/53 59/84/53 77/100/53 78/101/53
f 63/86/54 61/85/54 78/101/54 79/102/54
f 35/71/55 63/86/55 79/102/55 65/87/55
f 80/103/26 81/104/26 66/88/26 65/87/26
f 81/104/27 82/105/27 67/89/27 66/88/27
f 82/105/28 83/106/28 68/90/28 67/89/28
f 83/106/29 84/107/29 69/91/29 68/90/29
f 84/107/30 85/108/30 70/92/30 69/91/30
f 85/108/31 86/109/31 71/93/31 70/92/31
f 86/109/32 87/110/32 72/94/32 71/93/32
f 87/110/33 88/111/33 73/95/33 72/94/33
f 88/111/34 89/112/34 74/96/34 73/95/34
f 89/112/35 90/113/35 75/97/35 74/96/35
f 90/113/36 91/114/36 76/98/36 75/97/36
f 91/115/37 92/116/37 77/100/37 76/99/37
f 92/116/38 93/117/38 78/101/38 77/100/38
f 93/117/39 94/118/39 79/102/39 78/101/39
f 94/118/40 80/103/40 65/87/40 79/102/40
f 81/104/9 80/103/9 111/119/9 110/120/9
f 82/105/9 81/104/9 110/120/9 112/121/9
f 83/106/9 82/105/9 112/121/9 113/122/9
f 84/107/9 83/106/9 113/122/9 114/123/9
f 85/108/9 84/107/9 114/123/9 115/124/9
f 86/109/9 85/108/9 115/124/9 116/125/9
f 87/110/9 86/109/9 116/125/9 117/126/9
f 88/111/9 87/110/9 117/126/9 118/127/9
f 89/112/9 88/111/9 118/127/9 119/128/9
f 90/113/9 89/112/9 119/128/9 120/129/9
f 91/114/9 90/113/9 120/129/9 121/130/9
f 92/116/9 91/115/9 121/131/9 122/132/9
f 93/117/9 92/116/9 122/132/9 123/133/9
f 94/118/9 93/117/9 123/133/9 124/134/9
f 80/103/9 94/118/9 124/134/9 111/119/9
f 126/135/26 125/136/26 127/137/26 128/138/26
f 129/139/27 126/135/27 128/138/27 130/140/27
f 131/141/28 129/139/28 130/140/28 132/142/28
f 133/143/29 131/141/29 132/142/29 134/144/29
f 135/145/30 133/143/30 134/144/30 136/146/30
f 137/147/31 135/145/31 136/146/31 138/148/31
f 139/149/32 137/147/32 138/148/32 140/150/32
f 141/151/33 139/149/33 140/150/33 142/152/33
f 143/153/34 141/151/34 142/152/34 144/154/34
f 145/155/35 143/153/35 144/154/35 146/156/35
f 147/157/36 145/155/36 146/156/36 148/158/36
f 149/159/37 147/160/37 148/161/37 150/162/37
f 151/163/38 149/159/38 150/162/38 152/164/38
f 153/165/39 151/163/39 152/164/39 154/166/39
f 125/136/40 153/165/40 154/166/40 127/137/40
f 96/167/10 95/168/10 125/136/10 126/135/10
f 200/169/9 201/170/9 202/171/9
f 97/172/10 96/167/10 126/135/10 129/139/10
f 200/169/9 203/173/9 201/170/9
f 98/174/10 97/172/10 129/139/10 131/141/10
f 200/169/9 204/175/9 203/173/9
f 99/176/10 98/174/10 131/141/10 133/143/10
f 200/169/9 205/177/9 204/175/9
f 100/178/10 99/176/10 133/143/10 135/145/10
f 200/169/9 206/179/9 205/177/9
f 101/180/10 100/178/10 135/145/10 137/147/10
f 200/169/9 207/181/9 206/179/9
f 102/182/10 101/180/10 137/147/10 139/149/10
f 200/169/9 208/183/9 207/181/9
f 103/184/10 102/182/10 139/149/10 141/151/10
f 200/169/9 209/185/9 208/183/9
f 104/186/10 103/184/10 141/151/10 143/153/10
f 200/169/9 210/187/9 209/185/9
f 105/188/10 104/186/10 143/153/10 145/155/10
f 200/169/9 211/189/9 210/187/9
f 106/190/10 105/188/10 145/155/10 147/157/10
f 200/169/9 212/191/9 211/189/9
f 107/192/10 106/193/10 147/160/10 149/159/10
f 200/169/9 213/194/9 212/191/9
f 108/195/10 107/192/10 149/159/10 151/163/10
f 200/169/9 214/196/9 213/194/9
f 109/197/10 108/195/10 151/163/10 153/165/10
f 200/169/9 215/198/9 214/196/9
f 95/168/10 109/197/10 153/165/10 125/136/10
f 200/169/9 202/171/9 215/198/9
f 128/138/56 127/137/56 156/199/56 155/200/56
f 130/140/57 128/138/57 155/200/57 157/201/57
f 132/142/58 130/140/58 157/201/58 158/202/58
f 134/144/59 132/142/59 158/202/59 159/203/59
f 136/146/60 134/144/60 159/203/60 160/204/60
f 138/148/61 136/146/61 160/204/61 161/205/61
f 140/150/62 138/148/62 161/205/62 162/206/62
f 142/152/63 140/150/63 162/206/63 163/207/63
f 144/154/64 142/152/64 163/207/64 164/208/64
f 146/156/65 144/154/65 164/208/65 165/209/65
f 148/158/66 146/156/66 165/209/66 166/210/66
f 150/162/67 148/161/67 166/211/67 167/212/67
f 152/164/68 150/162/68 167/212/68 168/213/68
f 154/166/69 152/164/69 168/213/69 169/214/69
f 127/137/70 154/166/70 169/214/70 156/199/70
f 155/200/26 156/199/26 171/215/26 170/216/26
f 157/201/27 155/200/27 170/216/27 172/217/27
f 158/202/28 157/201/28 172/217/28 173/218/28
f 159/203/29 158/202/29 173/218/29 174/219/29
f 160/204/30 159/203/30 174/219/30 175/220/30
f 161/205/31 160/204/31 175/220/31 176/221/31
f 162/206/32 161/205/32 176/221/32 177/222/32
f 163/207/33 162/206/33 177/222/33 178/223/33
f 164/208/34 163/207/34 178/223/34 179/224/34
f 165/209/35 164/208/35 179/224/35 180/225/35
f 166/210/36 165/209/36 180/225/36 181/226/36
f 167/212/37 166/211/37 181/227/37 182/228/37
f 168/213/38 167/212/38 182/228/38 183/229/38
f 169/214/39 168/213/39 183/229/39 184/230/39
f 156/199/40 169/214/40 184/230/40 171/215/40
f 170/216/71 171/215/71 186/231/71 185/232/71
f 172/217/71 170/216/71 185/232/71 187/233/71
f 173/218/71 172/217/71 187/233/71 188/234/71
f 174/219/71 173/218/71 188/234/71 189/235/71
f 175/220/71 174/219/71 189/235/71 190/236/71
f 176/221/71 175/220/71 190/236/71 191/237/71
f 177/222/72 176/221/72 191/237/72 192/238/72
f 178/223/71 177/222/71 192/238/71 193/239/71
f 179/224/71 178/223/71 193/239/71 194/240/71
f 180/225/71 179/224/71 194/240/71 195/241/71
f 181/226/71 180/225/71 195/241/71 196/242/71
f 182/228/71 181/227/71 196/243/71 197/244/71
f 183/229/71 182/228/71 197/244/71 198/245/71
f 184/230/71 183/229/71 198/245/71 199/246/71
f 171/215/71 184/230/71 199/246/71 186/231/71
f 185/232/73 186/231/73 202/247/73 201/248/73
f 187/233/74 185/232/74 201/248/74 203/249/74
f 188/234/75 187/233/75 203/249/75 204/250/75
f 189/235/76 188/234/76 204/250/76 205/251/76
f 190/236/77 189/235/77 205/251/77 206/252/77
f 191/237/78 190/236/78 206/252/78 207/253/78
f 192/238/79 191/237/79 207/253/79 208/254/79
f 193/239/80 192/238/80 208/254/80 209/255/80
f 194/240/81 193/239/81 209/255/81 210/256/81
f 195/241/82 194/240/82 210/256/82 211/257/82
f 196/242/83 195/241/83 211/257/83 212/258/83
f 197/244/84 196/243/84 212/259/84 213/260/84
f 198/245/85 197/244/85 213/260/85 214/261/85
f 199/246/86 198/245/86 214/261/86 215/262/86
f 186/231/87 199/246/87 215/262/87 202/247/87
f 216/263/88 217/264/88 225/265/88 224/266/88
f 217/264/89 218/267/89 226/268/89 225/265/89
f 218/267/90 219/269/90 227/270/90 226/268/90
f 219/271/91 220/272/91 228/273/91 227/274/91
f 220/272/92 221/275/92 229/276/92 228/273/92
f 221/275/93 222/277/93 230/278/93 229/276/93
f 222/277/94 223/279/94 231/280/94 230/278/94
f 223/279/95 216/263/95 224/266/95 231/280/95
f 224/266/96 225/265/96 233/281/96 232/282/96
f 225/265/97 226/268/97 234/283/97 233/281/97
f 226/268/98 227/270/98 235/284/98 234/283/98
f 227/274/99 228/273/99 236/285/99 235/286/99
f 228/273/100 229/276/100 237/287/100 236/285/100
f 229/276/101 230/278/101 238/288/101 237/287/101
f 230/278/102 231/280/102 239/289/102 238/288/102
f 231/280/103 224/266/103 232/282/103 239/289/103
f 232/282/104 233/281/104 241/290/104 240/291/104
f 233/281/105 234/283/105 242/292/105 241/290/105
f 234/283/106 235/284/106 243/293/106 242/292/106
f 235/286/107 236/285/107 244/294/107 243/295/107
f 236/285/108 237/287/108 245/296/108 244/294/108
f 237/287/109 238/288/109 246/297/109 245/296/109
f 238/288/110 239/289/110 247/298/110 246/297/110
f 239/289/111 232/282/111 240/291/111 247/298/111
f 240/291/112 241/290/112 249/299/112 248/300/112
f 241/290/113 242/292/113 250/301/113 249/299/113
f 242/292/114 243/293/114 251/302/114 250/301/114
f 243/295/115 244/294/115 252/303/115 251/304/115
f 244/294/116 245/296/116 253/305/116 252/303/116
f 245/296/117 246/297/117 254/306/117 253/305/117
f 246/297/118 247/298/118 255/307/118 254/306/118
f 247/298/119 240/291/119 248/300/119 255/307/119
f 248/300/112 249/299/112 257/308/112 256/309/112
f 249/299/113 250/301/113 258/310/113 257/308/113
f 250/301/114 251/302/114 259/311/114 258/310/114
f 251/304/115 252/303/115 260/312/115 259/313/115
f 252/303/116 253/305/116 261/314/116 260/312/116
f 253/305/117 254/306/117 262/315/117 261/314/117
f 254/306/118 255/307/118 263/316/118 262/315/118
f 255/307/119 248/300/119 256/309/119 263/316/119
f 256/309/120 257/308/120 265/317/120 264/318/120
f 257/308/121 258/310/121 266/319/121 265/317/121
f 258/310/122 259/311/122 267/320/122 266/319/122
f 259/313/123 260/312/123 268/321/123 267/322/123
f 260/312/124 261/314/124 269/323/124 268/321/124
f 261/314/125 262/315/125 270/324/125 269/323/125
f 262/315/126 263/316/126 271/325/126 270/324/126
f 263/316/127 256/309/127 264/318/127 271/325/127
f 264/318/128 265/317/128 273/326/128 272/327/128
f 265/317/129 266/319/129 274/328/129 273/326/129
f 266/319/130 267/320/130 275/329/130 274/328/130
f 267/322/131 268/321/131 276/330/131 275/331/131
f 268/321/132 269/323/132 277/332/132 276/330/132
f 269/323/133 270/324/133 278/333/133 277/332/133
f 270/324/134 271/325/134 279/334/134 278/333/134
f 271/325/135 264/318/135 272/327/135 279/334/135
f 272/327/136 273/326/136 281/335/136 280/336/136
f 273/326/137 274/328/137 282/337/137 281/335/137
f 274/328/138 275/329/138 283/338/138 282/337/138
f 275/331/139 276/330/139 284/339/139 283/340/139
f 276/330/140 277/332/140 285/341/140 284/339/140
f 277/332/141 278/333/141 286/342/141 285/341/141
f 278/333/142 279/334/142 287/343/142 286/342/142
f 279/334/143 272/327/143 280/336/143 287/343/143
f 217/344/144 216/345/144 288/346/144
f 218/347/144 217/344/144 288/346/144
f 219/348/144 218/347/144 288/346/144
f 220/349/144 219/348/144 288/346/144
f 221/350/144 220/349/144 288/346/144
f 222/351/144 221/350/144 288/346/144
f 223/352/144 222/351/144 288/346/144
f 216/345/144 223/352/144 288/346/144
f 280/353/32 281/354/32 289/355/32
f 281/354/32 282/356/32 289/355/32
f 282/356/32 283/357/32 289/355/32
f 283/357/32 284/358/32 289/355/32
f 284/358/32 285/359/32 289/355/32
f 285/359/32 286/360/32 289/355/32
f 286/360/32 287/361/32 289/355/32
f 287/361/32 280/353/32 289/355/32
f 290/362/145 291/363/145 293/364/145 292/365/145
f 292/365/146 293/364/146 295/366/146 294/367/146
f 294/367/147 295/366/147 297/368/147 296/369/147
f 296/369/148 297/368/148 299/370/148 298/371/148
f 298/371/149 299/370/149 301/372/149 300/373/149
f 300/373/150 301/372/150 303/374/150 302/375/150
f 302/375/151 303/374/151 305/376/151 304/377/151
f 304/378/152 305/376/152 307/379/152 306/380/152
f 306/380/153 307/379/153 309/381/153 308/382/153
f 308/382/154 309/381/154 311/383/154 310/384/154
f 310/384/155 311/383/155 313/385/155 312/386/155
f 312/386/156 313/385/156 315/387/156 314/388/156
f 314/388/157 315/387/157 317/389/157 316/390/157
f 316/391/158 317/389/158 291/363/158 290/362/158
f 291/363/159 317/389/159 315/387/159 293/364/159
f 293/364/160 315/387/160 313/385/160 295/366/160
f 295/366/161 313/385/161 311/383/161 297/368/161
f 297/368/162 311/383/162 309/381/162 299/370/162
f 299/370/163 309/381/163 307/379/163 301/372/163
f 301/372/164 307/379/164 305/376/164 303/374/164
f 316/392/165 290/362/165 292/365/165 314/393/165
f 314/393/166 292/365/166 294/367/166 312/394/166
f 312/394/167 294/367/167 296/369/167 310/395/167
f 310/395/168 296/369/168 298/371/168 308/396/168
f 308/396/169 298/371/169 300/373/169 306/397/169
f 306/397/170 300/373/170 302/375/170 304/398/170
f 318/399/171 319/400/171 321/401/171 320/402/171
f 320/402/146 321/401/146 323/403/146 322/404/146
f 322/404/147 323/403/147 325/405/147 324/406/147
f 324/406/172 325/405/172 327/407/172 326/408/172
f 326/408/149 327/407/149 329/409/149 328/410/149
f 328/410/150 329/409/150 331/411/150 330/412/150
f 330/412/151 331/411/151 333/413/151 332/414/151
f 332/415/152 333/413/152 335/416/152 334/417/152
f 334/417/153 335/416/153 337/418/153 336/419/153
f 336/419/154 337/418/154 339/420/154 338/421/154
f 338/421/155 339/420/155 341/422/155 340/423/155
f 340/423/156 341/422/156 343/424/156 342/425/156
f 342/425/157 343/424/157 345/426/157 344/427/157
f 344/428/158 345/426/158 319/400/158 318/399/158
f 319/400/173 345/426/173 343/424/173 321/401/173
f 321/401/160 343/424/160 341/422/160 323/403/160
f 323/403/161 341/422/161 339/420/161 325/405/161
f 325/405/174 339/420/174 337/418/174 327/407/174
f 327/407/163 337/418/163 335/416/163 329/409/163
f 329/409/164 335/416/164 333/413/164 331/411/164
f 344/429/165 318/399/165 320/402/165 342/430/165
f 342/430/166 320/402/166 322/404/166 340/431/166
f 340/431/167 322/404/167 324/406/167 338/432/167
f 338/432/168 324/406/168 326/408/168 336/433/168
f 336/433/169 326/408/169 328/410/169 334/434/169
f 334/434/170 328/410/170 330/412/170 332/435/170
f 346/436/145 347/437/145 349/438/145 348/439/145
f 348/439/146 349/438/146 351/440/146 350/441/146
f 350/441/147 351/440/147 353/442/147 352/443/147
f 352/443/172 353/442/172 355/444/172 354/445/172
f 354/445/149 355/444/149 357/446/149 356/447/149
f 356/447/150 357/446/150 359/448/150 358/449/150
f 358/449/151 359/448/151 361/450/151 360/451/151
f 360/452/152 361/450/152 363/453/152 362/454/152
f 362/454/153 363/453/153 365/455/153 364/456/153
f 364/456/154 365/455/154 367/457/154 366/458/154
f 366/458/155 367/457/155 369/459/155 368/460/155
f 368/460/156 369/459/156 371/461/156 370/462/156
f 370/462/157 371/461/157 373/463/157 372/464/157
f 372/465/158 373/463/158 347/437/158 346/436/158
f 347/437/159 373/463/159 371/461/159 349/438/159
f 349/438/160 371/461/160 369/459/160 351/440/160
f 351/440/161 369/459/161 367/457/161 353/442/161
f 353/442/174 367/457/174 365/455/174 355/444/174
f 355/444/163 365/455/163 363/453/163 357/446/163
f 357/446/164 363/453/164 361/450/164 359/448/164
f 372/466/165 346/436/165 348/439/165 370/467/165
f 370/467/166 348/439/166 350/441/166 368/468/166
f 368/468/167 350/441/167 352/443/167 366/469/167
f 366/469/168 352/443/168 354/445/168 364/470/168
f 364/470/169 354/445/169 356/447/169 362/471/169
f 362/471/170 356/447/170 358/449/170 360/472/170
f 376/473/175 374/474/175 375/475/175 377/476/175
f 405/477/176 404/478/176 406/479/176 407/480/176
f 378/481/177 398/482/177 399/483/177 379/484/177
f 374/485/178 378/481/178 379/484/178 375/486/178
f 408/487/179 409/488/179 407/480/179
f 381/489/180 375/486/180 379/484/180 380/490/180
f 385/491/181 382/492/181 380/490/181 387/493/181
f 383/494/182 381/489/182 380/490/182 382/492/182
f 384/495/183 383/494/183 382/492/183
f 385/491/184 384/495/184 382/492/184
f 385/496/185 386/497/185 384/498/185
f 390/499/186 389/500/186 378/481/186 374/485/186
f 392/501/187 391/502/187 389/500/187 390/499/187
f 393/503/188 391/502/188 392/501/188
f 395/504/189 393/505/189 392/506/189
f 394/507/190 393/505/190 395/504/190
f 394/508/191 396/509/191 389/500/191 391/502/191
f 378/481/192 402/510/192 398/482/192
f 386/497/193 383/511/193 384/498/193
f 394/508/194 391/502/194 393/503/194
f 377/476/182 403/512/182 401/513/182
f 374/474/191 376/473/191 397/514/191 390/515/191
f 410/516/187 404/478/187 405/477/187
f 375/475/181 381/517/181 388/518/181 377/476/181
f 381/517/179 383/511/179 386/497/179 388/518/179
f 387/519/180 388/518/180 386/497/180 385/496/180
f 390/515/192 397/514/192 395/504/192 392/506/192
f 396/520/186 394/507/186 395/504/186 397/514/186
f 411/521/192 410/522/192 405/477/192
f 403/523/179 379/484/179 399/483/179
f 376/473/187 400/524/187 402/525/187
f 406/479/182 408/526/182 407/480/182
f 401/513/176 400/524/176 376/473/176 377/476/176
f 409/488/177 411/521/177 405/477/177 407/480/177
f 400/524/144 401/513/144 406/479/144 404/478/144
f 403/523/195 399/483/195 409/488/195 408/487/195
f 402/525/196 400/524/196 404/478/196 410/516/196
f 398/482/197 402/510/197 410/522/197 411/521/197
f 401/513/198 403/512/198 408/526/198 406/479/198
f 399/483/32 398/482/32 411/521/32 409/488/32
f 412/527/199 413/528/199 415/529/199 414/530/199
f 414/530/200 415/529/200 417/531/200 416/532/200
f 416/532/201 417/531/201 419/533/201 418/534/201
f 418/534/202 419/533/202 421/535/202 420/536/202
f 420/536/203 421/535/203 423/537/203 422/538/203
f 422/538/204 423/537/204 425/539/204 424/540/204
f 424/540/205 425/539/205 427/541/205 426/542/205
f 426/543/206 427/541/206 429/544/206 428/545/206
f 428/545/207 429/544/207 431/546/207 430/547/207
f 430/547/208 431/546/208 433/548/208 432/549/208
f 432/549/209 433/548/209 435/550/209 434/551/209
f 434/551/210 435/550/210 437/552/210 436/553/210
f 436/553/211 437/552/211 439/554/211 438/555/211
f 438/556/212 439/554/212 413/528/212 412/527/212
f 413/528/213 439/554/213 437/552/213 415/529/213
f 415/529/214 437/552/214 435/550/214 417/531/214
f 417/531/215 435/550/215 433/548/215 419/533/215
f 419/533/216 433/548/216 431/546/216 421/535/216
f 421/535/217 431/546/217 429/544/217 423/537/217
f 423/537/218 429/544/218 427/541/218 425/539/218
f 438/557/219 412/527/219 414/530/219 436/558/219
f 436/558/220 414/530/220 416/532/220 434/559/220
f 434/559/221 416/532/221 418/534/221 432/560/221
f 432/560/222 418/534/222 420/536/222 430/561/222
f 430/561/223 420/536/223 422/538/223 428/562/223
f 428/562/224 422/538/224 424/540/224 426/563/224
f 440/564/199 441/565/199 443/566/199 442/567/199
f 442/567/200 443/566/200 445/568/200 444/569/200
f 444/569/201 445/568/201 447/570/201 446/571/201
f 446/571/202 447/570/202 449/572/202 448/573/202
f 448/573/203 449/572/203 451/574/203 450/575/203
f 450/575/204 451/574/204 453/576/204 452/577/204
f 452/577/225 453/576/225 455/578/225 454/579/225
f 454/580/206 455/578/206 457/581/206 456/582/206
f 456/582/207 457/581/207 459/583/207 458/584/207
f 458/584/208 459/583/208 461/585/208 460/586/208
f 460/586/209 461/585/209 463/587/209 462/588/209
f 462/588/210 463/587/210 465/589/210 464/590/210
f 464/590/211 465/589/211 467/591/211 466/592/211
f 466/593/212 467/591/212 441/565/212 440/564/212
f 441/565/213 467/591/213 465/589/213 443/566/213
f 443/566/214 465/589/214 463/587/214 445/568/214
f 445/568/215 463/587/215 461/585/215 447/570/215
f 447/570/216 461/585/216 459/583/216 449/572/216
f 449/572/217 459/583/217 457/581/217 451/574/217
f 451/574/218 457/581/218 455/578/218 453/576/218
f 466/594/219 440/564/219 442/567/219 464/595/219
f 464/595/220 442/567/220 444/569/220 462/596/220
f 462/596/221 444/569/221 446/571/221 460/597/221
f 460/597/222 446/571/222 448/573/222 458/598/222
f 458/598/223 448/573/223 450/575/223 456/599/223
f 456/599/224 450/575/224 452/577/224 454/600/224
f 468/601/226 469/602/226 471/603/226 470/604/226
f 470/604/200 471/603/200 473/605/200 472/606/200
f 472/606/201 473/605/201 475/607/201 474/608/201
f 474/608/202 475/607/202 477/609/202 476/610/202
f 476/610/203 477/609/203 479/611/203 478/612/203
f 478/612/204 479/611/204 481/613/204 480/614/204
f 480/614/205 481/613/205 483/615/205 482/616/205
f 482/617/206 483/615/206 485/618/206 484/619/206
f 484/619/207 485/618/207 487/620/207 486/621/207
f 486/621/208 487/620/208 489/622/208 488/623/208
f 488/623/209 489/622/209 491/624/209 490/625/209
f 490/625/210 491/624/210 493/626/210 492/627/210
f 492/627/211 493/626/211 495/628/211 494/629/211
f 494/630/212 495/628/212 469/602/212 468/601/212
f 469/602/227 495/628/227 493/626/227 471/603/227
f 471/603/214 493/626/214 491/624/214 473/605/214
f 473/605/215 491/624/215 489/622/215 475/607/215
f 475/607/216 489/622/216 487/620/216 477/609/216
f 477/609/217 487/620/217 485/618/217 479/611/217
f 479/611/218 485/618/218 483/615/218 481/613/218
f 494/631/219 468/601/219 470/604/219 492/632/219
f 492/632/220 470/604/220 472/606/220 490/633/220
f 490/633/221 472/606/221 474/608/221 488/634/221
f 488/634/222 474/608/222 476/610/222 486/635/222
f 486/635/223 476/610/223 478/612/223 484/636/223
f 484/636/224 478/612/224 480/614/224 482/637/224
f 501/638/9 498/638/9 579/638/9
f 496/639/71 506/640/71 502/641/71
f 511/642/228 500/643/228 513/644/228
f 500/643/229 509/645/229 513/644/229
f 499/646/230 507/647/230 504/648/230
f 498/649/231 501/650/231 508/651/231 505/652/231
f 502/653/232 510/654/232 501/650/232 496/655/232
f 514/656/231 515/657/231 516/658/231 517/659/231
f 515/660/232 518/661/232 519/662/232 516/658/232
f 521/663/229 520/664/229 522/665/229 523/666/229
f 524/667/228 521/668/228 523/666/228 525/669/228
f 508/670/233 512/671/233 515/657/233 514/656/233
f 512/672/234 510/673/234 518/661/234 515/660/234
f 519/662/71 518/661/71 510/673/71 528/674/71
f 513/675/233 509/676/233 520/664/233 521/663/233
f 522/665/230 520/664/230 509/676/230 531/677/230
f 533/678/235 523/666/235 531/677/235
f 511/679/234 513/680/234 521/668/234 524/667/234
f 526/681/144 527/682/144 528/674/144 529/683/144
f 531/677/32 530/684/32 532/685/32 533/678/32
f 502/641/236 506/640/236 507/647/236 505/652/236
f 504/648/237 507/647/237 506/640/237 503/686/237
f 508/651/238 510/687/238 502/688/238 505/652/238
f 511/689/239 509/645/239 504/648/239 503/690/239
f 508/670/230 527/682/230 526/681/230
f 516/658/240 528/674/240 527/682/240
f 510/673/9 508/670/9 526/681/9 529/683/9
f 509/676/9 511/679/9 532/685/9 530/684/9
f 511/679/71 533/678/71 532/685/71
f 580/691/71 558/692/71 537/693/71
f 549/694/241 554/695/241 547/696/241 548/697/241
f 557/698/230 581/699/230 560/700/230
f 535/701/9 582/702/9 544/703/9
f 543/704/242 559/705/242 560/700/242 539/706/242
f 540/707/243 545/708/243 566/709/243 567/710/243
f 536/711/244 552/712/244 554/713/244 542/714/244
f 558/692/245 559/715/245 543/716/245 537/693/245
f 565/717/246 566/718/246 545/719/246 534/720/246
f 547/721/247 546/722/247 551/723/247 553/724/247
f 550/725/248 553/726/248 543/704/248 539/706/248
f 553/724/249 551/723/249 537/693/249 543/716/249
f 554/713/250 552/712/250 546/722/250 547/721/250
f 538/727/251 542/728/251 554/695/251 549/694/251
f 547/696/252 553/726/252 550/725/252 548/697/252
f 542/714/253 556/729/253 555/730/253 536/711/253
f 557/698/254 556/731/254 542/728/254 538/727/254
f 555/730/255 589/732/255 574/733/255
f 561/734/256 556/731/256 557/698/256 583/735/256
f 578/736/257 587/737/257 588/738/257 573/739/257
f 584/740/258 563/741/258 561/734/258 583/735/258
f 567/710/230 570/742/230 541/743/230 540/707/230
f 534/720/71 535/744/71 568/745/71 565/717/71
f 563/741/259 584/740/259 567/710/259 566/709/259
f 535/744/260 544/746/260 569/747/260 568/745/260
f 570/742/261 569/748/261 544/749/261 541/743/261
f 590/750/255 565/717/255 577/751/255
f 586/752/262 575/753/262 572/754/262 585/755/262
f 575/753/230 576/756/230 571/757/230 572/754/230
f 590/750/255 577/751/255 574/733/255 589/732/255
f 577/751/71 578/736/71 573/739/71 574/733/71
f 560/700/230 572/754/230 571/757/230 557/698/230
f 560/700/262 585/755/262 572/754/262
f 558/692/257 573/739/257 588/738/257
f 574/733/71 573/739/71 558/692/71 555/730/71
f 586/752/262 570/742/262 575/753/262
f 576/756/230 575/753/230 570/742/230 567/710/230
f 568/745/71 578/736/71 577/751/71 565/717/71
f 568/745/257 587/737/257 578/736/257
f 496/638/9 579/638/9 497/638/9
f 579/638/9 498/638/9 499/638/9
f 500/638/9 579/638/9 499/638/9
f 497/638/9 579/638/9 500/638/9
f 501/638/9 579/638/9 496/638/9
f 551/723/71 580/691/71 537/693/71
f 536/711/71 580/691/71 552/712/71
f 546/722/71 580/691/71 551/723/71
f 552/712/71 580/691/71 546/722/71
f 555/730/71 580/691/71 536/711/71
f 555/730/71 558/692/71 580/691/71
f 538/727/230 549/694/230 581/699/230
f 581/699/230 550/725/230 539/706/230
f 581/699/230 549/694/230 548/697/230
f 581/699/230 548/697/230 550/725/230
f 538/727/230 581/699/230 557/698/230
f 560/700/230 581/699/230 539/706/230
f 582/702/9 540/758/9 541/759/9
f 534/760/9 582/702/9 535/701/9
f 545/761/9 582/702/9 534/760/9
f 545/761/9 540/758/9 582/702/9
f 544/703/9 582/702/9 541/759/9
f 506/640/71 497/762/71 503/686/71
f 496/639/71 497/762/71 506/640/71
f 505/652/230 507/647/230 498/649/230
f 498/649/230 507/647/230 499/646/230
f 377/476/182 388/518/182 387/519/182 403/512/182
f 387/493/179 380/490/179 379/484/179 403/523/179
f 396/509/192 402/510/192 378/481/192 389/500/192
f 376/473/187 402/525/187 396/520/187 397/514/187
f 501/650/232 510/654/232 512/763/232
f 508/651/231 501/650/231 512/763/231
f 497/764/228 500/643/228 511/642/228 503/765/228
f 504/648/229 509/645/229 500/643/229 499/646/229
f 517/659/230 527/682/230 508/670/230 514/656/230
f 528/674/71 510/673/71 529/683/71
f 525/669/71 533/678/71 511/679/71 524/667/71
f 531/677/230 509/676/230 530/684/230
f 525/669/263 523/666/263 533/678/263
f 531/677/264 523/666/264 522/665/264
f 516/658/264 527/682/264 517/659/264
f 519/662/263 528/674/263 516/658/263
f 583/735/265 557/698/265 571/757/265
f 576/756/265 584/740/265 583/735/265 571/757/265
f 567/710/265 584/740/265 576/756/265
f 562/766/266 585/755/266 560/700/266 559/705/266
f 562/766/267 564/767/267 586/752/267 585/755/267
f 564/767/268 569/748/268 570/742/268 586/752/268
f 564/768/269 587/737/269 568/745/269 569/747/269
f 587/737/270 564/768/270 562/769/270 588/738/270
f 558/692/271 588/738/271 562/769/271 559/715/271
f 555/730/272 556/729/272 561/770/272 589/732/272
f 563/771/273 590/750/273 589/732/273 561/770/273
f 563/771/274 566/718/274 565/717/274 590/750/274
f 728/772/275 727/773/275 730/774/275 729/775/275
f 727/773/276 726/776/276 731/777/276 730/774/276
f 773/778/277 772/779/277 775/780/277 774/781/277
f 772/779/278 771/782/278 776/783/278 775/780/278
f 818/784/275 817/785/275 820/786/275 819/787/275
f 817/785/276 816/788/276 821/789/276 820/786/276
f 863/790/277 862/791/277 865/792/277 864/793/277
f 862/791/278 861/794/278 866/795/278 865/792/278
f 858/796/26 818/784/26 638/797/26 641/798/26
f 818/784/27 819/787/27 680/799/27 638/797/27
f 819/787/28 822/800/28 677/801/28 680/799/28
f 822/800/29 825/802/29 674/803/29 677/801/29
f 825/802/30 828/804/30 671/805/30 674/803/30
f 828/804/31 831/806/31 668/807/31 671/805/31
f 831/806/32 834/808/32 665/809/32 668/807/32
f 834/808/33 837/810/33 662/811/33 665/809/33
f 837/810/34 840/812/34 659/813/34 662/811/34
f 840/812/35 843/814/35 656/815/35 659/813/35
f 843/814/36 846/816/36 653/817/36 656/815/36
f 846/818/37 849/819/37 650/820/37 653/821/37
f 849/819/38 852/822/38 647/823/38 650/820/38
f 852/822/39 855/824/39 644/825/39 647/823/39
f 855/824/40 858/796/40 641/798/40 644/825/40
f 681/826/27 684/827/27 813/828/27 773/778/27
f 684/827/28 687/829/28 810/830/28 813/828/28
f 687/829/29 690/831/29 807/832/29 810/830/29
f 690/831/30 693/833/30 804/834/30 807/832/30
f 693/833/31 696/835/31 801/836/31 804/834/31
f 696/835/32 699/837/32 798/838/32 801/836/32
f 699/837/33 702/839/33 795/840/33 798/838/33
f 702/839/34 705/841/34 792/842/34 795/840/34
f 705/841/35 708/843/35 789/844/35 792/842/35
f 708/843/36 711/845/36 786/846/36 789/844/36
f 711/847/37 714/848/37 783/849/37 786/850/37
f 714/848/38 717/851/38 780/852/38 783/849/38
f 717/851/39 720/853/39 777/854/39 780/852/39
f 720/853/40 723/855/40 774/781/40 777/854/40
f 723/855/26 681/826/26 773/778/26 774/781/26
f 639/856/26 636/857/26 863/790/26 864/793/26
f 642/858/40 639/856/40 864/793/40 867/859/40
f 645/860/39 642/858/39 867/859/39 870/861/39
f 648/862/38 645/860/38 870/861/38 873/863/38
f 651/864/37 648/862/37 873/863/37 876/865/37
f 654/866/36 651/867/36 876/868/36 879/869/36
f 657/870/35 654/866/35 879/869/35 882/871/35
f 660/872/34 657/870/34 882/871/34 885/873/34
f 663/874/33 660/872/33 885/873/33 888/875/33
f 666/876/32 663/874/32 888/875/32 891/877/32
f 669/878/31 666/876/31 891/877/31 894/879/31
f 672/880/30 669/878/30 894/879/30 897/881/30
f 675/882/29 672/880/29 897/881/29 900/883/29
f 678/884/28 675/882/28 900/883/28 903/885/28
f 636/857/27 678/884/27 903/885/27 863/790/27
f 728/772/27 729/775/27 686/886/27 683/887/27
f 729/775/28 732/888/28 689/889/28 686/886/28
f 732/888/29 735/890/29 692/891/29 689/889/29
f 735/890/30 738/892/30 695/893/30 692/891/30
f 738/892/31 741/894/31 698/895/31 695/893/31
f 741/894/32 744/896/32 701/897/32 698/895/32
f 744/896/33 747/898/33 704/899/33 701/897/33
f 747/898/34 750/900/34 707/901/34 704/899/34
f 750/900/35 753/902/35 710/903/35 707/901/35
f 753/902/36 756/904/36 713/905/36 710/903/36
f 756/906/37 759/907/37 716/908/37 713/909/37
f 759/907/38 762/910/38 719/911/38 716/908/38
f 762/910/39 765/912/39 722/913/39 719/911/39
f 765/912/40 768/914/40 725/915/40 722/913/40
f 768/914/26 728/772/26 683/887/26 725/915/26
f 96/167/27 97/172/27 731/777/27 726/776/27
f 97/172/28 98/174/28 734/916/28 731/777/28
f 98/174/29 99/176/29 737/917/29 734/916/29
f 99/176/30 100/178/30 740/918/30 737/917/30
f 100/178/31 101/180/31 743/919/31 740/918/31
f 101/180/32 102/182/32 746/920/32 743/919/32
f 102/182/33 103/184/33 749/921/33 746/920/33
f 103/184/34 104/186/34 752/922/34 749/921/34
f 104/186/35 105/188/35 755/923/35 752/922/35
f 105/188/36 106/190/36 758/924/36 755/923/36
f 106/193/37 107/192/37 761/925/37 758/926/37
f 107/192/38 108/195/38 764/927/38 761/925/38
f 108/195/39 109/197/39 767/928/39 764/927/39
f 109/197/40 95/168/40 770/929/40 767/928/40
f 95/168/26 96/167/26 726/776/26 770/929/26
f 776/783/26 771/782/26 593/930/26 635/931/26
f 779/932/40 776/783/40 635/931/40 632/933/40
f 782/934/39 779/932/39 632/933/39 629/935/39
f 785/936/38 782/934/38 629/935/38 626/937/38
f 788/938/37 785/936/37 626/937/37 623/939/37
f 791/940/36 788/941/36 623/942/36 620/943/36
f 794/944/35 791/940/35 620/943/35 617/945/35
f 797/946/34 794/944/34 617/945/34 614/947/34
f 800/948/33 797/946/33 614/947/33 611/949/33
f 803/950/32 800/948/32 611/949/32 608/951/32
f 806/952/31 803/950/31 608/951/31 605/953/31
f 809/954/30 806/952/30 605/953/30 602/955/30
f 812/956/29 809/954/29 602/955/29 599/957/29
f 815/958/28 812/956/28 599/957/28 596/959/28
f 771/782/27 815/958/27 596/959/27 593/930/27
f 591/960/27 594/961/27 821/789/27 816/788/27
f 594/961/28 597/962/28 824/963/28 821/789/28
f 597/962/29 600/964/29 827/965/29 824/963/29
f 600/964/30 603/966/30 830/967/30 827/965/30
f 603/966/31 606/968/31 833/969/31 830/967/31
f 606/968/32 609/970/32 836/971/32 833/969/32
f 609/970/33 612/972/33 839/973/33 836/971/33
f 612/972/34 615/974/34 842/975/34 839/973/34
f 615/974/35 618/976/35 845/977/35 842/975/35
f 618/976/36 621/978/36 848/979/36 845/977/36
f 621/980/37 624/981/37 851/982/37 848/983/37
f 624/981/38 627/984/38 854/985/38 851/982/38
f 627/984/39 630/986/39 857/987/39 854/985/39
f 630/986/40 633/988/40 860/989/40 857/987/40
f 633/988/26 591/960/26 816/788/26 860/989/26
f 866/795/26 861/794/26 110/120/26 111/119/26
f 869/990/40 866/795/40 111/119/40 124/134/40
f 872/991/39 869/990/39 124/134/39 123/133/39
f 875/992/38 872/991/38 123/133/38 122/132/38
f 878/993/37 875/992/37 122/132/37 121/131/37
f 881/994/36 878/995/36 121/130/36 120/129/36
f 884/996/35 881/994/35 120/129/35 119/128/35
f 887/997/34 884/996/34 119/128/34 118/127/34
f 890/998/33 887/997/33 118/127/33 117/126/33
f 893/999/32 890/998/32 117/126/32 116/125/32
f 896/1000/31 893/999/31 116/125/31 115/124/31
f 899/1001/30 896/1000/30 115/124/30 114/123/30
f 902/1002/29 899/1001/29 114/123/29 113/122/29
f 905/1003/28 902/1002/28 113/122/28 112/121/28
f 861/794/27 905/1003/27 112/121/27 110/120/27
f 591/960/275 592/1004/275 595/1005/275 594/961/275
f 592/1004/276 593/930/276 596/959/276 595/1005/276
f 594/961/279 595/1005/279 598/1006/279 597/962/279
f 595/1005/280 596/959/280 599/957/280 598/1006/280
f 597/962/281 598/1006/281 601/1007/281 600/964/281
f 598/1006/282 599/957/282 602/955/282 601/1007/282
f 600/964/283 601/1007/283 604/1008/283 603/966/283
f 601/1007/284 602/955/284 605/953/284 604/1008/284
f 603/966/285 604/1008/285 607/1009/285 606/968/285
f 604/1008/286 605/953/286 608/951/286 607/1009/286
f 606/968/287 607/1009/287 610/1010/287 609/970/287
f 607/1009/288 608/951/288 611/949/288 610/1010/288
f 609/970/289 610/1010/289 613/1011/289 612/972/289
f 610/1010/290 611/949/290 614/947/290 613/1011/290
f 612/972/291 613/1011/291 616/1012/291 615/974/291
f 613/1011/292 614/947/292 617/945/292 616/1012/292
f 615/974/293 616/1012/293 619/1013/293 618/976/293
f 616/1012/294 617/945/294 620/943/294 619/1013/294
f 618/976/295 619/1013/295 622/1014/295 621/978/295
f 619/1013/296 620/943/296 623/942/296 622/1014/296
f 621/980/297 622/1015/297 625/1016/297 624/981/297
f 622/1015/298 623/939/298 626/937/298 625/1016/298
f 624/981/299 625/1016/299 628/1017/299 627/984/299
f 625/1016/300 626/937/300 629/935/300 628/1017/300
f 627/984/301 628/1017/301 631/1018/301 630/986/301
f 628/1017/302 629/935/302 632/933/302 631/1018/302
f 630/986/303 631/1018/303 634/1019/303 633/988/303
f 631/1018/304 632/933/304 635/931/304 634/1019/304
f 593/930/277 592/1004/277 634/1019/277 635/931/277
f 592/1004/278 591/960/278 633/988/278 634/1019/278
f 636/857/275 637/1020/275 679/1021/275 678/884/275
f 637/1020/276 638/797/276 680/799/276 679/1021/276
f 638/797/277 637/1020/277 640/1022/277 641/798/277
f 637/1020/278 636/857/278 639/856/278 640/1022/278
f 641/798/305 640/1022/305 643/1023/305 644/825/305
f 640/1022/306 639/856/306 642/858/306 643/1023/306
f 644/825/302 643/1023/302 646/1024/302 647/823/302
f 643/1023/307 642/858/307 645/860/307 646/1024/307
f 647/823/300 646/1024/300 649/1025/300 650/820/300
f 646/1024/299 645/860/299 648/862/299 649/1025/299
f 650/820/298 649/1025/298 652/1026/298 653/821/298
f 649/1025/297 648/862/297 651/864/297 652/1026/297
f 653/817/296 652/1027/296 655/1028/296 656/815/296
f 652/1027/308 651/867/308 654/866/308 655/1028/308
f 656/815/294 655/1028/294 658/1029/294 659/813/294
f 655/1028/293 654/866/293 657/870/293 658/1029/293
f 659/813/292 658/1029/292 661/1030/292 662/811/292
f 658/1029/291 657/870/291 660/872/291 661/1030/291
f 662/811/290 661/1030/290 664/1031/290 665/809/290
f 661/1030/289 660/872/289 663/874/289 664/1031/289
f 665/809/288 664/1031/288 667/1032/288 668/807/288
f 664/1031/287 663/874/287 666/876/287 667/1032/287
f 668/807/286 667/1032/286 670/1033/286 671/805/286
f 667/1032/285 666/876/285 669/878/285 670/1033/285
f 671/805/284 670/1033/284 673/1034/284 674/803/284
f 670/1033/283 669/878/283 672/880/283 673/1034/283
f 674/803/282 673/1034/282 676/1035/282 677/801/282
f 673/1034/281 672/880/281 675/882/281 676/1035/281
f 677/801/280 676/1035/280 679/1021/280 680/799/280
f 676/1035/309 675/882/309 678/884/309 679/1021/309
f 681/826/275 682/1036/275 685/1037/275 684/827/275
f 682/1036/276 683/887/276 686/886/276 685/1037/276
f 684/827/279 685/1037/279 688/1038/279 687/829/279
f 685/1037/280 686/886/280 689/889/280 688/1038/280
f 687/829/281 688/1038/281 691/1039/281 690/831/281
f 688/1038/282 689/889/282 692/891/282 691/1039/282
f 690/831/283 691/1039/283 694/1040/283 693/833/283
f 691/1039/284 692/891/284 695/893/284 694/1040/284
f 693/833/285 694/1040/285 697/1041/285 696/835/285
f 694/1040/286 695/893/286 698/895/286 697/1041/286
f 696/835/287 697/1041/287 700/1042/287 699/837/287
f 697/1041/288 698/895/288 701/897/288 700/1042/288
f 699/837/289 700/1042/289 703/1043/289 702/839/289
f 700/1042/290 701/897/290 704/899/290 703/1043/290
f 702/839/291 703/1043/291 706/1044/291 705/841/291
f 703/1043/292 704/899/292 707/901/292 706/1044/292
f 705/841/293 706/1044/293 709/1045/293 708/843/293
f 706/1044/294 707/901/294 710/903/294 709/1045/294
f 708/843/295 709/1045/295 712/1046/295 711/845/295
f 709/1045/296 710/903/296 713/905/296 712/1046/296
f 711/847/297 712/1047/297 715/1048/297 714/848/297
f 712/1047/298 713/909/298 716/908/298 715/1048/298
f 714/848/299 715/1048/299 718/1049/299 717/851/299
f 715/1048/300 716/908/300 719/911/300 718/1049/300
f 717/851/301 718/1049/301 721/1050/301 720/853/301
f 718/1049/302 719/911/302 722/913/302 721/1050/302
f 720/853/303 721/1050/303 724/1051/303 723/855/303
f 721/1050/304 722/913/304 725/915/304 724/1051/304
f 683/887/277 682/1036/277 724/1051/277 725/915/277
f 682/1036/278 681/826/278 723/855/278 724/1051/278
f 729/775/279 730/774/279 733/1052/279 732/888/279
f 730/774/280 731/777/280 734/916/280 733/1052/280
f 732/888/281 733/1052/281 736/1053/281 735/890/281
f 733/1052/282 734/916/282 737/917/282 736/1053/282
f 735/890/283 736/1053/283 739/1054/283 738/892/283
f 736/1053/284 737/917/284 740/918/284 739/1054/284
f 738/892/285 739/1054/285 742/1055/285 741/894/285
f 739/1054/286 740/918/286 743/919/286 742/1055/286
f 741/894/287 742/1055/287 745/1056/287 744/896/287
f 742/1055/288 743/919/288 746/920/288 745/1056/288
f 744/896/289 745/1056/289 748/1057/289 747/898/289
f 745/1056/290 746/920/290 749/921/290 748/1057/290
f 747/898/291 748/1057/291 751/1058/291 750/900/291
f 748/1057/292 749/921/292 752/922/292 751/1058/292
f 750/900/293 751/1058/293 754/1059/293 753/902/293
f 751/1058/294 752/922/294 755/923/294 754/1059/294
f 753/902/295 754/1059/295 757/1060/295 756/904/295
f 754/1059/296 755/923/296 758/924/296 757/1060/296
f 756/906/297 757/1061/297 760/1062/297 759/907/297
f 757/1061/298 758/926/298 761/925/298 760/1062/298
f 759/907/299 760/1062/299 763/1063/299 762/910/299
f 760/1062/300 761/925/300 764/927/300 763/1063/300
f 762/910/301 763/1063/301 766/1064/301 765/912/301
f 763/1063/302 764/927/302 767/928/302 766/1064/302
f 765/912/306 766/1064/306 769/1065/306 768/914/306
f 766/1064/305 767/928/305 770/929/305 769/1065/305
f 726/776/277 727/773/277 769/1065/277 770/929/277
f 727/773/278 728/772/278 768/914/278 769/1065/278
f 774/781/305 775/780/305 778/1066/305 777/854/305
f 775/780/306 776/783/306 779/932/306 778/1066/306
f 777/854/302 778/1066/302 781/1067/302 780/852/302
f 778/1066/301 779/932/301 782/934/301 781/1067/301
f 780/852/300 781/1067/300 784/1068/300 783/849/300
f 781/1067/299 782/934/299 785/936/299 784/1068/299
f 783/849/298 784/1068/298 787/1069/298 786/850/298
f 784/1068/297 785/936/297 788/938/297 787/1069/297
f 786/846/296 787/1070/296 790/1071/296 789/844/296
f 787/1070/295 788/941/295 791/940/295 790/1071/295
f 789/844/294 790/1071/294 793/1072/294 792/842/294
f 790/1071/293 791/940/293 794/944/293 793/1072/293
f 792/842/292 793/1072/292 796/1073/292 795/840/292
f 793/1072/291 794/944/291 797/946/291 796/1073/291
f 795/840/290 796/1073/290 799/1074/290 798/838/290
f 796/1073/289 797/946/289 800/948/289 799/1074/289
f 798/838/288 799/1074/288 802/1075/288 801/836/288
f 799/1074/287 800/948/287 803/950/287 802/1075/287
f 801/836/286 802/1075/286 805/1076/286 804/834/286
f 802/1075/285 803/950/285 806/952/285 805/1076/285
f 804/834/284 805/1076/284 808/1077/284 807/832/284
f 805/1076/283 806/952/283 809/954/283 808/1077/283
f 807/832/282 808/1077/282 811/1078/282 810/830/282
f 808/1077/281 809/954/281 812/956/281 811/1078/281
f 810/830/280 811/1078/280 814/1079/280 813/828/280
f 811/1078/279 812/956/279 815/958/279 814/1079/279
f 771/782/275 772/779/275 814/1079/275 815/958/275
f 772/779/276 773/778/276 813/828/276 814/1079/276
f 819/787/279 820/786/279 823/1080/279 822/800/279
f 820/786/280 821/789/280 824/963/280 823/1080/280
f 822/800/281 823/1080/281 826/1081/281 825/802/281
f 823/1080/282 824/963/282 827/965/282 826/1081/282
f 825/802/283 826/1081/283 829/1082/283 828/804/283
f 826/1081/284 827/965/284 830/967/284 829/1082/284
f 828/804/285 829/1082/285 832/1083/285 831/806/285
f 829/1082/286 830/967/286 833/969/286 832/1083/286
f 831/806/287 832/1083/287 835/1084/287 834/808/287
f 832/1083/288 833/969/288 836/971/288 835/1084/288
f 834/808/289 835/1084/289 838/1085/289 837/810/289
f 835/1084/290 836/971/290 839/973/290 838/1085/290
f 837/810/291 838/1085/291 841/1086/291 840/812/291
f 838/1085/292 839/973/292 842/975/292 841/1086/292
f 840/812/293 841/1086/293 844/1087/293 843/814/293
f 841/1086/294 842/975/294 845/977/294 844/1087/294
f 843/814/295 844/1087/295 847/1088/295 846/816/295
f 844/1087/296 845/977/296 848/979/296 847/1088/296
f 846/818/297 847/1089/297 850/1090/297 849/819/297
f 847/1089/298 848/983/298 851/982/298 850/1090/298
f 849/819/299 850/1090/299 853/1091/299 852/822/299
f 850/1090/300 851/982/300 854/985/300 853/1091/300
f 852/822/301 853/1091/301 856/1092/301 855/824/301
f 853/1091/302 854/985/302 857/987/302 856/1092/302
f 855/824/306 856/1092/306 859/1093/306 858/796/306
f 856/1092/304 857/987/304 860/989/304 859/1093/304
f 816/788/277 817/785/277 859/1093/277 860/989/277
f 817/785/278 818/784/278 858/796/278 859/1093/278
f 864/793/304 865/792/304 868/1094/304 867/859/304
f 865/792/306 866/795/306 869/990/306 868/1094/306
f 867/859/310 868/1094/310 871/1095/310 870/861/310
f 868/1094/307 869/990/307 872/991/307 871/1095/307
f 870/861/300 871/1095/300 874/1096/300 873/863/300
f 871/1095/299 872/991/299 875/992/299 874/1096/299
f 873/863/298 874/1096/298 877/1097/298 876/865/298
f 874/1096/297 875/992/297 878/993/297 877/1097/297
f 876/868/311 877/1098/311 880/1099/311 879/869/311
f 877/1098/295 878/995/295 881/994/295 880/1099/295
f 879/869/294 880/1099/294 883/1100/294 882/871/294
f 880/1099/293 881/994/293 884/996/293 883/1100/293
f 882/871/292 883/1100/292 886/1101/292 885/873/292
f 883/1100/291 884/996/291 887/997/291 886/1101/291
f 885/873/290 886/1101/290 889/1102/290 888/875/290
f 886/1101/289 887/997/289 890/998/289 889/1102/289
f 888/875/288 889/1102/288 892/1103/288 891/877/288
f 889/1102/287 890/998/287 893/999/287 892/1103/287
f 891/877/286 892/1103/286 895/1104/286 894/879/286
f 892/1103/285 893/999/285 896/1000/285 895/1104/285
f 894/879/284 895/1104/284 898/1105/284 897/881/284
f 895/1104/283 896/1000/283 899/1001/283 898/1105/283
f 897/881/282 898/1105/282 901/1106/282 900/883/282
f 898/1105/281 899/1001/281 902/1002/281 901/1106/281
f 900/883/312 901/1106/312 904/1107/312 903/885/312
f 901/1106/279 902/1002/279 905/1003/279 904/1107/279
f 861/794/275 862/791/275 904/1107/275 905/1003/275
f 862/791/276 863/790/276 903/885/276 904/1107/276
o SocleTrans
v -0.000000 0.040605 0.177934
v -0.000001 0.056247 0.177934
v -0.000001 0.059807 0.176591
v -0.003011 0.059912 0.177934
v -0.001656 0.061884 0.176591
v -0.000001 0.059807 0.179277
v -0.004362 0.064147 0.177934
v 0.003009 0.059912 0.177934
v -0.001656 0.061884 0.179277
v -0.002172 0.064147 0.176591
v 0.001655 0.061884 0.176591
v -0.002172 0.064147 0.179277
v 0.001655 0.061884 0.179277
v 0.004361 0.064147 0.177934
v 0.002171 0.064147 0.176591
v 0.002171 0.064147 0.179277
v -0.002352 0.064855 0.175954
v -0.002172 0.065459 0.176591
v 0.002351 0.064855 0.175954
v 0.002171 0.065459 0.176591
v -0.004362 0.065459 0.177934
v -0.005579 0.064855 0.177934
v -0.002352 0.064855 0.179914
v -0.002172 0.065459 0.179277
v 0.002351 0.064855 0.179914
v 0.002171 0.065459 0.179277
v 0.004361 0.065459 0.177934
v 0.005578 0.064855 0.177934
v -0.029635 0.040605 0.192140
v -0.028270 0.040605 0.193386
v -0.018648 0.063878 0.188929
v -0.017431 0.063678 0.190220
v -0.017105 0.064855 0.188846
v -0.017433 0.063680 0.165648
v -0.018643 0.063889 0.166927
v -0.017110 0.064855 0.167017
v -0.028270 0.040605 0.162482
v -0.029635 0.040605 0.163728
v 0.018648 0.063878 0.166939
v 0.017431 0.063678 0.165648
v 0.017105 0.064855 0.167022
v 0.029635 0.040605 0.163728
v 0.028270 0.040605 0.162482
v 0.028270 0.040605 0.193386
v 0.029635 0.040605 0.192140
v 0.017105 0.064855 0.188846
v 0.017433 0.063680 0.190220
v 0.018648 0.063878 0.188929
v -0.000001 0.064147 0.176591
v -0.000001 0.064147 0.179277
v -0.000001 0.064803 0.179277
v -0.000001 0.064803 0.176591
vn 0.3952 0.3211 0.8606
vn 0.3952 0.3211 -0.8606
vn 0.5361 0.1038 0.8378
vn 0.5404 0.1553 0.8269
vn 0.5370 0.1135 0.8359
vn -0.3952 0.3211 0.8606
vn 0.5404 0.1553 -0.8269
vn 0.5361 0.1038 -0.8378
vn 0.5370 0.1135 -0.8359
vn -0.3952 0.3211 -0.8606
vn -0.5404 0.1553 0.8269
vn -0.5361 0.1038 0.8378
vn -0.5370 0.1135 0.8359
vn -0.5361 0.1038 -0.8378
vn -0.5404 0.1553 -0.8269
vn -0.5370 0.1135 -0.8359
vn -0.0000 -0.0000 -1.0000
vn -0.0000 -0.0000 1.0000
vn -0.1511 0.7380 -0.6577
vn 0.1511 0.7380 -0.6577
vn -0.3599 0.7254 -0.5868
vn 0.3599 0.7254 -0.5868
vn -0.3599 0.7254 0.5868
vn -0.1511 0.7380 0.6577
vn 0.1511 0.7380 0.6577
vn 0.3599 0.7254 0.5868
vn 0.5229 -0.0000 0.8524
vn 0.5229 -0.0000 -0.8524
vn -0.5229 -0.0000 0.8524
vn -0.5229 -0.0000 -0.8524
vn -0.0000 -1.0000 -0.0000
vn -0.6301 0.3892 0.6719
vn -0.2982 0.6420 0.7063
vn -0.6274 0.3966 0.6702
vn -0.5339 0.8455 0.0002
vn -0.0058 0.7604 0.6494
vn 0.2983 0.6421 0.7062
vn 0.0057 0.7604 0.6494
vn -0.2974 0.6412 -0.7074
vn -0.0056 0.7598 -0.6501
vn 0.0058 0.7598 -0.6501
vn 0.2984 0.6415 -0.7067
vn -0.6260 0.3960 -0.6718
vn -0.6288 0.3886 -0.6735
vn 0.5349 0.8449 -0.0000
vn 0.6274 0.3966 -0.6702
vn 0.6301 0.3892 -0.6719
vn 0.6304 0.3893 0.6716
vn 0.6277 0.3967 0.6698
vn -0.9043 0.4269 -0.0000
vn -0.0000 0.1360 -0.9907
vn -0.0000 0.1360 0.9907
vn 0.9043 0.4269 -0.0000
vn -0.0000 1.0000 -0.0000
vt 0.803722 0.380998
vt 0.833501 0.332376
vt 0.839710 0.379594
vt 0.819652 0.405575
vt 0.788351 0.348632
vt 0.774658 0.378549
vt 0.777060 0.426259
vt 0.809680 0.431444
vt 0.878467 0.372427
vt 0.859536 0.402218
vt 0.756814 0.399451
vt 0.777068 0.311124
vt 0.759069 0.341756
vt 0.899054 0.423294
vt 0.867389 0.429271
vt 0.721982 0.316539
vt 0.731366 0.347612
vt 0.742948 0.373755
vt 0.838921 0.431164
vt 0.807906 0.456677
vt 0.808106 0.446278
vt 0.869198 0.445891
vt 0.870927 0.456690
vt 0.761212 0.453108
vt 0.768487 0.440461
vt 0.901858 0.438753
vt 0.917119 0.446528
vt 0.735244 0.414233
vt 0.744015 0.408943
vt 0.705362 0.357468
vt 0.715877 0.353737
vt 0.692712 0.311957
vt 0.706733 0.321717
vt 0.838805 0.438694
vt 0.736358 0.377559
vt 0.004883 0.004883
vt 0.667630 0.316198
vt 0.688777 0.324835
vt 0.646626 0.633549
vt 0.625823 0.626914
vt 0.627259 0.649062
vt 0.363352 0.657396
vt 0.361001 0.635243
vt 0.386781 0.311431
vt 0.382037 0.289564
vt 0.798272 0.283958
vt 0.796392 0.305762
vt 0.289253 0.161631
vt 0.311191 0.163757
vt 0.311652 0.582578
vt 0.289521 0.587020
vt 0.298332 0.142241
vt 0.005045 0.026772
vt 0.010307 0.004883
vt 0.892827 0.965382
vt 0.894201 0.987434
vt 0.631525 0.995117
vt 0.629321 0.972891
vt 0.913520 0.972038
vt 0.935195 0.656164
vt 0.956226 0.664814
vt 0.936032 0.005413
vt 0.957540 0.011170
vt 0.817480 0.293231
vt 0.315153 0.316138
vt 0.004883 0.719663
vt 0.244128 0.004883
vt 0.584304 0.655255
vt 0.135789 0.665146
vt 0.285463 0.806863
vt 0.135720 0.948628
vt 0.430354 0.806870
vt 0.580056 0.665167
vt 0.580043 0.948587
vt 0.388441 0.832579
vt 0.327376 0.781154
vt 0.388444 0.781157
vt 0.327374 0.832576
s 1
usemtl SocleTexture
f 909/1108/313 907/1109/313 908/1110/313 910/1111/313
f 911/1112/314 907/1109/314 909/1108/314 914/1113/314
f 912/1114/315 909/1108/316 910/1111/316 915/1115/317
f 908/1110/318 907/1109/318 913/1116/318 916/1117/318
f 914/1113/319 909/1108/319 912/1114/320 917/1118/321
f 913/1119/322 907/1109/322 911/1112/322 918/1120/322
f 916/1117/323 913/1116/323 919/1121/324 920/1122/325
f 919/1123/326 913/1119/327 918/1120/327 921/1124/328
f 918/1120/329 955/1125/329 921/1124/329
f 910/1111/330 954/1126/330 915/1115/330
f 922/1127/331 923/1128/331 925/1129/332 924/1130/332
f 923/1128/331 922/1127/331 927/1131/333 926/1132/333
f 924/1130/332 925/1129/332 932/1133/334 933/1134/334
f 926/1132/335 927/1131/335 928/1135/336 929/1136/336
f 929/1136/336 928/1135/336 930/1137/337 931/1138/337
f 931/1138/337 930/1137/337 933/1139/338 932/1140/338
f 923/1128/339 926/1132/339 912/1114/315 915/1115/317
f 926/1132/340 929/1136/340 917/1118/321 912/1114/320
f 932/1133/341 925/1129/341 920/1122/325 919/1121/324
f 931/1138/342 932/1140/342 919/1123/326 921/1124/328
f 915/1115/330 957/1141/330 923/1128/330
f 921/1124/329 956/1142/329 931/1138/329
f 943/1143/343 942/1143/343 906/1143/343
f 934/1144/344 935/1145/344 937/1146/345 936/1147/346
f 936/1147/347 938/1148/347 941/1149/347 940/1150/347
f 938/1151/348 937/1152/345 952/1153/349 951/1154/350
f 939/1155/351 941/1156/352 946/1157/353 945/1158/354
f 940/1159/355 939/1155/351 942/1160/356 943/1161/356
f 944/1162/357 946/1163/357 951/1164/357 953/1165/357
f 945/1166/354 944/1162/358 947/1167/359 948/1168/359
f 949/1169/360 950/1170/360 953/1171/361 952/1153/349
f 940/1150/362 943/1172/362 934/1144/362 936/1147/362
f 939/1155/363 945/1158/363 948/1173/363 942/1160/363
f 937/1152/364 935/1174/364 949/1169/364 952/1153/364
f 953/1165/365 950/1175/365 947/1167/365 944/1162/365
f 938/1176/366 927/1177/366 941/1178/366
f 933/1179/366 951/1180/366 946/1181/366
f 936/1147/346 937/1146/345 938/1148/348
f 939/1155/351 940/1159/355 941/1156/352
f 944/1162/358 945/1166/354 946/1163/353
f 951/1154/350 952/1153/349 953/1171/361
f 934/1143/343 906/1143/343 935/1143/343
f 906/1143/343 950/1143/343 949/1143/343
f 947/1143/343 906/1143/343 948/1143/343
f 906/1143/343 947/1143/343 950/1143/343
f 906/1143/343 942/1143/343 948/1143/343
f 943/1143/343 906/1143/343 934/1143/343
f 946/1181/366 924/1182/366 933/1179/366
f 938/1176/366 928/1183/366 927/1177/366
f 951/1180/366 930/1184/366 928/1183/366 938/1176/366
f 941/1178/366 922/1185/366 924/1182/366 946/1181/366
f 920/1122/330 954/1126/330 916/1117/330
f 908/1110/330 954/1126/330 910/1111/330
f 916/1117/330 954/1126/330 908/1110/330
f 917/1118/329 955/1125/329 914/1113/329
f 911/1112/329 955/1125/329 918/1120/329
f 914/1113/329 955/1125/329 911/1112/329
f 933/1179/366 930/1184/366 951/1180/366
f 941/1178/366 927/1177/366 922/1185/366
f 929/1136/329 931/1138/329 956/1142/329
f 955/1125/329 956/1142/329 921/1124/329
f 929/1136/329 956/1142/329 917/1118/329
f 917/1118/329 956/1142/329 955/1125/329
f 925/1129/330 923/1128/330 957/1141/330
f 954/1126/330 957/1141/330 915/1115/330
f 925/1129/330 957/1141/330 920/1122/330
f 920/1122/330 957/1141/330 954/1126/330
f 906/1143/343 949/1143/343 935/1143/343
o VitrauxTrans
v -0.500568 0.544759 -0.453559
v -0.500568 0.670391 -0.453559
v -0.547745 0.662069 -0.400765
v -0.582704 0.638874 -0.361644
v -0.608300 0.591767 -0.333000
v -0.619193 0.544759 -0.320811
v -0.619167 0.336768 -0.320840
v -0.381969 0.336768 -0.586278
v -0.381943 0.544759 -0.586307
v -0.392835 0.591767 -0.574118
v -0.418432 0.638874 -0.545474
v -0.453390 0.662068 -0.506353
v -0.707910 0.544759 0.106711
v -0.707910 0.662069 0.032049
v -0.707910 0.670391 0.106711
v -0.707910 0.662069 0.181373
v -0.707910 0.638875 0.236698
v -0.707910 0.591767 0.277207
v -0.707910 0.544759 0.294445
v -0.707910 0.336768 0.294404
v -0.707910 0.336768 -0.080982
v -0.707910 0.544759 -0.081023
v -0.707910 0.591767 -0.063785
v -0.707910 0.638875 -0.023276
v -0.500568 0.544759 0.666768
v -0.453390 0.662069 0.719562
v -0.500568 0.670391 0.666768
v -0.418432 0.638875 0.758683
v -0.392835 0.591768 0.787327
v -0.381943 0.544759 0.799516
v -0.381969 0.336769 0.799487
v -0.619167 0.336769 0.534049
v -0.619192 0.544759 0.534020
v -0.608300 0.591767 0.546209
v -0.582704 0.638875 0.574853
v -0.547745 0.662069 0.613974
v 0.507215 0.544356 0.676470
v 0.614948 0.591364 0.555911
v 0.589351 0.638471 0.584555
v 0.625840 0.544356 0.543722
v 0.625814 0.336365 0.543751
v 0.388617 0.336365 0.809189
v 0.388591 0.544356 0.809218
v 0.399483 0.591364 0.797029
v 0.425080 0.638471 0.768385
v 0.460038 0.661665 0.729264
v 0.507215 0.669987 0.676470
v 0.554393 0.661665 0.623676
v 0.707910 0.544356 0.106589
v 0.707910 0.669987 0.106589
v 0.707910 0.661665 0.031926
v 0.707910 0.638471 -0.023398
v 0.707910 0.591364 -0.063907
v 0.707910 0.544356 -0.081145
v 0.707910 0.336365 -0.081104
v 0.707910 0.336365 0.294282
v 0.707910 0.544356 0.294323
v 0.707910 0.591364 0.277085
v 0.707910 0.638471 0.236576
v 0.707910 0.661665 0.181251
v 0.500570 0.545734 -0.453611
v 0.608303 0.592742 -0.333052
v 0.582706 0.639849 -0.361696
v 0.547748 0.663044 -0.400816
v 0.500570 0.671366 -0.453611
v 0.453393 0.663044 -0.506405
v 0.418434 0.639849 -0.545526
v 0.392838 0.592742 -0.574170
v 0.381945 0.545734 -0.586359
v 0.381971 0.337743 -0.586330
v 0.619169 0.337743 -0.320892
v 0.619195 0.545734 -0.320863
v 0.000000 0.544356 -0.685587
v -0.066719 0.661665 -0.685587
v -0.116158 0.638471 -0.685587
v 0.000000 0.669987 -0.685587
v 0.066719 0.661665 -0.685587
v 0.116158 0.638471 -0.685587
v 0.152357 0.591364 -0.685587
v 0.167761 0.544356 -0.685587
v 0.167724 0.336365 -0.685587
v -0.167724 0.336365 -0.685587
v -0.167761 0.544356 -0.685587
v -0.152357 0.591364 -0.685587
vn 0.7457 -0.0000 0.6663
vn 1.0000 -0.0000 -0.0000
vn 0.7457 -0.0000 -0.6663
vn -0.7457 -0.0000 -0.6663
vn -1.0000 -0.0000 -0.0000
vn -0.7457 -0.0000 0.6663
vn -0.0000 -0.0000 1.0000
vt 0.668355 0.851618
vt 0.706658 0.784272
vt 0.706658 0.856396
vt 0.802968 0.784271
vt 0.802947 0.664865
vt 0.744961 0.851618
vt 0.639973 0.838303
vt 0.619191 0.811259
vt 0.773344 0.838302
vt 0.794125 0.811259
vt 0.610348 0.784272
vt 0.610369 0.664866
vt 0.308896 0.858472
vt 0.308887 0.785570
vt 0.347611 0.853638
vt 0.406199 0.664865
vt 0.406235 0.785558
vt 0.270180 0.853648
vt 0.220481 0.812860
vt 0.241490 0.840192
vt 0.376298 0.840175
vt 0.397300 0.812837
vt 0.211539 0.785583
vt 0.211545 0.664890
vt 0.465997 0.205462
vt 0.507127 0.133131
vt 0.507134 0.210590
vt 0.610529 0.004883
vt 0.610562 0.133122
vt 0.548270 0.205456
vt 0.435514 0.191164
vt 0.578750 0.191152
vt 0.413192 0.162122
vt 0.601067 0.162106
vt 0.403692 0.133139
vt 0.403704 0.004900
vt 0.440808 0.839705
vt 0.419858 0.812442
vt 0.508032 0.785237
vt 0.410964 0.664866
vt 0.410943 0.785237
vt 0.469420 0.853128
vt 0.508032 0.857944
vt 0.546645 0.853127
vt 0.596206 0.812442
vt 0.575257 0.839704
vt 0.605121 0.785236
vt 0.605099 0.664865
vt 0.677784 0.198689
vt 0.717542 0.128808
vt 0.717530 0.203653
vt 0.617640 0.004883
vt 0.617599 0.128793
vt 0.757279 0.198701
vt 0.626771 0.156799
vt 0.648333 0.184866
vt 0.786733 0.184888
vt 0.808304 0.156827
vt 0.817485 0.128824
vt 0.817482 0.004914
vt 0.174020 0.844863
vt 0.104826 0.788786
vt 0.195589 0.816801
vt 0.004918 0.664865
vt 0.004883 0.788775
vt 0.065070 0.858668
vt 0.104817 0.863631
vt 0.035619 0.844847
vt 0.014057 0.816781
vt 0.144565 0.858677
vt 0.204768 0.788797
vt 0.204760 0.664888
vt 0.896224 0.299043
vt 0.857520 0.367121
vt 0.828830 0.353667
vt 0.798876 0.178367
vt 0.798876 0.299060
vt 0.993572 0.299026
vt 0.984638 0.326305
vt 0.807819 0.326336
vt 0.896237 0.371945
vt 0.934951 0.367108
vt 0.963637 0.353644
vt 0.993530 0.178333
s 1
usemtl Vitraux
f 960/1186/367 958/1187/367 959/1188/367
f 966/1189/367 958/1187/367 965/1190/367
f 959/1188/367 958/1187/367 969/1191/367
f 958/1187/367 961/1192/367 962/1193/367
f 968/1194/367 958/1187/367 967/1195/367
f 969/1191/367 958/1187/367 968/1194/367
f 960/1186/367 961/1192/367 958/1187/367
f 958/1187/367 962/1193/367 963/1196/367
f 967/1195/367 958/1187/367 966/1189/367
f 964/1197/367 958/1187/367 963/1196/367
f 965/1190/367 958/1187/367 964/1197/367
f 972/1198/368 970/1199/368 971/1200/368
f 970/1199/368 978/1201/368 979/1202/368
f 973/1203/368 970/1199/368 972/1198/368
f 975/1204/368 970/1199/368 974/1205/368
f 981/1206/368 970/1199/368 980/1207/368
f 971/1200/368 970/1199/368 981/1206/368
f 974/1205/368 970/1199/368 973/1203/368
f 976/1208/368 970/1199/368 975/1204/368
f 980/1207/368 970/1199/368 979/1202/368
f 976/1208/368 977/1209/368 970/1199/368
f 970/1199/368 977/1209/368 978/1201/368
f 983/1210/369 982/1211/369 984/1212/369
f 989/1213/369 990/1214/369 982/1211/369
f 984/1212/369 982/1211/369 993/1215/369
f 985/1216/369 982/1211/369 983/1210/369
f 993/1215/369 982/1211/369 992/1217/369
f 986/1218/369 982/1211/369 985/1216/369
f 992/1217/369 982/1211/369 991/1219/369
f 987/1220/369 982/1211/369 986/1218/369
f 991/1219/369 982/1211/369 990/1214/369
f 988/1221/369 982/1211/369 987/1220/369
f 989/1213/369 982/1211/369 988/1221/369
f 996/1222/370 995/1223/370 994/1224/370
f 998/1225/370 994/1224/370 997/1226/370
f 997/1226/370 994/1224/370 995/1223/370
f 996/1222/370 994/1224/370 1005/1227/370
f 1004/1228/370 994/1224/370 1003/1229/370
f 1005/1227/370 994/1224/370 1004/1228/370
f 1001/1230/370 1002/1231/370 994/1224/370
f 1003/1229/370 994/1224/370 1002/1231/370
f 1001/1230/370 994/1224/370 1000/1232/370
f 998/1225/370 999/1233/370 994/1224/370
f 994/1224/370 999/1233/370 1000/1232/370
f 1008/1234/371 1006/1235/371 1007/1236/371
f 1012/1237/371 1006/1235/371 1011/1238/371
f 1007/1236/371 1006/1235/371 1017/1239/371
f 1011/1238/371 1006/1235/371 1010/1240/371
f 1009/1241/371 1006/1235/371 1008/1234/371
f 1010/1240/371 1006/1235/371 1009/1241/371
f 1016/1242/371 1006/1235/371 1015/1243/371
f 1017/1239/371 1006/1235/371 1016/1242/371
f 1015/1243/371 1006/1235/371 1014/1244/371
f 1006/1235/371 1013/1245/371 1014/1244/371
f 1012/1237/371 1013/1245/371 1006/1235/371
f 1020/1246/372 1018/1247/372 1019/1248/372
f 1027/1249/372 1018/1247/372 1026/1250/372
f 1023/1251/372 1018/1247/372 1022/1252/372
f 1024/1253/372 1018/1247/372 1023/1251/372
f 1026/1250/372 1018/1247/372 1025/1254/372
f 1025/1254/372 1018/1247/372 1024/1253/372
f 1022/1252/372 1018/1247/372 1021/1255/372
f 1021/1255/372 1018/1247/372 1020/1246/372
f 1019/1248/372 1018/1247/372 1029/1256/372
f 1018/1247/372 1028/1257/372 1029/1256/372
f 1027/1249/372 1028/1257/372 1018/1247/372
f 1030/1258/373 1031/1259/373 1032/1260/373
f 1039/1261/373 1030/1258/373 1040/1262/373
f 1037/1263/373 1036/1264/373 1030/1258/373
f 1030/1258/373 1041/1265/373 1040/1262/373
f 1030/1258/373 1032/1260/373 1041/1265/373
f 1030/1258/373 1033/1266/373 1031/1259/373
f 1030/1258/373 1034/1267/373 1033/1266/373
f 1030/1258/373 1035/1268/373 1034/1267/373
f 1037/1263/373 1030/1258/373 1038/1269/373
f 1038/1269/373 1030/1258/373 1039/1261/373
f 1030/1258/373 1036/1264/373 1035/1268/373
o PedestalTrans
v 0.135339 0.000950 0.042595
v -0.000000 0.000950 -0.013465
v -0.135339 0.000950 0.042595
v -0.191399 0.000950 0.177934
v -0.135339 0.000950 0.313273
v -0.000000 0.000950 0.369333
v 0.135339 0.000950 0.313273
v 0.191399 0.000950 0.177934
v -0.000000 0.000950 0.177934
v 0.101505 0.014039 0.076429
v -0.000000 0.014039 0.034385
v -0.101505 0.014039 0.076429
v -0.143549 0.014039 0.177934
v -0.101505 0.014039 0.279439
v 0.101505 0.014039 0.279439
v 0.143549 0.014039 0.177934
v -0.000000 0.027128 0.082235
v 0.067670 0.027128 0.110264
v -0.067670 0.027128 0.110264
v -0.095699 0.027128 0.177934
v -0.067670 0.027128 0.245604
v 0.067670 0.027128 0.245604
v 0.095699 0.027128 0.177934
v -0.000000 0.040217 0.177934
v -0.000000 0.007494 0.369333
v -0.000000 0.020583 0.321483
v -0.000000 0.035832 0.273633
v -0.142664 0.000950 0.330956
v -0.000000 0.000950 0.387016
v 0.142664 0.000950 0.330956
v -0.108829 0.014039 0.297122
v -0.000000 0.014039 0.339166
v 0.108829 0.014039 0.297122
v -0.074994 0.027128 0.263287
v -0.000000 0.027128 0.294350
v 0.074994 0.027128 0.263287
v -0.000000 0.031447 0.282475
v -0.071332 0.027128 0.254445
v 0.071332 0.027128 0.254444
v 0.134603 0.014039 0.043331
v 0.135339 0.013381 0.042595
v 0.191399 0.013381 0.177934
v 0.190358 0.014039 0.177934
v -0.000000 0.014039 -0.012424
v -0.000000 0.013381 -0.013465
v -0.134603 0.014039 0.043331
v -0.135339 0.013381 0.042595
v -0.190358 0.014039 0.177934
v -0.191399 0.013381 0.177934
v -0.135339 0.013381 0.313273
v -0.134603 0.014039 0.312537
v -0.000000 0.014039 0.368292
v -0.000000 0.013381 0.369333
v 0.135339 0.013381 0.313273
v 0.134603 0.014039 0.312537
v -0.134451 0.007494 0.313641
v -0.135339 0.007959 0.313273
v -0.135339 0.006837 0.313273
v -0.141401 0.007494 0.330420
v -0.142664 0.006837 0.330956
v 0.134451 0.007494 0.313641
v 0.135339 0.006837 0.313273
v 0.135339 0.007959 0.313273
v 0.141401 0.007494 0.330420
v 0.142664 0.006837 0.330956
v 0.101505 0.026470 0.076429
v 0.100769 0.027128 0.077165
v 0.143549 0.026470 0.177934
v 0.142508 0.027128 0.177934
v -0.000000 0.026470 0.034385
v -0.000000 0.027128 0.035426
v -0.101505 0.026470 0.076429
v -0.100769 0.027128 0.077165
v -0.143549 0.026470 0.177934
v -0.142508 0.027128 0.177934
v -0.101505 0.026470 0.279439
v -0.100769 0.027128 0.278703
v -0.101505 0.019926 0.279439
v -0.100616 0.020583 0.279807
v -0.107564 0.020583 0.296579
v -0.108829 0.019926 0.297122
v -0.000000 0.027128 0.320442
v -0.000000 0.026470 0.321483
v 0.101505 0.026470 0.279439
v 0.100769 0.027128 0.278703
v 0.100616 0.020583 0.279807
v 0.101505 0.019926 0.279439
v 0.107564 0.020583 0.296579
v 0.108829 0.019926 0.297122
v -0.071332 0.030348 0.254445
v -0.070441 0.031009 0.254795
v -0.071332 0.031468 0.254445
v -0.073738 0.031008 0.262766
v -0.074994 0.030347 0.263287
v -0.067670 0.039559 0.245604
v -0.066934 0.040217 0.244868
v -0.000000 0.040217 0.272592
v -0.000000 0.039559 0.273633
v -0.095699 0.039559 0.177934
v -0.094659 0.040217 0.177934
v -0.067670 0.039559 0.110264
v -0.066934 0.040217 0.111000
v -0.000000 0.039559 0.082235
v -0.000000 0.040217 0.083275
v 0.067670 0.039559 0.110264
v 0.066934 0.040217 0.111000
v 0.095699 0.039559 0.177934
v 0.094658 0.040217 0.177934
v 0.067670 0.039559 0.245604
v 0.066934 0.040217 0.244868
v 0.071332 0.030789 0.254444
v 0.071332 0.031912 0.254444
v 0.070436 0.031447 0.254796
v 0.073738 0.031447 0.262766
v 0.074994 0.030789 0.263287
v -0.066781 0.035832 0.245972
v -0.067670 0.036297 0.245604
v -0.067670 0.035174 0.245604
v -0.070069 0.035832 0.253908
v -0.071332 0.035174 0.254445
v 0.066781 0.035832 0.245972
v 0.067670 0.035174 0.245604
v 0.067670 0.036297 0.245604
v 0.070069 0.035832 0.253908
v 0.071332 0.035174 0.254445
v -0.000000 0.006837 0.387016
v -0.000000 0.007494 0.385983
v -0.000000 0.019926 0.339166
v -0.000000 0.020583 0.338135
v -0.000000 0.031447 0.293309
v -0.000000 0.030790 0.294350
v -0.000000 0.035174 0.282475
v -0.000000 0.035832 0.281442
v -0.000000 0.027128 0.058830
v -0.084219 0.027128 0.093715
v -0.119104 0.027128 0.177934
v -0.089608 0.027128 0.263836
v -0.089172 0.027128 0.268100
v -0.087881 0.027128 0.270995
v -0.000000 0.027128 0.307396
v 0.087881 0.027128 0.270995
v 0.088317 0.027128 0.267813
v 0.089231 0.027128 0.265906
v 0.119104 0.027128 0.177934
v 0.084219 0.027128 0.093715
vn -0.0000 -1.0000 -0.0000
vn 0.2160 0.8254 -0.5215
vn 0.5215 0.8254 -0.2160
vn 0.5215 0.8254 0.2160
vn -0.2160 0.8254 -0.5215
vn -0.5215 0.8254 -0.2160
vn -0.5215 0.8254 0.2160
vn -0.2160 0.8254 0.5215
vn 0.2160 0.8254 0.5215
vn -0.2064 0.8254 0.5254
vn -0.0000 0.8436 0.5370
vn 0.2064 0.8254 0.5254
vn -0.2034 0.8254 0.5266
vn -0.0000 0.8431 0.5378
vn 0.2034 0.8254 0.5266
vn -0.5241 0.8236 -0.2169
vn -0.2202 0.8254 0.5199
vn 0.2160 0.8255 0.5214
vn 0.2065 0.8254 0.5254
vn 0.3827 -0.0000 -0.9239
vn -0.3827 -0.0000 -0.9239
vn -0.9239 -0.0000 -0.3827
vn -0.9239 -0.0000 0.3827
vn 0.3827 -0.0000 0.9239
vn 0.9239 -0.0000 0.3827
vn 0.9239 -0.0000 -0.3827
vn -0.0000 1.0000 -0.0000
vn -0.3657 -0.0000 0.9307
vn 0.3657 -0.0000 0.9307
vn -0.3604 -0.0000 0.9328
vn 0.3604 -0.0000 0.9328
vn -0.3827 -0.0000 0.9239
vn 0.3657 -0.0001 0.9307
vn -0.0028 1.0000 -0.0005
vn -0.0057 1.0000 -0.0010
vn 0.3657 -0.0002 0.9307
vt 0.004883 0.004883
vt 0.871338 0.831819
vt 0.871338 0.830976
vt 0.995117 0.830976
vt 0.995117 0.831819
vt 0.747559 0.831819
vt 0.747559 0.830976
vt 0.623779 0.831819
vt 0.623779 0.830976
vt 0.004883 0.831819
vt 0.004883 0.830976
vt 0.128662 0.830976
vt 0.128662 0.831819
vt 0.252441 0.830976
vt 0.252441 0.831819
vt 0.376221 0.830976
vt 0.376221 0.831819
vt 0.500000 0.830976
vt 0.500000 0.831819
vt 0.069493 0.022682
vt 0.069153 0.004883
vt 0.085516 0.004883
vt 0.085019 0.022682
vt 0.801952 0.267757
vt 0.784154 0.268926
vt 0.784154 0.136904
vt 0.801952 0.136904
vt 0.064093 0.004883
vt 0.063753 0.022682
vt 0.048226 0.022682
vt 0.047729 0.004883
vt 0.784154 0.004883
vt 0.801952 0.006052
vt 0.716001 0.852478
vt 0.716001 0.853456
vt 0.614413 0.853456
vt 0.614413 0.852478
vt 0.817590 0.852478
vt 0.817590 0.853456
vt 0.512825 0.853456
vt 0.512825 0.852478
vt 0.004883 0.853456
vt 0.004883 0.852478
vt 0.106471 0.852478
vt 0.106471 0.853456
vt 0.208060 0.852478
vt 0.208060 0.853456
vt 0.309648 0.852478
vt 0.309648 0.853456
vt 0.411236 0.852478
vt 0.411236 0.853456
vt 0.026647 0.022682
vt 0.026306 0.004883
vt 0.042670 0.004883
vt 0.042168 0.022682
vt 0.895679 0.205133
vt 0.877880 0.206304
vt 0.877880 0.105594
vt 0.895679 0.105594
vt 0.021247 0.004883
vt 0.020906 0.022682
vt 0.005385 0.022682
vt 0.877880 0.004883
vt 0.895679 0.006054
vt 0.597024 0.022797
vt 0.596700 0.004923
vt 0.604882 0.004883
vt 0.604400 0.022789
vt 0.860974 0.142520
vt 0.843067 0.143683
vt 0.855061 0.074283
vt 0.872845 0.074283
vt 0.629959 0.325650
vt 0.629959 0.326842
vt 0.557281 0.326842
vt 0.557281 0.325650
vt 0.702637 0.325650
vt 0.702637 0.326842
vt 0.775316 0.325650
vt 0.775316 0.326842
vt 0.484603 0.326842
vt 0.484603 0.325650
vt 0.411925 0.326842
vt 0.411925 0.325650
vt 0.993350 0.325650
vt 0.993350 0.326842
vt 0.920672 0.326842
vt 0.920672 0.325650
vt 0.847994 0.326842
vt 0.847994 0.325650
vt 0.618272 0.004883
vt 0.617947 0.022682
vt 0.610571 0.022682
vt 0.610090 0.004883
vt 0.855046 0.004883
vt 0.872845 0.006046
vt 0.637209 0.022682
vt 0.636869 0.004883
vt 0.645051 0.004883
vt 0.644554 0.022682
vt 0.917102 0.135735
vt 0.899304 0.136904
vt 0.899304 0.070894
vt 0.917102 0.070894
vt 0.631661 0.004883
vt 0.631321 0.022682
vt 0.623976 0.022682
vt 0.623479 0.004883
vt 0.899303 0.004883
vt 0.917102 0.006052
vt 0.871338 0.815826
vt 0.995117 0.815826
vt 0.004883 0.815826
vt 0.128662 0.815826
vt 0.252441 0.815826
vt 0.376221 0.815826
vt 0.376221 0.822999
vt 0.500000 0.823801
vt 0.623046 0.823801
vt 0.623779 0.824368
vt 0.747559 0.815826
vt 0.387932 0.275232
vt 0.293512 0.381009
vt 0.277698 0.348220
vt 0.353564 0.263228
vt 0.151951 0.389041
vt 0.163954 0.354673
vt 0.046173 0.294621
vt 0.078962 0.278807
vt 0.029455 0.154343
vt 0.072509 0.165064
vt 0.278608 0.030605
vt 0.379900 0.133670
vt 0.347111 0.149484
vt 0.262119 0.073618
vt 0.541061 0.252445
vt 0.453535 0.216190
vt 0.541061 0.128664
vt 0.628588 0.216190
vt 0.664842 0.128664
vt 0.628588 0.041137
vt 0.541061 0.004883
vt 0.453535 0.041137
vt 0.417280 0.128664
vt 0.083687 0.750021
vt 0.031662 0.609713
vt 0.079705 0.611522
vt 0.118938 0.717328
vt 0.094087 0.473713
vt 0.126781 0.508964
vt 0.234395 0.421688
vt 0.232587 0.469731
vt 0.370396 0.484113
vt 0.335145 0.516807
vt 0.359995 0.760422
vt 0.219687 0.812447
vt 0.221496 0.764403
vt 0.327302 0.725171
vt 0.716001 0.835200
vt 0.817590 0.835200
vt 0.004883 0.835200
vt 0.106471 0.835200
vt 0.208060 0.835200
vt 0.309648 0.835200
vt 0.309648 0.843379
vt 0.411236 0.844295
vt 0.512022 0.844295
vt 0.512825 0.843379
vt 0.614413 0.835200
vt 0.629959 0.318450
vt 0.557281 0.305227
vt 0.629959 0.305227
vt 0.484603 0.305227
vt 0.411925 0.305227
vt 0.993350 0.305227
vt 0.920672 0.305227
vt 0.847994 0.305227
vt 0.702637 0.319533
vt 0.774453 0.319547
vt 0.441896 0.269962
vt 0.574699 0.269962
vt 0.574699 0.277420
vt 0.441896 0.277420
vt 0.707501 0.269961
vt 0.707501 0.277420
vt 0.311832 0.004883
vt 0.387294 0.004884
vt 0.387294 0.010451
vt 0.311832 0.010451
vt 0.462756 0.004884
vt 0.462756 0.010452
vt 0.926015 0.023353
vt 0.926015 0.098461
vt 0.920727 0.098461
vt 0.920727 0.023353
vt 0.926015 0.184334
vt 0.920727 0.184334
vt 0.934558 0.088601
vt 0.934040 0.161537
vt 0.928871 0.162135
vt 0.929389 0.088270
vt 0.684411 0.135735
vt 0.735948 0.260157
vt 0.720422 0.266588
vt 0.669004 0.135735
vt 0.425314 0.277420
vt 0.425314 0.269962
vt 0.724084 0.269961
vt 0.724084 0.277420
vt 0.720422 0.004883
vt 0.735948 0.011314
vt 0.721905 0.104423
vt 0.760472 0.197533
vt 0.744950 0.203962
vt 0.706494 0.104423
vt 0.299453 0.010451
vt 0.299453 0.004883
vt 0.475136 0.004884
vt 0.475136 0.010452
vt 0.744950 0.004883
vt 0.760472 0.011312
vt 0.812802 0.069724
vt 0.838401 0.131524
vt 0.831056 0.134566
vt 0.805577 0.069724
vt 0.920727 0.014336
vt 0.926015 0.014336
vt 0.831056 0.004883
vt 0.838401 0.007925
vt 0.261276 0.058758
vt 0.276039 0.028553
vt 0.345169 0.733372
vt 0.754011 0.073120
vt 0.743985 0.073120
vt 0.772249 0.004883
vt 0.779625 0.007938
vt 0.772249 0.141357
vt 0.779626 0.138306
vt 0.920727 0.197002
vt 0.926015 0.197002
vt 0.376221 0.824368
vt 0.376954 0.823801
vt 0.920727 0.004883
vt 0.926015 0.004883
vt 0.933945 0.014425
vt 0.934577 0.015389
vt 0.928760 0.014083
vt 0.933378 0.162420
vt 0.928870 0.171376
vt 0.629959 0.320299
vt 0.630822 0.319547
vt 0.623779 0.822999
vt 0.310450 0.844295
vt 0.920727 0.014824
vt 0.929471 0.197002
vt 0.930228 0.195488
vt 0.775316 0.318450
vt 0.775316 0.320299
vt 0.027185 0.148075
vt 0.061404 0.155151
vt 0.027036 0.143148
vt 0.050299 0.145239
vt 0.134377 0.051047
vt 0.125562 0.032770
vt 0.273279 0.024389
vt 0.260432 0.043895
vt 0.923433 0.205545
vt 0.926015 0.205545
vt 0.928906 0.004883
vt 0.775316 0.305227
vt 0.512825 0.835200
vt 0.392527 0.623296
vt 0.422421 0.624421
vt 0.353577 0.509972
vt 0.623779 0.815826
vt 0.309326 0.413799
vt 0.139947 0.423409
vt 0.013383 0.310435
vt 0.004883 0.141056
vt 0.116747 0.014493
vt 0.286126 0.004883
vt 0.412690 0.117856
vt 0.422299 0.287235
s 1
usemtl PedestalTexture
f 1043/1270/374 1042/1270/374 1050/1270/374
f 1044/1270/374 1043/1270/374 1050/1270/374
f 1045/1270/374 1044/1270/374 1050/1270/374
f 1046/1270/374 1045/1270/374 1050/1270/374
f 1047/1270/374 1046/1270/374 1050/1270/374
f 1048/1270/374 1047/1270/374 1050/1270/374
f 1049/1270/374 1048/1270/374 1050/1270/374
f 1042/1270/374 1049/1270/374 1050/1270/374
f 1046/1270/374 1047/1270/374 1070/1270/374 1069/1270/374
f 1047/1270/374 1048/1270/374 1071/1270/374 1070/1270/374
f 1081/1271/375 1082/1272/375 1086/1273/375 1085/1274/375
f 1082/1272/376 1081/1271/376 1084/1275/376 1083/1276/376
f 1083/1276/377 1084/1275/377 1096/1277/377 1095/1278/377
f 1085/1279/378 1086/1280/378 1088/1281/378 1087/1282/378
f 1087/1282/379 1088/1281/379 1090/1283/379 1089/1284/379
f 1089/1284/380 1090/1283/380 1091/1285/380 1092/1286/380
f 1092/1286/381 1091/1285/381 1094/1287/381 1093/1288/381
f 1093/1288/382 1094/1287/382 1095/1278/382 1096/1277/382
f 1097/1289/379 1099/1290/379 1101/1291/379 1100/1292/379
f 1100/1293/383 1101/1294/383 1167/1295/384 1168/1296/384
f 1103/1297/376 1102/1298/376 1105/1299/376 1106/1300/376
f 1106/1301/385 1105/1302/385 1168/1296/384 1167/1295/384
f 1107/1303/376 1108/1304/376 1110/1305/376 1109/1306/376
f 1108/1304/375 1107/1303/375 1111/1307/375 1112/1308/375
f 1109/1306/377 1110/1305/377 1126/1309/377 1125/1310/377
f 1112/1311/378 1111/1312/378 1113/1313/378 1114/1314/378
f 1114/1314/379 1113/1313/379 1115/1315/379 1116/1316/379
f 1116/1316/380 1115/1315/380 1117/1317/380 1118/1318/380
f 1118/1318/381 1117/1317/381 1124/1319/381 1123/1320/381
f 1120/1321/379 1119/1322/379 1122/1323/379 1121/1324/379
f 1121/1325/386 1122/1326/386 1169/1327/387 1170/1328/387
f 1123/1320/382 1124/1319/382 1125/1310/382 1126/1309/382
f 1128/1329/376 1127/1330/376 1129/1331/376 1130/1270/376
f 1130/1332/388 1129/1333/388 1170/1328/387 1169/1327/387
f 1132/1334/389 1131/1335/389 1135/1336/389 1134/1337/389
f 1134/1338/390 1135/1339/390 1172/1340/390 1171/1341/390
f 1136/1342/380 1137/1343/380 1141/1344/380 1140/1345/380
f 1137/1343/381 1136/1342/381 1139/1346/381 1138/1347/381
f 1138/1347/382 1139/1346/382 1150/1348/382 1151/1349/382
f 1140/1345/379 1141/1344/379 1143/1350/379 1142/1351/379
f 1142/1351/378 1143/1350/378 1145/1352/378 1144/1353/378
f 1144/1354/375 1145/1355/375 1147/1356/375 1146/1357/375
f 1146/1357/376 1147/1356/376 1149/1358/376 1148/1359/376
f 1148/1359/377 1149/1358/377 1151/1349/377 1150/1348/377
f 1152/1360/376 1154/1361/376 1155/1362/376 1156/1363/376
f 1156/1364/391 1155/1365/391 1171/1341/391 1172/1340/391
f 1157/1366/379 1159/1367/379 1161/1368/379 1160/1369/379
f 1160/1370/383 1161/1371/383 1173/1372/384 1174/1373/384
f 1163/1374/376 1162/1375/376 1165/1376/376 1166/1377/376
f 1166/1378/392 1165/1379/392 1174/1373/384 1173/1372/384
f 1042/1380/393 1043/1381/393 1086/1273/393 1082/1272/393
f 1043/1382/394 1044/1383/394 1088/1281/394 1086/1280/394
f 1044/1383/395 1045/1384/395 1090/1283/395 1088/1281/395
f 1045/1384/396 1046/1385/396 1099/1386/396 1090/1283/396
f 1066/1387/397 1102/1388/397 1095/1278/397 1094/1287/397
f 1104/1389/398 1083/1276/398 1095/1278/398
f 1049/1390/399 1042/1380/399 1082/1272/399 1083/1276/399
f 1186/1391/400 1175/1392/400 1058/1393/400 1059/1394/400
f 1175/1392/400 1176/1395/400 1060/1396/400 1058/1393/400
f 1176/1395/400 1177/1397/400 1061/1398/400 1060/1396/400
f 1177/1397/400 1178/1399/400 1062/1400/400 1061/1398/400
f 1184/1401/400 1185/1402/400 1064/1403/400 1063/1404/400
f 1185/1402/400 1186/1391/400 1059/1394/400 1064/1403/400
f 1141/1405/400 1137/1406/400 1065/1407/400
f 1143/1408/400 1141/1405/400 1065/1407/400
f 1145/1409/400 1143/1408/400 1065/1407/400
f 1147/1410/400 1145/1409/400 1065/1407/400
f 1149/1411/400 1147/1410/400 1065/1407/400
f 1151/1412/400 1149/1411/400 1065/1407/400
f 1138/1413/400 1151/1412/400 1065/1407/400
f 1137/1406/400 1138/1413/400 1065/1407/400
f 1081/1414/400 1085/1415/400 1052/1416/400 1051/1417/400
f 1085/1415/400 1087/1418/400 1053/1419/400 1052/1416/400
f 1087/1418/400 1089/1420/400 1054/1421/400 1053/1419/400
f 1089/1420/400 1092/1422/400 1055/1423/400 1054/1421/400
f 1096/1424/400 1084/1425/400 1057/1426/400 1056/1427/400
f 1084/1425/400 1081/1414/400 1051/1417/400 1057/1426/400
f 1051/1428/393 1052/1429/393 1111/1307/393 1107/1303/393
f 1052/1430/394 1053/1431/394 1113/1313/394 1111/1312/394
f 1053/1431/395 1054/1432/395 1115/1315/395 1113/1313/395
f 1054/1432/396 1055/1433/396 1119/1434/396 1115/1315/396
f 1067/1435/397 1127/1436/397 1125/1310/397 1124/1319/397
f 1109/1306/398 1125/1310/398 1128/1437/398
f 1057/1438/399 1051/1428/399 1107/1303/399 1109/1306/399
f 1159/1439/396 1140/1345/396 1061/1440/396 1062/1441/396
f 1061/1440/395 1140/1345/395 1142/1351/395 1060/1442/395
f 1060/1442/394 1142/1351/394 1144/1353/394 1058/1443/394
f 1058/1444/393 1144/1354/393 1146/1357/393 1059/1445/393
f 1059/1445/399 1146/1357/399 1148/1359/399 1064/1446/399
f 1068/1447/397 1162/1448/397 1150/1348/397 1139/1346/397
f 1069/1449/401 1070/1450/401 1167/1451/401 1101/1452/401
f 1070/1450/402 1071/1453/402 1106/1454/402 1167/1451/402
f 1072/1455/403 1073/1456/403 1169/1457/403 1122/1458/403
f 1073/1456/404 1074/1459/404 1130/1460/404 1169/1457/404
f 1075/1461/405 1076/1462/405 1172/1463/405 1135/1464/405
f 1076/1462/397 1077/1465/397 1156/1466/397 1172/1463/397
f 1078/1467/406 1154/1468/406 1166/1469/406 1173/1470/406
f 1066/1471/400 1097/1472/400 1100/1473/400 1168/1474/400
f 1101/1452/395 1099/1475/395 1046/1476/395 1069/1449/395
f 1048/1477/399 1103/1478/399 1106/1454/399 1071/1453/399
f 1105/1479/400 1102/1480/400 1066/1471/400 1168/1474/400
f 1067/1481/400 1120/1482/400 1121/1483/400 1170/1484/400
f 1122/1458/395 1119/1485/395 1055/1486/395 1072/1455/395
f 1056/1487/399 1128/1488/399 1130/1460/399 1074/1459/399
f 1129/1489/400 1127/1490/400 1067/1481/400 1170/1484/400
f 1068/1491/400 1157/1492/400 1160/1493/400 1174/1494/400
f 1135/1464/395 1131/1495/395 1079/1496/395 1075/1461/395
f 1165/1497/400 1162/1498/400 1068/1491/400 1174/1494/400
f 1080/1499/400 1183/1500/400 1184/1401/400 1063/1404/400
f 1074/1501/400 1096/1424/400 1056/1427/400
f 1078/1502/407 1171/1503/407 1155/1504/400 1154/1505/400
f 1134/1506/408 1171/1503/407 1078/1502/407 1132/1507/408
f 1152/1508/399 1156/1466/399 1077/1465/399 1080/1509/399
f 1098/1510/405 1097/1511/405 1091/1285/405
f 1131/1495/395 1159/1512/395 1062/1513/395 1079/1496/395
f 1133/1514/401 1132/1515/401 1161/1516/401
f 1153/1517/399 1163/1518/399 1166/1469/399
f 1158/1519/405 1157/1520/405 1136/1342/405
f 1097/1511/405 1098/1510/405 1099/1386/405
f 1102/1388/397 1103/1521/397 1104/1389/397
f 1119/1434/405 1120/1522/405 1117/1317/405
f 1131/1495/401 1132/1523/401 1133/1495/401
f 1152/1508/406 1153/1524/409 1154/1525/406
f 1157/1520/405 1158/1519/405 1159/1439/405
f 1162/1448/397 1163/1526/397 1164/1527/397
f 1164/1527/398 1148/1359/398 1150/1348/398
f 1136/1342/405 1157/1520/405 1068/1447/405 1139/1346/405
f 1150/1348/397 1162/1448/397 1164/1527/397
f 1161/1516/401 1132/1515/401 1078/1467/401 1173/1470/401
f 1166/1469/406 1154/1468/406 1153/1517/409
f 1178/1399/400 1179/1528/400 1079/1529/400 1062/1400/400
f 1179/1528/400 1180/1530/400 1075/1531/400 1079/1529/400
f 1076/1532/400 1075/1531/400 1180/1530/400 1181/1533/400
f 1076/1532/400 1181/1533/400 1182/1534/400 1077/1535/400
f 1077/1535/400 1182/1534/400 1183/1500/400 1080/1499/400
f 1153/1524/399 1152/1508/399 1163/1536/399
f 1163/1536/399 1152/1508/399 1080/1509/399 1063/1537/399
f 1159/1538/395 1133/1514/395 1161/1516/395
f 1131/1495/395 1133/1495/395 1159/1512/395
f 1117/1317/405 1120/1522/405 1067/1435/405 1124/1319/405
f 1125/1310/397 1127/1436/397 1128/1437/397
f 1148/1359/398 1163/1526/398 1063/1539/398 1064/1446/398
f 1164/1527/398 1163/1526/398 1148/1359/398
f 1158/1519/396 1140/1345/396 1159/1439/396
f 1158/1519/396 1136/1342/396 1140/1345/396
f 1115/1315/396 1119/1434/396 1117/1317/396
f 1056/1540/398 1057/1438/398 1109/1306/398 1128/1437/398
f 1073/1541/400 1093/1542/400 1096/1424/400 1074/1501/400
f 1073/1541/400 1072/1543/400 1092/1422/400 1093/1542/400
f 1092/1422/400 1072/1543/400 1055/1423/400
f 1090/1283/396 1099/1386/396 1098/1510/396
f 1090/1283/396 1098/1510/396 1091/1285/396
f 1091/1285/405 1097/1511/405 1066/1387/405 1094/1287/405
f 1095/1278/397 1102/1388/397 1104/1389/397
f 1048/1544/398 1049/1390/398 1083/1276/398 1103/1521/398
f 1103/1521/398 1083/1276/398 1104/1389/398
f 1112/1545/400 1114/1546/400 1176/1395/400 1175/1392/400
f 1114/1546/400 1116/1547/400 1177/1397/400 1176/1395/400
f 1116/1547/400 1118/1548/400 1178/1399/400 1177/1397/400
f 1118/1548/400 1179/1528/400 1178/1399/400
f 1118/1548/400 1180/1530/400 1179/1528/400
f 1181/1533/400 1180/1530/400 1118/1548/400 1123/1549/400
f 1182/1534/400 1181/1533/400 1123/1549/400 1126/1550/400
f 1183/1500/400 1182/1534/400 1126/1550/400
f 1184/1401/400 1183/1500/400 1126/1550/400
f 1126/1550/400 1110/1551/400 1185/1402/400 1184/1401/400
f 1110/1551/400 1108/1552/400 1186/1391/400 1185/1402/400
f 1108/1552/400 1112/1545/400 1175/1392/400 1186/1391/400
o PillierTrans8
v -0.216302 0.000000 0.802881
v -0.287013 0.000000 0.770104
v -0.357723 0.000000 0.802881
v -0.187013 0.000000 0.882010
v -0.216302 1.500000 0.802881
v -0.287013 1.500000 0.770104
v -0.357723 1.500000 0.802881
v -0.187013 1.500000 0.882010
v -0.198033 1.500000 0.838389
v -0.198033 0.000000 0.838389
v -0.248033 0.000000 0.776701
v -0.248033 1.500000 0.776700
v -0.322368 1.500000 0.780756
v -0.322368 0.000000 0.780757
v 0.357723 0.000000 0.802881
v 0.287013 0.000000 0.770104
v 0.216302 0.000000 0.802881
v 0.187013 0.000000 0.882010
v 0.357723 1.500000 0.802881
v 0.287013 1.500000 0.770104
v 0.216302 1.500000 0.802881
v 0.187013 1.500000 0.882010
v 0.322368 1.500000 0.780756
v 0.322368 0.000000 0.780757
v 0.248033 0.000000 0.776701
v 0.248033 1.500000 0.776700
v 0.198033 0.000000 0.838389
v 0.198033 1.500000 0.838389
v 0.692910 0.000000 0.315882
v 0.622199 0.000000 0.348659
v 0.592910 0.000000 0.427788
v 0.622199 0.000000 0.506917
v 0.692910 1.500000 0.315882
v 0.622199 1.500000 0.348659
v 0.592910 1.500000 0.427788
v 0.622199 1.500000 0.506917
v 0.653930 0.000000 0.328215
v 0.653930 1.500000 0.328215
v 0.598804 0.000000 0.384168
v 0.598804 1.500000 0.384167
v 0.602429 0.000000 0.467353
v 0.602429 1.500000 0.467353
v 0.622199 -0.000000 -0.293708
v 0.592910 0.000000 -0.214579
v 0.622199 0.000000 -0.135449
v 0.692910 0.000000 -0.102673
v 0.622199 1.500000 -0.293708
v 0.592910 1.500000 -0.214579
v 0.622199 1.500000 -0.135449
v 0.692910 1.500000 -0.102673
v 0.602429 0.000000 -0.254143
v 0.602429 1.500000 -0.254143
v 0.598804 0.000000 -0.170958
v 0.598804 1.500000 -0.170958
v 0.653930 0.000000 -0.115005
v 0.653930 1.500000 -0.115005
v 0.187013 -0.000000 -0.668800
v 0.216302 -0.000000 -0.589671
v 0.287013 -0.000000 -0.556895
v 0.357723 -0.000000 -0.589671
v 0.187013 1.500000 -0.668800
v 0.216302 1.500000 -0.589671
v 0.287013 1.500000 -0.556895
v 0.357723 1.500000 -0.589671
v 0.198033 -0.000000 -0.625180
v 0.198033 1.500000 -0.625180
v 0.248033 -0.000000 -0.563491
v 0.248033 1.500000 -0.563491
v 0.322368 -0.000000 -0.567547
v 0.322368 1.500000 -0.567547
v -0.357723 -0.000000 -0.589671
v -0.287013 -0.000000 -0.556895
v -0.216302 -0.000000 -0.589671
v -0.187013 -0.000000 -0.668800
v -0.357723 1.500000 -0.589671
v -0.287013 1.500000 -0.556895
v -0.216302 1.500000 -0.589671
v -0.187013 1.500000 -0.668800
v -0.322368 -0.000000 -0.567547
v -0.322368 1.500000 -0.567547
v -0.248033 -0.000000 -0.563491
v -0.248033 1.500000 -0.563491
v -0.198033 -0.000000 -0.625180
v -0.198033 1.500000 -0.625180
v -0.622199 -0.000000 -0.293708
v -0.692910 0.000000 -0.102673
v -0.622199 0.000000 -0.135449
v -0.592910 0.000000 -0.214579
v -0.622199 1.500000 -0.293708
v -0.692910 1.500000 -0.102673
v -0.622199 1.500000 -0.135449
v -0.592910 1.500000 -0.214579
v -0.653930 0.000000 -0.115005
v -0.653930 1.500000 -0.115005
v -0.598804 0.000000 -0.170958
v -0.598804 1.500000 -0.170958
v -0.602429 0.000000 -0.254143
v -0.602429 1.500000 -0.254143
v -0.622199 0.000000 0.348659
v -0.692910 0.000000 0.315882
v -0.622199 0.000000 0.506917
v -0.592910 0.000000 0.427788
v -0.622199 1.500000 0.348659
v -0.692910 1.500000 0.315882
v -0.622199 1.500000 0.506917
v -0.592910 1.500000 0.427788
v -0.602429 1.500000 0.467353
v -0.602429 0.000000 0.467353
v -0.598804 0.000000 0.384168
v -0.598804 1.500000 0.384167
v -0.653930 0.000000 0.328215
v -0.653930 1.500000 0.328215
v 0.287013 -0.000000 -0.668800
v 0.000000 0.000000 0.106605
v 0.692910 0.000000 -0.214579
v -0.287013 0.000000 0.882010
v -0.692910 0.000000 0.427788
v -0.287013 0.692161 -0.668800
v 0.287013 0.692161 -0.668800
v 0.279941 0.692161 -0.649697
v -0.279942 0.692161 -0.649697
v -0.692910 0.692161 0.427788
v -0.692910 0.692161 -0.214579
v -0.675838 0.692161 -0.206666
v -0.675838 0.692161 0.419875
v 0.279941 0.712372 -0.649697
v -0.279942 0.712372 -0.649697
v -0.675838 0.712372 -0.206666
v -0.675838 0.712372 0.419875
v 0.287013 0.712372 -0.668800
v -0.287013 0.712372 -0.668800
v -0.692910 0.712372 -0.214579
v -0.692910 0.712372 0.427788
v 0.287013 0.314998 -0.668800
v -0.692910 0.314999 0.427788
v -0.287013 1.500000 -0.668800
v -0.692910 1.500000 -0.214579
v -0.692910 0.285002 0.427788
v -0.287013 0.285002 0.882010
v -0.287013 0.314999 0.882010
v 0.692910 0.314998 -0.214579
v 0.692910 0.000000 0.427788
v 0.287013 0.285001 -0.668800
v 0.692910 0.285002 -0.214579
v 0.675838 0.285002 -0.206666
v 0.279941 0.285001 -0.649697
v -0.675838 0.285002 0.419875
v -0.279941 0.285002 0.862907
v 0.279941 0.314998 -0.649697
v 0.675838 0.314998 -0.206666
v -0.279941 0.314999 0.862907
v -0.675838 0.314999 0.419875
v -0.143506 0.256501 0.882010
v -0.143506 0.000000 0.882010
v 0.287013 0.000000 0.882010
v -0.287013 0.692161 0.882010
v 0.692910 0.692161 -0.214579
v -0.143506 0.000000 0.904391
v -0.143506 0.256501 0.904391
v 0.287013 1.500000 -0.668800
v -0.692910 1.500000 0.427788
v 0.000000 1.500000 0.106605
v 0.143506 0.256501 0.882010
v 0.143506 0.256501 0.904391
v 0.143506 0.000000 0.904391
v 0.143506 0.000000 0.882010
v 0.287013 0.285002 0.882010
v -0.287013 1.500000 0.882010
v -0.287013 0.712372 0.882010
v 0.675838 0.692161 -0.206666
v -0.279941 0.692161 0.862907
v 0.675838 0.712372 -0.206666
v -0.279941 0.712372 0.862907
v 0.692910 0.712372 -0.214579
v 0.692910 0.314999 0.427788
v 0.287013 0.314999 0.882010
v 0.692910 0.692161 0.427788
v 0.287013 0.692161 0.882010
v 0.692910 1.500000 -0.214579
v 0.692910 0.285002 0.427788
v 0.675838 0.285002 0.419875
v 0.279942 0.285002 0.862906
v 0.675838 0.314999 0.419875
v 0.279942 0.314999 0.862906
v 0.287013 0.712372 0.882010
v 0.287013 1.500000 0.882010
v 0.692910 1.500000 0.427788
v 0.675838 0.692161 0.419875
v 0.279942 0.692161 0.862906
v 0.675838 0.712372 0.419875
v 0.279942 0.712372 0.862906
v 0.692910 0.712372 0.427788
v -0.692910 0.000000 -0.214579
v -0.287013 -0.000000 -0.668800
v -0.692910 0.314998 -0.214579
v -0.675838 0.314998 -0.206666
v -0.287013 0.314998 -0.668800
v -0.279942 0.314998 -0.649697
v -0.675838 0.285002 -0.206666
v -0.279942 0.285001 -0.649697
v -0.692910 0.285002 -0.214579
v -0.287013 0.285001 -0.668800
v 0.152357 0.591364 -0.685586
v 0.116158 0.638471 -0.685586
v 0.066719 0.661665 -0.685586
v 0.000000 0.669987 -0.685586
v -0.066719 0.661665 -0.685586
v -0.116158 0.638471 -0.685586
v -0.152357 0.591364 -0.685586
v -0.167761 0.544356 -0.685586
v -0.167724 0.336365 -0.685586
v 0.167724 0.336365 -0.685586
v 0.167761 0.544356 -0.685586
v 0.381971 0.337743 -0.586329
v 0.619169 0.337743 -0.320891
v 0.619195 0.545734 -0.320862
v 0.608303 0.592742 -0.333051
v 0.582706 0.639849 -0.361696
v 0.547748 0.663044 -0.400816
v 0.500570 0.671366 -0.453610
v 0.453393 0.663044 -0.506405
v 0.418434 0.639849 -0.545525
v 0.392838 0.592742 -0.574169
v 0.381945 0.545734 -0.586358
v 0.707910 0.336365 -0.081104
v 0.707910 0.336365 0.294282
v 0.707910 0.544356 0.294323
v 0.707910 0.591364 0.277085
v 0.707910 0.638471 0.236576
v 0.707910 0.661665 0.181252
v 0.707910 0.669987 0.106589
v 0.707910 0.661665 0.031927
v 0.707910 0.638471 -0.023398
v 0.707910 0.591364 -0.063907
v 0.707910 0.544356 -0.081145
v 0.625814 0.336365 0.543751
v 0.388617 0.336365 0.809189
v 0.388591 0.544356 0.809218
v 0.399483 0.591364 0.797029
v 0.425080 0.638471 0.768385
v 0.460038 0.661665 0.729265
v 0.507215 0.669987 0.676470
v 0.554393 0.661665 0.623676
v 0.589351 0.638471 0.584555
v 0.614948 0.591364 0.555911
v 0.625840 0.544356 0.543722
v -0.619167 0.336769 0.534050
v -0.619192 0.544759 0.534021
v -0.608300 0.591767 0.546209
v -0.582704 0.638875 0.574854
v -0.547745 0.662069 0.613974
v -0.500568 0.670391 0.666768
v -0.453390 0.662069 0.719563
v -0.418432 0.638875 0.758683
v -0.392835 0.591767 0.787327
v -0.381943 0.544759 0.799516
v -0.381969 0.336769 0.799487
v -0.707910 0.544759 0.294445
v -0.707910 0.336768 0.294404
v -0.707910 0.336768 -0.080981
v -0.707910 0.544759 -0.081023
v -0.707910 0.591767 -0.063785
v -0.707910 0.638875 -0.023276
v -0.707910 0.662069 0.032049
v -0.707910 0.670391 0.106711
v -0.707910 0.662069 0.181374
v -0.707910 0.638875 0.236699
v -0.707910 0.591767 0.277208
v -0.547745 0.662069 -0.400765
v -0.582704 0.638874 -0.361644
v -0.608300 0.591767 -0.333000
v -0.619193 0.544759 -0.320811
v -0.619167 0.336768 -0.320840
v -0.381969 0.336768 -0.586278
v -0.381943 0.544759 -0.586307
v -0.392835 0.591767 -0.574118
v -0.418432 0.638874 -0.545474
v -0.453390 0.662068 -0.506353
v -0.500568 0.670391 -0.453559
v -0.611492 0.332621 0.518899
v -0.611492 0.336769 0.525461
v -0.611518 0.545421 0.518870
v -0.611518 0.544759 0.525432
v -0.600324 0.593732 0.531397
v -0.600626 0.591767 0.537621
v -0.573988 0.642201 0.560868
v -0.575029 0.638875 0.566265
v -0.537963 0.666102 0.601182
v -0.540071 0.662069 0.605386
v -0.492893 0.670391 0.658180
v -0.489961 0.674570 0.654899
v -0.368431 0.332621 0.790899
v -0.374294 0.336769 0.790899
v -0.368404 0.545421 0.790928
v -0.374268 0.544759 0.790928
v -0.379598 0.593732 0.778401
v -0.385161 0.591767 0.778739
v -0.441959 0.666102 0.708616
v -0.445716 0.662069 0.710975
v -0.405934 0.642201 0.748930
v -0.410757 0.638875 0.750095
v -0.692910 0.545410 0.299010
v -0.696988 0.544759 0.294445
v -0.692910 0.593700 0.281302
v -0.696988 0.591767 0.277208
v -0.692910 0.666036 0.182657
v -0.696988 0.662069 0.181374
v -0.692910 0.642146 0.239641
v -0.696988 0.638875 0.236699
v -0.696988 0.670391 0.106711
v -0.692910 0.674501 0.106711
v -0.692910 0.332689 0.298967
v -0.696988 0.336768 0.294404
v -0.692910 0.666036 0.030766
v -0.696988 0.662069 0.032049
v -0.692910 0.642146 -0.026219
v -0.696988 0.638875 -0.023276
v -0.692910 0.593700 -0.067879
v -0.696988 0.591767 -0.063785
v -0.692910 0.545411 -0.085589
v -0.696986 0.544759 -0.081023
v -0.692910 0.332689 -0.085545
v -0.696988 0.336768 -0.080981
v -0.492893 0.670391 -0.444971
v -0.489961 0.674570 -0.441689
v -0.537963 0.666102 -0.387973
v -0.540071 0.662069 -0.392176
v -0.441959 0.666102 -0.495406
v -0.445716 0.662068 -0.497765
v -0.573988 0.642200 -0.347659
v -0.575029 0.638874 -0.353056
v -0.405934 0.642200 -0.535720
v -0.410757 0.638874 -0.536885
v -0.600324 0.593732 -0.318187
v -0.600626 0.591767 -0.324412
v -0.611518 0.545421 -0.305660
v -0.611518 0.544759 -0.312223
v -0.368404 0.545421 -0.577719
v -0.374268 0.544759 -0.577719
v -0.379598 0.593732 -0.565192
v -0.385161 0.591767 -0.565530
v -0.611492 0.332621 -0.305690
v -0.611492 0.336768 -0.312252
v -0.368431 0.332621 -0.577689
v -0.374294 0.336768 -0.577690
v 0.171908 0.545017 -0.668800
v 0.167761 0.544356 -0.673441
v 0.156077 0.593328 -0.668800
v 0.152357 0.591364 -0.673441
v 0.118832 0.641797 -0.668800
v 0.116158 0.638471 -0.673441
v 0.067885 0.665698 -0.668800
v 0.066719 0.661665 -0.673441
v 0.000000 0.669987 -0.673441
v 0.000000 0.674166 -0.668800
v -0.067885 0.665698 -0.668800
v -0.066719 0.661665 -0.673441
v -0.118832 0.641797 -0.668800
v -0.116158 0.638471 -0.673441
v 0.171870 0.332217 -0.668800
v 0.167724 0.336365 -0.673441
v -0.171908 0.545017 -0.668800
v -0.167761 0.544356 -0.673441
v -0.171870 0.332217 -0.668800
v -0.167724 0.336365 -0.673441
v -0.156077 0.593328 -0.668800
v -0.152357 0.591364 -0.673441
v 0.368469 0.333647 -0.577700
v 0.374261 0.337743 -0.577701
v 0.368442 0.546388 -0.577729
v 0.374235 0.545734 -0.577730
v 0.379632 0.594683 -0.565206
v 0.385127 0.592742 -0.565541
v 0.405959 0.643134 -0.535743
v 0.410723 0.639849 -0.536896
v 0.441969 0.667025 -0.495442
v 0.445681 0.663044 -0.497775
v 0.492858 0.671366 -0.444979
v 0.489959 0.675490 -0.441736
v 0.611458 0.333647 -0.305782
v 0.611459 0.337743 -0.312263
v 0.611484 0.546388 -0.305751
v 0.611484 0.545734 -0.312234
v 0.600294 0.594683 -0.318274
v 0.600592 0.592742 -0.324423
v 0.573965 0.643134 -0.347735
v 0.574995 0.639849 -0.353066
v 0.537952 0.667025 -0.388032
v 0.540036 0.663044 -0.392186
v 0.692910 0.332286 -0.085666
v 0.696987 0.336365 -0.081104
v 0.692910 0.545045 -0.085701
v 0.696984 0.544356 -0.081145
v 0.692910 0.593296 -0.068001
v 0.696987 0.591364 -0.063907
v 0.692910 0.332286 0.298845
v 0.696987 0.336365 0.294282
v 0.692910 0.545006 0.298887
v 0.696987 0.544356 0.294323
v 0.692910 0.593296 0.281179
v 0.696987 0.591364 0.277085
v 0.692910 0.641742 0.239519
v 0.696987 0.638471 0.236576
v 0.692910 0.665631 0.030644
v 0.696987 0.661665 0.031927
v 0.692910 0.641742 -0.026340
v 0.696987 0.638471 -0.023398
v 0.696987 0.669987 0.106589
v 0.692910 0.674097 0.106589
v 0.692910 0.665631 0.182535
v 0.696987 0.661665 0.181252
v 0.618235 0.332082 0.528494
v 0.618236 0.336365 0.535270
v 0.374983 0.332082 0.800707
v 0.381038 0.336365 0.800708
v 0.617864 0.545008 0.528329
v 0.618135 0.544356 0.535099
v 0.374833 0.545008 0.800281
v 0.380882 0.544356 0.800592
v 0.606750 0.593320 0.540880
v 0.607267 0.591364 0.547315
v 0.386049 0.593319 0.787848
v 0.391800 0.591364 0.788431
v 0.412231 0.641619 0.758020
v 0.417282 0.638471 0.759659
v 0.580090 0.641619 0.570176
v 0.581555 0.638471 0.575830
v 0.543647 0.665081 0.610043
v 0.546415 0.661665 0.614748
v 0.447857 0.665078 0.717238
v 0.452058 0.661665 0.720334
v 0.499130 0.669987 0.667422
v 0.495495 0.673213 0.663354
v 0.287013 0.544650 0.882010
v 0.692910 0.544754 0.427788
v 0.692910 0.544653 -0.214579
v 0.287013 0.546388 -0.668800
v -0.287013 0.545017 -0.668800
v -0.692910 0.545113 -0.214579
v -0.692910 0.545184 0.427788
v -0.287013 0.545113 0.882010
v -0.000451 0.618522 0.882010
v 0.287013 0.256501 0.882010
v -0.287013 0.256501 0.882010
v -0.143506 0.285002 0.882010
v 0.143506 0.285002 0.882010
vn 0.6364 -0.0000 -0.7714
vn 0.4205 -0.0000 -0.9073
vn -0.4205 -0.0000 -0.9073
vn -0.5305 -0.0000 -0.8477
vn 0.9378 -0.0000 -0.3471
vn 0.8892 -0.0000 -0.4575
vn 0.9695 -0.0000 -0.2449
vn 0.1669 -0.0000 -0.9860
vn -0.2885 -0.0000 -0.9575
vn 0.2885 -0.0000 -0.9575
vn -0.1669 -0.0000 -0.9860
vn -0.8892 -0.0000 -0.4575
vn -0.9378 -0.0000 -0.3471
vn 0.5305 -0.0000 -0.8477
vn -0.6364 -0.0000 -0.7714
vn -0.9695 -0.0000 -0.2449
vn -0.3016 -0.0000 -0.9534
vn -0.4206 -0.0000 -0.9073
vn -0.8351 -0.0000 -0.5502
vn -0.9723 -0.0000 0.2339
vn -0.9378 -0.0000 0.3471
vn -0.5416 -0.0000 -0.8406
vn -0.9910 -0.0000 -0.1339
vn -0.8945 -0.0000 0.4470
vn -0.8945 -0.0000 -0.4470
vn -0.9910 -0.0000 0.1339
vn -0.5416 -0.0000 0.8406
vn -0.4206 -0.0000 0.9073
vn -0.9723 -0.0000 -0.2339
vn -0.8351 -0.0000 0.5502
vn -0.3016 -0.0000 0.9534
vn -0.9695 -0.0000 0.2449
vn -0.6364 -0.0000 0.7714
vn -0.4205 -0.0000 0.9073
vn 0.2885 -0.0000 0.9575
vn 0.4205 -0.0000 0.9073
vn -0.8892 -0.0000 0.4575
vn -0.1669 -0.0000 0.9860
vn 0.5305 -0.0000 0.8477
vn -0.5305 -0.0000 0.8477
vn 0.1669 -0.0000 0.9860
vn 0.8892 -0.0000 0.4575
vn 0.9378 -0.0000 0.3471
vn -0.2885 -0.0000 0.9575
vn 0.6364 -0.0000 0.7714
vn 0.9695 -0.0000 0.2449
vn 0.3016 -0.0000 0.9534
vn 0.4206 -0.0000 0.9073
vn 0.8351 -0.0000 0.5502
vn 0.9723 -0.0000 -0.2339
vn 0.5416 -0.0000 0.8406
vn 0.9910 -0.0000 0.1339
vn 0.8945 -0.0000 -0.4470
vn 0.5416 -0.0000 -0.8406
vn 0.4206 -0.0000 -0.9073
vn 0.9723 -0.0000 0.2339
vn 0.9910 -0.0000 -0.1339
vn 0.8945 -0.0000 0.4470
vn 0.8351 -0.0000 -0.5502
vn 0.3016 -0.0000 -0.9534
vn -0.0000 1.0000 -0.0000
vn -0.0000 -1.0000 -0.0000
vn -0.0000 -0.0000 1.0000
vn 1.0000 -0.0000 -0.0000
vn 0.7457 -0.0000 0.6663
vn 0.7457 -0.0000 -0.6663
vn -0.7457 -0.0000 0.6663
vn -0.0000 -0.0000 -1.0000
vn -1.0000 -0.0000 -0.0000
vn -0.7457 -0.0000 -0.6663
vn 1.0000 0.0001 -0.0000
vn 0.9991 -0.0424 -0.0043
vn 0.5131 0.7255 -0.4585
vn 0.9393 -0.3377 -0.0610
vn 0.8229 -0.5408 -0.1745
vn 0.6425 -0.6878 -0.3378
vn 0.5152 -0.7230 -0.4604
vn 0.3887 -0.7073 -0.5904
vn -0.0000 0.0001 -1.0000
vn 0.0054 -0.0475 -0.9989
vn 0.0753 -0.3722 -0.9251
vn 0.2091 -0.5793 -0.7878
vn 0.2092 -0.5793 -0.7878
vn 0.7442 -0.0635 0.6650
vn 0.7457 0.0002 0.6663
vn 0.6455 -0.5006 0.5768
vn 0.4580 -0.7891 0.4093
vn 0.1858 -0.9685 0.1660
vn -0.1858 -0.9685 -0.1660
vn -0.4580 -0.7891 -0.4093
vn -0.6455 -0.5005 -0.5769
vn -0.6455 -0.5006 -0.5768
vn -0.7441 -0.0635 -0.6650
vn -0.7442 -0.0635 -0.6650
vn -0.7457 0.0002 -0.6663
vn 0.7481 -0.0447 -0.6621
vn 0.7410 -0.3512 -0.5724
vn 0.7457 0.0001 -0.6663
vn 0.7317 -0.5496 -0.4031
vn 0.7139 -0.6805 -0.1653
vn 0.7098 -0.7044 -0.0000
vn 0.7139 -0.6805 0.1653
vn 0.7072 0.7070 -0.0000
vn 0.7317 -0.5496 0.4031
vn 0.7411 -0.3512 0.5723
vn 0.7483 -0.0447 0.6619
vn 0.7459 0.0001 0.6661
vn -0.0000 0.0002 -1.0000
vn -0.0000 -0.0673 -0.9977
vn -0.0000 0.0002 1.0000
vn -0.0000 -0.0673 0.9977
vn -0.0000 -0.5229 0.8524
vn -0.0000 -0.5230 0.8524
vn -0.0000 -0.8063 0.5915
vn -0.0000 -0.9718 0.2356
vn -0.0000 -0.9718 -0.2356
vn -0.0000 -0.8063 -0.5915
vn -0.0000 -0.5230 -0.8523
vn 0.5152 -0.7230 0.4604
vn 0.6425 -0.6878 0.3378
vn 0.3887 -0.7073 0.5904
vn 0.8229 -0.5408 0.1745
vn 0.2092 -0.5793 0.7878
vn 0.9393 -0.3377 0.0610
vn 0.0753 -0.3722 0.9251
vn 0.9991 -0.0424 0.0043
vn 0.0054 -0.0475 0.9989
vn -0.0000 0.0001 1.0000
vn 0.5131 0.7255 0.4585
vn 0.1858 -0.9685 -0.1660
vn 0.4580 -0.7891 -0.4093
vn 0.6455 -0.5006 -0.5768
vn 0.7442 -0.0635 -0.6650
vn 0.7457 0.0002 -0.6663
vn -0.7442 -0.0635 0.6650
vn -0.7457 0.0002 0.6663
vn -0.6455 -0.5005 0.5769
vn -0.4581 -0.7891 0.4093
vn -0.4580 -0.7891 0.4093
vn -0.1858 -0.9685 0.1660
vn -0.7417 -0.0448 0.6692
vn -0.7457 0.0001 0.6663
vn -0.6497 -0.3562 0.6716
vn -0.4670 -0.5690 0.6769
vn -0.1945 -0.7156 0.6709
vn -0.0000 -0.7431 0.6692
vn 0.1945 -0.7156 0.6709
vn 0.4670 -0.5690 0.6769
vn 0.6497 -0.3562 0.6716
vn -0.0000 0.7456 0.6664
vn 0.7417 -0.0448 0.6692
vn 0.7457 0.0001 0.6663
vn -0.8768 -0.4808 -0.0000
vn -0.6345 -0.7729 -0.0000
vn -0.2619 -0.9651 -0.0000
vn 0.2619 -0.9651 -0.0000
vn 0.6345 -0.7729 -0.0000
vn 0.8768 -0.4808 -0.0000
vn 0.9982 -0.0602 -0.0000
vn 1.0000 0.0002 -0.0000
vn -1.0000 0.0002 -0.0000
vn -0.9982 -0.0602 -0.0000
vn -0.0053 -0.0475 0.9989
vn 0.0001 0.0001 1.0000
vn -0.5131 0.7255 0.4585
vn -0.0751 -0.3723 0.9251
vn -0.2089 -0.5795 0.7877
vn -0.2089 -0.5796 0.7877
vn -0.3884 -0.7077 0.5902
vn -0.5148 -0.7234 0.4600
vn -0.6422 -0.6882 0.3375
vn -1.0000 0.0001 -0.0001
vn -0.9991 -0.0425 0.0042
vn -0.9392 -0.3378 0.0609
vn -0.9393 -0.3378 0.0609
vn -0.8228 -0.5409 0.1742
vn -0.8228 -0.5410 0.1743
vn -0.7457 -0.0016 0.6663
vn -0.7455 -0.0002 0.6665
vn -0.7456 -0.0007 0.6664
vn -0.7455 0.0001 0.6665
vn -0.7480 -0.0445 0.6622
vn -0.7481 -0.0451 0.6621
vn -0.7072 0.7070 -0.0000
vn -0.7412 -0.3512 0.5722
vn -0.7317 -0.5496 0.4031
vn -0.7457 0.0001 -0.6663
vn -0.7481 -0.0447 -0.6621
vn -0.7410 -0.3512 -0.5724
vn -0.7317 -0.5496 -0.4031
vn -0.7139 -0.6805 -0.1653
vn -0.7139 -0.6805 0.1653
vn -0.7098 -0.7044 -0.0000
vn -0.9998 -0.0011 0.0203
vn -0.9988 -0.0449 0.0190
vn -0.9988 -0.0450 0.0190
vn -0.5131 0.7255 -0.4585
vn 0.0261 -0.0013 -0.9997
vn 0.0245 -0.0503 -0.9984
vn -0.9341 -0.3563 -0.0204
vn -0.9341 -0.3565 -0.0204
vn -0.0245 -0.3928 -0.9193
vn -0.0245 -0.3926 -0.9194
vn -0.7971 -0.5930 -0.1140
vn -0.7968 -0.5934 -0.1142
vn -0.1364 -0.6342 -0.7610
vn -0.1362 -0.6339 -0.7613
vn -0.2799 -0.8094 -0.5162
vn -0.2800 -0.8095 -0.5160
vn -0.5632 -0.7895 -0.2441
vn -0.5634 -0.7894 -0.2439
vn -0.4005 -0.8435 -0.3579
vn -0.6852 0.2282 -0.6917
vn -0.6823 0.0241 -0.7307
vn -0.6823 -0.0028 -0.7310
vn -0.6827 -0.0031 -0.7307
vn 0.7442 -0.0638 -0.6649
vn 0.7441 -0.0638 -0.6650
vn 0.6453 -0.5011 -0.5767
vn 0.6453 -0.5010 -0.5767
vn 0.4563 -0.7908 -0.4078
vn 0.4567 -0.7905 -0.4081
vn 0.1846 -0.9689 -0.1649
vn 0.1848 -0.9688 -0.1652
vn -0.1845 -0.9689 0.1650
vn -0.1848 -0.9688 0.1652
vn -0.4564 -0.7908 0.4078
vn -0.4567 -0.7905 0.4081
vn -0.6453 -0.5011 0.5766
vn -0.6453 -0.5010 0.5767
vn -0.7441 -0.0638 0.6650
vn -0.7912 -0.0299 -0.6108
vn -0.8005 -0.0028 -0.5993
vn -0.8003 -0.0030 -0.5996
vn -0.7915 -0.0163 -0.6109
vn -0.8003 0.0225 -0.5992
vn -0.7641 0.2223 -0.6056
vn -0.7683 -0.0755 -0.6356
vn -0.6938 -0.0314 -0.7195
vn -0.6937 -0.0167 -0.7200
vn -0.7478 -0.1799 -0.6391
vn -0.7170 -0.0768 -0.6928
vn -0.6662 -0.4493 -0.5953
vn -0.7184 -0.1817 -0.6714
vn -0.7455 0.0006 0.6665
vn -0.7455 -0.0000 0.6665
vn -0.7455 0.0002 0.6665
vn -0.7458 0.0002 0.6661
vn -0.7458 0.0009 0.6662
vn -0.7458 -0.0000 0.6661
vn -0.7455 -0.0001 0.6665
vn -0.7458 -0.0002 0.6662
vn -0.7458 -0.0001 0.6662
vn -0.7457 -0.0003 0.6662
vn -0.7457 -0.0007 0.6663
vn -0.7456 -0.0003 0.6664
vt 0.428579 0.094841
vt 0.428577 0.085731
vt 0.775183 0.085671
vt 0.775185 0.094781
vt 0.775180 0.068101
vt 0.428574 0.068161
vt 0.428572 0.058801
vt 0.775178 0.058741
vt 0.775186 0.103241
vt 0.428580 0.103301
vt 0.428582 0.112661
vt 0.775188 0.112601
vt 0.428575 0.076622
vt 0.775181 0.076562
vt 0.775182 0.103278
vt 0.428576 0.103264
vt 0.428577 0.094803
vt 0.775183 0.094818
vt 0.428577 0.085694
vt 0.775183 0.085708
vt 0.428577 0.076584
vt 0.428578 0.068124
vt 0.775184 0.068138
vt 0.775183 0.076599
vt 0.428576 0.112624
vt 0.775182 0.112638
vt 0.428578 0.058764
vt 0.775184 0.058778
vt 0.428574 0.112613
vt 0.428575 0.103253
vt 0.775181 0.103289
vt 0.775180 0.112649
vt 0.428576 0.094793
vt 0.428577 0.085683
vt 0.775183 0.085719
vt 0.775182 0.094828
vt 0.428578 0.076574
vt 0.428579 0.068113
vt 0.775185 0.068149
vt 0.775184 0.076609
vt 0.428580 0.058753
vt 0.775186 0.058789
vt 0.428579 0.068113
vt 0.775185 0.068149
vt 0.428574 0.112613
vt 0.775180 0.112649
vt 0.428576 0.094793
vt 0.428577 0.085683
vt 0.775182 0.094828
vt 0.775184 0.076609
vt 0.775186 0.058789
vt 0.428578 0.112639
vt 0.428578 0.103279
vt 0.775184 0.103263
vt 0.775184 0.112624
vt 0.428577 0.094818
vt 0.428577 0.085709
vt 0.775183 0.085693
vt 0.775183 0.094803
vt 0.428577 0.076599
vt 0.428576 0.068139
vt 0.775182 0.068123
vt 0.775183 0.076584
vt 0.428576 0.058779
vt 0.775182 0.058763
vt 0.428575 0.103253
vt 0.775181 0.103289
vt 0.428579 0.068113
vt 0.428580 0.058753
vt 0.775186 0.058789
vt 0.428578 0.076576
vt 0.428579 0.068115
vt 0.775185 0.068147
vt 0.775184 0.076608
vt 0.775181 0.103287
vt 0.428575 0.103255
vt 0.428576 0.094795
vt 0.775182 0.094827
vt 0.428577 0.085685
vt 0.775183 0.085717
vt 0.428575 0.112615
vt 0.775181 0.112647
vt 0.428579 0.058755
vt 0.775185 0.058787
vt 0.397013 0.282196
vt 0.200958 0.200958
vt 0.397034 0.119770
vt 0.004903 0.119721
vt 0.004883 0.282147
vt 0.499218 0.499027
vt 0.622760 0.498973
vt 0.622760 0.502192
vt 0.499209 0.502191
vt 0.252138 0.498765
vt 0.375681 0.498960
vt 0.375664 0.502190
vt 0.252114 0.502191
vt 0.622760 0.506611
vt 0.499209 0.506610
vt 0.375664 0.506609
vt 0.252114 0.506609
vt 0.622760 0.510302
vt 0.499209 0.510301
vt 0.375664 0.510300
vt 0.252114 0.510300
vt 0.376104 0.513658
vt 0.499278 0.513640
vt 0.499302 0.682648
vt 0.376129 0.682666
vt 0.252979 0.747450
vt 0.129387 0.747537
vt 0.129383 0.741401
vt 0.129344 0.686175
vt 0.252935 0.686088
vt 0.282196 0.004903
vt 0.622694 0.401609
vt 0.746141 0.401609
vt 0.746141 0.405306
vt 0.622694 0.405306
vt 0.128960 0.401611
vt 0.252356 0.401610
vt 0.252356 0.405308
vt 0.128960 0.405308
vt 0.622694 0.411865
vt 0.746141 0.411865
vt 0.128960 0.411867
vt 0.252356 0.411867
vt 0.252329 0.416059
vt 0.128960 0.415528
vt 0.746154 0.416089
vt 0.622694 0.416257
vt 0.119770 0.004883
vt 0.638356 0.199104
vt 0.638356 0.242510
vt 0.577718 0.242510
vt 0.577718 0.199104
vt 0.747343 0.747102
vt 0.623752 0.747189
vt 0.623709 0.685826
vt 0.747300 0.685739
vt 0.622451 0.513623
vt 0.622475 0.682631
vt 0.252931 0.513675
vt 0.252955 0.682684
vt 0.930798 0.004883
vt 0.899601 0.080229
vt 0.868383 0.004891
vt 0.422614 0.187271
vt 0.422613 0.180343
vt 0.511462 0.180335
vt 0.511463 0.187263
vt 0.036690 0.741466
vt 0.005792 0.741488
vt 0.005753 0.686262
vt 0.036651 0.686240
vt 0.974938 0.049011
vt 0.824255 0.049031
vt 0.129782 0.682701
vt 0.129758 0.513693
vt 0.033620 0.091011
vt 0.029619 0.087009
vt 0.087052 0.029590
vt 0.091053 0.033592
vt 0.699730 0.187246
vt 0.610881 0.187254
vt 0.610880 0.180326
vt 0.699730 0.180318
vt 0.746301 0.498759
vt 0.746304 0.502192
vt 0.128625 0.498214
vt 0.128625 0.502191
vt 0.746304 0.506611
vt 0.128625 0.506610
vt 0.746304 0.510302
vt 0.128625 0.510300
vt 0.974947 0.111426
vt 0.824263 0.111447
vt 0.869549 0.401609
vt 0.869549 0.405306
vt 0.004883 0.401611
vt 0.033290 0.401611
vt 0.099233 0.401611
vt 0.004883 0.405308
vt 0.869549 0.411865
vt 0.004883 0.411867
vt 0.006608 0.682719
vt 0.006584 0.513711
vt 0.869598 0.415502
vt 0.004883 0.415528
vt 0.930818 0.155566
vt 0.868403 0.155575
vt 0.745625 0.513605
vt 0.745649 0.682613
vt 0.004883 0.465646
vt 0.066560 0.482074
vt 0.004883 0.498214
vt 0.993697 0.401609
vt 0.993697 0.405306
vt 0.993697 0.411865
vt 0.993697 0.414817
vt 0.869858 0.498749
vt 0.869862 0.502192
vt 0.004883 0.502191
vt 0.869862 0.506611
vt 0.004883 0.506610
vt 0.869862 0.510302
vt 0.004883 0.510300
vt 0.993697 0.502192
vt 0.993697 0.506611
vt 0.993697 0.498178
vt 0.993697 0.510302
vt 0.994482 0.685565
vt 0.994521 0.740791
vt 0.994526 0.746927
vt 0.870934 0.747014
vt 0.870891 0.685652
vt 0.868798 0.513587
vt 0.868822 0.682595
vt 0.991972 0.513570
vt 0.991996 0.682578
vt 0.119721 0.397013
vt 0.282147 0.397034
vt 0.375782 0.416249
vt 0.375800 0.411866
vt 0.499237 0.416316
vt 0.499246 0.411866
vt 0.375800 0.405308
vt 0.499246 0.405307
vt 0.375800 0.401610
vt 0.499246 0.401610
vt 0.376570 0.747363
vt 0.376526 0.686000
vt 0.500161 0.747276
vt 0.500118 0.685913
vt 0.005998 0.019717
vt 0.004883 0.018205
vt 0.060324 0.015008
vt 0.060310 0.016543
vt 0.792218 0.276861
vt 0.790737 0.275813
vt 0.790737 0.191174
vt 0.792218 0.190141
vt 0.073510 0.015663
vt 0.073350 0.017194
vt 0.089236 0.018248
vt 0.088721 0.019716
vt 0.404846 0.260318
vt 0.403692 0.259134
vt 0.416653 0.259134
vt 0.416653 0.260318
vt 0.432002 0.259134
vt 0.432002 0.260318
vt 0.447634 0.259134
vt 0.447634 0.260318
vt 0.533449 0.259134
vt 0.531636 0.260318
vt 0.485738 0.260318
vt 0.485738 0.259134
vt 0.474404 0.260318
vt 0.474404 0.259134
vt 0.460488 0.260318
vt 0.460488 0.259134
vt 0.227554 0.466518
vt 0.227778 0.419830
vt 0.252209 0.466544
vt 0.156745 0.476947
vt 0.128623 0.466207
vt 0.153354 0.466333
vt 0.060369 0.019376
vt 0.006206 0.022521
vt 0.073037 0.020019
vt 0.088255 0.022515
vt 0.416653 0.262794
vt 0.404846 0.262794
vt 0.432002 0.262794
vt 0.447634 0.262794
vt 0.460488 0.262794
vt 0.474404 0.262794
vt 0.485738 0.262794
vt 0.531636 0.262794
vt 0.787999 0.275813
vt 0.787999 0.191174
vt 0.619010 0.263718
vt 0.619010 0.264873
vt 0.607720 0.264873
vt 0.607720 0.263718
vt 0.666499 0.263718
vt 0.664690 0.264873
vt 0.593842 0.264873
vt 0.593842 0.263718
vt 0.581005 0.263718
vt 0.581005 0.264873
vt 0.565377 0.264873
vt 0.565377 0.263718
vt 0.550019 0.264873
vt 0.550019 0.263718
vt 0.747244 0.205920
vt 0.748698 0.204906
vt 0.748698 0.291461
vt 0.747244 0.290431
vt 0.537837 0.264873
vt 0.537837 0.263718
vt 0.487889 0.232949
vt 0.487384 0.234390
vt 0.472038 0.231873
vt 0.472195 0.230370
vt 0.459018 0.231219
vt 0.459033 0.229712
vt 0.404806 0.234359
vt 0.403692 0.232887
vt 0.276862 0.419979
vt 0.276856 0.466621
vt 0.664690 0.267357
vt 0.619010 0.267357
vt 0.744493 0.290431
vt 0.744493 0.205920
vt 0.459077 0.234066
vt 0.405004 0.237183
vt 0.471723 0.234711
vt 0.486915 0.237202
vt 0.550019 0.267357
vt 0.537837 0.267357
vt 0.565377 0.267357
vt 0.581005 0.267357
vt 0.593842 0.267357
vt 0.607720 0.267357
vt 0.566024 0.256662
vt 0.566024 0.255469
vt 0.581604 0.255469
vt 0.581604 0.256662
vt 0.550747 0.256662
vt 0.550747 0.255469
vt 0.594438 0.255469
vt 0.594438 0.256662
vt 0.539026 0.256662
vt 0.537837 0.255469
vt 0.608366 0.255469
vt 0.608366 0.256662
vt 0.571285 0.223409
vt 0.570770 0.224874
vt 0.555427 0.222350
vt 0.555588 0.220821
vt 0.619730 0.255469
vt 0.619730 0.256662
vt 0.667619 0.255469
vt 0.665840 0.256662
vt 0.542425 0.220163
vt 0.542409 0.221696
vt 0.488191 0.224844
vt 0.487080 0.223334
vt 0.758101 0.204578
vt 0.759578 0.203550
vt 0.759578 0.290061
vt 0.758101 0.289014
vt 0.437453 0.495123
vt 0.422777 0.493261
vt 0.400368 0.466790
vt 0.375713 0.466720
vt 0.400326 0.420129
vt 0.594438 0.259141
vt 0.581604 0.259141
vt 0.608366 0.259141
vt 0.619730 0.259141
vt 0.665840 0.259141
vt 0.755370 0.289014
vt 0.755370 0.204578
vt 0.542468 0.224521
vt 0.488398 0.227647
vt 0.555114 0.225169
vt 0.570304 0.227668
vt 0.550747 0.259141
vt 0.539026 0.259141
vt 0.566024 0.259141
vt 0.868796 0.160151
vt 0.868781 0.161686
vt 0.814456 0.164857
vt 0.813378 0.163321
vt 0.881981 0.160810
vt 0.881820 0.162341
vt 0.897704 0.163400
vt 0.897189 0.164867
vt 0.404920 0.252068
vt 0.403692 0.250863
vt 0.416561 0.250863
vt 0.416561 0.252068
vt 0.431780 0.250863
vt 0.431780 0.252068
vt 0.447324 0.250863
vt 0.447324 0.252068
vt 0.460152 0.250863
vt 0.460152 0.252068
vt 0.474109 0.250863
vt 0.474109 0.252068
vt 0.781341 0.281956
vt 0.779860 0.280905
vt 0.779860 0.196273
vt 0.781341 0.195243
vt 0.485519 0.250863
vt 0.485519 0.252068
vt 0.533661 0.250863
vt 0.531917 0.252068
vt 0.560988 0.495041
vt 0.523784 0.420082
vt 0.523874 0.466745
vt 0.499219 0.466766
vt 0.896723 0.167666
vt 0.881507 0.165165
vt 0.416561 0.254558
vt 0.404920 0.254558
vt 0.431780 0.254558
vt 0.447324 0.254558
vt 0.460152 0.254558
vt 0.474109 0.254558
vt 0.485519 0.254558
vt 0.531917 0.254558
vt 0.777123 0.280905
vt 0.777123 0.196273
vt 0.868840 0.164520
vt 0.814682 0.167649
vt 0.619278 0.273079
vt 0.619278 0.271934
vt 0.666468 0.271934
vt 0.664600 0.273079
vt 0.768997 0.201366
vt 0.770459 0.200345
vt 0.770459 0.287039
vt 0.768997 0.286005
vt 0.608040 0.273079
vt 0.608040 0.271934
vt 0.594185 0.273079
vt 0.594185 0.271934
vt 0.581318 0.273079
vt 0.581318 0.271934
vt 0.565611 0.273079
vt 0.565611 0.271934
vt 0.550142 0.273079
vt 0.550142 0.271934
vt 0.404770 0.215743
vt 0.403692 0.214234
vt 0.459104 0.211056
vt 0.459089 0.212572
vt 0.472287 0.211711
vt 0.472130 0.213224
vt 0.488009 0.214292
vt 0.487500 0.215742
vt 0.537837 0.273079
vt 0.537837 0.271934
vt 0.684520 0.495200
vt 0.669842 0.493371
vt 0.766246 0.286005
vt 0.766246 0.201366
vt 0.459149 0.215419
vt 0.404990 0.218552
vt 0.471816 0.216061
vt 0.487033 0.218554
vt 0.550142 0.275550
vt 0.537837 0.275550
vt 0.565611 0.275550
vt 0.581318 0.275550
vt 0.594185 0.275550
vt 0.608040 0.275550
vt 0.619278 0.275550
vt 0.664600 0.275550
vt 0.531929 0.267371
vt 0.530112 0.268519
vt 0.484665 0.268519
vt 0.484665 0.267371
vt 0.718236 0.247077
vt 0.719688 0.246064
vt 0.719688 0.332498
vt 0.718236 0.331470
vt 0.473427 0.268519
vt 0.473427 0.267371
vt 0.459596 0.268519
vt 0.459596 0.267371
vt 0.488148 0.243481
vt 0.487080 0.241982
vt 0.542327 0.238819
vt 0.542313 0.240324
vt 0.555472 0.239473
vt 0.555316 0.240974
vt 0.571147 0.242046
vt 0.570642 0.243485
vt 0.403692 0.268519
vt 0.403692 0.267371
vt 0.415861 0.267371
vt 0.415861 0.268519
vt 0.446791 0.267371
vt 0.446791 0.268519
vt 0.431195 0.268519
vt 0.431195 0.267371
vt 0.770722 0.419771
vt 0.770909 0.466478
vt 0.746239 0.466447
vt 0.833713 0.487624
vt 0.841698 0.476947
vt 0.715489 0.331470
vt 0.715489 0.247077
vt 0.542372 0.243167
vt 0.488368 0.246287
vt 0.555002 0.243808
vt 0.570175 0.246293
vt 0.415861 0.271001
vt 0.403692 0.271001
vt 0.431195 0.271001
vt 0.446791 0.271001
vt 0.459596 0.271001
vt 0.473427 0.271001
vt 0.484665 0.271001
vt 0.530112 0.271001
vt 0.710234 0.247087
vt 0.708374 0.248344
vt 0.661262 0.248344
vt 0.661262 0.247087
vt 0.674635 0.256513
vt 0.676135 0.255467
vt 0.676135 0.340627
vt 0.674635 0.339565
vt 0.006110 0.009554
vt 0.004883 0.008033
vt 0.060774 0.004883
vt 0.060760 0.006478
vt 0.649656 0.248344
vt 0.649656 0.247087
vt 0.074046 0.005519
vt 0.073886 0.007111
vt 0.635430 0.248344
vt 0.635430 0.247087
vt 0.089884 0.007982
vt 0.089382 0.009515
vt 0.577718 0.248344
vt 0.577718 0.247087
vt 0.590410 0.247087
vt 0.590410 0.248344
vt 0.622295 0.248344
vt 0.622295 0.247087
vt 0.606261 0.248344
vt 0.606261 0.247087
vt 0.969442 0.419347
vt 0.993697 0.465584
vt 0.969800 0.465798
vt 0.671982 0.339565
vt 0.671982 0.256513
vt 0.060817 0.009344
vt 0.006274 0.012368
vt 0.073584 0.009959
vt 0.088924 0.012381
vt 0.590410 0.250892
vt 0.577718 0.250892
vt 0.606261 0.250892
vt 0.622295 0.250892
vt 0.635430 0.250892
vt 0.649656 0.250892
vt 0.661262 0.250892
vt 0.708374 0.250892
vt 0.869763 0.466230
vt 0.894930 0.466209
vt 0.898403 0.476736
vt 0.894632 0.419740
vt 0.906558 0.487194
vt 0.966418 0.476366
vt 0.917660 0.492215
vt 0.958284 0.486939
vt 0.932421 0.493874
vt 0.947187 0.492068
vt 0.845031 0.419409
vt 0.774348 0.477066
vt 0.845075 0.466299
vt 0.782385 0.487682
vt 0.793386 0.492918
vt 0.808066 0.494768
vt 0.822737 0.492898
vt 0.647252 0.420315
vt 0.647388 0.466960
vt 0.622728 0.467009
vt 0.721591 0.420188
vt 0.721559 0.466842
vt 0.650815 0.477547
vt 0.718169 0.477439
vt 0.710172 0.488066
vt 0.699193 0.493321
vt 0.658850 0.488151
vt 0.527292 0.477340
vt 0.598067 0.466705
vt 0.598147 0.420021
vt 0.535319 0.487958
vt 0.546310 0.493194
vt 0.594665 0.477306
vt 0.586655 0.487933
vt 0.575666 0.493180
vt 0.403775 0.477389
vt 0.474558 0.466825
vt 0.474685 0.420145
vt 0.411791 0.488015
vt 0.471146 0.477423
vt 0.463125 0.488041
vt 0.452132 0.493277
vt 0.280250 0.477218
vt 0.351018 0.466731
vt 0.351192 0.420068
vt 0.339567 0.487925
vt 0.347595 0.477320
vt 0.288251 0.487847
vt 0.313896 0.494978
vt 0.328573 0.493147
vt 0.299226 0.493101
vt 0.153444 0.419640
vt 0.216078 0.487718
vt 0.224119 0.477111
vt 0.164746 0.487597
vt 0.175726 0.492867
vt 0.190397 0.494756
vt 0.205076 0.492935
vt 0.036694 0.747603
vt 0.005796 0.747625
vt 0.098485 0.741423
vt 0.098446 0.686197
vt 0.098490 0.747559
s 1
usemtl TempleTexture
f 1187/1553/410 1197/1554/411 1198/1555/411 1191/1556/410
f 1199/1557/412 1200/1558/412 1189/1559/413 1193/1560/413
f 1195/1561/414 1196/1562/414 1187/1553/415 1191/1556/415
f 1190/1563/416 1196/1562/414 1195/1561/414 1194/1564/416
f 1198/1555/411 1197/1554/411 1188/1565/417 1192/1566/417
f 1188/1565/418 1200/1558/412 1199/1557/412 1192/1566/418
f 1209/1567/411 1210/1568/411 1202/1569/419 1206/1570/419
f 1202/1569/420 1211/1571/412 1212/1572/412 1206/1570/420
f 1203/1573/421 1213/1574/422 1214/1575/422 1207/1576/421
f 1201/1577/423 1210/1568/411 1209/1567/411 1205/1578/423
f 1212/1572/412 1211/1571/412 1203/1573/424 1207/1576/424
f 1214/1575/422 1213/1574/422 1204/1579/425 1208/1580/425
f 1215/1581/426 1223/1582/427 1224/1583/427 1219/1584/426
f 1216/1585/428 1225/1586/422 1226/1587/422 1220/1588/428
f 1217/1589/429 1227/1590/430 1228/1591/430 1221/1592/429
f 1224/1583/427 1223/1582/427 1216/1585/431 1220/1588/431
f 1226/1587/422 1225/1586/422 1217/1589/432 1221/1592/432
f 1228/1591/430 1227/1590/430 1218/1593/433 1222/1594/433
f 1229/1581/434 1237/1582/422 1238/1583/422 1233/1584/434
f 1230/1585/435 1239/1586/430 1240/1587/430 1234/1588/435
f 1231/1589/436 1241/1595/437 1242/1596/437 1235/1592/436
f 1238/1583/422 1237/1582/422 1230/1585/438 1234/1588/438
f 1240/1587/430 1239/1586/430 1231/1589/439 1235/1592/439
f 1242/1596/437 1241/1595/437 1232/1593/440 1236/1594/440
f 1243/1597/441 1251/1582/430 1252/1583/430 1247/1598/441
f 1244/1599/442 1253/1600/443 1254/1587/443 1248/1601/442
f 1245/1589/444 1255/1595/445 1256/1596/445 1249/1602/444
f 1252/1583/430 1251/1582/430 1244/1599/446 1248/1601/446
f 1254/1587/443 1253/1600/443 1245/1589/447 1249/1602/447
f 1256/1596/445 1255/1595/445 1246/1593/448 1250/1603/448
f 1257/1604/449 1265/1605/443 1266/1606/443 1261/1607/449
f 1258/1608/450 1267/1609/445 1268/1610/445 1262/1611/450
f 1259/1612/451 1269/1613/452 1270/1614/452 1263/1615/451
f 1266/1606/443 1265/1605/443 1258/1608/453 1262/1611/453
f 1268/1610/445 1267/1609/445 1259/1612/454 1263/1615/454
f 1270/1614/452 1269/1613/452 1260/1616/455 1264/1617/455
f 1272/1597/456 1279/1618/457 1280/1619/457 1276/1598/456
f 1273/1599/458 1281/1586/452 1282/1587/452 1277/1601/458
f 1274/1589/459 1283/1620/414 1284/1591/414 1278/1592/459
f 1280/1619/457 1279/1618/457 1273/1599/460 1277/1601/460
f 1282/1587/452 1281/1586/452 1274/1589/461 1278/1592/461
f 1284/1591/414 1283/1620/414 1271/1621/462 1275/1622/462
f 1285/1623/463 1297/1624/464 1298/1625/464 1289/1626/463
f 1293/1627/452 1294/1628/452 1288/1629/465 1292/1630/465
f 1288/1629/466 1295/1631/414 1296/1632/414 1292/1630/466
f 1287/1633/467 1294/1628/452 1293/1627/452 1291/1634/467
f 1296/1632/414 1295/1631/414 1285/1623/468 1289/1626/468
f 1298/1625/464 1297/1624/464 1286/1635/469 1290/1636/469
f 1299/1637/470 1300/1638/470 1301/1639/470
f 1302/1640/470 1300/1638/470 1303/1641/470
f 1304/1642/471 1305/1643/471 1306/1644/471 1307/1645/471
f 1308/1646/471 1309/1647/471 1310/1648/471 1311/1649/471
f 1306/1644/472 1312/1650/472 1313/1651/472 1307/1645/472
f 1310/1648/473 1314/1652/473 1315/1653/473 1311/1649/473
f 1316/1654/470 1317/1655/470 1313/1651/470 1312/1650/470
f 1318/1656/470 1319/1657/470 1315/1653/470 1314/1652/470
f 1318/1658/474 1317/1659/474 1322/1660/474 1323/1661/474
f 1324/1662/475 1325/1663/475 1630/1664/475 1302/1665/475 1303/1666/475
f 1301/1639/470 1300/1638/470 1328/1667/470
f 1329/1668/471 1330/1669/471 1331/1670/471 1332/1671/471
f 1325/1672/471 1324/1673/471 1333/1674/471 1334/1675/471
f 1335/1676/476 1332/1671/476 1331/1670/476 1336/1677/476
f 1337/1678/475 1334/1675/475 1333/1674/475 1338/1679/475
f 1321/1680/470 1326/1681/470 1337/1678/470 1338/1679/470
f 1335/1676/470 1336/1677/470 1327/1682/470 1320/1683/470
f 1328/1667/470 1300/1638/470 1341/1684/470
f 1344/1685/477 1345/1686/477 1350/1687/477 1351/1688/477
f 1330/1689/476 1329/1690/476 1299/1691/476 1301/1692/476
f 1317/1659/472 1316/1693/472 1346/1694/472 1322/1660/472
f 1319/1695/473 1318/1658/473 1323/1661/473 1347/1696/473
f 1322/1697/471 1348/1698/471 1323/1699/471
f 1352/1700/478 1351/1701/478 1350/1702/478 1349/1703/478
f 1349/1704/477 1629/1705/477 1341/1706/477 1352/1707/477
f 1346/1708/471 1348/1698/471 1322/1697/471
f 1323/1699/471 1348/1698/471 1347/1709/471
f 1319/1695/475 1347/1696/475 1354/1710/475 1355/1711/475
f 1340/1712/470 1344/1713/470 1351/1714/470 1352/1715/470
f 1340/1716/473 1339/1717/473 1345/1718/473 1344/1719/473
f 1305/1643/471 1343/1720/471 1356/1721/471 1306/1644/471
f 1342/1722/471 1308/1646/471 1311/1649/471 1357/1723/471
f 1356/1721/476 1358/1724/476 1312/1650/476 1306/1644/476
f 1311/1649/475 1315/1653/475 1359/1725/475 1357/1723/475
f 1360/1726/470 1316/1654/470 1312/1650/470 1358/1724/470
f 1319/1657/470 1355/1727/470 1359/1725/470 1315/1653/470
f 1365/1728/471 1348/1698/471 1346/1708/471
f 1347/1709/471 1348/1698/471 1354/1729/471
f 1339/1717/471 1349/1703/471 1350/1702/471 1345/1718/471
f 1330/1669/471 1366/1730/471 1367/1731/471 1331/1670/471
f 1353/1732/471 1632/1733/471 1631/1734/471 1325/1672/471 1334/1675/471 1368/1735/471
f 1367/1731/478 1369/1736/478 1336/1677/478 1331/1670/478
f 1370/1737/477 1368/1735/477 1334/1675/477 1337/1678/477
f 1372/1738/477 1371/1739/477 1355/1711/477 1354/1710/477
f 1361/1740/470 1327/1682/470 1336/1677/470 1369/1736/470
f 1326/1681/470 1362/1741/470 1370/1737/470 1337/1678/470
f 1373/1742/471 1348/1698/471 1365/1728/471
f 1354/1729/471 1348/1698/471 1372/1743/471
f 1316/1693/476 1360/1744/476 1365/1745/476 1346/1694/476
f 1620/1746/477 1628/1747/477 1364/1748/477
f 1372/1743/471 1348/1698/471 1373/1742/471
f 1366/1730/471 1353/1749/471 1368/1750/471 1367/1731/471
f 1369/1736/479 1367/1731/479 1368/1750/479 1370/1751/479
f 1362/1752/470 1361/1740/470 1369/1736/470 1370/1751/470
f 1340/1712/470 1300/1638/470 1302/1640/470
f 1343/1720/471 1363/1753/471 1374/1754/471 1356/1721/471
f 1364/1748/471 1342/1722/471 1357/1723/471 1375/1755/471
f 1374/1754/478 1376/1756/478 1358/1724/478 1356/1721/478
f 1357/1723/477 1359/1725/477 1377/1757/477 1375/1755/477
f 1378/1758/470 1360/1726/470 1358/1724/470 1376/1756/470
f 1355/1727/470 1371/1759/470 1377/1757/470 1359/1725/470
f 1376/1756/479 1374/1754/479 1375/1760/479 1377/1761/479
f 1363/1753/471 1364/1762/471 1375/1760/471 1374/1754/471
f 1371/1763/470 1378/1758/470 1376/1756/470 1377/1761/470
f 1341/1764/479 1629/1765/479 1353/1766/479 1366/1767/479 1328/1768/479
f 1360/1744/478 1378/1769/478 1373/1770/478 1365/1745/478
f 1366/1767/478 1330/1689/478 1301/1692/478 1328/1768/478
f 1378/1769/479 1371/1771/479 1372/1772/479 1373/1770/479
f 1307/1645/474 1313/1651/474 1314/1652/474 1310/1648/474
f 1317/1655/470 1318/1656/470 1314/1652/470 1313/1651/470
f 1303/1641/470 1300/1638/470 1379/1773/470
f 1380/1774/470 1300/1638/470 1299/1637/470
f 1309/1647/471 1304/1642/471 1307/1645/471 1310/1648/471
f 1379/1773/470 1300/1638/470 1380/1774/470
f 1381/1775/470 1321/1680/470 1338/1679/470 1382/1776/470
f 1320/1683/470 1383/1777/470 1384/1778/470 1335/1676/470
f 1338/1679/473 1333/1674/473 1385/1779/473 1382/1776/473
f 1384/1778/472 1386/1780/472 1332/1671/472 1335/1676/472
f 1324/1673/471 1387/1781/471 1385/1779/471 1333/1674/471
f 1388/1782/471 1329/1668/471 1332/1671/471 1386/1780/471
f 1383/1777/470 1381/1775/470 1382/1776/470 1384/1778/470
f 1382/1776/474 1385/1779/474 1386/1780/474 1384/1778/474
f 1387/1781/471 1388/1782/471 1386/1780/471 1385/1779/471
f 1387/1783/473 1324/1662/473 1303/1666/473 1379/1784/473
f 1329/1690/472 1388/1785/472 1380/1786/472 1299/1691/472
f 1388/1785/474 1387/1783/474 1379/1784/474 1380/1786/474
f 1467/1787/480 1466/1788/480 1468/1789/481 1469/1790/481
f 1466/1791/482 1467/1792/482 1479/1793/482 1478/1794/482
f 1469/1790/481 1468/1789/481 1470/1795/483 1471/1796/483
f 1471/1796/483 1470/1795/483 1472/1797/484 1473/1798/484
f 1473/1799/484 1472/1800/484 1474/1801/485 1475/1802/485
f 1475/1802/485 1474/1801/485 1477/1803/486 1476/1804/486
f 1476/1804/486 1477/1803/486 1484/1805/487 1485/1806/487
f 1478/1807/488 1479/1808/488 1481/1809/489 1480/1810/489
f 1480/1810/489 1481/1809/489 1483/1811/490 1482/1812/490
f 1482/1812/490 1483/1811/490 1487/1813/491 1486/1814/492
f 1485/1806/487 1484/1805/487 1486/1814/492 1487/1813/491
f 1468/1815/475 1466/1816/475 1321/1680/475 1626/1817/475
f 1482/1818/475 1342/1722/475 1627/1819/475 1480/1820/475
f 1434/1821/493 1433/1822/494 1467/1787/494 1469/1790/493
f 1469/1790/493 1471/1796/495 1435/1823/495 1434/1821/493
f 1471/1796/495 1473/1798/496 1436/1824/496 1435/1823/495
f 1473/1799/496 1475/1802/497 1437/1825/497 1436/1826/496
f 1475/1802/497 1476/1804/471 1438/1827/471 1437/1825/497
f 1476/1804/471 1485/1806/498 1439/1828/498 1438/1827/471
f 1485/1806/498 1487/1813/499 1440/1829/499 1439/1828/498
f 1487/1813/499 1483/1811/500 1441/1830/501 1440/1829/499
f 1483/1811/500 1481/1809/502 1442/1831/503 1441/1830/501
f 1443/1832/504 1442/1831/503 1481/1809/502 1479/1808/504
f 1433/1833/470 1443/1834/470 1479/1793/470 1467/1792/470
f 1488/1835/505 1489/1836/505 1491/1837/506 1490/1838/506
f 1489/1836/505 1488/1835/505 1498/1839/507 1499/1840/507
f 1490/1838/506 1491/1837/506 1495/1841/508 1494/1842/508
f 1492/1843/509 1493/1844/509 1496/1845/510 1497/1846/510
f 1493/1844/509 1492/1843/509 1494/1842/508 1495/1841/508
f 1497/1846/510 1496/1845/510 1501/1847/511 1500/1848/511
f 1499/1849/512 1498/1850/512 1508/1851/512 1509/1852/512
f 1500/1848/511 1501/1847/511 1503/1853/513 1502/1854/513
f 1502/1855/513 1503/1856/513 1505/1857/514 1504/1858/514
f 1504/1858/514 1505/1857/514 1507/1859/515 1506/1860/515
f 1506/1860/515 1507/1859/515 1509/1861/516 1508/1862/516
f 1498/1863/473 1488/1864/473 1626/1817/473 1321/1680/473
f 1445/1865/517 1444/1866/518 1489/1836/518 1499/1840/517
f 1446/1867/470 1445/1868/470 1499/1849/470 1509/1852/470
f 1509/1861/519 1507/1859/520 1447/1869/520 1446/1870/519
f 1507/1859/520 1505/1857/521 1448/1871/522 1447/1869/520
f 1505/1857/521 1503/1856/523 1449/1872/523 1448/1871/522
f 1503/1853/523 1501/1847/524 1450/1873/524 1449/1874/523
f 1501/1847/524 1496/1845/471 1451/1875/471 1450/1873/524
f 1496/1845/471 1493/1844/525 1452/1876/525 1451/1875/471
f 1493/1844/525 1495/1841/526 1453/1877/526 1452/1876/525
f 1495/1841/526 1491/1837/527 1454/1878/527 1453/1877/526
f 1491/1837/527 1489/1836/518 1444/1866/518 1454/1878/527
f 1510/1879/528 1511/1880/528 1512/1881/529 1513/1882/529
f 1511/1880/528 1510/1879/528 1515/1883/530 1514/1884/530
f 1513/1882/529 1512/1881/529 1516/1885/531 1517/1886/531
f 1514/1884/530 1515/1883/530 1519/1887/532 1518/1888/532
f 1517/1886/531 1516/1885/531 1520/1889/533 1521/1890/533
f 1518/1891/532 1519/1892/532 1527/1893/534 1526/1894/534
f 1521/1890/533 1520/1889/533 1522/1895/535 1523/1896/535
f 1523/1896/535 1522/1895/535 1528/1897/480 1529/1898/480
f 1524/1899/536 1525/1900/536 1531/1901/537 1530/1902/537
f 1525/1900/536 1524/1899/536 1526/1894/534 1527/1893/534
f 1529/1903/538 1528/1904/538 1530/1905/538 1531/1906/538
f 1511/1907/474 1309/1647/474 1512/1908/474
f 1522/1909/474 1625/1910/474 1381/1775/474 1528/1911/474
f 1513/1882/539 1517/1886/540 1456/1912/540 1455/1913/539
f 1517/1886/540 1521/1890/541 1457/1914/541 1456/1912/540
f 1521/1890/541 1523/1896/542 1458/1915/542 1457/1914/541
f 1458/1915/542 1523/1896/542 1529/1898/543 1459/1916/543
f 1529/1903/470 1531/1906/470 1460/1917/470 1459/1918/470
f 1525/1900/544 1461/1919/544 1460/1920/545 1531/1901/545
f 1525/1900/544 1527/1893/546 1462/1921/546 1461/1919/544
f 1527/1893/546 1519/1892/547 1463/1922/548 1462/1921/546
f 1519/1887/547 1515/1883/549 1464/1923/549 1463/1924/548
f 1515/1883/549 1510/1879/471 1465/1925/471 1464/1923/549
f 1510/1879/471 1513/1882/539 1455/1913/539 1465/1925/471
f 1532/1926/550 1533/1927/550 1547/1928/551 1546/1929/551
f 1533/1927/550 1532/1926/550 1534/1930/552 1535/1931/552
f 1535/1931/552 1534/1930/552 1536/1932/553 1537/1933/553
f 1537/1934/553 1536/1935/553 1538/1936/554 1539/1937/554
f 1539/1937/554 1538/1936/554 1541/1938/555 1540/1939/555
f 1540/1939/555 1541/1938/555 1542/1940/556 1543/1941/556
f 1543/1941/556 1542/1940/556 1544/1942/557 1545/1943/557
f 1545/1943/557 1544/1942/557 1552/1944/558 1553/1945/558
f 1546/1946/559 1547/1947/559 1551/1948/559 1550/1949/559
f 1548/1950/560 1549/1951/560 1553/1945/558 1552/1944/558
f 1549/1951/560 1548/1950/560 1550/1952/561 1551/1953/561
f 1541/1954/472 1305/1643/472 1304/1642/472
f 1550/1955/472 1548/1956/472 1624/1957/472 1383/1777/472
f 1535/1931/562 1537/1933/563 1390/1958/563 1389/1959/562
f 1537/1934/563 1539/1937/564 1391/1960/564 1390/1961/563
f 1539/1937/564 1540/1939/471 1392/1962/471 1391/1960/564
f 1540/1939/471 1543/1941/565 1393/1963/565 1392/1962/471
f 1543/1941/565 1545/1943/566 1394/1964/566 1393/1963/565
f 1545/1943/566 1553/1945/567 1395/1965/567 1394/1964/566
f 1553/1945/567 1549/1951/568 1396/1966/568 1395/1965/567
f 1549/1951/568 1551/1953/569 1397/1967/569 1396/1966/568
f 1551/1948/470 1547/1947/470 1398/1968/470 1397/1969/470
f 1547/1928/570 1533/1927/571 1399/1970/571 1398/1971/570
f 1533/1927/571 1535/1931/562 1389/1959/562 1399/1970/571
f 1557/1972/572 1556/1973/572 1554/1974/573 1555/1975/573
f 1555/1976/574 1554/1977/574 1566/1978/574 1567/1979/574
f 1556/1973/572 1557/1972/572 1559/1980/575 1558/1981/575
f 1558/1981/575 1559/1980/575 1561/1982/576 1560/1983/577
f 1560/1983/577 1561/1982/576 1563/1984/578 1562/1985/578
f 1562/1985/578 1563/1984/578 1564/1986/579 1565/1987/579
f 1565/1987/579 1564/1986/579 1575/1988/580 1574/1989/580
f 1567/1990/581 1566/1991/581 1568/1992/582 1569/1993/582
f 1569/1993/582 1568/1992/582 1570/1994/583 1571/1995/584
f 1571/1995/584 1570/1994/583 1572/1996/585 1573/1997/586
f 1573/1998/586 1572/1999/585 1574/1989/580 1575/1988/580
f 1565/2000/587 1305/1643/588 1562/2001/589
f 1555/1976/470 1567/1979/470 1401/2002/470 1400/2003/470
f 1567/1990/504 1569/1993/503 1402/2004/503 1401/2005/504
f 1569/1993/503 1571/1995/501 1403/2006/500 1402/2004/503
f 1571/1995/501 1573/1997/499 1404/2007/499 1403/2006/500
f 1573/1998/499 1575/1988/498 1405/2008/498 1404/2009/499
f 1575/1988/498 1564/1986/471 1406/2010/471 1405/2008/498
f 1564/1986/471 1563/1984/497 1407/2011/497 1406/2010/471
f 1563/1984/497 1561/1982/496 1408/2012/496 1407/2011/497
f 1561/1982/496 1559/1980/495 1409/2013/495 1408/2012/496
f 1559/1980/495 1557/1972/493 1410/2014/493 1409/2013/495
f 1557/1972/493 1555/1975/494 1400/2015/494 1410/2014/493
f 1576/2016/590 1577/2017/590 1579/2018/591 1578/2019/592
f 1577/2020/593 1576/2021/593 1582/2022/593 1583/2023/593
f 1578/2019/592 1579/2018/591 1581/2024/594 1580/2025/594
f 1580/2025/594 1581/2024/594 1593/2026/595 1592/2027/595
f 1583/2028/596 1582/2029/596 1584/2030/597 1585/2031/597
f 1585/2031/597 1584/2030/597 1586/2032/598 1587/2033/598
f 1587/2033/598 1586/2032/598 1588/2034/599 1589/2035/599
f 1589/2036/599 1588/2037/599 1596/2038/600 1597/2039/600
f 1590/2040/601 1591/2041/601 1594/2042/602 1595/2043/602
f 1591/2041/601 1590/2040/601 1592/2027/595 1593/2026/595
f 1595/2043/602 1594/2042/602 1597/2039/600 1596/2038/600
f 1576/2044/478 1578/2045/478 1622/2046/478 1327/1682/478
f 1588/2047/478 1586/2048/478 1363/1753/478
f 1412/2049/470 1411/2050/470 1577/2020/470 1583/2023/470
f 1583/2028/517 1585/2031/518 1413/2051/518 1412/2052/517
f 1585/2031/518 1587/2033/527 1414/2053/527 1413/2051/518
f 1587/2033/527 1589/2035/526 1415/2054/526 1414/2053/527
f 1589/2036/526 1597/2039/525 1416/2055/525 1415/2056/526
f 1597/2039/525 1594/2042/471 1417/2057/471 1416/2055/525
f 1594/2042/471 1591/2041/524 1418/2058/524 1417/2057/471
f 1591/2041/524 1593/2026/523 1419/2059/523 1418/2058/524
f 1419/2059/523 1593/2026/523 1581/2024/521 1420/2060/522
f 1581/2024/521 1579/2018/520 1421/2061/520 1420/2060/522
f 1411/2062/519 1421/2061/520 1579/2018/520 1577/2017/519
f 1598/2063/603 1599/2064/603 1603/2065/604 1602/2066/605
f 1599/2067/606 1598/2068/606 1600/2069/606 1601/2070/606
f 1601/2071/607 1600/2072/607 1604/2073/608 1605/2074/608
f 1602/2066/605 1603/2065/604 1607/2075/609 1606/2076/610
f 1605/2074/608 1604/2073/608 1608/2077/611 1609/2078/612
f 1606/2076/610 1607/2075/609 1613/2079/613 1612/2080/614
f 1609/2078/612 1608/2077/611 1610/2081/615 1611/2082/616
f 1611/2083/616 1610/2084/615 1616/2085/617 1617/2086/618
f 1612/2080/614 1613/2079/613 1615/2087/619 1614/2088/620
f 1614/2088/620 1615/2087/619 1618/2089/621 1619/2090/621
f 1617/2086/618 1616/2085/617 1619/2090/621 1618/2089/621
f 1600/2091/622 1362/1752/623 1620/2092/624 1604/2093/625
f 1599/2067/470 1601/2070/470 1423/2094/470 1422/2095/470
f 1601/2071/543 1605/2074/626 1424/2096/627 1423/2097/543
f 1605/2074/626 1609/2078/628 1425/2098/629 1424/2096/627
f 1609/2078/628 1611/2082/630 1426/2099/631 1425/2098/629
f 1611/2083/630 1617/2086/632 1427/2100/633 1426/2101/631
f 1617/2086/632 1618/2089/471 1428/2102/471 1427/2100/633
f 1618/2089/471 1615/2087/634 1429/2103/635 1428/2102/471
f 1615/2087/634 1613/2079/636 1430/2104/637 1429/2103/635
f 1607/2075/638 1431/2105/639 1430/2104/637 1613/2079/636
f 1607/2075/638 1603/2065/640 1432/2106/640 1431/2105/639
f 1599/2064/545 1422/2107/545 1432/2106/640 1603/2065/640
f 1341/1684/470 1300/1638/470 1352/1715/470
f 1352/1715/470 1300/1638/470 1340/1712/470
f 1363/1753/641 1621/2108/642 1602/2109/643 1606/2110/644
f 1361/1740/645 1598/2111/646 1602/2109/643 1621/2108/642
f 1600/2091/622 1598/2111/646 1361/1740/645 1362/1752/623
f 1612/2112/647 1363/1753/641 1606/2110/644
f 1364/1762/648 1608/2113/649 1604/2093/625 1620/2092/624
f 1614/2114/650 1363/1753/641 1612/2112/647
f 1364/1762/648 1610/2115/651 1608/2113/649
f 1619/2116/652 1363/1753/641 1614/2114/650
f 1364/1762/648 1616/2117/653 1610/2115/651
f 1364/1762/648 1619/2116/652 1616/2117/653
f 1364/1762/648 1363/1753/641 1619/2116/652
f 1327/1682/478 1361/1740/478 1582/2118/478 1576/2044/478
f 1343/1720/478 1622/2046/478 1578/2045/478 1580/2119/478
f 1361/1740/478 1621/2108/478 1584/2120/478 1582/2118/478
f 1343/1720/478 1592/2121/478 1590/2122/478
f 1363/1753/478 1586/2048/478 1584/2120/478 1621/2108/478
f 1343/1720/478 1580/2119/478 1592/2121/478
f 1595/2123/478 1343/1720/478 1590/2122/478
f 1363/1753/478 1596/2124/478 1588/2047/478
f 1363/1753/478 1343/1720/478 1595/2123/478
f 1363/1753/478 1595/2123/478 1596/2124/478
f 1554/2125/654 1556/2126/655 1623/2127/655 1320/1683/656
f 1320/1683/656 1327/1682/657 1566/2128/658 1554/2125/654
f 1568/2129/659 1566/2128/658 1327/1682/657 1622/2046/659
f 1305/1643/588 1623/2127/655 1556/2126/655 1558/2130/660
f 1343/1720/661 1570/2131/662 1568/2129/659 1622/2046/659
f 1343/1720/661 1572/2132/663 1570/2131/662
f 1343/1720/661 1574/2133/664 1572/2132/663
f 1305/1643/588 1558/2130/660 1560/2134/665
f 1305/1643/588 1560/2134/665 1562/2001/589
f 1565/2000/587 1343/1720/661 1305/1643/588
f 1565/2000/587 1574/2133/664 1343/1720/661
f 1304/1642/472 1624/1957/472 1548/1956/472 1552/2135/472
f 1320/1683/472 1623/2127/472 1532/2136/472 1546/2137/472
f 1383/1777/472 1320/1683/472 1546/2137/472 1550/1955/472
f 1304/1642/472 1552/2135/472 1544/2138/472
f 1304/1642/472 1544/2138/472 1542/2139/472
f 1304/1642/472 1542/2139/472 1541/1954/472
f 1305/1643/472 1534/2140/472 1532/2136/472 1623/2127/472
f 1536/2141/472 1534/2140/472 1305/1643/472
f 1536/2141/472 1305/1643/472 1538/2142/472
f 1538/2142/472 1305/1643/472 1541/1954/472
f 1309/1647/474 1625/1910/474 1522/1909/474 1520/2143/474
f 1383/1777/474 1624/1957/474 1524/2144/474 1530/2145/474
f 1381/1775/474 1383/1777/474 1530/2145/474 1528/1911/474
f 1309/1647/474 1520/2143/474 1516/2146/474
f 1309/1647/474 1516/2146/474 1512/1908/474
f 1304/1642/474 1526/2147/474 1524/2144/474 1624/1957/474
f 1518/2148/474 1526/2147/474 1304/1642/474
f 1518/2148/474 1304/1642/474 1514/2149/474
f 1511/1907/474 1304/1642/474 1309/1647/474
f 1511/1907/474 1514/2149/474 1304/1642/474
f 1490/2150/473 1308/1646/473 1626/1817/473 1488/1864/473
f 1381/1775/473 1625/1910/473 1506/2151/473 1508/2152/473
f 1321/1680/473 1381/1775/473 1508/2152/473 1498/1863/473
f 1309/1647/473 1502/2153/473 1504/2154/473
f 1494/2155/473 1308/1646/473 1490/2150/473
f 1309/1647/473 1504/2154/473 1506/2151/473 1625/1910/473
f 1309/1647/473 1497/2156/473 1500/2157/473
f 1309/1647/473 1500/2157/473 1502/2153/473
f 1492/2158/473 1308/1646/473 1494/2155/473
f 1309/1647/473 1308/1646/473 1497/2156/473
f 1497/2156/473 1308/1646/473 1492/2158/473
f 1326/1681/475 1478/2159/475 1480/1820/475 1627/1819/475
f 1326/1681/475 1321/1680/475 1466/1816/475 1478/2159/475
f 1308/1646/475 1472/2160/475 1470/2161/475
f 1486/2162/475 1342/1722/475 1482/1818/475
f 1308/1646/475 1470/2161/475 1468/1815/475 1626/1817/475
f 1484/2163/475 1342/1722/475 1486/2162/475
f 1477/2164/475 1474/2165/475 1308/1646/475
f 1477/2164/475 1342/1722/475 1484/2163/475
f 1308/1646/475 1474/2165/475 1472/2160/475
f 1477/2164/475 1308/1646/475 1342/1722/475
f 1628/1747/477 1326/1681/477 1627/1819/477
f 1628/1747/477 1627/1819/477 1342/1722/477
f 1364/1748/477 1628/1747/477 1342/1722/477
f 1362/1741/477 1628/1747/477 1620/1746/477
f 1362/1741/477 1326/1681/477 1628/1747/477
f 1349/1704/477 1632/2166/477 1353/2167/477 1629/1705/477
f 1630/1664/477 1339/2168/477 1340/2169/477 1302/1665/477
f 1325/1663/477 1631/2170/477 1339/2168/477 1630/1664/477
f 1339/2168/477 1631/2170/477 1632/2166/477 1349/1704/477
o Triforce
v -0.068317 0.330154 -0.367316
v 0.006789 0.330154 -0.367316
v 0.006857 0.338103 -0.371449
v -0.030764 0.388662 -0.367316
v 0.045352 0.388662 -0.367316
v 0.007152 0.447386 -0.367316
v 0.083916 0.330154 -0.367316
v -0.023042 0.384687 -0.371449
v 0.037561 0.384687 -0.371449
v -0.077287 0.325525 -0.371449
v 0.006722 0.325525 -0.371449
v -0.035283 0.390970 -0.371449
v 0.049857 0.390970 -0.371449
v 0.007128 0.456655 -0.371449
v 0.092992 0.325525 -0.371449
v 0.052427 0.289765 -0.371449
v 0.068082 0.276769 -0.356766
v 0.066956 0.256840 -0.371449
v 0.059590 0.293557 -0.371449
v 0.075851 0.261670 -0.371449
v 0.065764 0.297017 -0.371449
v 0.086219 0.268576 -0.371449
v 0.071046 0.300191 -0.371449
v 0.081446 0.285399 -0.357075
v 0.090886 0.272141 -0.371449
v 0.075537 0.303229 -0.371449
v 0.093197 0.296894 -0.357558
v 0.097034 0.277894 -0.371449
v 0.079350 0.306251 -0.371449
v 0.102283 0.283994 -0.371449
v 0.082609 0.309351 -0.371449
v 0.106640 0.290347 -0.371449
v 0.085748 0.313010 -0.371449
v 0.110455 0.297223 -0.371449
v 0.087916 0.316121 -0.371449
v 0.100751 0.309387 -0.358222
v 0.112856 0.303330 -0.371449
v 0.090147 0.319948 -0.371449
v 0.102823 0.314602 -0.358550
v 0.114880 0.309784 -0.371449
v 0.092195 0.324146 -0.371449
v 0.106129 0.328250 -0.359414
v 0.115261 0.311388 -0.371449
v 0.094064 0.328499 -0.371449
v 0.117472 0.322034 -0.371449
v 0.095315 0.332473 -0.371449
v 0.118478 0.327452 -0.371449
v 0.096429 0.336951 -0.371449
v 0.119503 0.336116 -0.371449
v 0.097336 0.341803 -0.371449
v 0.108581 0.341078 -0.360095
v 0.119627 0.340333 -0.371449
v 0.097981 0.347063 -0.371449
v 0.108802 0.347328 -0.360516
v 0.119423 0.347530 -0.371449
v 0.098280 0.353071 -0.371449
v 0.107299 0.361751 -0.361995
v 0.119038 0.349797 -0.371449
v 0.098103 0.360257 -0.371449
v 0.116472 0.363183 -0.371449
v 0.097393 0.368131 -0.371449
v 0.109483 0.378278 -0.371449
v 0.096156 0.376337 -0.371449
v 0.102143 0.378594 -0.364892
v 0.108180 0.380634 -0.371449
v 0.094385 0.384454 -0.371449
v 0.098508 0.386504 -0.366696
v 0.102673 0.388339 -0.371449
v 0.044723 0.261531 -0.371449
v 0.091929 0.392195 -0.371449
v 0.094447 0.393754 -0.368353
v 0.096994 0.395158 -0.371449
v 0.041341 0.265305 -0.371449
v 0.088170 0.400475 -0.371449
v 0.089386 0.401448 -0.369745
v 0.090658 0.402302 -0.371449
v 0.040732 0.271948 -0.371449
v 0.084080 0.408431 -0.371449
v 0.082291 0.410817 -0.371005
v 0.048856 0.287241 -0.371449
v 0.042140 0.278119 -0.371449
v 0.045156 0.283457 -0.371449
v 0.044420 0.266388 -0.364914
v 0.054985 0.270185 -0.357295
v 0.050198 0.268448 -0.360528
v 0.049834 0.258087 -0.371449
v 0.060904 0.255977 -0.371449
v 0.055584 0.256335 -0.371449
v 0.052166 0.290190 -0.371449
v 0.059352 0.293994 -0.371449
v 0.067116 0.256360 -0.371449
v 0.076103 0.261241 -0.371449
v 0.065514 0.297447 -0.371449
v 0.086516 0.268177 -0.371449
v 0.070778 0.300611 -0.371449
v 0.091208 0.271760 -0.371449
v 0.075243 0.303631 -0.371449
v 0.097394 0.277549 -0.371449
v 0.079023 0.306627 -0.371449
v 0.102678 0.283690 -0.371449
v 0.082248 0.309694 -0.371449
v 0.107065 0.290087 -0.371449
v 0.110905 0.297009 -0.371449
v 0.085356 0.313317 -0.371449
v 0.087497 0.316390 -0.371449
v 0.113324 0.303159 -0.371449
v 0.089707 0.320183 -0.371449
v 0.115361 0.309652 -0.371449
v 0.091742 0.324353 -0.371449
v 0.115825 0.311262 -0.371449
v 0.093597 0.328672 -0.371449
v 0.117962 0.321943 -0.371449
v 0.094835 0.332608 -0.371449
v 0.118970 0.327375 -0.371449
v 0.095943 0.337056 -0.371449
v 0.120095 0.336200 -0.371449
v 0.096844 0.341879 -0.371449
v 0.120125 0.340326 -0.371449
v 0.097485 0.347105 -0.371449
v 0.119920 0.347567 -0.371449
v 0.097782 0.353077 -0.371449
v 0.119643 0.349800 -0.371449
v 0.097606 0.360229 -0.371449
v 0.116947 0.363337 -0.371449
v 0.096899 0.368071 -0.371449
v 0.109914 0.378511 -0.371449
v 0.095666 0.376247 -0.371449
v 0.108603 0.380899 -0.371449
v 0.103067 0.388643 -0.371449
v 0.093903 0.384326 -0.371449
v 0.091464 0.392016 -0.371449
v 0.097372 0.395482 -0.371449
v 0.087722 0.400258 -0.371449
v 0.091015 0.402650 -0.371449
v 0.082336 0.410737 -0.371449
v 0.040883 0.265106 -0.371449
v 0.044412 0.261157 -0.371449
v 0.040246 0.271993 -0.371449
v 0.044759 0.283762 -0.371449
v 0.041686 0.278314 -0.371449
v 0.048533 0.287622 -0.371449
v 0.049637 0.257633 -0.371449
v 0.055500 0.255843 -0.371449
v 0.060925 0.255477 -0.371449
v 0.264199 0.371592 -0.371449
v 0.274285 0.400720 -0.371449
v 0.286151 0.438736 -0.371449
v 0.251146 0.398343 -0.359414
v 0.222722 0.270179 -0.371449
v 0.233720 0.290008 -0.371449
v 0.240403 0.303063 -0.371449
v 0.250778 0.324368 -0.371449
v 0.216727 0.300391 -0.359414
v 0.078541 0.192044 -0.371449
v 0.097162 0.195176 -0.371449
v 0.118294 0.199733 -0.371449
v 0.093425 0.208562 -0.358285
v 0.154077 0.210156 -0.371449
v 0.167910 0.219187 -0.371449
v 0.178917 0.227005 -0.371449
v 0.194340 0.236350 -0.371449
v 0.159929 0.235862 -0.359096
v -0.036670 0.289765 -0.371449
v -0.052325 0.276769 -0.356766
v -0.051198 0.256840 -0.371449
v -0.043833 0.293557 -0.371449
v -0.060093 0.261670 -0.371449
v -0.050007 0.297017 -0.371449
v -0.070461 0.268576 -0.371449
v -0.055289 0.300191 -0.371449
v -0.065689 0.285399 -0.357075
v -0.075128 0.272141 -0.371449
v -0.059780 0.303229 -0.371449
v -0.077439 0.296894 -0.357558
v -0.081277 0.277894 -0.371449
v -0.063593 0.306251 -0.371449
v -0.086526 0.283994 -0.371449
v -0.066851 0.309351 -0.371449
v -0.090882 0.290347 -0.371449
v -0.069991 0.313010 -0.371449
v -0.094698 0.297223 -0.371449
v -0.072158 0.316121 -0.371449
v -0.084993 0.309387 -0.358222
v -0.097099 0.303330 -0.371449
v -0.074389 0.319948 -0.371449
v -0.087066 0.314602 -0.358550
v -0.099123 0.309784 -0.371449
v -0.076437 0.324146 -0.371449
v -0.090372 0.328250 -0.359414
v -0.099503 0.311388 -0.371449
v -0.078306 0.328499 -0.371449
v -0.101715 0.322034 -0.371449
v -0.079557 0.332473 -0.371449
v -0.102721 0.327452 -0.371449
v -0.080672 0.336951 -0.371449
v -0.103746 0.336116 -0.371449
v -0.081578 0.341803 -0.371449
v -0.092824 0.341078 -0.360095
v -0.103869 0.340333 -0.371449
v -0.082224 0.347063 -0.371449
v -0.093045 0.347328 -0.360516
v -0.103665 0.347530 -0.371449
v -0.082522 0.353071 -0.371449
v -0.091541 0.361751 -0.361995
v -0.103281 0.349797 -0.371449
v -0.082346 0.360257 -0.371449
v -0.100715 0.363183 -0.371449
v -0.081636 0.368131 -0.371449
v -0.093726 0.378278 -0.371449
v -0.080398 0.376337 -0.371449
v -0.086386 0.378594 -0.364892
v -0.092423 0.380634 -0.371449
v -0.078627 0.384454 -0.371449
v -0.082750 0.386504 -0.366696
v -0.086915 0.388339 -0.371449
v -0.028965 0.261531 -0.371449
v -0.076172 0.392195 -0.371449
v -0.078689 0.393754 -0.368353
v -0.081237 0.395158 -0.371449
v -0.025584 0.265305 -0.371449
v -0.072413 0.400475 -0.371449
v -0.073629 0.401448 -0.369745
v -0.074901 0.402302 -0.371449
v -0.024975 0.271948 -0.371449
v -0.068323 0.408431 -0.371449
v -0.066533 0.410817 -0.371005
v -0.033099 0.287241 -0.371449
v -0.026383 0.278119 -0.371449
v -0.029398 0.283457 -0.371449
v -0.028663 0.266388 -0.364914
v -0.039228 0.270185 -0.357295
v -0.034440 0.268448 -0.360528
v -0.034077 0.258087 -0.371449
v -0.045147 0.255977 -0.371449
v -0.039826 0.256335 -0.371449
v -0.036409 0.290190 -0.371449
v -0.043595 0.293994 -0.371449
v -0.051358 0.256360 -0.371449
v -0.060346 0.261241 -0.371449
v -0.049756 0.297447 -0.371449
v -0.070759 0.268177 -0.371449
v -0.055021 0.300611 -0.371449
v -0.075450 0.271760 -0.371449
v -0.059485 0.303631 -0.371449
v -0.081637 0.277549 -0.371449
v -0.063266 0.306627 -0.371449
v -0.086921 0.283690 -0.371449
v -0.066490 0.309694 -0.371449
v -0.091308 0.290087 -0.371449
v -0.095147 0.297009 -0.371449
v -0.069599 0.313317 -0.371449
v -0.071739 0.316390 -0.371449
v -0.097567 0.303159 -0.371449
v -0.073950 0.320183 -0.371449
v -0.099603 0.309652 -0.371449
v -0.075985 0.324353 -0.371449
v -0.100068 0.311262 -0.371449
v -0.077839 0.328672 -0.371449
v -0.102204 0.321943 -0.371449
v -0.079078 0.332608 -0.371449
v -0.103213 0.327375 -0.371449
v -0.080186 0.337056 -0.371449
v -0.104337 0.336200 -0.371449
v -0.081086 0.341879 -0.371449
v -0.104367 0.340326 -0.371449
v -0.081727 0.347105 -0.371449
v -0.104162 0.347567 -0.371449
v -0.082024 0.353077 -0.371449
v -0.103885 0.349800 -0.371449
v -0.081849 0.360229 -0.371449
v -0.101189 0.363337 -0.371449
v -0.081141 0.368071 -0.371449
v -0.094157 0.378511 -0.371449
v -0.079908 0.376247 -0.371449
v -0.092845 0.380899 -0.371449
v -0.087310 0.388643 -0.371449
v -0.078146 0.384326 -0.371449
v -0.075706 0.392016 -0.371449
v -0.081614 0.395482 -0.371449
v -0.071964 0.400258 -0.371449
v -0.075258 0.402650 -0.371449
v -0.066578 0.410737 -0.371449
v -0.025125 0.265106 -0.371449
v -0.028655 0.261157 -0.371449
v -0.024488 0.271993 -0.371449
v -0.029002 0.283762 -0.371449
v -0.025928 0.278314 -0.371449
v -0.032776 0.287622 -0.371449
v -0.033880 0.257633 -0.371449
v -0.039742 0.255843 -0.371449
v -0.045168 0.255477 -0.371449
v -0.248441 0.371592 -0.371449
v -0.258528 0.400720 -0.371449
v -0.270394 0.438736 -0.371449
v -0.235388 0.398343 -0.359414
v -0.206965 0.270179 -0.371449
v -0.217963 0.290008 -0.371449
v -0.224646 0.303063 -0.371449
v -0.235020 0.324368 -0.371449
v -0.200970 0.300391 -0.359414
v -0.062784 0.192044 -0.371449
v -0.081404 0.195176 -0.371449
v -0.102537 0.199733 -0.371449
v -0.077667 0.208562 -0.358285
v -0.138320 0.210156 -0.371449
v -0.152153 0.219187 -0.371449
v -0.163160 0.227005 -0.371449
v -0.178582 0.236350 -0.371449
v -0.144172 0.235862 -0.359096
v 0.007879 0.236106 -0.352165
v 0.048691 0.231035 -0.371449
v 0.007879 0.250616 -0.354633
v 0.033411 0.249877 -0.371449
v 0.007879 0.267043 -0.358937
v 0.027037 0.267045 -0.371449
v 0.007879 0.287301 -0.363510
v 0.016080 0.287303 -0.371449
v 0.007879 0.310280 -0.371449
v 0.007879 0.277172 -0.361212
v 0.022041 0.277129 -0.371449
v 0.007879 0.259494 -0.356745
v 0.030735 0.258739 -0.371449
v 0.007879 0.243244 -0.353398
v 0.039083 0.239225 -0.371449
v 0.007879 0.239580 -0.352729
v 0.043266 0.234477 -0.371449
v 0.007879 0.223746 -0.354347
v 0.030329 0.221160 -0.371449
v 0.007879 0.215011 -0.354954
v 0.022056 0.213732 -0.371449
v 0.007879 0.208228 -0.355515
v 0.019228 0.208428 -0.371449
v 0.007879 0.200178 -0.356181
v 0.019738 0.199077 -0.371449
v 0.007879 0.191114 -0.356701
v 0.021081 0.189508 -0.371449
v 0.007879 0.181225 -0.354754
v 0.025401 0.180492 -0.371449
v 0.007879 0.132276 -0.371449
v -0.032933 0.231035 -0.371449
v -0.017653 0.249877 -0.371449
v -0.011280 0.267045 -0.371449
v -0.000323 0.287303 -0.371449
v -0.006284 0.277129 -0.371449
v -0.014977 0.258739 -0.371449
v -0.023325 0.239225 -0.371449
v -0.027509 0.234477 -0.371449
v -0.014571 0.221160 -0.371449
v -0.006299 0.213732 -0.371449
v -0.003470 0.208428 -0.371449
v -0.003981 0.199077 -0.371449
v -0.005324 0.189508 -0.371449
v -0.009644 0.180492 -0.371449
v 0.007879 0.239737 -0.371449
v 0.007879 0.189769 -0.371449
v 0.007879 0.250219 -0.371449
v 0.007879 0.199163 -0.371449
v 0.007879 0.259051 -0.371449
v 0.007879 0.208228 -0.371449
v 0.007879 0.267425 -0.371449
v 0.007879 0.213172 -0.371449
v 0.007879 0.277554 -0.371449
v 0.007879 0.220424 -0.371449
v 0.007879 0.230971 -0.371449
v 0.007879 0.287683 -0.371449
v 0.007879 0.235163 -0.371449
v 0.007879 0.180540 -0.371449
v 0.039822 0.239737 -0.371449
v 0.034241 0.250219 -0.371449
v 0.031574 0.259051 -0.371449
v 0.027846 0.267425 -0.371449
v 0.022828 0.277554 -0.371449
v 0.016894 0.287683 -0.371449
v 0.007879 0.312938 -0.371449
v 0.043853 0.235163 -0.371449
v 0.050458 0.230971 -0.371449
v 0.030846 0.220424 -0.371449
v 0.022770 0.213172 -0.371449
v 0.020134 0.208228 -0.371449
v 0.020628 0.199163 -0.371449
v 0.021946 0.189769 -0.371449
v 0.026369 0.180540 -0.371449
v 0.007879 0.129660 -0.371449
v -0.024065 0.239737 -0.371449
v -0.018483 0.250219 -0.371449
v -0.015816 0.259051 -0.371449
v -0.012089 0.267425 -0.371449
v -0.007070 0.277554 -0.371449
v -0.001136 0.287683 -0.371449
v -0.028095 0.235163 -0.371449
v -0.034701 0.230971 -0.371449
v -0.015089 0.220424 -0.371449
v -0.007013 0.213172 -0.371449
v -0.004376 0.208228 -0.371449
v -0.004871 0.199163 -0.371449
v -0.006189 0.189769 -0.371449
v -0.010611 0.180540 -0.371449
v 0.081024 0.129540 -0.371449
v 0.092770 0.144574 -0.366620
v 0.096229 0.141337 -0.371449
v 0.091006 0.154597 -0.371449
v 0.103073 0.159519 -0.365422
v 0.066407 0.154438 -0.371449
v 0.064658 0.160584 -0.364843
v 0.062562 0.166517 -0.371449
v 0.059668 0.154564 -0.371449
v 0.048053 0.160623 -0.364843
v 0.056176 0.144729 -0.371449
v 0.065092 0.136760 -0.371449
v 0.058854 0.145641 -0.367602
v 0.062248 0.147015 -0.371449
v 0.053239 0.167419 -0.371449
v 0.052618 0.154550 -0.366418
v 0.045833 0.154234 -0.371449
v 0.041883 0.158267 -0.371449
v 0.044535 0.167373 -0.371449
v 0.040727 0.164305 -0.371449
v 0.069560 0.167436 -0.371449
v 0.051010 0.186340 -0.364558
v 0.055803 0.197631 -0.371449
v 0.050510 0.187513 -0.371449
v 0.038789 0.189435 -0.371449
v 0.051730 0.205866 -0.371449
v 0.034401 0.197289 -0.371449
v 0.046137 0.208713 -0.371449
v 0.034854 0.202533 -0.371449
v 0.047544 0.192918 -0.364558
v 0.039558 0.207646 -0.371449
v 0.047485 0.193134 -0.371449
v 0.117121 0.158829 -0.371449
v 0.110968 0.167148 -0.371449
v 0.117438 0.164341 -0.371449
v 0.086954 0.145544 -0.371449
v 0.110730 0.166918 -0.371268
v 0.055659 0.197291 -0.371242
v 0.069412 0.167229 -0.371250
v 0.051604 0.205476 -0.371242
v 0.053419 0.167312 -0.371345
v 0.044597 0.167253 -0.371332
v 0.039234 0.189322 -0.371198
v 0.034879 0.197130 -0.371198
v 0.039808 0.207184 -0.371233
v 0.046193 0.208089 -0.371177
v 0.035352 0.202155 -0.371179
v 0.081384 0.130001 -0.371301
v 0.062130 0.146967 -0.371315
v 0.059473 0.154563 -0.371310
v 0.046035 0.154243 -0.371300
v 0.056297 0.144771 -0.371274
v 0.087133 0.145514 -0.371300
v 0.040846 0.164246 -0.371342
v 0.059356 0.154726 -0.371272
v 0.096033 0.141521 -0.371175
v 0.066341 0.154671 -0.371198
v 0.116807 0.164129 -0.371184
v 0.091366 0.154744 -0.371270
v 0.116594 0.158855 -0.371223
v 0.041966 0.158299 -0.371360
v 0.064918 0.137008 -0.371342
v -0.065267 0.129540 -0.371449
v -0.077012 0.144574 -0.366620
v -0.080472 0.141337 -0.371449
v -0.075249 0.154597 -0.371449
v -0.087315 0.159519 -0.365422
v -0.050650 0.154438 -0.371449
v -0.048901 0.160584 -0.364843
v -0.046805 0.166517 -0.371449
v -0.043910 0.154564 -0.371449
v -0.032295 0.160623 -0.364843
v -0.040418 0.144729 -0.371449
v -0.049335 0.136760 -0.371449
v -0.043097 0.145641 -0.367602
v -0.046490 0.147015 -0.371449
v -0.037482 0.167419 -0.371449
v -0.036861 0.154550 -0.366418
v -0.030076 0.154234 -0.371449
v -0.026126 0.158267 -0.371449
v -0.028778 0.167373 -0.371449
v -0.024970 0.164305 -0.371449
v -0.053802 0.167436 -0.371449
v -0.035252 0.186340 -0.364558
v -0.040046 0.197631 -0.371449
v -0.034753 0.187513 -0.371449
v -0.023032 0.189435 -0.371449
v -0.035973 0.205866 -0.371449
v -0.018644 0.197289 -0.371449
v -0.030380 0.208713 -0.371449
v -0.019096 0.202533 -0.371449
v -0.031787 0.192918 -0.364558
v -0.023800 0.207646 -0.371449
v -0.031728 0.193134 -0.371449
v -0.101364 0.158829 -0.371449
v -0.095210 0.167148 -0.371449
v -0.101681 0.164341 -0.371449
v -0.071197 0.145544 -0.371449
v -0.094973 0.166918 -0.371268
v -0.039902 0.197291 -0.371242
v -0.053655 0.167229 -0.371250
v -0.035847 0.205476 -0.371242
v -0.037662 0.167312 -0.371345
v -0.028840 0.167253 -0.371332
v -0.023476 0.189322 -0.371198
v -0.019122 0.197130 -0.371198
v -0.024051 0.207184 -0.371233
v -0.030435 0.208089 -0.371177
v -0.019594 0.202155 -0.371179
v -0.065627 0.130001 -0.371301
v -0.046372 0.146967 -0.371315
v -0.043715 0.154563 -0.371310
v -0.030277 0.154243 -0.371300
v -0.040540 0.144771 -0.371274
v -0.071376 0.145514 -0.371300
v -0.025088 0.164246 -0.371342
v -0.043599 0.154726 -0.371272
v -0.080275 0.141521 -0.371175
v -0.050583 0.154671 -0.371198
v -0.101049 0.164129 -0.371184
v -0.075608 0.154744 -0.371270
v -0.100836 0.158855 -0.371223
v -0.026209 0.158299 -0.371360
v -0.049160 0.137008 -0.371342
vn -0.0000 -0.7208 0.6932
vn -0.5774 0.3806 0.7224
vn 0.5796 0.3720 0.7251
vn 0.5300 0.3493 0.7727
vn 0.5309 0.3478 0.7728
vn 0.5310 0.3476 0.7728
vn -0.5331 0.3421 0.7738
vn -0.5326 0.3429 0.7738
vn -0.5327 0.3428 0.7738
vn -0.0000 -0.6661 0.7459
vn -0.5322 0.3436 0.7737
vn 0.5319 0.3460 0.7729
vn -0.0000 -0.0000 1.0000
vn -0.0000 -0.0000 -1.0000
vn -0.3088 0.5235 0.7941
vn -0.2897 0.5316 0.7959
vn -0.2986 0.5261 0.7962
vn -0.3093 0.5251 0.7928
vn -0.3597 0.5018 0.7867
vn -0.3606 0.5013 0.7865
vn 0.3706 -0.5284 0.7638
vn 0.4146 -0.4949 0.7637
vn 0.4170 -0.4930 0.7636
vn -0.4672 0.4370 0.7686
vn -0.4031 0.4877 0.7744
vn 0.4608 -0.4570 0.7608
vn -0.4178 0.4866 0.7673
vn -0.4640 0.4384 0.7697
vn -0.4462 -0.4382 0.7803
vn -0.5245 0.3905 0.7566
vn -0.5693 0.3421 0.7476
vn -0.5692 0.3422 0.7476
vn 0.6033 -0.2963 0.7405
vn 0.6300 -0.2563 0.7331
vn 0.6309 -0.2548 0.7328
vn -0.6174 0.2718 0.7382
vn -0.6183 0.2706 0.7379
vn 0.6701 -0.1710 0.7223
vn 0.6707 -0.1692 0.7222
vn -0.6684 0.2010 0.7161
vn -0.6508 0.2473 0.7178
vn 0.6818 -0.1277 0.7203
vn -0.6657 0.2528 0.7021
vn -0.6804 0.1906 0.7076
vn -0.6871 0.1629 0.7081
vn -0.1551 -0.4892 0.8583
vn -0.6901 0.1185 0.7140
vn -0.6900 0.1197 0.7138
vn 0.6849 -0.0712 0.7251
vn 0.6936 -0.0265 0.7199
vn 0.6935 -0.0270 0.7199
vn -0.6969 0.0458 0.7157
vn -0.6969 0.0459 0.7157
vn 0.6959 0.0778 0.7139
vn 0.6959 0.0774 0.7139
vn -0.6985 -0.0366 0.7147
vn -0.7001 0.0015 0.7140
vn 0.6878 0.1368 0.7129
vn -0.6946 -0.0388 0.7184
vn -0.6952 -0.0843 0.7138
vn -0.6879 -0.1190 0.7160
vn -0.6877 -0.1194 0.7161
vn 0.6139 0.3155 0.7236
vn 0.5931 0.3600 0.7201
vn 0.5923 0.3616 0.7200
vn -0.6657 -0.1720 0.7262
vn -0.6654 -0.1725 0.7263
vn 0.5479 0.4296 0.7178
vn 0.5473 0.4302 0.7179
vn -0.6308 -0.2331 0.7401
vn -0.6306 -0.2334 0.7402
vn 0.5116 0.4494 0.7323
vn 0.5113 0.4494 0.7325
vn -0.6195 -0.3101 0.7211
vn -0.6191 -0.3087 0.7221
vn 0.5075 0.4828 0.7137
vn 0.5076 0.4831 0.7134
vn -0.6337 -0.3549 0.6874
vn 0.5208 0.5195 0.6774
vn -0.2986 -0.6889 0.6604
vn -0.3848 -0.6762 0.6283
vn -0.5383 -0.6576 0.5271
vn -0.4147 0.4621 0.7839
vn -0.4048 0.4679 0.7856
vn 0.0718 -0.6526 0.7543
vn 0.2120 -0.6021 0.7698
vn 0.0678 -0.6538 0.7536
vn -0.6457 0.2642 0.7164
vn -0.7189 0.1781 0.6719
vn -0.5660 0.3460 0.7483
vn -0.5613 0.3517 0.7492
vn -0.1695 -0.6943 0.6994
vn -0.1748 -0.6937 0.6988
vn -0.7991 0.0967 0.5934
vn -0.6576 -0.5877 0.4713
vn -0.8699 -0.0804 0.4867
vn 0.2428 -0.3399 0.9086
vn 0.4683 -0.1523 0.8703
vn 0.2884 -0.3043 0.9079
vn 0.4682 -0.1462 0.8714
vn -0.1360 0.4259 0.8945
vn 0.0816 -0.4424 0.8931
vn 0.4526 -0.2510 0.8556
vn 0.4569 -0.2439 0.8555
vn 0.4578 -0.2392 0.8562
vn 0.4615 -0.2286 0.8572
vn 0.4616 -0.2248 0.8582
vn 0.0848 0.5154 0.8528
vn 0.1144 -0.6802 0.7241
vn 0.1304 -0.6765 0.7248
vn 0.1298 -0.6766 0.7248
vn 0.1451 -0.6729 0.7254
vn 0.5914 0.2386 0.7703
vn -0.7091 -0.2045 0.6748
vn 0.3056 -0.4680 0.8292
vn 0.3145 -0.4633 0.8285
vn 0.3110 -0.4717 0.8251
vn 0.3088 -0.4818 0.8201
vn 0.2998 -0.4948 0.8156
vn 0.3918 0.4735 0.7889
vn 0.3088 0.5235 0.7941
vn 0.2986 0.5261 0.7962
vn 0.2897 0.5316 0.7959
vn 0.3093 0.5251 0.7928
vn 0.3606 0.5013 0.7865
vn 0.3597 0.5018 0.7867
vn -0.3706 -0.5284 0.7638
vn -0.4170 -0.4930 0.7636
vn -0.4146 -0.4949 0.7637
vn 0.4031 0.4877 0.7744
vn 0.4672 0.4370 0.7686
vn -0.4608 -0.4570 0.7608
vn 0.4178 0.4866 0.7673
vn 0.4640 0.4384 0.7697
vn 0.4462 -0.4382 0.7803
vn 0.5245 0.3905 0.7566
vn 0.5692 0.3422 0.7476
vn 0.5693 0.3421 0.7476
vn -0.6033 -0.2963 0.7405
vn -0.6309 -0.2548 0.7328
vn -0.6300 -0.2563 0.7331
vn 0.6183 0.2706 0.7379
vn 0.6174 0.2718 0.7382
vn -0.6707 -0.1692 0.7222
vn -0.6701 -0.1710 0.7223
vn 0.6508 0.2473 0.7178
vn 0.6684 0.2010 0.7161
vn -0.6818 -0.1277 0.7203
vn 0.6657 0.2528 0.7021
vn 0.6804 0.1906 0.7076
vn 0.6871 0.1629 0.7081
vn 0.1551 -0.4892 0.8583
vn 0.6900 0.1197 0.7138
vn 0.6901 0.1185 0.7140
vn -0.6849 -0.0712 0.7251
vn -0.6935 -0.0270 0.7199
vn -0.6936 -0.0265 0.7199
vn 0.6969 0.0459 0.7157
vn 0.6969 0.0458 0.7157
vn -0.6959 0.0774 0.7139
vn -0.6959 0.0778 0.7139
vn 0.7001 0.0015 0.7140
vn 0.6985 -0.0366 0.7147
vn -0.6878 0.1368 0.7129
vn 0.6946 -0.0388 0.7184
vn 0.6952 -0.0843 0.7138
vn 0.6877 -0.1194 0.7161
vn 0.6879 -0.1190 0.7160
vn -0.6139 0.3155 0.7236
vn -0.5923 0.3616 0.7200
vn -0.5931 0.3600 0.7201
vn 0.6654 -0.1725 0.7263
vn 0.6657 -0.1720 0.7262
vn -0.5473 0.4302 0.7179
vn -0.5479 0.4296 0.7178
vn 0.6306 -0.2334 0.7402
vn 0.6308 -0.2331 0.7401
vn -0.5113 0.4494 0.7325
vn -0.5116 0.4494 0.7323
vn 0.6191 -0.3087 0.7221
vn 0.6195 -0.3101 0.7211
vn -0.5076 0.4831 0.7134
vn -0.5075 0.4828 0.7137
vn 0.6337 -0.3549 0.6874
vn -0.5208 0.5195 0.6774
vn 0.2986 -0.6889 0.6604
vn 0.5383 -0.6576 0.5271
vn 0.3848 -0.6762 0.6283
vn 0.4147 0.4621 0.7839
vn 0.4048 0.4679 0.7856
vn -0.0718 -0.6526 0.7543
vn -0.0678 -0.6538 0.7536
vn -0.2120 -0.6021 0.7698
vn 0.6457 0.2642 0.7164
vn 0.5613 0.3517 0.7492
vn 0.5660 0.3460 0.7483
vn 0.7189 0.1781 0.6719
vn 0.1748 -0.6937 0.6988
vn 0.1695 -0.6943 0.6994
vn 0.7991 0.0967 0.5934
vn 0.6576 -0.5877 0.4713
vn 0.8699 -0.0804 0.4867
vn -0.2428 -0.3399 0.9086
vn -0.2884 -0.3043 0.9079
vn -0.4683 -0.1523 0.8703
vn -0.4682 -0.1462 0.8714
vn 0.1360 0.4259 0.8945
vn -0.0816 -0.4424 0.8931
vn -0.4526 -0.2510 0.8556
vn -0.4578 -0.2392 0.8562
vn -0.4569 -0.2439 0.8555
vn -0.4615 -0.2286 0.8572
vn -0.4616 -0.2248 0.8582
vn -0.0848 0.5154 0.8528
vn -0.1144 -0.6802 0.7241
vn -0.1298 -0.6766 0.7248
vn -0.1304 -0.6765 0.7248
vn -0.1451 -0.6729 0.7254
vn -0.5914 0.2386 0.7703
vn 0.7091 -0.2045 0.6748
vn -0.3056 -0.4680 0.8292
vn -0.3110 -0.4717 0.8251
vn -0.3145 -0.4633 0.8285
vn -0.3088 -0.4818 0.8201
vn -0.2998 -0.4948 0.8156
vn -0.3918 0.4735 0.7889
vn 0.4969 0.2598 0.8280
vn 0.4911 0.2754 0.8264
vn 0.5176 0.2020 0.8314
vn 0.5187 0.1992 0.8314
vn 0.5212 0.2042 0.8287
vn 0.5219 0.2005 0.8291
vn 0.5200 0.2298 0.8227
vn 0.5210 0.2290 0.8223
vn 0.5518 0.2387 0.7991
vn 0.5479 0.2360 0.8026
vn 0.6036 0.2454 0.7586
vn 0.6050 0.2447 0.7577
vn 0.6381 0.2278 0.7355
vn 0.4594 0.3672 0.8088
vn 0.4472 0.4006 0.7997
vn 0.4347 0.4327 0.7898
vn 0.3987 -0.4191 0.8157
vn 0.4913 -0.3829 0.7823
vn 0.4644 -0.3940 0.7931
vn 0.6709 -0.2721 0.6899
vn 0.6619 -0.2801 0.6953
vn 0.7663 -0.1046 0.6339
vn 0.7657 -0.1078 0.6341
vn 0.7650 0.0152 0.6439
vn 0.7627 0.0177 0.6466
vn 0.7192 0.1314 0.6822
vn 0.7139 0.1477 0.6845
vn 0.6836 0.2287 0.6931
vn 0.6466 -0.2350 0.7258
vn -0.4969 0.2598 0.8280
vn -0.5187 0.1992 0.8314
vn -0.5176 0.2020 0.8314
vn -0.4911 0.2754 0.8264
vn -0.5212 0.2042 0.8287
vn -0.5210 0.2290 0.8223
vn -0.5200 0.2298 0.8227
vn -0.5219 0.2005 0.8291
vn -0.5518 0.2387 0.7991
vn -0.6050 0.2447 0.7577
vn -0.6036 0.2454 0.7586
vn -0.5479 0.2360 0.8026
vn -0.6381 0.2278 0.7355
vn -0.4594 0.3672 0.8088
vn -0.4472 0.4006 0.7997
vn -0.4347 0.4327 0.7898
vn -0.3987 -0.4191 0.8157
vn -0.4644 -0.3940 0.7931
vn -0.4913 -0.3829 0.7823
vn -0.6619 -0.2801 0.6953
vn -0.6709 -0.2721 0.6899
vn -0.7657 -0.1078 0.6341
vn -0.7663 -0.1046 0.6339
vn -0.7627 0.0177 0.6466
vn -0.7650 0.0152 0.6439
vn -0.7139 0.1477 0.6845
vn -0.7192 0.1314 0.6822
vn -0.6836 0.2287 0.6931
vn -0.6466 -0.2350 0.7258
vn 0.6610 0.2053 0.7217
vn 0.6576 0.2192 0.7207
vn 0.7003 0.1942 0.6869
vn -0.6006 0.2226 0.7680
vn -0.5721 0.2428 0.7834
vn -0.5752 0.2325 0.7843
vn -0.5670 -0.3439 0.7485
vn -0.5703 -0.3391 0.7482
vn -0.5560 -0.3226 0.7661
vn -0.5404 -0.3212 0.7777
vn -0.5535 -0.5792 0.5985
vn -0.5510 -0.5893 0.5909
vn -0.5611 -0.6278 0.5395
vn 0.5781 0.2359 0.7811
vn 0.6424 0.2410 0.7275
vn 0.5891 0.2339 0.7735
vn -0.5185 -0.5259 0.6742
vn -0.5444 -0.5981 0.5881
vn -0.5210 -0.5422 0.6592
vn -0.0050 -0.7428 0.6695
vn -0.0051 -0.7371 0.6758
vn -0.0068 -0.7377 0.6751
vn -0.0053 -0.7447 0.6674
vn -0.4158 0.5162 0.7488
vn -0.2146 0.6222 0.7529
vn -0.2315 0.6145 0.7542
vn 0.5664 0.2198 0.7943
vn 0.5664 0.2199 0.7943
vn -0.6248 -0.3138 0.7149
vn -0.6183 -0.3315 0.7127
vn -0.0840 0.6723 0.7355
vn -0.0001 0.6971 0.7170
vn -0.0009 0.6967 0.7174
vn -0.5689 -0.4298 0.7012
vn -0.6999 -0.1341 0.7015
vn -0.0049 -0.7502 0.6612
vn -0.0032 -0.7504 0.6610
vn 0.5717 0.2707 0.7745
vn 0.5791 0.2643 0.7712
vn 0.5450 0.2630 0.7961
vn 0.5507 0.2664 0.7911
vn -0.0423 0.0744 0.9963
vn -0.4950 -0.1268 0.8596
vn 0.3737 0.3407 0.8627
vn 0.0722 0.4042 0.9118
vn 0.0486 0.4031 0.9139
vn -0.1805 0.3348 0.9248
vn -0.1802 0.3350 0.9248
vn -0.3638 0.1755 0.9148
vn -0.3774 0.1561 0.9128
vn 0.3212 0.3632 0.8746
vn -0.4821 -0.0684 0.8735
vn 0.4067 -0.1841 0.8948
vn 0.4093 -0.2489 0.8778
vn 0.4241 -0.5088 0.7492
vn 0.4208 -0.5207 0.7429
vn 0.0465 0.6236 0.7804
vn 0.2033 0.4687 0.8596
vn 0.1069 0.5668 0.8169
vn 0.3932 -0.0226 0.9192
vn 0.4403 -0.5675 0.6958
vn -0.5428 0.2750 0.7936
vn -0.5427 0.2446 0.8035
vn 0.0127 0.6509 0.7590
vn 0.0169 0.6488 0.7608
vn 0.1414 0.5329 0.8343
vn 0.0049 0.6549 0.7557
vn 0.5536 0.2720 0.7871
vn 0.5673 0.2744 0.7764
vn -0.5311 -0.3115 0.7880
vn -0.0036 0.6953 0.7187
vn -0.5538 -0.3627 0.7495
vn -0.5275 -0.5295 0.6643
vn 0.4100 -0.3654 0.8357
vn 0.4239 -0.4859 0.7644
vn 0.6122 0.2161 0.7606
vn -0.0134 -0.7399 0.6726
vn -0.0033 -0.7463 0.6656
vn 0.0045 -0.7511 0.6602
vn -0.5632 0.2644 0.7829
vn -0.5426 0.2861 0.7897
vn -0.6610 0.2053 0.7217
vn -0.7003 0.1942 0.6869
vn -0.6576 0.2192 0.7207
vn 0.6006 0.2226 0.7680
vn 0.5752 0.2325 0.7842
vn 0.5721 0.2428 0.7834
vn 0.5670 -0.3439 0.7485
vn 0.5404 -0.3212 0.7777
vn 0.5560 -0.3226 0.7661
vn 0.5703 -0.3391 0.7482
vn 0.5535 -0.5792 0.5985
vn 0.5611 -0.6278 0.5395
vn 0.5510 -0.5893 0.5909
vn -0.5781 0.2359 0.7811
vn -0.5891 0.2339 0.7735
vn -0.6424 0.2410 0.7275
vn 0.5185 -0.5259 0.6742
vn 0.5210 -0.5422 0.6592
vn 0.5444 -0.5981 0.5881
vn 0.0050 -0.7428 0.6695
vn 0.0053 -0.7447 0.6674
vn 0.0068 -0.7377 0.6751
vn 0.0051 -0.7371 0.6758
vn 0.4158 0.5162 0.7488
vn 0.2315 0.6145 0.7542
vn 0.2146 0.6222 0.7529
vn -0.5664 0.2198 0.7943
vn -0.5664 0.2199 0.7943
vn 0.6248 -0.3138 0.7149
vn 0.6183 -0.3315 0.7127
vn 0.0009 0.6967 0.7174
vn 0.0001 0.6971 0.7170
vn 0.0840 0.6723 0.7355
vn 0.5689 -0.4298 0.7012
vn 0.6999 -0.1341 0.7015
vn 0.0049 -0.7502 0.6612
vn 0.0032 -0.7504 0.6610
vn -0.5717 0.2707 0.7745
vn -0.5507 0.2664 0.7911
vn -0.5450 0.2630 0.7961
vn -0.5791 0.2643 0.7712
vn 0.4950 -0.1268 0.8596
vn 0.0423 0.0744 0.9963
vn -0.0722 0.4042 0.9118
vn -0.3737 0.3407 0.8627
vn -0.0486 0.4031 0.9139
vn 0.1802 0.3350 0.9248
vn 0.1805 0.3348 0.9248
vn 0.3774 0.1561 0.9128
vn 0.3638 0.1755 0.9148
vn -0.3212 0.3632 0.8746
vn 0.4821 -0.0684 0.8735
vn -0.4067 -0.1841 0.8948
vn -0.4208 -0.5207 0.7429
vn -0.4241 -0.5088 0.7492
vn -0.4093 -0.2489 0.8778
vn -0.0465 0.6236 0.7804
vn -0.1069 0.5668 0.8169
vn -0.2033 0.4687 0.8596
vn -0.3932 -0.0226 0.9192
vn -0.4403 -0.5675 0.6958
vn 0.5427 0.2446 0.8035
vn 0.5428 0.2750 0.7936
vn -0.0169 0.6488 0.7608
vn -0.0127 0.6509 0.7590
vn -0.1414 0.5329 0.8343
vn -0.0049 0.6549 0.7557
vn -0.5536 0.2720 0.7871
vn -0.5673 0.2744 0.7764
vn 0.5311 -0.3115 0.7880
vn 0.0036 0.6953 0.7187
vn 0.5538 -0.3627 0.7495
vn 0.5275 -0.5295 0.6643
vn -0.4239 -0.4859 0.7644
vn -0.4100 -0.3654 0.8357
vn -0.6122 0.2161 0.7606
vn 0.0033 -0.7463 0.6656
vn 0.0134 -0.7399 0.6726
vn -0.0045 -0.7511 0.6602
vn 0.5632 0.2644 0.7829
vn 0.5426 0.2861 0.7897
vt 0.469307 0.813611
vt 0.472904 0.932004
vt 0.462447 0.914753
vt 0.461758 0.828687
vt 0.401152 0.872465
vt 0.382776 0.873690
vt 0.462429 0.914770
vt 0.384461 0.767695
vt 0.376325 0.753380
vt 0.473512 0.804797
vt 0.387606 0.979195
vt 0.477460 0.940767
vt 0.379689 0.993795
vt 0.373672 0.873937
vt 0.560912 0.870774
vt 0.576478 0.872221
vt 0.576435 0.868551
vt 0.491852 0.695358
vt 0.481935 0.677912
vt 0.586164 0.631649
vt 0.585819 0.745935
vt 0.565797 0.743777
vt 0.491115 0.776086
vt 0.586164 0.860251
vt 0.480900 0.791324
vt 0.378395 0.724204
vt 0.813033 0.592031
vt 0.873318 0.586476
vt 0.871457 0.596589
vt 0.815148 0.599077
vt 0.071749 0.166106
vt 0.049339 0.196157
vt 0.040161 0.189374
vt 0.056980 0.202456
vt 0.090027 0.183971
vt 0.063741 0.208817
vt 0.108274 0.153929
vt 0.114269 0.160446
vt 0.106815 0.206289
vt 0.069415 0.214686
vt 0.122159 0.170258
vt 0.073597 0.220240
vt 0.841753 0.504717
vt 0.832768 0.494890
vt 0.974153 0.394276
vt 0.980806 0.423873
vt 0.076952 0.225722
vt 0.226050 0.108583
vt 0.222011 0.148243
vt 0.079901 0.231938
vt 0.856575 0.526850
vt 0.849609 0.515136
vt 0.987385 0.445611
vt 0.994388 0.472505
vt 0.111858 0.230845
vt 0.081618 0.237379
vt 0.141194 0.218155
vt 0.141449 0.228039
vt 0.112668 0.239728
vt 0.083158 0.243852
vt 0.141313 0.238189
vt 0.112243 0.263659
vt 0.084366 0.250774
vt 0.141275 0.240744
vt 0.084800 0.257500
vt 0.084573 0.263433
vt 0.788652 0.465779
vt 0.775179 0.459264
vt 0.863972 0.257170
vt 0.892400 0.285115
vt 0.083817 0.269972
vt 0.301328 0.248643
vt 0.274538 0.286391
vt 0.105871 0.284696
vt 0.082201 0.277132
vt 0.130777 0.290166
vt 0.127818 0.295555
vt 0.102067 0.293553
vt 0.080082 0.284698
vt 0.122520 0.304894
vt 0.090745 0.313930
vt 0.077137 0.293120
vt 0.120672 0.307719
vt 0.072684 0.302464
vt 0.752928 0.453673
vt 0.730206 0.450604
vt 0.730215 0.449765
vt 0.753247 0.452708
vt 0.066769 0.312201
vt 0.069295 0.331439
vt 0.059612 0.321779
vt 0.079616 0.341778
vt 0.075989 0.343314
vt 0.058622 0.338506
vt 0.052074 0.330950
vt 0.062944 0.347565
vt 0.047978 0.344667
vt 0.044059 0.339321
vt 0.050491 0.350939
vt 0.035763 0.350136
vt 0.034374 0.347539
vt 0.036759 0.354502
vt 0.027075 0.354238
vt 0.025271 0.354615
vt 0.037071 0.137056
vt 0.035721 0.153478
vt 0.030490 0.143733
vt 0.051921 0.158320
vt 0.035240 0.184753
vt 0.052437 0.129967
vt 0.061875 0.128693
vt 0.826103 0.614668
vt 0.862169 0.613116
vt 0.853941 0.619425
vt 0.846112 0.622800
vt 0.835192 0.620216
vt 0.026720 0.170075
vt 0.044679 0.156144
vt 0.030302 0.178240
vt 0.044643 0.132597
vt 0.868039 0.604883
vt 0.819203 0.607003
vt 0.025271 0.160630
vt 0.026327 0.150420
vt 0.810818 0.578578
vt 0.870374 0.569706
vt 0.808603 0.566880
vt 0.864907 0.549475
vt 0.806366 0.556757
vt 0.861719 0.540124
vt 0.803924 0.547969
vt 0.855833 0.527239
vt 0.801144 0.540271
vt 0.848913 0.515604
vt 0.797944 0.533416
vt 0.841111 0.505257
vt 0.793788 0.526450
vt 0.832185 0.495493
vt 0.654004 0.470844
vt 0.655588 0.475790
vt 0.640709 0.478055
vt 0.668789 0.464562
vt 0.670804 0.474225
vt 0.682703 0.459153
vt 0.684463 0.474450
vt 0.697938 0.454492
vt 0.698357 0.475969
vt 0.702393 0.453674
vt 0.712107 0.478386
vt 0.725045 0.481466
vt 0.736601 0.485030
vt 0.756751 0.454274
vt 0.746023 0.488721
vt 0.768338 0.457799
vt 0.754066 0.492564
vt 0.774997 0.460252
vt 0.761320 0.496606
vt 0.788267 0.466522
vt 0.767866 0.500779
vt 0.796370 0.471026
vt 0.773535 0.504901
vt 0.812166 0.480249
vt 0.779477 0.510211
vt 0.814520 0.481714
vt 0.785076 0.515723
vt 0.823731 0.488396
vt 0.789986 0.521329
vt 0.812215 0.592220
vt 0.809994 0.578724
vt 0.871194 0.569532
vt 0.874168 0.586478
vt 0.807783 0.567049
vt 0.865703 0.549213
vt 0.805554 0.556960
vt 0.862498 0.539814
vt 0.803126 0.548224
vt 0.800370 0.540591
vt 0.797204 0.533807
vt 0.793088 0.526912
vt 0.789332 0.521853
vt 0.824254 0.487740
vt 0.784467 0.516298
vt 0.814988 0.481019
vt 0.778904 0.510822
vt 0.812669 0.479416
vt 0.773008 0.505553
vt 0.796776 0.470294
vt 0.767394 0.501472
vt 0.760891 0.497325
vt 0.753682 0.493308
vt 0.768615 0.457008
vt 0.745689 0.489489
vt 0.756956 0.453461
vt 0.736324 0.485821
vt 0.697741 0.453677
vt 0.702252 0.452862
vt 0.724824 0.482275
vt 0.711937 0.479206
vt 0.698238 0.476798
vt 0.682428 0.458362
vt 0.684411 0.475286
vt 0.670840 0.475063
vt 0.668474 0.463786
vt 0.655693 0.476621
vt 0.653640 0.470088
vt 0.636098 0.479604
vt 0.854371 0.620121
vt 0.846184 0.623637
vt 0.834860 0.620968
vt 0.825549 0.615289
vt 0.818504 0.607472
vt 0.814367 0.599388
vt 0.868778 0.605281
vt 0.862786 0.613672
vt 0.872264 0.596823
vt 0.279706 0.447923
vt 0.269284 0.493043
vt 0.239185 0.470398
vt 0.250094 0.549744
vt 0.754776 0.178827
vt 0.795836 0.210498
vt 0.700494 0.139561
vt 0.306408 0.281328
vt 0.307954 0.302641
vt 0.308728 0.337197
vt 0.909646 0.302759
vt 0.935385 0.330910
vt 0.090013 0.044879
vt 0.117155 0.049135
vt 0.109676 0.073343
vt 0.146877 0.059349
vt 0.987825 0.571294
vt 0.982859 0.602667
vt 0.991865 0.535152
vt 0.242364 0.126066
vt 0.254332 0.141463
vt 0.270669 0.161696
vt 0.845816 0.645873
vt 0.850010 0.640538
vt 0.897511 0.661682
vt 0.895695 0.670992
vt 0.628360 0.418175
vt 0.649948 0.452406
vt 0.638582 0.455468
vt 0.628874 0.458645
vt 0.619987 0.462211
vt 0.604085 0.428460
vt 0.597858 0.392742
vt 0.589649 0.396746
vt 0.612330 0.465714
vt 0.579566 0.443582
vt 0.578380 0.403203
vt 0.606224 0.469476
vt 0.840999 0.730525
vt 0.933084 0.846867
vt 0.917383 0.870030
vt 0.829968 0.735929
vt 0.600940 0.473479
vt 0.490753 0.344501
vt 0.501791 0.304888
vt 0.595769 0.478341
vt 0.861195 0.716528
vt 0.961160 0.809702
vt 0.946070 0.830426
vt 0.851260 0.724232
vt 0.592074 0.482920
vt 0.565485 0.465271
vt 0.542082 0.442048
vt 0.538120 0.451446
vt 0.588160 0.488558
vt 0.561366 0.473498
vt 0.534432 0.461246
vt 0.584396 0.494752
vt 0.552774 0.496644
vt 0.533508 0.463714
vt 0.581449 0.501050
vt 0.579436 0.506834
vt 0.782269 0.746029
vt 0.810350 0.936147
vt 0.776512 0.950541
vt 0.768503 0.747074
vt 0.577702 0.513399
vt 0.388341 0.457434
vt 0.376807 0.411101
vt 0.576561 0.520884
vt 0.550982 0.519246
vt 0.525002 0.515133
vt 0.525817 0.521421
vt 0.575751 0.528948
vt 0.551304 0.529184
vt 0.527393 0.532384
vt 0.575412 0.538145
vt 0.554514 0.553014
vt 0.528106 0.535793
vt 0.576175 0.548795
vt 0.747514 0.744362
vt 0.747462 0.745299
vt 0.726695 0.740050
vt 0.726971 0.739327
vt 0.578193 0.560372
vt 0.581465 0.572263
vt 0.568531 0.577900
vt 0.554729 0.583948
vt 0.557635 0.586788
vt 0.585256 0.583907
vt 0.576125 0.588701
vt 0.568567 0.595777
vt 0.589806 0.594962
vt 0.584031 0.598623
vt 0.579258 0.603702
vt 0.596017 0.606498
vt 0.593706 0.608470
vt 0.591108 0.612289
vt 0.602099 0.616718
vt 0.600509 0.615678
vt 0.672594 0.403316
vt 0.676403 0.412205
vt 0.667714 0.419598
vt 0.650334 0.418155
vt 0.656413 0.449818
vt 0.660502 0.390728
vt 0.651916 0.385954
vt 0.864678 0.630851
vt 0.874354 0.629156
vt 0.884601 0.630625
vt 0.890182 0.636164
vt 0.895116 0.644358
vt 0.670117 0.438924
vt 0.663606 0.445419
vt 0.658107 0.418789
vt 0.666999 0.396185
vt 0.856167 0.635102
vt 0.897376 0.653407
vt 0.675062 0.430397
vt 0.677887 0.420193
vt 0.887507 0.684395
vt 0.839374 0.656675
vt 0.875985 0.699918
vt 0.833523 0.665969
vt 0.870091 0.706869
vt 0.828186 0.673905
vt 0.860689 0.715944
vt 0.823123 0.680625
vt 0.850820 0.723596
vt 0.818138 0.686295
vt 0.840630 0.729846
vt 0.813077 0.691100
vt 0.829671 0.735215
vt 0.807157 0.695677
vt 0.668385 0.696230
vt 0.659406 0.685551
vt 0.671414 0.692518
vt 0.678957 0.706613
vt 0.683948 0.698998
vt 0.689076 0.715953
vt 0.695751 0.703415
vt 0.700582 0.725098
vt 0.708191 0.706801
vt 0.704130 0.727303
vt 0.720811 0.709367
vt 0.732958 0.711090
vt 0.744081 0.711932
vt 0.750998 0.745137
vt 0.753416 0.711944
vt 0.762136 0.746022
vt 0.761618 0.711360
vt 0.768680 0.746164
vt 0.769211 0.710339
vt 0.782189 0.745260
vt 0.776238 0.708965
vt 0.790665 0.744129
vt 0.782496 0.707340
vt 0.807340 0.741543
vt 0.789390 0.704787
vt 0.809855 0.741081
vt 0.796057 0.701945
vt 0.820018 0.738454
vt 0.802165 0.698790
vt 0.838715 0.656271
vt 0.845178 0.645435
vt 0.896426 0.671277
vt 0.888152 0.684821
vt 0.832876 0.665548
vt 0.876579 0.700411
vt 0.827557 0.673456
vt 0.870655 0.707398
vt 0.822524 0.680137
vt 0.817581 0.685759
vt 0.812573 0.690514
vt 0.801780 0.698119
vt 0.806713 0.695045
vt 0.820245 0.739192
vt 0.795728 0.701246
vt 0.810021 0.741835
vt 0.789105 0.704069
vt 0.807490 0.742429
vt 0.782265 0.706602
vt 0.790767 0.744895
vt 0.776067 0.708211
vt 0.769085 0.709576
vt 0.761540 0.710591
vt 0.762106 0.746795
vt 0.753389 0.711172
vt 0.750900 0.745904
vt 0.744111 0.711160
vt 0.703735 0.727952
vt 0.700137 0.725731
vt 0.733041 0.710322
vt 0.720942 0.708606
vt 0.708369 0.706049
vt 0.688573 0.716540
vt 0.684262 0.698290
vt 0.695988 0.702679
vt 0.678425 0.707173
vt 0.671785 0.691840
vt 0.667817 0.696755
vt 0.655970 0.682664
vt 0.884945 0.629930
vt 0.890786 0.635712
vt 0.874323 0.628399
vt 0.855726 0.634464
vt 0.864412 0.630131
vt 0.849445 0.640007
vt 0.895834 0.644089
vt 0.898145 0.653316
vt 0.898283 0.661753
vt 0.322621 0.610641
vt 0.353087 0.647469
vt 0.315660 0.657898
vt 0.312766 0.719578
vt 0.702264 0.967609
vt 0.656324 0.980938
vt 0.596469 0.996324
vt 0.359635 0.440584
vt 0.350133 0.460474
vt 0.336392 0.493374
vt 0.862711 0.911343
vt 0.831112 0.926821
vt 0.656414 0.294868
vt 0.626821 0.314812
vt 0.628743 0.288747
vt 0.596354 0.287379
vt 0.995200 0.694068
vt 0.988873 0.722678
vt 0.980141 0.755069
vt 0.479546 0.315545
vt 0.462259 0.325833
vt 0.438958 0.339121
vt 0.100592 0.845834
vt 0.178130 0.844612
vt 0.166109 0.866698
vt 0.100785 0.861435
vt 0.101017 0.880316
vt 0.159486 0.885307
vt 0.150858 0.902916
vt 0.101219 0.896705
vt 0.101491 0.918730
vt 0.139545 0.923947
vt 0.126592 0.945225
vt 0.101760 0.940560
vt 0.102455 0.996965
vt 0.100496 0.838019
vt 0.186309 0.834648
vt 0.100405 0.830625
vt 0.199579 0.824156
vt 0.100080 0.804245
vt 0.161704 0.794608
vt 0.099840 0.784773
vt 0.147393 0.777344
vt 0.099656 0.769830
vt 0.142786 0.766363
vt 0.099437 0.752076
vt 0.142169 0.747315
vt 0.099189 0.731998
vt 0.143252 0.727983
vt 0.098940 0.711806
vt 0.148954 0.705462
vt 0.097596 0.602741
vt 0.035609 0.868306
vt 0.023048 0.846523
vt 0.051749 0.904138
vt 0.042690 0.886747
vt 0.077050 0.945836
vt 0.063576 0.924884
vt 0.014625 0.836763
vt 0.001101 0.826602
vt 0.038236 0.796130
vt 0.052118 0.778518
vt 0.056453 0.767427
vt 0.056601 0.748369
vt 0.055041 0.729070
vt 0.048785 0.706696
vt 0.305657 0.740499
vt 0.250632 0.739655
vt 0.250669 0.720621
vt 0.299926 0.721389
vt 0.162597 0.780830
vt 0.250553 0.781137
vt 0.250509 0.803869
vt 0.202128 0.802189
vt 0.212580 0.889854
vt 0.250343 0.889824
vt 0.250143 0.993841
vt 0.221927 0.870442
vt 0.250381 0.869934
vt 0.224862 0.849825
vt 0.250420 0.849688
vt 0.226000 0.829674
vt 0.250458 0.830153
vt 0.219926 0.818232
vt 0.250479 0.819497
vt 0.174301 0.773434
vt 0.250570 0.772102
vt 0.183338 0.763220
vt 0.250589 0.762246
vt 0.195605 0.740287
vt 0.250704 0.702574
vt 0.291992 0.703473
vt 0.250746 0.680745
vt 0.281266 0.681719
vt 0.250788 0.658915
vt 0.268463 0.659767
vt 0.250882 0.610214
vt 0.326833 0.773728
vt 0.338509 0.781169
vt 0.317836 0.763479
vt 0.209413 0.703314
vt 0.220222 0.681601
vt 0.233110 0.659699
vt 0.201410 0.721199
vt 0.298895 0.802375
vt 0.278833 0.870551
vt 0.288106 0.890000
vt 0.274918 0.829768
vt 0.275979 0.849924
vt 0.281036 0.818350
vt 0.307447 0.739764
vt 0.319432 0.762378
vt 0.293736 0.702657
vt 0.301736 0.720720
vt 0.270217 0.658953
vt 0.282963 0.680807
vt 0.250893 0.604486
vt 0.328099 0.772252
vt 0.342318 0.781313
vt 0.300007 0.803964
vt 0.282573 0.819559
vt 0.276869 0.830203
vt 0.277897 0.849741
vt 0.280700 0.869992
vt 0.290192 0.889901
vt 0.250132 0.999478
vt 0.181746 0.762113
vt 0.193818 0.739545
vt 0.199603 0.720523
vt 0.207672 0.702491
vt 0.218529 0.680683
vt 0.231359 0.658878
vt 0.173041 0.771953
vt 0.158787 0.780960
vt 0.201010 0.803773
vt 0.218385 0.819435
vt 0.224047 0.830102
vt 0.222944 0.849635
vt 0.220063 0.869875
vt 0.210494 0.889747
vt 0.625232 0.133971
vt 0.625457 0.133673
vt 0.643344 0.143806
vt 0.643703 0.144344
vt 0.626415 0.205479
vt 0.625183 0.205322
vt 0.595816 0.188676
vt 0.596097 0.188286
vt 0.593813 0.087759
vt 0.589131 0.120367
vt 0.559715 0.065234
vt 0.570892 0.039954
vt 0.631393 0.125926
vt 0.638911 0.121394
vt 0.620432 0.107467
vt 0.612627 0.123475
vt 0.631159 0.094231
vt 0.639283 0.121175
vt 0.630849 0.094631
vt 0.613212 0.094576
vt 0.612413 0.123112
vt 0.603544 0.135001
vt 0.457336 0.256841
vt 0.456665 0.232092
vt 0.468733 0.237987
vt 0.485820 0.233702
vt 0.486655 0.195430
vt 0.498545 0.210749
vt 0.564491 0.303820
vt 0.508469 0.297218
vt 0.501625 0.277276
vt 0.521014 0.270513
vt 0.617718 0.075020
vt 0.617639 0.075363
vt 0.607864 0.076604
vt 0.607757 0.076253
vt 0.509870 0.219980
vt 0.513031 0.162771
vt 0.535786 0.156363
vt 0.456280 0.203015
vt 0.476434 0.223377
vt 0.464188 0.181016
vt 0.456740 0.191338
vt 0.627015 0.083478
vt 0.626815 0.083640
vt 0.474217 0.182391
vt 0.551253 0.195186
vt 0.576514 0.180920
vt 0.517196 0.150229
vt 0.542397 0.138530
vt 0.565892 0.121963
vt 0.565199 0.121996
vt 0.531670 0.061537
vt 0.532555 0.061672
vt 0.499271 0.142392
vt 0.552880 0.052464
vt 0.560915 0.023770
vt 0.524539 0.043868
vt 0.527038 0.031102
vt 0.504861 0.124625
vt 0.525890 0.030151
vt 0.536082 0.019742
vt 0.536649 0.020850
vt 0.551088 0.017408
vt 0.551165 0.018892
vt 0.513399 0.117856
vt 0.527782 0.117672
vt 0.538737 0.126063
vt 0.523586 0.043589
vt 0.561255 0.022606
vt 0.532966 0.221229
vt 0.533643 0.220263
vt 0.588124 0.213180
vt 0.588184 0.213961
vt 0.568274 0.282734
vt 0.573241 0.296465
vt 0.524793 0.213946
vt 0.526453 0.200189
vt 0.523586 0.214801
vt 0.577312 0.180526
vt 0.469103 0.291087
vt 0.525681 0.200348
vt 0.571318 0.038954
vt 0.593905 0.087294
vt 0.587409 0.200453
vt 0.612429 0.123925
vt 0.604075 0.135522
vt 0.316334 0.199751
vt 0.297864 0.210124
vt 0.298223 0.209586
vt 0.316109 0.199454
vt 0.315151 0.271260
vt 0.345470 0.254067
vt 0.345751 0.254456
vt 0.316383 0.271103
vt 0.347754 0.153540
vt 0.370674 0.105734
vt 0.381851 0.131015
vt 0.352436 0.186148
vt 0.310173 0.191706
vt 0.302656 0.187174
vt 0.321135 0.173247
vt 0.328940 0.189255
vt 0.310408 0.160011
vt 0.310718 0.160412
vt 0.302283 0.186955
vt 0.338023 0.200782
vt 0.329154 0.188892
vt 0.328355 0.160356
vt 0.491810 0.126647
vt 0.477009 0.110328
vt 0.487724 0.102229
vt 0.459418 0.109398
vt 0.442530 0.089309
vt 0.451263 0.071996
vt 0.395645 0.193295
vt 0.431932 0.152272
vt 0.452258 0.155193
vt 0.449363 0.176078
vt 0.323849 0.140801
vt 0.333810 0.142033
vt 0.333702 0.142385
vt 0.323928 0.141144
vt 0.433184 0.100540
vt 0.395555 0.043070
vt 0.419116 0.044997
vt 0.466651 0.097465
vt 0.482529 0.073618
vt 0.470550 0.053542
vt 0.479839 0.062245
vt 0.314552 0.149259
vt 0.314752 0.149421
vt 0.460971 0.056814
vt 0.390313 0.260967
vt 0.365053 0.246700
vt 0.385648 0.026834
vt 0.412624 0.033486
vt 0.375674 0.187744
vt 0.409012 0.127452
vt 0.409896 0.127317
vt 0.376367 0.187777
vt 0.428715 0.022359
vt 0.380651 0.089550
vt 0.388687 0.118244
vt 0.414528 0.096882
vt 0.417027 0.109648
vt 0.419823 0.005992
vt 0.415677 0.095931
vt 0.404918 0.086631
vt 0.405484 0.085522
vt 0.390402 0.084673
vt 0.390478 0.083189
vt 0.410146 0.000985
vt 0.395994 0.003562
vt 0.386851 0.013897
vt 0.417981 0.109369
vt 0.380311 0.088386
vt 0.408600 0.287010
vt 0.353383 0.279742
vt 0.353443 0.278960
vt 0.407924 0.286043
vt 0.387891 0.173325
vt 0.385648 0.187753
vt 0.415113 0.265970
vt 0.416774 0.279726
vt 0.417981 0.280582
vt 0.364255 0.246306
vt 0.486824 0.162514
vt 0.415885 0.266129
vt 0.370249 0.104735
vt 0.347661 0.153074
vt 0.354158 0.266233
vt 0.329137 0.189706
vt 0.337492 0.201302
s 1
usemtl Triforce
f 1637/2171/666 1636/2172/666 1640/2173/666 1641/2174/666
f 1637/2171/667 1641/2174/667 1635/2175/667 1634/2176/667
f 1636/2172/668 1634/2176/668 1635/2175/668 1640/2177/668
f 1639/2178/669 1647/2179/669 1645/2180/670 1637/2171/671
f 1633/2181/672 1636/2172/673 1644/2182/674 1642/2183/672
f 1639/2178/675 1634/2176/675 1643/2184/675 1647/2179/675
f 1638/2185/676 1646/2186/676 1644/2182/674 1636/2172/673
f 1638/2185/677 1637/2171/671 1645/2180/670 1646/2187/677
f 1637/2171/678 1638/2185/678 1636/2172/678
f 1634/2176/678 1636/2172/678 1633/2181/678
f 1637/2171/678 1634/2176/678 1639/2178/678
f 1640/2188/679 1644/2189/679 1646/2190/679 1645/2191/679 1641/2192/679
f 1635/2193/679 1641/2192/679 1645/2191/679 1647/2194/679 1643/2195/679
f 1635/2193/679 1643/2195/679 1642/2196/679 1644/2189/679 1640/2188/679
f 1634/2176/675 1633/2181/675 1642/2183/675 1643/2184/675
f 1648/2197/679 1650/2198/679 1719/2199/679 1712/2200/679
f 1649/2201/680 1722/2202/681 1721/2203/682
f 1649/2201/680 1725/2204/683 1722/2202/681
f 1649/2201/680 1656/2205/684 1727/2206/685 1725/2204/683
f 1726/2207/686 1728/2208/687 1656/2205/688 1649/2201/686
f 1656/2205/684 1659/2209/689 1729/2210/690 1727/2206/685
f 1728/2208/687 1730/2211/691 1659/2209/691 1656/2205/688
f 1659/2209/689 1731/2212/692 1729/2210/690
f 1734/2213/679 1735/2214/679 1793/2215/679 1792/2216/679
f 1659/2209/689 1733/2217/693 1731/2212/692
f 1659/2209/694 1730/2211/694 1790/2218/694 1794/2219/694
f 1659/2209/689 1736/2220/695 1733/2217/693
f 1730/2221/679 1732/2222/679 1791/2223/679 1790/2224/679
f 1659/2209/689 1668/2225/696 1737/2226/697 1736/2220/695
f 1735/2227/698 1738/2228/699 1668/2225/700 1659/2209/698
f 1668/2225/696 1671/2229/701 1739/2230/702 1737/2226/697
f 1738/2228/699 1740/2231/703 1671/2229/704 1668/2225/700
f 1671/2229/701 1674/2232/705 1741/2233/706 1739/2230/702
f 1740/2231/703 1742/2234/707 1674/2232/707 1671/2229/704
f 1674/2232/705 1743/2235/708 1741/2233/706
f 1674/2232/705 1745/2236/709 1743/2235/708
f 1746/2237/679 1748/2238/679 1784/2239/679 1783/2240/679
f 1674/2232/705 1747/2241/710 1745/2236/709
f 1674/2232/711 1742/2234/711 1781/2242/711 1785/2243/711
f 1674/2232/705 1683/2244/712 1749/2245/713 1747/2241/710
f 1748/2246/714 1750/2247/715 1683/2244/716 1674/2232/714
f 1683/2244/712 1686/2248/717 1751/2249/718 1749/2245/713
f 1750/2247/715 1752/2250/719 1686/2248/720 1683/2244/716
f 1686/2248/717 1689/2251/721 1753/2252/722 1751/2249/718
f 1752/2250/719 1754/2253/723 1689/2251/723 1686/2248/720
f 1689/2251/721 1755/2254/724 1753/2252/722
f 1690/2255/679 1692/2256/679 1756/2257/679 1754/2258/679
f 1689/2251/721 1757/2259/725 1755/2254/724
f 1689/2251/721 1696/2260/726 1759/2261/727 1757/2259/725
f 1758/2262/728 1760/2263/729 1696/2260/730 1689/2251/728
f 1696/2260/726 1699/2264/731 1762/2265/732 1759/2261/727
f 1760/2263/729 1761/2266/733 1699/2264/734 1696/2260/730
f 1699/2264/731 1703/2267/735 1763/2268/736 1762/2265/732
f 1761/2266/733 1764/2269/737 1703/2267/738 1699/2264/734
f 1703/2267/735 1707/2270/739 1765/2271/740 1763/2268/736
f 1764/2269/737 1766/2272/741 1707/2270/742 1703/2267/738
f 1707/2270/739 1711/2273/743 1767/2274/743 1765/2271/740
f 1766/2272/741 1767/2274/744 1711/2273/744 1707/2270/742
f 1774/2275/745 1715/2276/746 1769/2277/747
f 1716/2278/748 1649/2201/680 1721/2203/682 1773/2279/749
f 1776/2280/750 1723/2281/751 1649/2201/751 1716/2278/752
f 1713/2282/679 1718/2283/679 1701/2284/679 1705/2285/679 1709/2286/679
f 1772/2287/753 1715/2276/754 1717/2288/755 1771/2289/756
f 1771/2289/756 1717/2288/755 1716/2278/748 1773/2279/749
f 1715/2276/746 1774/2275/745 1775/2290/757 1717/2288/758
f 1717/2288/758 1775/2290/757 1776/2280/750 1716/2278/752
f 1712/2200/679 1719/2199/679 1720/2291/679 1714/2292/679
f 1714/2292/679 1720/2291/679 1718/2283/679 1713/2282/679
f 1715/2276/754 1772/2287/753 1770/2293/759
f 1769/2277/747 1715/2276/746 1768/2294/760
f 1770/2293/759 1768/2294/761 1715/2276/754
f 1650/2198/679 1648/2197/679 1651/2295/679 1652/2296/679
f 1652/2296/679 1651/2295/679 1653/2297/679 1654/2298/679
f 1654/2298/679 1653/2297/679 1655/2299/679 1657/2300/679
f 1657/2300/679 1655/2299/679 1658/2301/679 1660/2302/679
f 1660/2302/679 1658/2301/679 1661/2303/679 1662/2304/679
f 1662/2304/679 1661/2303/679 1663/2305/679 1664/2306/679
f 1664/2306/679 1663/2305/679 1665/2307/679 1666/2308/679
f 1708/2309/679 1706/2310/679 1710/2311/679
f 1704/2312/679 1702/2313/679 1706/2310/679 1708/2309/679
f 1700/2314/679 1698/2315/679 1702/2313/679 1704/2312/679
f 1697/2316/679 1695/2317/679 1698/2315/679 1700/2314/679
f 1694/2318/679 1693/2319/679 1695/2317/679 1697/2316/679
f 1692/2256/679 1691/2320/679 1693/2319/679 1694/2318/679
f 1690/2255/679 1688/2321/679 1691/2320/679 1692/2256/679
f 1687/2322/679 1685/2323/679 1688/2321/679 1690/2255/679
f 1684/2324/679 1682/2325/679 1685/2323/679 1687/2322/679
f 1681/2326/679 1680/2327/679 1682/2325/679 1684/2324/679
f 1679/2328/679 1678/2329/679 1680/2327/679 1681/2326/679
f 1677/2330/679 1676/2331/679 1678/2329/679 1679/2328/679
f 1675/2332/679 1673/2333/679 1676/2331/679 1677/2330/679
f 1672/2334/679 1670/2335/679 1673/2333/679 1675/2332/679
f 1669/2336/679 1667/2337/679 1670/2335/679 1672/2334/679
f 1666/2308/679 1665/2307/679 1667/2337/679 1669/2336/679
f 1651/2295/679 1648/2197/679 1721/2338/679 1722/2339/679
f 1650/2198/679 1652/2296/679 1724/2340/679 1723/2341/679
f 1653/2297/679 1651/2295/679 1722/2339/679 1725/2342/679
f 1652/2296/679 1654/2298/679 1726/2343/679 1724/2340/679
f 1655/2299/679 1653/2297/679 1725/2342/679 1727/2344/679
f 1654/2298/679 1657/2300/679 1728/2345/679 1726/2343/679
f 1658/2301/679 1655/2299/679 1727/2344/679 1729/2346/679
f 1657/2300/679 1660/2302/679 1730/2221/679 1728/2345/679
f 1661/2303/679 1658/2301/679 1729/2346/679 1731/2347/679
f 1660/2302/679 1662/2304/679 1732/2222/679 1730/2221/679
f 1663/2305/679 1661/2303/679 1731/2347/679 1733/2348/679
f 1662/2304/679 1664/2306/679 1734/2213/679 1732/2222/679
f 1664/2306/679 1666/2308/679 1735/2214/679 1734/2213/679
f 1667/2337/679 1665/2307/679 1736/2349/679 1737/2350/679
f 1666/2308/679 1669/2336/679 1738/2351/679 1735/2214/679
f 1670/2335/679 1667/2337/679 1737/2350/679 1739/2352/679
f 1669/2336/679 1672/2334/679 1740/2353/679 1738/2351/679
f 1673/2333/679 1670/2335/679 1739/2352/679 1741/2354/679
f 1672/2334/679 1675/2332/679 1742/2355/679 1740/2353/679
f 1676/2331/679 1673/2333/679 1741/2354/679 1743/2356/679
f 1675/2332/679 1677/2330/679 1744/2357/679 1742/2355/679
f 1678/2329/679 1676/2331/679 1743/2356/679 1745/2358/679
f 1677/2330/679 1679/2328/679 1746/2237/679 1744/2357/679
f 1680/2327/679 1678/2329/679 1745/2358/679 1747/2359/679
f 1679/2328/679 1681/2326/679 1748/2238/679 1746/2237/679
f 1682/2325/679 1680/2327/679 1747/2359/679 1749/2360/679
f 1681/2326/679 1684/2324/679 1750/2361/679 1748/2238/679
f 1685/2323/679 1682/2325/679 1749/2360/679 1751/2362/679
f 1684/2324/679 1687/2322/679 1752/2363/679 1750/2361/679
f 1688/2321/679 1685/2323/679 1751/2362/679 1753/2364/679
f 1694/2318/679 1697/2316/679 1760/2365/679 1758/2366/679
f 1691/2320/679 1688/2321/679 1753/2364/679 1755/2367/679
f 1754/2258/679 1752/2363/679 1687/2322/679 1690/2255/679
f 1693/2319/679 1691/2320/679 1755/2367/679 1757/2368/679
f 1695/2317/679 1693/2319/679 1757/2368/679 1759/2369/679
f 1758/2366/679 1756/2257/679 1692/2256/679 1694/2318/679
f 1697/2316/679 1700/2314/679 1761/2370/679 1760/2365/679
f 1702/2313/679 1698/2315/679 1762/2371/679 1763/2372/679
f 1700/2314/679 1704/2312/679 1764/2373/679 1761/2370/679
f 1706/2310/679 1702/2313/679 1763/2372/679 1765/2374/679
f 1704/2312/679 1708/2309/679 1766/2375/679 1764/2373/679
f 1710/2311/679 1706/2310/679 1765/2374/679 1767/2376/679
f 1665/2307/679 1663/2305/679 1733/2348/679 1736/2349/679
f 1698/2315/679 1695/2317/679 1759/2369/679 1762/2371/679
f 1705/2285/679 1701/2284/679 1769/2377/679 1768/2378/679
f 1709/2286/679 1705/2285/679 1768/2378/679 1770/2379/679
f 1708/2309/679 1710/2311/679 1767/2376/679 1766/2375/679
f 1714/2292/679 1713/2282/679 1772/2380/679 1771/2381/679
f 1712/2200/679 1714/2292/679 1771/2381/679 1773/2382/679
f 1718/2283/679 1720/2291/679 1775/2383/679 1774/2384/679
f 1720/2291/679 1719/2199/679 1776/2385/679 1775/2383/679
f 1713/2282/679 1709/2286/679 1770/2379/679 1772/2380/679
f 1701/2284/679 1718/2283/679 1774/2384/679 1769/2377/679
f 1648/2197/679 1712/2200/679 1773/2382/679 1721/2338/679
f 1719/2199/679 1650/2198/679 1723/2341/679 1776/2385/679
f 1777/2386/762 1778/2387/763 1780/2388/764
f 1778/2387/763 1779/2389/765 1780/2388/764
f 1754/2258/679 1756/2257/679 1778/2390/679 1777/2391/679
f 1758/2262/766 1689/2251/766 1780/2388/766 1779/2389/766
f 1689/2251/767 1754/2253/767 1777/2386/762 1780/2388/764
f 1756/2257/679 1758/2366/679 1779/2392/679 1778/2390/679
f 1781/2242/768 1782/2393/769 1785/2243/770
f 1782/2393/769 1783/2394/771 1785/2243/770
f 1783/2394/771 1784/2395/772 1785/2243/770
f 1742/2355/679 1744/2357/679 1782/2396/679 1781/2397/679
f 1748/2246/773 1674/2232/773 1785/2243/773 1784/2395/773
f 1744/2357/679 1746/2237/679 1783/2240/679 1782/2396/679
f 1786/2398/774 1787/2399/775 1789/2400/776
f 1787/2399/775 1788/2401/777 1789/2400/776
f 1723/2341/679 1724/2340/679 1787/2402/679 1786/2403/679
f 1726/2207/778 1649/2201/778 1789/2400/778 1788/2401/778
f 1649/2201/779 1723/2281/779 1786/2398/779 1789/2400/779
f 1724/2340/679 1726/2343/679 1788/2404/679 1787/2402/679
f 1790/2218/780 1791/2405/781 1794/2219/782
f 1791/2405/781 1792/2406/783 1794/2219/782
f 1792/2406/783 1793/2407/784 1794/2219/782
f 1732/2222/679 1734/2213/679 1792/2216/679 1791/2223/679
f 1735/2227/785 1659/2209/785 1794/2219/785 1793/2407/785
f 1795/2408/679 1859/2409/679 1866/2410/679 1797/2411/679
f 1796/2412/786 1868/2413/787 1869/2414/788
f 1796/2412/786 1869/2414/788 1872/2415/789
f 1796/2412/786 1872/2415/789 1874/2416/790 1803/2417/791
f 1873/2418/792 1796/2412/792 1803/2417/793 1875/2419/794
f 1803/2417/791 1874/2416/790 1876/2420/795 1806/2421/796
f 1875/2419/794 1803/2417/793 1806/2421/797 1877/2422/797
f 1806/2421/796 1876/2420/795 1878/2423/798
f 1881/2424/679 1939/2425/679 1940/2426/679 1882/2427/679
f 1806/2421/796 1878/2423/798 1880/2428/799
f 1806/2421/800 1941/2429/800 1937/2430/800 1877/2422/800
f 1806/2421/796 1880/2428/799 1883/2431/801
f 1877/2432/679 1937/2433/679 1938/2434/679 1879/2435/679
f 1806/2421/796 1883/2431/801 1884/2436/802 1815/2437/803
f 1882/2438/804 1806/2421/804 1815/2437/805 1885/2439/806
f 1815/2437/803 1884/2436/802 1886/2440/807 1818/2441/808
f 1885/2439/806 1815/2437/805 1818/2441/809 1887/2442/810
f 1818/2441/808 1886/2440/807 1888/2443/811 1821/2444/812
f 1887/2442/810 1818/2441/809 1821/2444/813 1889/2445/813
f 1821/2444/812 1888/2443/811 1890/2446/814
f 1821/2444/812 1890/2446/814 1892/2447/815
f 1893/2448/679 1930/2449/679 1931/2450/679 1895/2451/679
f 1821/2444/812 1892/2447/815 1894/2452/816
f 1821/2444/817 1932/2453/817 1928/2454/817 1889/2445/817
f 1821/2444/812 1894/2452/816 1896/2455/818 1830/2456/819
f 1895/2457/820 1821/2444/820 1830/2456/821 1897/2458/822
f 1830/2456/819 1896/2455/818 1898/2459/823 1833/2460/824
f 1897/2458/822 1830/2456/821 1833/2460/825 1899/2461/826
f 1833/2460/824 1898/2459/823 1900/2462/827 1836/2463/828
f 1899/2461/826 1833/2460/825 1836/2463/829 1901/2464/829
f 1836/2463/828 1900/2462/827 1902/2465/830
f 1837/2466/679 1901/2467/679 1903/2468/679 1839/2469/679
f 1836/2463/828 1902/2465/830 1904/2470/831
f 1836/2463/828 1904/2470/831 1906/2471/832 1843/2472/833
f 1905/2473/834 1836/2463/834 1843/2472/835 1907/2474/836
f 1843/2472/833 1906/2471/832 1909/2475/837 1846/2476/838
f 1907/2474/836 1843/2472/835 1846/2476/839 1908/2477/840
f 1846/2476/838 1909/2475/837 1910/2478/841 1850/2479/842
f 1908/2477/840 1846/2476/839 1850/2479/843 1911/2480/844
f 1850/2479/842 1910/2478/841 1912/2481/845 1854/2482/846
f 1911/2480/844 1850/2479/843 1854/2482/847 1913/2483/848
f 1854/2482/846 1912/2481/845 1914/2484/849 1858/2485/849
f 1913/2483/848 1854/2482/847 1858/2485/850 1914/2484/850
f 1921/2486/851 1916/2487/852 1862/2488/853
f 1863/2489/854 1920/2490/855 1868/2413/787 1796/2412/786
f 1923/2491/856 1863/2489/857 1796/2412/858 1870/2492/858
f 1860/2493/679 1856/2494/679 1852/2495/679 1848/2496/679 1865/2497/679
f 1919/2498/859 1918/2499/860 1864/2500/861 1862/2488/862
f 1918/2499/860 1920/2490/855 1863/2489/854 1864/2500/861
f 1862/2488/853 1864/2500/863 1922/2501/864 1921/2486/851
f 1864/2500/863 1863/2489/857 1923/2491/856 1922/2501/864
f 1859/2409/679 1861/2502/679 1867/2503/679 1866/2410/679
f 1861/2502/679 1860/2493/679 1865/2497/679 1867/2503/679
f 1862/2488/862 1917/2504/865 1919/2498/859
f 1916/2487/852 1915/2505/866 1862/2488/853
f 1917/2504/865 1862/2488/862 1915/2505/867
f 1797/2411/679 1799/2506/679 1798/2507/679 1795/2408/679
f 1799/2506/679 1801/2508/679 1800/2509/679 1798/2507/679
f 1801/2508/679 1804/2510/679 1802/2511/679 1800/2509/679
f 1804/2510/679 1807/2512/679 1805/2513/679 1802/2511/679
f 1807/2512/679 1809/2514/679 1808/2515/679 1805/2513/679
f 1809/2514/679 1811/2516/679 1810/2517/679 1808/2515/679
f 1811/2516/679 1813/2518/679 1812/2519/679 1810/2517/679
f 1855/2520/679 1857/2521/679 1853/2522/679
f 1851/2523/679 1855/2520/679 1853/2522/679 1849/2524/679
f 1847/2525/679 1851/2523/679 1849/2524/679 1845/2526/679
f 1844/2527/679 1847/2525/679 1845/2526/679 1842/2528/679
f 1841/2529/679 1844/2527/679 1842/2528/679 1840/2530/679
f 1839/2469/679 1841/2529/679 1840/2530/679 1838/2531/679
f 1837/2466/679 1839/2469/679 1838/2531/679 1835/2532/679
f 1834/2533/679 1837/2466/679 1835/2532/679 1832/2534/679
f 1831/2535/679 1834/2533/679 1832/2534/679 1829/2536/679
f 1828/2537/679 1831/2535/679 1829/2536/679 1827/2538/679
f 1826/2539/679 1828/2537/679 1827/2538/679 1825/2540/679
f 1824/2541/679 1826/2539/679 1825/2540/679 1823/2542/679
f 1822/2543/679 1824/2541/679 1823/2542/679 1820/2544/679
f 1819/2545/679 1822/2543/679 1820/2544/679 1817/2546/679
f 1816/2547/679 1819/2545/679 1817/2546/679 1814/2548/679
f 1813/2518/679 1816/2547/679 1814/2548/679 1812/2519/679
f 1798/2507/679 1869/2549/679 1868/2550/679 1795/2408/679
f 1797/2411/679 1870/2551/679 1871/2552/679 1799/2506/679
f 1800/2509/679 1872/2553/679 1869/2549/679 1798/2507/679
f 1799/2506/679 1871/2552/679 1873/2554/679 1801/2508/679
f 1802/2511/679 1874/2555/679 1872/2553/679 1800/2509/679
f 1801/2508/679 1873/2554/679 1875/2556/679 1804/2510/679
f 1805/2513/679 1876/2557/679 1874/2555/679 1802/2511/679
f 1804/2510/679 1875/2556/679 1877/2432/679 1807/2512/679
f 1808/2515/679 1878/2558/679 1876/2557/679 1805/2513/679
f 1807/2512/679 1877/2432/679 1879/2435/679 1809/2514/679
f 1810/2517/679 1880/2559/679 1878/2558/679 1808/2515/679
f 1809/2514/679 1879/2435/679 1881/2424/679 1811/2516/679
f 1811/2516/679 1881/2424/679 1882/2427/679 1813/2518/679
f 1814/2548/679 1884/2560/679 1883/2561/679 1812/2519/679
f 1813/2518/679 1882/2427/679 1885/2562/679 1816/2547/679
f 1817/2546/679 1886/2563/679 1884/2560/679 1814/2548/679
f 1816/2547/679 1885/2562/679 1887/2564/679 1819/2545/679
f 1820/2544/679 1888/2565/679 1886/2563/679 1817/2546/679
f 1819/2545/679 1887/2564/679 1889/2566/679 1822/2543/679
f 1823/2542/679 1890/2567/679 1888/2565/679 1820/2544/679
f 1822/2543/679 1889/2566/679 1891/2568/679 1824/2541/679
f 1825/2540/679 1892/2569/679 1890/2567/679 1823/2542/679
f 1824/2541/679 1891/2568/679 1893/2448/679 1826/2539/679
f 1827/2538/679 1894/2570/679 1892/2569/679 1825/2540/679
f 1826/2539/679 1893/2448/679 1895/2451/679 1828/2537/679
f 1829/2536/679 1896/2571/679 1894/2570/679 1827/2538/679
f 1828/2537/679 1895/2451/679 1897/2572/679 1831/2535/679
f 1832/2534/679 1898/2573/679 1896/2571/679 1829/2536/679
f 1831/2535/679 1897/2572/679 1899/2574/679 1834/2533/679
f 1835/2532/679 1900/2575/679 1898/2573/679 1832/2534/679
f 1841/2529/679 1905/2576/679 1907/2577/679 1844/2527/679
f 1838/2531/679 1902/2578/679 1900/2575/679 1835/2532/679
f 1901/2467/679 1837/2466/679 1834/2533/679 1899/2574/679
f 1840/2530/679 1904/2579/679 1902/2578/679 1838/2531/679
f 1842/2528/679 1906/2580/679 1904/2579/679 1840/2530/679
f 1905/2576/679 1841/2529/679 1839/2469/679 1903/2468/679
f 1844/2527/679 1907/2577/679 1908/2581/679 1847/2525/679
f 1849/2524/679 1910/2582/679 1909/2583/679 1845/2526/679
f 1847/2525/679 1908/2581/679 1911/2584/679 1851/2523/679
f 1853/2522/679 1912/2585/679 1910/2582/679 1849/2524/679
f 1851/2523/679 1911/2584/679 1913/2586/679 1855/2520/679
f 1857/2521/679 1914/2587/679 1912/2585/679 1853/2522/679
f 1812/2519/679 1883/2561/679 1880/2559/679 1810/2517/679
f 1845/2526/679 1909/2583/679 1906/2580/679 1842/2528/679
f 1852/2495/679 1915/2588/679 1916/2589/679 1848/2496/679
f 1856/2494/679 1917/2590/679 1915/2588/679 1852/2495/679
f 1855/2520/679 1913/2586/679 1914/2587/679 1857/2521/679
f 1861/2502/679 1918/2591/679 1919/2592/679 1860/2493/679
f 1859/2409/679 1920/2593/679 1918/2591/679 1861/2502/679
f 1865/2497/679 1921/2594/679 1922/2595/679 1867/2503/679
f 1867/2503/679 1922/2595/679 1923/2596/679 1866/2410/679
f 1860/2493/679 1919/2592/679 1917/2590/679 1856/2494/679
f 1848/2496/679 1916/2589/679 1921/2594/679 1865/2497/679
f 1795/2408/679 1868/2550/679 1920/2593/679 1859/2409/679
f 1866/2410/679 1923/2596/679 1870/2551/679 1797/2411/679
f 1924/2597/868 1927/2598/869 1925/2599/870
f 1925/2599/870 1927/2598/869 1926/2600/871
f 1901/2467/679 1924/2601/679 1925/2602/679 1903/2468/679
f 1905/2473/872 1926/2600/872 1927/2598/872 1836/2463/872
f 1836/2463/873 1927/2598/869 1924/2597/868 1901/2464/873
f 1903/2468/679 1925/2602/679 1926/2603/679 1905/2576/679
f 1928/2454/874 1932/2453/875 1929/2604/876
f 1929/2604/876 1932/2453/875 1930/2605/877
f 1930/2605/877 1932/2453/875 1931/2606/878
f 1889/2566/679 1928/2607/679 1929/2608/679 1891/2568/679
f 1895/2457/879 1931/2606/879 1932/2453/879 1821/2444/879
f 1891/2568/679 1929/2608/679 1930/2449/679 1893/2448/679
f 1933/2609/880 1936/2610/881 1934/2611/882
f 1934/2611/882 1936/2610/881 1935/2612/883
f 1870/2551/679 1933/2613/679 1934/2614/679 1871/2552/679
f 1873/2418/884 1935/2612/884 1936/2610/884 1796/2412/884
f 1796/2412/885 1936/2610/885 1933/2609/885 1870/2492/885
f 1871/2552/679 1934/2614/679 1935/2615/679 1873/2554/679
f 1937/2430/886 1941/2429/887 1938/2616/888
f 1938/2616/888 1941/2429/887 1939/2617/889
f 1939/2617/889 1941/2429/887 1940/2618/890
f 1879/2435/679 1938/2434/679 1939/2425/679 1881/2424/679
f 1882/2438/891 1940/2618/891 1941/2429/891 1806/2421/891
f 1955/2619/892 2000/2620/893 2001/2621/894 1944/2622/895
f 1953/2623/896 2002/2624/897 2003/2625/898 1946/2626/899
f 1951/2627/900 2004/2628/901 2005/2629/902 1948/2630/903
f 1948/2630/903 2005/2629/902 2006/2631/904
f 1946/2626/899 2003/2625/898 2004/2628/901 1951/2627/900
f 1944/2622/895 2001/2621/894 2002/2624/897 1953/2623/896
f 1957/2632/905 2007/2633/906 2000/2620/893 1955/2619/892
f 1942/2634/907 2008/2635/907 2007/2633/906 1957/2632/905
f 2008/2635/908 1942/2634/908 1959/2636/909 2009/2637/910
f 2009/2637/910 1959/2636/909 1961/2638/911 2010/2639/912
f 2010/2639/912 1961/2638/911 1963/2640/913 2011/2641/914
f 2011/2641/914 1963/2640/913 1965/2642/915 2012/2643/916
f 2012/2643/916 1965/2642/915 1967/2644/917 2013/2645/918
f 2013/2645/918 1967/2644/917 1969/2646/919 2014/2647/919
f 2014/2647/920 1969/2646/920 2015/2648/920
f 1955/2619/921 1944/2622/922 2017/2649/923 2016/2650/924
f 1953/2623/925 1946/2626/926 2019/2651/927 2018/2652/928
f 1951/2627/929 1948/2630/930 2021/2653/931 2020/2654/932
f 1948/2630/930 2006/2631/933 2021/2653/931
f 1946/2626/926 1951/2627/929 2020/2654/932 2019/2651/927
f 1944/2622/922 1953/2623/925 2018/2652/928 2017/2649/923
f 1957/2632/934 1955/2619/921 2016/2650/924 2022/2655/935
f 1942/2634/936 1957/2632/934 2022/2655/935 2023/2656/936
f 2023/2656/937 2024/2657/938 1959/2636/939 1942/2634/937
f 2024/2657/938 2025/2658/940 1961/2638/941 1959/2636/939
f 2025/2658/940 2026/2659/942 1963/2640/943 1961/2638/941
f 2026/2659/942 2027/2660/944 1965/2642/945 1963/2640/943
f 2027/2660/944 2028/2661/946 1967/2644/947 1965/2642/945
f 2028/2661/946 2029/2662/948 1969/2646/948 1967/2644/947
f 2029/2662/949 2015/2648/949 1969/2646/949
f 1945/2663/679 1988/2664/679 1990/2665/679 1954/2666/679
f 1972/2667/679 1996/2668/679 1995/2669/679 1980/2670/679
f 1985/2671/679 1999/2672/679 1971/2673/679
f 1984/2674/679 1987/2675/679 1999/2672/679 1985/2671/679
f 1983/2676/679 1989/2677/679 1987/2675/679 1984/2674/679
f 1982/2678/679 1991/2679/679 1989/2677/679 1983/2676/679
f 1981/2680/679 1993/2681/679 1991/2679/679 1982/2678/679
f 1980/2670/679 1995/2669/679 1993/2681/679 1981/2680/679
f 1979/2682/679 1998/2683/679 1996/2668/679 1972/2667/679
f 1978/2684/679 1986/2685/679 1998/2683/679 1979/2682/679
f 1973/2686/679 1988/2664/679 1986/2685/679 1978/2684/679
f 1954/2666/679 1990/2665/679 1992/2687/679 1947/2688/679
f 1947/2688/679 1992/2687/679 1994/2689/679 1952/2690/679
f 1952/2690/679 1994/2689/679 1997/2691/679 1949/2692/679
f 1949/2692/679 1997/2691/679 1950/2693/679
f 1996/2668/679 1998/2683/679 1958/2694/679 1943/2695/679
f 1986/2685/679 1988/2664/679 1945/2663/679 1956/2696/679
f 1994/2689/679 1992/2687/679 1974/2697/679 1976/2698/679
f 1950/2693/679 1997/2691/679 1975/2699/679
f 1990/2665/679 1988/2664/679 1973/2686/679 1977/2700/679
f 1995/2669/679 1996/2668/679 1943/2695/679 1960/2701/679
f 1999/2672/679 1987/2675/679 1968/2702/679 1970/2703/679
f 1989/2677/679 1991/2679/679 1964/2704/679 1966/2705/679
f 1993/2681/679 1995/2669/679 1960/2701/679 1962/2706/679
f 1998/2683/679 1986/2685/679 1956/2696/679 1958/2694/679
f 1992/2687/679 1990/2665/679 1977/2700/679 1974/2697/679
f 1997/2691/679 1994/2689/679 1976/2698/679 1975/2699/679
f 1971/2673/679 1999/2672/679 1970/2703/679
f 1987/2675/679 1989/2677/679 1966/2705/679 1968/2702/679
f 1991/2679/679 1993/2681/679 1962/2706/679 1964/2704/679
f 1956/2696/679 1945/2663/679 2001/2707/679 2000/2708/679
f 1954/2666/679 1947/2688/679 2003/2709/679 2002/2710/679
f 1952/2690/679 1949/2692/679 2005/2711/679 2004/2712/679
f 1947/2688/679 1952/2690/679 2004/2712/679 2003/2709/679
f 1949/2692/679 1950/2693/679 2006/2713/679 2005/2711/679
f 1945/2663/679 1954/2666/679 2002/2710/679 2001/2707/679
f 1958/2694/679 1956/2696/679 2000/2708/679 2007/2714/679
f 1943/2695/679 1958/2694/679 2007/2714/679 2008/2715/679
f 1960/2701/679 1943/2695/679 2008/2715/679 2009/2716/679
f 1962/2706/679 1960/2701/679 2009/2716/679 2010/2717/679
f 1964/2704/679 1962/2706/679 2010/2717/679 2011/2718/679
f 1966/2705/679 1964/2704/679 2011/2718/679 2012/2719/679
f 1968/2702/679 1966/2705/679 2012/2719/679 2013/2720/679
f 1970/2703/679 1968/2702/679 2013/2720/679 2014/2721/679
f 1971/2673/679 1970/2703/679 2014/2721/679 2015/2722/679
f 1973/2686/679 1978/2684/679 2016/2723/679 2017/2724/679
f 1974/2697/679 1977/2700/679 2018/2725/679 2019/2726/679
f 1975/2699/679 1976/2698/679 2020/2727/679 2021/2728/679
f 1976/2698/679 1974/2697/679 2019/2726/679 2020/2727/679
f 1950/2693/679 1975/2699/679 2021/2728/679 2006/2713/679
f 1977/2700/679 1973/2686/679 2017/2724/679 2018/2725/679
f 1978/2684/679 1979/2682/679 2022/2729/679 2016/2723/679
f 1979/2682/679 1972/2667/679 2023/2730/679 2022/2729/679
f 1972/2667/679 1980/2670/679 2024/2731/679 2023/2730/679
f 1980/2670/679 1981/2680/679 2025/2732/679 2024/2731/679
f 1981/2680/679 1982/2678/679 2026/2733/679 2025/2732/679
f 1982/2678/679 1983/2676/679 2027/2734/679 2026/2733/679
f 1983/2676/679 1984/2674/679 2028/2735/679 2027/2734/679
f 1984/2674/679 1985/2671/679 2029/2736/679 2028/2735/679
f 1985/2671/679 1971/2673/679 2015/2722/679 2029/2736/679
f 2043/2737/950 2078/2738/951 2091/2739/952 2041/2740/952
f 2030/2741/953 2077/2742/953 2082/2743/954 2065/2744/955
f 2070/2745/956 2036/2746/957 2051/2747/958 2072/2748/959
f 2042/2749/960 2081/2750/961 2091/2739/962
f 2045/2751/963 2042/2749/964 2078/2738/951 2079/2752/965
f 2046/2753/966 2040/2754/967 2081/2750/961 2080/2755/968
f 2036/2746/969 2039/2756/970 2084/2757/971 2086/2758/972
f 2041/2759/679 2040/2760/679 2043/2761/679
f 2035/2762/679 2044/2763/679 2037/2764/679
f 2062/2765/679 2032/2766/679 2065/2767/679 2033/2768/679
f 2049/2769/973 2083/2770/973 2071/2771/974 2048/2772/975
f 2050/2773/679 2037/2764/679 2053/2774/679 2052/2775/679
f 2039/2756/976 2045/2751/963 2079/2752/965 2084/2757/977
f 2043/2761/679 2040/2760/679 2046/2776/679 2038/2777/679
f 2049/2778/679 2038/2777/679 2047/2779/679
f 2047/2780/978 2046/2753/966 2080/2755/968 2090/2781/979
f 2049/2778/679 2048/2782/679 2038/2777/679
f 2071/2771/974 2039/2756/980 2036/2746/981 2070/2745/982
f 2039/2756/983 2083/2770/984 2090/2781/979
f 2038/2777/679 2048/2782/679 2044/2763/679 2035/2762/679
f 2047/2779/679 2038/2777/679 2046/2776/679
f 2035/2762/679 2037/2764/679 2050/2773/679
f 2034/2783/985 2036/2746/969 2086/2758/972 2088/2784/986
f 2052/2775/679 2053/2774/679 2061/2785/679 2055/2786/679
f 2068/2787/987 2050/2788/988 2052/2789/989 2067/2790/990
f 2037/2764/679 2044/2763/679 2054/2791/679 2053/2774/679
f 2072/2748/959 2051/2747/958 2059/2792/991 2073/2793/992
f 2059/2792/991 2069/2794/993 2075/2795/994
f 2053/2774/679 2054/2791/679 2056/2796/679 2061/2785/679
f 2057/2797/995 2060/2798/996 2074/2799/997 2075/2795/994
f 2060/2798/996 2058/2800/998 2076/2801/999 2074/2799/997
f 2058/2802/679 2060/2803/679 2061/2785/679
f 2060/2803/679 2057/2804/679 2061/2785/679
f 2067/2790/990 2052/2789/989 2055/2805/1000 2069/2794/993
f 2055/2786/679 2061/2785/679 2057/2804/679
f 2061/2785/679 2056/2796/679 2058/2802/679
f 2056/2806/1001 2073/2793/992 2076/2801/999 2058/2800/998
f 2062/2807/1002 2089/2808/1003 2085/2809/1004 2032/2810/1005
f 2063/2811/679 2064/2812/679 2033/2768/679
f 2063/2811/679 2033/2768/679 2035/2762/679 2050/2773/679
f 2034/2783/1006 2087/2813/1007 2066/2814/1008
f 2033/2768/679 2064/2812/679 2062/2765/679
f 2064/2815/1009 2087/2813/1009 2089/2808/1003 2062/2807/1002
f 2032/2810/1005 2085/2809/1004 2077/2742/1010 2030/2741/1010
f 2065/2744/955 2082/2743/954 2088/2784/1011 2033/2816/1012
f 2065/2767/679 2032/2766/679 2030/2817/679
f 2066/2814/1008 2068/2787/1013 2036/2746/1014 2034/2783/1006
f 2063/2818/1015 2050/2788/1016 2068/2787/1013 2066/2814/1008
f 2051/2747/1017 2067/2790/990 2069/2794/993 2059/2792/991
f 2036/2746/1018 2068/2787/987 2067/2790/990 2051/2747/1017
f 2054/2819/1019 2072/2748/959 2073/2793/992 2056/2806/1001
f 2048/2772/975 2071/2771/974 2070/2745/982 2044/2820/1020
f 2044/2820/1021 2070/2745/956 2072/2748/959 2054/2819/1019
f 2075/2795/994 2074/2799/997 2059/2792/991
f 2076/2801/999 2073/2793/992 2059/2792/991
f 2074/2799/997 2076/2801/999 2059/2792/991
f 2075/2795/994 2069/2794/993 2055/2805/1000 2057/2797/995
f 2080/2755/968 2081/2750/961 2042/2749/960 2045/2751/1022
f 2090/2781/979 2080/2755/968 2045/2751/1022 2039/2756/983
f 2085/2809/1004 2089/2808/1003 2034/2783/1023 2031/2821/1024
f 2079/2752/965 2078/2738/951 2043/2737/950 2038/2822/1025
f 2077/2742/1010 2085/2809/1004 2031/2821/1024
f 2071/2771/974 2083/2770/973 2039/2756/980
f 2086/2758/972 2084/2757/971 2038/2822/1026 2035/2823/1027
f 2084/2757/977 2079/2752/965 2038/2822/1025
f 2091/2739/952 2078/2738/951 2042/2749/964
f 2088/2784/986 2086/2758/972 2035/2823/1027 2033/2816/1028
f 2090/2781/979 2083/2770/984 2049/2769/984 2047/2780/978
f 2082/2743/954 2077/2742/953 2031/2821/1029
f 2066/2814/1008 2087/2813/1007 2064/2815/1007 2063/2818/1015
f 2089/2808/1003 2087/2813/1009 2034/2783/1023
f 2088/2784/1011 2082/2743/954 2031/2821/1029 2034/2783/1030
f 2091/2739/962 2081/2750/961 2040/2754/967 2041/2740/962
f 2105/2824/1031 2103/2825/1032 2153/2826/1032 2140/2827/1033
f 2092/2828/1034 2127/2829/1035 2144/2830/1036 2139/2831/1034
f 2132/2832/1037 2134/2833/1038 2113/2834/1039 2098/2835/1040
f 2104/2836/1041 2153/2826/1042 2143/2837/1043
f 2107/2838/1044 2141/2839/1045 2140/2827/1033 2104/2836/1046
f 2108/2840/1047 2142/2841/1048 2143/2837/1043 2102/2842/1049
f 2098/2835/1050 2148/2843/1051 2146/2844/1052 2101/2845/1053
f 2103/2846/679 2105/2847/679 2102/2848/679
f 2097/2849/679 2099/2850/679 2106/2851/679
f 2124/2852/679 2095/2853/679 2127/2854/679 2094/2855/679
f 2111/2856/1054 2110/2857/1055 2133/2858/1056 2145/2859/1054
f 2112/2860/679 2114/2861/679 2115/2862/679 2099/2850/679
f 2101/2845/1057 2146/2844/1058 2141/2839/1045 2107/2838/1044
f 2105/2847/679 2100/2863/679 2108/2864/679 2102/2848/679
f 2111/2865/679 2109/2866/679 2100/2863/679
f 2109/2867/1059 2152/2868/1060 2142/2841/1048 2108/2840/1047
f 2111/2865/679 2100/2863/679 2110/2869/679
f 2133/2858/1056 2132/2832/1061 2098/2835/1062 2101/2845/1063
f 2101/2845/1064 2152/2868/1060 2145/2859/1065
f 2100/2863/679 2097/2849/679 2106/2851/679 2110/2869/679
f 2109/2866/679 2108/2864/679 2100/2863/679
f 2097/2849/679 2112/2860/679 2099/2850/679
f 2096/2870/1066 2150/2871/1067 2148/2843/1051 2098/2835/1050
f 2114/2861/679 2117/2872/679 2123/2873/679 2115/2862/679
f 2130/2874/1068 2129/2875/1069 2114/2876/1070 2112/2877/1071
f 2099/2850/679 2115/2862/679 2116/2878/679 2106/2851/679
f 2134/2833/1038 2135/2879/1072 2121/2880/1073 2113/2834/1039
f 2121/2880/1073 2137/2881/1074 2131/2882/1075
f 2115/2862/679 2123/2873/679 2118/2883/679 2116/2878/679
f 2119/2884/1076 2137/2881/1074 2136/2885/1077 2122/2886/1078
f 2122/2886/1078 2136/2885/1077 2138/2887/1079 2120/2888/1080
f 2120/2889/679 2123/2873/679 2122/2890/679
f 2122/2890/679 2123/2873/679 2119/2891/679
f 2129/2875/1069 2131/2882/1075 2117/2892/1081 2114/2876/1070
f 2117/2872/679 2119/2891/679 2123/2873/679
f 2123/2873/679 2120/2889/679 2118/2883/679
f 2118/2893/1082 2120/2888/1080 2138/2887/1079 2135/2879/1072
f 2124/2894/1083 2094/2895/1084 2147/2896/1085 2151/2897/1086
f 2125/2898/679 2095/2853/679 2126/2899/679
f 2125/2898/679 2112/2860/679 2097/2849/679 2095/2853/679
f 2096/2870/1087 2128/2900/1088 2149/2901/1089
f 2095/2853/679 2124/2852/679 2126/2899/679
f 2126/2902/1090 2124/2894/1083 2151/2897/1086 2149/2901/1090
f 2094/2895/1084 2092/2828/1091 2139/2831/1091 2147/2896/1085
f 2127/2829/1035 2095/2903/1092 2150/2871/1093 2144/2830/1036
f 2127/2854/679 2092/2904/679 2094/2855/679
f 2128/2900/1088 2096/2870/1087 2098/2835/1094 2130/2874/1095
f 2125/2905/1096 2128/2900/1088 2130/2874/1095 2112/2877/1097
f 2113/2834/1098 2121/2880/1073 2131/2882/1075 2129/2875/1069
f 2098/2835/1099 2113/2834/1098 2129/2875/1069 2130/2874/1068
f 2116/2906/1100 2118/2893/1082 2135/2879/1072 2134/2833/1038
f 2110/2857/1055 2106/2907/1101 2132/2832/1061 2133/2858/1056
f 2106/2907/1102 2116/2906/1100 2134/2833/1038 2132/2832/1037
f 2137/2881/1074 2121/2880/1073 2136/2885/1077
f 2138/2887/1079 2121/2880/1073 2135/2879/1072
f 2136/2885/1077 2121/2880/1073 2138/2887/1079
f 2137/2881/1074 2119/2884/1076 2117/2892/1081 2131/2882/1075
f 2142/2841/1048 2107/2838/1103 2104/2836/1041 2143/2837/1043
f 2152/2868/1060 2101/2845/1064 2107/2838/1103 2142/2841/1048
f 2147/2896/1085 2093/2908/1104 2096/2870/1105 2151/2897/1086
f 2141/2839/1045 2100/2909/1106 2105/2824/1031 2140/2827/1033
f 2139/2831/1091 2093/2908/1104 2147/2896/1085
f 2133/2858/1056 2101/2845/1063 2145/2859/1054
f 2148/2843/1051 2097/2910/1107 2100/2909/1108 2146/2844/1052
f 2146/2844/1058 2100/2909/1106 2141/2839/1045
f 2153/2826/1032 2104/2836/1046 2140/2827/1033
f 2150/2871/1067 2095/2903/1109 2097/2910/1107 2148/2843/1051
f 2152/2868/1060 2109/2867/1059 2111/2856/1065 2145/2859/1065
f 2144/2830/1036 2093/2908/1110 2139/2831/1034
f 2128/2900/1088 2125/2905/1096 2126/2902/1089 2149/2901/1089
f 2151/2897/1086 2096/2870/1105 2149/2901/1090
f 2150/2871/1093 2096/2870/1111 2093/2908/1110 2144/2830/1036
f 2153/2826/1042 2103/2825/1042 2102/2842/1049 2143/2837/1043
