# Blender 5.1.2
# www.blender.org
mtllib knight2.mtl
o Group54561
v 0.015278 0.183643 0.019835
v 0.019086 0.191555 0.024902
v 0.012445 0.181614 0.015262
v 0.021359 0.195393 0.026907
v 0.014826 0.183447 0.020506
v 0.016719 0.177357 0.011892
v 0.013979 0.184770 0.019442
v 0.013503 0.185526 0.024490
v 0.015603 0.182576 0.017085
v 0.017694 0.189551 0.025487
v 0.012057 0.198785 0.028255
v 0.007454 0.203474 0.024807
v 0.003504 0.202123 0.024895
v 0.014423 0.180542 0.012049
v 0.014747 0.180705 0.013903
v 0.018961 0.175811 0.016185
v 0.020132 0.175091 0.018017
v 0.034084 0.201004 0.022485
v 0.021724 0.196185 0.027833
v 0.016493 0.215043 0.023749
v 0.012744 0.213581 0.023812
v 0.015556 0.211429 0.024875
v 0.018302 0.174876 0.011785
v 0.020337 0.173592 0.011644
v 0.040187 0.205693 0.010222
v 0.038999 0.205422 0.011840
v 0.039854 0.197053 0.010255
v 0.037821 0.191969 0.010403
v 0.036133 0.184788 0.010529
v 0.033000 0.181205 0.010752
v 0.030963 0.180258 0.010895
v 0.024539 0.175031 0.011349
v 0.023208 0.178076 0.018454
v 0.024456 0.179744 0.017324
v 0.025955 0.181151 0.016219
v 0.028179 0.188012 0.023916
v 0.029893 0.189403 0.024371
v 0.027258 0.192148 0.025801
v 0.032794 0.192247 0.025151
v 0.029171 0.195146 0.026737
v 0.025679 0.197238 0.027060
v 0.026922 0.201705 0.025410
v 0.024531 0.203978 0.025987
v 0.027232 0.207515 0.024069
v 0.024380 0.209568 0.024356
v 0.026805 0.213336 0.022238
v 0.022862 0.214853 0.022911
v 0.027700 0.215017 0.020739
v 0.023425 0.216650 0.021450
v 0.023850 0.219306 0.017656
v 0.016164 0.219929 0.018730
v 0.015727 0.221085 0.014030
v 0.010485 0.219706 0.014614
v 0.015415 0.222205 0.011932
v 0.010034 0.220290 0.012309
v 0.006305 0.215975 0.014819
v -0.001594 0.208008 0.015609
v -0.001468 0.207519 0.013127
v -0.004014 0.203834 0.015934
v -0.004338 0.203764 0.013332
v -0.004241 0.201548 0.015921
v -0.001907 0.198047 0.015032
v -0.005419 0.192611 0.013795
v -0.005205 0.192637 0.011818
v -0.005723 0.190477 0.010057
v -0.006083 0.190424 0.011878
v -0.006829 0.189842 0.015718
v -0.005218 0.192092 0.017823
v -0.000589 0.197422 0.018319
v -0.001997 0.200563 0.020318
v -0.002019 0.202601 0.020856
v 0.000123 0.206601 0.020662
v 0.006991 0.214883 0.019268
v 0.011200 0.218352 0.019152
v 0.012055 0.215555 0.022811
v 0.016520 0.217134 0.022507
v 0.020945 0.210766 0.024748
v 0.018955 0.207512 0.027484
v 0.022183 0.206243 0.026825
v 0.022567 0.199301 0.028173
v 0.024328 0.194269 0.026750
v 0.023158 0.193288 0.025793
v 0.025743 0.190777 0.025214
v 0.022462 0.188541 0.024023
v 0.024517 0.185955 0.022466
v 0.022858 0.184576 0.022282
v 0.021221 0.183161 0.022144
v 0.016292 0.181260 0.018990
v 0.015765 0.181178 0.018438
v 0.019448 0.185715 0.024194
v 0.020926 0.187209 0.024035
v 0.016390 0.187747 0.025857
v 0.015387 0.183525 0.021658
v 0.012045 0.190864 0.027256
v 0.010020 0.188851 0.025554
v 0.009880 0.189147 0.023764
v 0.005153 0.193171 0.025970
v 0.005625 0.193011 0.024194
v 0.005304 0.191707 0.021726
v 0.002203 0.195206 0.020166
v -0.001041 0.187532 0.021537
v -0.003011 0.190241 0.020798
v -0.005454 0.188148 0.019403
v -0.002264 0.186031 0.021445
v -0.000190 0.182702 0.022103
v 0.001497 0.184066 0.022432
v 0.007159 0.187696 0.021975
v 0.009848 0.182677 0.018448
v 0.004888 0.176830 0.020320
v 0.003152 0.175769 0.019838
v 0.005772 0.174102 0.014908
v 0.007269 0.175340 0.015251
v 0.008083 0.175349 0.012512
v 0.006578 0.174212 0.012167
v 0.001827 0.197277 0.022562
v 0.001130 0.198243 0.024033
v 0.006752 0.195462 0.027147
v 0.007930 0.196628 0.026950
v 0.009264 0.197409 0.026647
v 0.010208 0.203242 0.027435
v 0.009968 0.210715 0.024009
v 0.008628 0.212167 0.022661
v 0.013385 0.208812 0.026291
v 0.016046 0.201891 0.028045
v 0.019017 0.200822 0.028512
v 0.018758 0.196992 0.028466
v 0.018748 0.195077 0.027409
v 0.015339 0.195850 0.028354
v 0.013956 0.193305 0.026535
v 0.013138 0.192074 0.027187
v 0.015760 0.197958 0.028568
v 0.016705 0.182051 0.018241
v 0.023805 0.220455 0.013166
v 0.028980 0.218493 0.012622
v 0.033266 0.214898 0.012212
v 0.036682 0.210481 0.011939
v 0.037787 0.211146 0.010383
v 0.037810 0.205550 0.015716
v 0.037725 0.198239 0.015560
v 0.036152 0.193481 0.015756
v 0.035195 0.186149 0.016988
v 0.032288 0.183339 0.017409
v 0.030148 0.182621 0.017104
v 0.033492 0.197524 0.022918
v 0.030261 0.199745 0.024713
v 0.031760 0.202992 0.023704
v 0.029546 0.205249 0.023973
v 0.029952 0.208125 0.022936
v 0.031277 0.212368 0.020177
v 0.028713 0.217385 0.016957
v 0.032737 0.214071 0.016335
v 0.035787 0.210037 0.015911
v 0.034107 0.209196 0.019876
v 0.036170 0.205690 0.019705
v 0.036759 0.201619 0.019446
v 0.009054 0.165218 0.023806
v 0.013807 0.169646 0.013546
v 0.014961 0.165886 0.013681
v 0.001906 0.155930 0.029391
v -0.006407 0.152463 0.031053
v 0.008610 0.150296 0.026931
v 0.002111 0.147679 0.024914
v -0.000520 0.147148 0.027336
v -0.001702 0.150952 0.030694
v 0.015999 0.160277 0.013742
v 0.005852 0.172003 0.026653
v 0.003097 0.185659 0.026106
v -0.004802 0.172953 0.031499
v -0.006165 0.172366 0.031972
v 0.002650 0.173762 0.028184
v -0.001004 0.176686 0.027800
v -0.000281 0.177410 0.026224
v 0.012698 0.175846 0.013487
v 0.010598 0.178468 0.016292
v 0.012519 0.177438 0.013494
v 0.011702 0.178612 0.013357
v 0.010387 0.169489 0.020745
v 0.007537 0.174049 0.022526
v 0.008235 0.175537 0.019868
v 0.006415 0.174892 0.021023
v 0.011617 0.173128 0.017251
v 0.005842 0.181648 0.023664
v 0.004670 0.181009 0.024248
v 0.005244 0.179161 0.022964
v 0.006820 0.179962 0.022404
v 0.006626 0.178311 0.019613
v 0.002918 0.180460 0.024141
v 0.004274 0.180731 0.020171
v 0.008637 0.181705 0.015937
v 0.010509 0.181066 0.013176
v 0.004900 0.174272 0.023613
v 0.003876 0.179089 0.023121
v 0.002514 0.175238 0.025308
v 0.002559 0.176054 0.023095
v 0.006026 0.176691 0.020787
v 0.004291 0.175836 0.021560
v -0.000140 0.178286 0.024227
v 0.000446 0.161823 0.030230
v -0.007860 0.153039 0.031247
v -0.000875 0.162262 0.031211
v -0.009202 0.153740 0.031042
v -0.011002 0.153796 0.030989
v -0.000963 0.163243 0.030359
v -0.004447 0.164999 0.032008
v -0.006193 0.166177 0.031710
v -0.006547 0.167297 0.030615
v -0.004869 0.167180 0.029593
v -0.006035 0.165448 0.028987
v -0.003079 0.163249 0.031354
v -0.006098 0.159851 0.031348
v -0.004469 0.161454 0.030969
v -0.013091 0.153802 0.031824
v -0.007818 0.163752 0.029453
v -0.003277 0.146823 0.028553
v -0.005394 0.146546 0.029459
v -0.008342 0.145344 0.027425
v -0.005681 0.143081 0.025042
v 0.000285 0.143484 0.019637
v 0.004365 0.141831 0.010162
v 0.003082 0.138579 0.009748
v -0.002262 0.144557 0.022814
v -0.001634 0.142753 0.019162
v -0.006184 0.143458 0.022886
v 0.004560 0.125454 0.009218
v 0.007052 0.120851 0.009316
v -0.001159 0.136322 0.016538
v -0.005435 0.136848 0.020839
v -0.004877 0.126872 0.018952
v 0.000272 0.126689 0.014840
v 0.000625 0.121193 0.014807
v -0.002656 0.120064 0.011250
v 0.000347 0.119722 0.008154
v -0.013710 0.148941 0.030719
v -0.007422 0.147031 0.029763
v -0.009030 0.147627 0.029067
v -0.009720 0.146366 0.028280
v -0.010758 0.142937 0.026842
v -0.010725 0.148331 0.029272
v -0.015943 0.142963 0.028894
v -0.020221 0.154032 0.033964
v -0.021963 0.148966 0.032528
v -0.022058 0.140417 0.030405
v -0.009246 0.134999 0.023930
v -0.009973 0.126302 0.022290
v -0.013329 0.132405 0.025420
v -0.014000 0.126002 0.024307
v -0.012666 0.122538 0.020803
v -0.018654 0.129438 0.027529
v -0.021937 0.128783 0.026336
v -0.018111 0.126224 0.026078
v -0.020524 0.125257 0.025185
v -0.017464 0.123387 0.023078
v -0.006017 0.122271 0.017891
v -0.008659 0.121245 0.012087
v -0.016653 0.123483 0.013165
v 0.001818 0.184955 0.026396
v 0.000117 0.183898 0.025872
v -0.001948 0.190654 0.026037
v -0.003045 0.189767 0.025994
v -0.002802 0.181553 0.024675
v -0.004690 0.180371 0.026792
v -0.003910 0.180656 0.025376
v -0.008397 0.174977 0.028258
v -0.007907 0.178542 0.029653
v -0.008925 0.177928 0.030257
v -0.008991 0.176168 0.029262
v -0.004397 0.188396 0.025277
v -0.017042 0.181267 0.029220
v -0.008572 0.184127 0.023293
v -0.009827 0.183322 0.024364
v -0.011901 0.178229 0.027938
v -0.012772 0.180195 0.029449
v -0.012678 0.182023 0.027676
v 0.001166 0.183785 0.020873
v -0.002227 0.187287 0.020710
v -0.005410 0.190538 0.018731
v -0.006548 0.194826 0.022955
v -0.008210 0.193778 0.023182
v -0.009510 0.192382 0.022346
v -0.010968 0.189076 0.020567
v -0.007136 0.185342 0.023340
v -0.012068 0.187982 0.020235
v -0.006954 0.171554 0.030724
v -0.007325 0.171027 0.029383
v -0.008272 0.169859 0.027996
v -0.009928 0.168933 0.027374
v -0.009975 0.168772 0.027824
v -0.010509 0.175324 0.027062
v -0.012773 0.173891 0.026968
v -0.020810 0.156711 0.033724
v -0.013780 0.160927 0.032635
v -0.024244 0.156530 0.034381
v -0.017799 0.176099 0.029046
v -0.015200 0.172611 0.027798
v -0.015177 0.177873 0.027918
v -0.016481 0.166046 0.032126
v -0.017158 0.160916 0.033251
v -0.028080 0.157937 0.030959
v -0.019350 0.164748 0.033000
v -0.021734 0.163154 0.028847
v -0.018298 0.185182 0.023970
v -0.022508 0.185043 0.022936
v -0.006881 0.195658 0.011732
v -0.013394 0.192800 0.008524
v -0.013782 0.187773 0.020731
v -0.023481 0.186828 0.006257
v -0.025739 0.184217 0.021806
v -0.028705 0.181132 0.019115
v -0.025274 0.187164 0.005893
v -0.031891 0.176222 0.014821
v -0.037840 0.167109 0.009321
v -0.023194 0.153448 0.033781
v -0.024738 0.148742 0.032495
v -0.025820 0.153051 0.032299
v -0.026774 0.154844 0.031507
v -0.028414 0.148191 0.029858
v -0.025812 0.139623 0.029529
v -0.029814 0.139614 0.026535
v -0.030539 0.149325 0.027998
v -0.033238 0.151414 0.025582
v -0.032868 0.139989 0.023952
v -0.035169 0.140562 0.019756
v -0.027658 0.128542 0.022531
v -0.028499 0.124315 0.019541
v -0.032945 0.130825 0.018041
v -0.021985 0.122506 0.016482
v -0.022648 0.122559 0.010119
v -0.034282 0.123627 0.011618
v -0.026465 0.120593 0.010987
v -0.032296 0.158609 0.022776
v -0.036218 0.133818 0.013104
v -0.035494 0.142458 0.002855
v -0.035952 0.124842 0.007328
v -0.035223 0.121709 0.002170
v 0.018942 0.167148 0.034075
v 0.022404 0.153509 0.041813
v 0.017055 0.157113 0.035191
v 0.019827 0.157813 0.037535
v 0.025625 0.147510 0.043172
v 0.017718 0.159457 0.036888
v 0.016279 0.158327 0.035339
v 0.024017 0.148725 0.045178
v 0.027565 0.130099 0.038973
v 0.004670 0.163890 0.028091
v 0.008113 0.156540 0.031741
v 0.003554 0.140663 0.040396
v -0.001948 0.147874 0.038192
v -0.012799 0.156054 0.052753
v 0.026685 0.170849 0.025977
v 0.016182 0.161882 0.040595
v 0.015244 0.164041 0.037272
v 0.016251 0.166119 0.036839
v 0.015128 0.166968 0.033871
v 0.013612 0.169041 0.030923
v 0.021705 0.151106 0.045368
v 0.023527 0.151408 0.041120
v 0.023690 0.153998 0.037822
v 0.023264 0.156054 0.037817
v 0.021143 0.156904 0.037743
v 0.018357 0.156163 0.035214
v 0.015298 0.155686 0.033955
v 0.013924 0.156467 0.033752
v 0.013129 0.157928 0.033610
v 0.015685 0.154419 0.033553
v 0.025872 0.145262 0.047122
v 0.027170 0.144775 0.043667
v 0.026115 0.148630 0.040842
v 0.028633 0.144135 0.040943
v 0.013368 0.159996 0.033978
v 0.012662 0.162483 0.034254
v 0.016112 0.161589 0.037378
v 0.022592 0.147323 0.048817
v 0.023770 0.144937 0.049114
v 0.020591 0.148493 0.048065
v 0.020057 0.139357 0.040591
v 0.022042 0.139558 0.040758
v 0.022186 0.138226 0.037160
v 0.021340 0.136224 0.034527
v 0.005330 0.162281 0.031582
v 0.006260 0.167177 0.030989
v 0.007737 0.168420 0.031238
v 0.011480 0.165717 0.033579
v 0.006487 0.174723 0.052816
v 0.008554 0.168685 0.055271
v 0.025806 0.143395 0.035116
v 0.021435 0.147335 0.033398
v 0.024251 0.149258 0.036073
v 0.024264 0.136434 0.041260
v 0.026885 0.131293 0.039468
v 0.014207 0.155272 0.049723
v 0.015247 0.153874 0.049927
v 0.015935 0.151690 0.049621
v 0.006086 0.163338 0.029176
v 0.003197 0.159779 0.029019
v 0.001670 0.161116 0.027273
v 0.002610 0.167130 0.028411
v 0.003668 0.167275 0.029449
v 0.022009 0.133284 0.033165
v 0.021042 0.128176 0.038001
v 0.009426 0.154459 0.032939
v 0.001539 0.156912 0.029222
v 0.018356 0.129376 0.037696
v 0.022736 0.132363 0.051490
v 0.003596 0.147639 0.046439
v 0.009898 0.151252 0.049813
v 0.029466 0.127813 0.043626
v 0.000080 0.146776 0.043277
v 0.001688 0.145766 0.042314
v 0.006197 0.144490 0.046697
v 0.002749 0.142925 0.038364
v 0.003509 0.145299 0.036701
v 0.005062 0.144860 0.036426
v 0.006510 0.143047 0.036711
v 0.000348 0.147188 0.039310
v 0.001451 0.145022 0.038145
v 0.002523 0.143217 0.041552
v 0.005956 0.137089 0.040147
v -0.009975 0.159443 0.055156
v -0.013325 0.164522 0.053054
v -0.016148 0.147903 0.036748
v -0.025421 0.160749 0.030815
v -0.021199 0.156791 0.034491
v -0.021632 0.154101 0.030612
v -0.021585 0.151969 0.027597
v -0.018880 0.148803 0.030896
v -0.022592 0.150597 0.021767
v -0.019696 0.145354 0.026976
v -0.013184 0.142502 0.035604
v -0.018086 0.146672 0.027518
v -0.012082 0.143601 0.034853
v -0.008099 0.143845 0.041640
v -0.009738 0.143732 0.042725
v -0.005822 0.145246 0.048538
v -0.004506 0.144517 0.047509
v -0.000312 0.145900 0.052378
v -0.001313 0.147289 0.052963
v 0.007339 0.151283 0.051822
v 0.013910 0.155004 0.052551
v 0.014540 0.156102 0.050818
v 0.017874 0.157952 0.049349
v 0.019122 0.157387 0.051527
v 0.021300 0.160893 0.045224
v 0.023692 0.160697 0.046862
v 0.022160 0.163430 0.048256
v 0.019054 0.158508 0.053078
v 0.013742 0.155283 0.055695
v 0.017658 0.159744 0.052576
v 0.012574 0.156760 0.055074
v 0.005981 0.152053 0.056296
v 0.007074 0.150544 0.055997
v -0.002078 0.164329 0.057764
v -0.006743 0.170713 0.055229
v -0.016734 0.169905 0.048810
v -0.019236 0.165176 0.044940
v -0.024337 0.172461 0.038251
v -0.026749 0.174966 0.035516
v -0.027306 0.159963 0.028206
v -0.026527 0.161053 0.026572
v -0.023994 0.161669 0.027101
v -0.016973 0.151320 0.023083
v -0.011550 0.152331 0.028996
v -0.005114 0.149772 0.033208
v -0.003855 0.156073 0.027340
v -0.002699 0.153621 0.030317
v 0.003028 0.152457 0.033326
v 0.004724 0.151088 0.034615
v 0.005999 0.149693 0.034524
v 0.007366 0.148792 0.034012
v 0.008925 0.147501 0.033758
v 0.010989 0.145107 0.033557
v 0.014490 0.140962 0.033035
v 0.008315 0.139845 0.036677
v 0.014925 0.126605 0.041044
v 0.014607 0.129496 0.045729
v 0.009220 0.138696 0.044260
v 0.008687 0.140639 0.045343
v 0.013231 0.138993 0.047446
v 0.012609 0.140986 0.048919
v 0.012206 0.142447 0.049331
v 0.007388 0.141864 0.046124
v 0.018542 0.145974 0.049573
v 0.016793 0.149322 0.049415
v 0.019001 0.151108 0.048060
v 0.018206 0.153632 0.048481
v 0.019897 0.153623 0.045193
v 0.019072 0.156361 0.045460
v 0.017356 0.158391 0.044925
v 0.017179 0.156016 0.048420
v 0.017414 0.160771 0.044500
v 0.016518 0.157509 0.047920
v 0.024956 0.168729 0.036573
v 0.027014 0.170201 0.037517
v 0.024186 0.172356 0.038623
v 0.020919 0.173291 0.040126
v 0.019730 0.164914 0.048081
v 0.003922 0.180194 0.049764
v -0.009577 0.176762 0.051490
v -0.020849 0.178896 0.042276
v -0.023914 0.182097 0.039560
v -0.024729 0.184251 0.035333
v -0.026730 0.176774 0.031587
v -0.024521 0.176171 0.031854
v -0.009717 0.154812 0.027283
v -0.002756 0.160555 0.025296
v 0.001566 0.163775 0.025312
v 0.000581 0.158585 0.026471
v 0.002291 0.165994 0.027179
v -0.022710 0.183096 0.035189
v -0.014177 0.191581 0.036815
v -0.015584 0.193127 0.038469
v -0.002500 0.194377 0.038183
v -0.015104 0.190080 0.043080
v 0.000822 0.190892 0.042958
v 0.001969 0.185376 0.046179
v -0.012676 0.185441 0.045303
v 0.024935 0.175888 0.033067
v 0.021405 0.178797 0.034949
v 0.028764 0.172211 0.026545
v 0.014813 0.185542 0.033305
v 0.005992 0.189868 0.031529
v -0.004386 0.194281 0.036216
v 0.017477 0.181773 0.027827
v 0.021865 0.185298 0.027429
v 0.021891 0.177406 0.025855
v -0.004584 0.180997 0.032977
v 0.017267 0.158879 0.041413
v 0.019024 0.156647 0.041538
v 0.019532 0.144838 0.050149
v 0.020634 0.142458 0.050431
v 0.021879 0.136432 0.052402
v 0.024842 0.136833 0.051160
v 0.028332 0.136989 0.049303
v 0.019662 0.139632 0.044748
v 0.020231 0.138445 0.048854
v 0.021393 0.139795 0.045273
v 0.022845 0.137317 0.044914
v 0.021886 0.136109 0.047929
v 0.024068 0.132800 0.050530
v 0.024653 0.135327 0.051526
v 0.022213 0.134881 0.052518
v 0.015318 0.132634 0.048700
v 0.016735 0.130870 0.049581
v 0.016666 0.127403 0.046542
v 0.026499 0.127427 0.047833
v 0.019748 0.129565 0.049804
v 0.028090 0.124547 0.042708
v 0.011265 0.145828 0.049408
v 0.018526 0.143450 0.032034
v 0.025292 0.135937 0.032816
v 0.015109 0.147633 0.032422
v 0.013067 0.150255 0.032638
v 0.011632 0.151902 0.032842
v 0.017126 0.152907 0.033477
v 0.018736 0.150558 0.033408
v 0.021183 0.155430 0.035752
v 0.021767 0.153309 0.035794
v 0.026081 0.150027 0.037918
v 0.028329 0.143702 0.037215
v 0.010612 0.153146 0.033124
v 0.005804 0.159265 0.031661
v -0.000635 0.172071 0.029435
v -0.003676 0.133516 0.008259
v -0.000799 0.114206 0.021822
v -0.002305 0.117591 0.020017
v 0.002560 0.120817 0.008599
v -0.000425 0.125441 0.008363
v -0.002638 0.118308 0.018972
v -0.004107 0.120507 0.018488
v -0.015532 0.134550 0.018928
v -0.008885 0.134394 0.015495
v -0.008257 0.129811 0.016517
v -0.012250 0.119809 0.024138
v -0.010847 0.117348 0.027720
v -0.013068 0.120584 0.022622
v -0.006004 0.121172 0.017449
v 0.000050 0.111080 0.020385
v -0.003513 0.105476 0.024633
v 0.011452 0.102747 0.008980
v 0.006206 0.105397 0.016731
v 0.005033 0.102874 0.018356
v 0.011233 0.100121 0.008786
v 0.003514 0.100691 0.018282
v 0.010676 0.098507 0.008596
v 0.002066 0.098568 0.017585
v 0.000491 0.095604 0.017116
v 0.010772 0.073609 0.003895
v -0.001343 0.092361 0.016461
v -0.009131 0.108961 0.028160
v -0.006200 0.102774 0.023840
v -0.007639 0.101352 0.021430
v -0.012440 0.106580 0.027423
v -0.017684 0.108304 0.028319
v -0.015936 0.103747 0.025174
v -0.008836 0.099790 0.020076
v -0.008808 0.110039 0.018413
v -0.015159 0.102779 0.021898
v -0.011442 0.094108 0.018373
v -0.002710 0.089642 0.014648
v -0.003163 0.088367 0.012042
v -0.003350 0.088318 0.009889
v -0.012355 0.091666 0.014502
v -0.021596 0.135610 0.017680
v -0.021507 0.126816 0.019658
v -0.025432 0.125882 0.017156
v -0.025544 0.137130 0.014482
v -0.027529 0.142833 0.011793
v -0.027849 0.143414 0.008151
v -0.030357 0.138384 0.003647
v -0.028401 0.125459 0.013275
v -0.020700 0.118660 0.024306
v -0.020109 0.119139 0.022649
v -0.021592 0.115919 0.027112
v -0.025625 0.119526 0.020019
v -0.027162 0.118260 0.021224
v -0.029122 0.119079 0.017487
v -0.028862 0.114066 0.024297
v -0.031607 0.125195 0.009713
v -0.031523 0.126818 0.003110
v -0.032066 0.116787 0.016917
v -0.030691 0.094262 0.021102
v -0.036062 0.108662 0.013685
v -0.033098 0.119127 0.008712
v -0.034064 0.117894 0.002192
v -0.036489 0.112232 0.012750
v -0.022453 0.109395 0.025914
v -0.020794 0.104982 0.023062
v -0.019737 0.103910 0.021398
v -0.015473 0.101802 0.019051
v -0.016488 0.099404 0.016861
v -0.010257 0.102680 0.015108
v -0.024848 0.103553 0.021166
v -0.027943 0.108963 0.023312
v -0.021690 0.098647 0.017645
v -0.012029 0.099221 0.016177
v -0.013562 0.094928 0.017653
v -0.023380 0.094366 0.015509
v -0.019104 0.093628 0.013445
v -0.013835 0.088933 0.009944
v -0.021387 0.091132 0.011050
v -0.024551 0.091812 0.014174
v -0.019495 0.088588 0.006839
v -0.031077 0.105371 0.018834
v -0.033340 0.102618 0.013467
v -0.029005 0.101099 0.017969
v -0.031938 0.097893 0.014067
v -0.027462 0.091997 0.012573
v 0.004934 0.095078 0.005907
v -0.008251 0.087635 0.013348
v 0.005345 0.110200 0.008348
v 0.042649 0.102105 0.018791
v -0.003861 0.099959 0.010900
v 0.011778 0.109959 0.008792
v 0.030308 0.084839 0.021128
v 0.027535 0.086173 0.016780
v 0.031582 0.099883 0.013260
v -0.010133 0.085844 0.016611
v 0.007327 0.090166 0.011486
v -0.001450 0.117713 0.026962
v -0.008442 0.085164 0.020215
v 0.035565 0.089565 0.026105
v 0.034077 0.089369 0.022867
v 0.032904 0.088240 0.019064
v 0.037119 0.089870 0.019581
v 0.042489 0.092361 0.021596
v 0.032024 0.086944 0.025561
v 0.032570 0.086130 0.027212
v 0.030600 0.083859 0.024127
v 0.030524 0.085204 0.023847
v 0.031088 0.086901 0.023500
v 0.001340 0.092649 0.008728
v -0.001246 0.095549 0.008852
v 0.004360 0.097645 0.005361
v 0.010032 0.094812 0.007177
v 0.011102 0.097565 0.005807
v 0.020356 0.089000 0.014603
v 0.025449 0.086688 0.018167
v 0.026823 0.084976 0.020631
v 0.024793 0.086278 0.021185
v 0.019142 0.088087 0.020305
v -0.014843 0.088364 0.015607
v -0.010049 0.088865 0.013327
v -0.008158 0.094061 0.012842
v -0.011025 0.090229 0.013728
v 0.012939 0.103474 0.008519
v 0.004846 0.105806 0.007826
v -0.000976 0.112899 0.010891
v 0.000684 0.117440 0.009917
v -0.002779 0.105715 0.011255
v 0.036731 0.104860 0.018193
v 0.043160 0.099938 0.016942
v 0.038414 0.103139 0.016388
v -0.006342 0.091500 0.011382
v 0.003906 0.102053 0.005883
v 0.023742 0.103712 0.011492
v 0.023511 0.099356 0.010810
v 0.014324 0.113729 0.009570
v 0.026353 0.106970 0.012216
v -0.018552 0.103013 0.022739
v -0.017613 0.094815 0.019029
v -0.016697 0.112151 0.024723
v -0.006206 0.119382 0.015858
v 0.029773 0.086082 0.019329
v 0.029378 0.084371 0.019321
v 0.021274 0.090683 0.012736
v 0.021345 0.093367 0.010244
v 0.028934 0.089437 0.013976
v 0.035046 0.101522 0.013787
v 0.040418 0.096908 0.014874
v 0.032488 0.096521 0.013382
v -0.002720 0.087742 0.013042
v -0.004641 0.089498 0.010636
v 0.003782 0.116269 0.027628
v 0.023166 0.096230 0.009174
v -0.001949 0.088143 0.019359
v -0.010259 0.089322 0.025483
v -0.002883 0.090284 0.026177
v 0.007284 0.089945 0.027002
v 0.007266 0.089176 0.020101
v 0.018817 0.088525 0.025130
v 0.026267 0.085508 0.024868
v 0.028877 0.088940 0.029319
v 0.020355 0.093337 0.031135
v 0.008045 0.096342 0.033963
v 0.021882 0.098147 0.032646
v 0.010127 0.103121 0.035798
v -0.001069 0.107828 0.032251
v -0.002725 0.099143 0.031533
v -0.008404 0.109927 0.031517
v -0.009706 0.099299 0.030557
v -0.020628 0.100509 0.028865
v -0.019025 0.088357 0.022145
v -0.021684 0.090287 0.018874
v -0.020257 0.091824 0.018714
v -0.015837 0.090920 0.016149
v -0.022638 0.101722 0.026511
v -0.021744 0.102428 0.024363
v -0.018808 0.114753 0.030894
v -0.018934 0.114207 0.027818
v -0.003594 0.124332 0.021610
v -0.005373 0.124444 0.018465
v 0.003413 0.121027 0.011731
v 0.004703 0.120925 0.014902
v 0.014574 0.116220 0.012004
v -0.002559 0.123043 0.023700
v 0.005896 0.121536 0.017411
v 0.015550 0.116598 0.015503
v 0.027195 0.109197 0.015985
v 0.027110 0.108425 0.013653
v 0.014523 0.113021 0.029452
v 0.025855 0.106831 0.026850
v 0.036705 0.102838 0.025120
v 0.043283 0.099695 0.024830
v 0.045158 0.096352 0.023460
v 0.031721 0.093374 0.031126
v 0.035092 0.091030 0.031009
v 0.036304 0.089463 0.029798
v 0.031161 0.086707 0.028914
v 0.028981 0.083251 0.024908
v -0.016748 0.113499 0.031978
v 0.011928 0.099907 0.006207
v 0.048968 0.060516 0.026226
v 0.047069 0.055242 0.027159
v 0.044988 0.052920 0.025116
v 0.040144 0.098424 0.021453
v 0.040243 0.060016 0.015358
v 0.038466 0.078522 0.014247
v 0.039798 0.054331 0.035928
v 0.032372 0.017855 0.024215
v 0.033962 0.096353 0.020765
v 0.035805 0.082807 0.023112
v 0.027436 0.053466 0.017043
v 0.030264 0.063222 0.037171
v 0.025510 0.058305 0.017103
v 0.031732 0.093170 0.033728
v 0.023757 0.071821 0.019802
v 0.019439 0.074530 0.021714
v 0.048692 0.058507 0.028025
v 0.048370 0.065380 0.030663
v 0.049540 0.062603 0.028466
v 0.047576 0.065111 0.022043
v 0.046846 0.067787 0.024045
v 0.043579 0.061280 0.031128
v 0.047839 0.057071 0.027012
v 0.046042 0.057447 0.030431
v 0.046538 0.053052 0.029981
v 0.043985 0.051923 0.026144
v 0.043093 0.053755 0.032822
v 0.040888 0.057571 0.035295
v 0.036625 0.054875 0.037871
v 0.044369 0.051204 0.030760
v 0.035904 0.096574 0.030636
v 0.037311 0.093354 0.031161
v 0.037771 0.097693 0.020212
v 0.038323 0.099749 0.023041
v 0.035140 0.098123 0.022071
v 0.040444 0.061313 0.015797
v 0.040830 0.076552 0.015647
v 0.028971 0.016941 0.023301
v 0.037481 0.057745 0.014916
v 0.033483 0.060473 0.013173
v 0.037143 0.064022 0.012730
v 0.041710 0.062710 0.015977
v 0.029457 0.064664 0.014350
v 0.031073 0.065745 0.013472
v 0.035480 0.095705 0.018861
v 0.032773 0.095665 0.021187
v 0.033574 0.097929 0.023493
v 0.034007 0.093828 0.018355
v 0.043609 0.087725 0.030618
v 0.035659 0.066036 0.038468
v 0.033836 0.064015 0.037835
v 0.030903 0.058758 0.037372
v 0.042359 0.058818 0.034929
v 0.032431 0.055272 0.037798
v 0.033509 0.085275 0.036455
v 0.026110 0.013946 0.032830
v 0.027264 0.018325 0.033247
v 0.023777 0.017764 0.032415
v 0.023443 0.013964 0.032352
v 0.024260 0.010998 0.032890
v 0.032584 0.087922 0.025165
v 0.034262 0.085331 0.021962
v 0.032844 0.051275 0.017383
v 0.027040 0.061524 0.015975
v 0.030710 0.057601 0.014568
v 0.025552 0.008372 0.032389
v 0.025103 0.010065 0.032807
v 0.020904 0.009641 0.033153
v 0.020542 0.009616 0.025819
v 0.019555 0.012214 0.026181
v 0.027804 0.068525 0.037622
v 0.026405 0.064653 0.036670
v 0.025845 0.059467 0.036084
v 0.035125 0.085184 0.029408
v 0.029283 0.094222 0.033596
v 0.022834 0.069073 0.019908
v 0.020509 0.070057 0.020520
v 0.021674 0.074972 0.021033
v 0.023736 0.076747 0.020593
v 0.025631 0.094244 0.030345
v 0.021742 0.084532 0.025733
v 0.023640 0.087843 0.021413
v 0.020152 0.082024 0.026562
v 0.017669 0.076705 0.026975
v 0.015702 0.071443 0.027522
v 0.017118 0.071511 0.032018
v 0.018999 0.076674 0.031217
v 0.015125 0.066338 0.027936
v 0.016539 0.066394 0.032247
v 0.017571 0.059190 0.032927
v 0.022164 0.059256 0.033942
v 0.021193 0.065253 0.035312
v 0.020206 0.052878 0.032175
v 0.024377 0.053332 0.033999
v 0.028252 0.054039 0.036655
v 0.029373 0.017602 0.032854
v 0.032461 0.016450 0.031965
v 0.037324 0.013873 0.028705
v 0.029175 0.011115 0.032031
v 0.030645 0.006736 0.028822
v 0.025024 0.005360 0.029086
v 0.025769 0.007591 0.024963
v 0.030651 0.009419 0.025051
v 0.018979 0.008072 0.030142
v 0.017859 0.011496 0.030164
v 0.018242 0.017931 0.029799
v 0.019490 0.017421 0.026326
v 0.021169 0.017105 0.025525
v 0.022734 0.016796 0.024811
v 0.025584 0.016076 0.023080
v 0.035979 0.014820 0.025470
v 0.042702 0.049991 0.026786
v 0.037634 0.051678 0.019934
v 0.035572 0.054845 0.015738
v 0.039192 0.054047 0.019682
v 0.041023 0.055813 0.019173
v 0.044018 0.058311 0.018709
v 0.044437 0.059614 0.019414
v 0.045791 0.060853 0.019750
v 0.043590 0.063835 0.015860
v 0.047593 0.061802 0.019724
v 0.045278 0.066999 0.017636
v 0.041612 0.068821 0.013523
v 0.042227 0.070970 0.016124
v 0.045110 0.069211 0.019756
v 0.037140 0.071779 0.011137
v 0.038787 0.065160 0.012049
v 0.032942 0.068074 0.010627
v 0.028015 0.073086 0.012838
v 0.031641 0.067064 0.012395
v 0.027002 0.072253 0.015277
v 0.025205 0.088398 0.018425
v 0.030516 0.089651 0.015630
v 0.032785 0.076306 0.011554
v 0.036008 0.077477 0.012900
v 0.038954 0.073563 0.013493
v 0.043550 0.074530 0.018330
v 0.045760 0.073113 0.021463
v 0.047173 0.071483 0.025301
v 0.047943 0.072201 0.027535
v 0.044192 0.075558 0.031992
v 0.043160 0.072099 0.035118
v 0.040386 0.078786 0.034539
v 0.038909 0.075524 0.038082
v 0.038238 0.074614 0.039613
v 0.042798 0.071075 0.036824
v 0.039558 0.068667 0.036681
v 0.037669 0.067634 0.037450
v 0.043643 0.060045 0.032987
v 0.045941 0.055481 0.032120
v 0.034851 0.073239 0.037457
v 0.032208 0.072527 0.037495
v 0.029821 0.071127 0.037897
v 0.023362 0.075660 0.035535
v 0.022086 0.071435 0.036236
v 0.025411 0.078457 0.034505
v 0.021251 0.082279 0.029606
v 0.023168 0.085037 0.029429
v 0.028914 0.083225 0.039321
v 0.026997 0.080595 0.034307
v 0.031368 0.084466 0.038073
v 0.047584 0.086845 0.027535
v 0.035201 0.100287 0.027129
v 0.049692 0.086429 0.025610
v 0.049237 0.086255 0.024277
v 0.035875 0.100617 0.025027
v 0.048472 0.086268 0.022868
v 0.046724 0.086576 0.020465
v 0.042947 0.087350 0.017058
v 0.038388 0.088241 0.015065
v 0.034163 0.089002 0.014740
v 0.032908 0.092101 0.018408
v 0.031563 0.094829 0.021956
v 0.032660 0.088229 0.020826
v 0.031589 0.091088 0.024376
v 0.032589 0.093490 0.028116
v 0.032405 0.097323 0.025147
v 0.033802 0.090042 0.028560
v 0.020254 0.017991 0.032690
v 0.019823 0.012236 0.032985
v 0.018023 0.052668 0.029242
v 0.015076 0.059494 0.029223
v 0.017630 0.059147 0.024350
v 0.019222 0.053317 0.025378
v 0.019540 0.059385 0.022974
v 0.020634 0.053637 0.024007
v 0.020698 0.059636 0.021745
v 0.021628 0.053770 0.022101
v 0.019686 0.065042 0.021899
v 0.021722 0.065234 0.021293
v 0.017335 0.065033 0.022470
v 0.018207 0.070477 0.021182
v 0.027529 0.012802 0.032661
v 0.040313 0.023935 0.033556
v 0.041075 0.023526 0.028918
v 0.040448 0.023118 0.024238
v 0.042933 0.020032 0.033965
v 0.043369 0.020058 0.029083
v 0.041560 0.022230 0.033707
v 0.042277 0.019976 0.024265
v 0.046463 0.013920 0.034809
v 0.046165 0.013377 0.035900
v 0.046645 0.013622 0.029497
v 0.046757 0.013098 0.025144
v 0.044083 0.016970 0.033820
v 0.044361 0.016977 0.029176
v 0.043934 0.016054 0.025058
v 0.039424 0.016560 0.022984
v 0.042228 0.016157 0.035941
v 0.042026 0.013980 0.023272
v 0.053385 0.008607 0.035025
v 0.053463 0.009014 0.034179
v 0.053340 0.009214 0.029945
v 0.053500 0.008493 0.026474
v 0.052762 0.006652 0.025441
v 0.062385 0.004985 0.032620
v 0.062437 0.005098 0.030464
v 0.061861 0.004636 0.033324
v 0.062411 0.004733 0.028672
v 0.061907 0.003636 0.027550
v 0.063078 0.002661 0.032290
v 0.063655 0.002621 0.030534
v 0.062032 0.003026 0.033436
v 0.063078 0.001000 0.032012
v 0.062536 0.000876 0.030427
v 0.063642 0.001056 0.030357
v 0.061407 0.001146 0.032698
v 0.062172 0.001262 0.033351
v 0.062060 0.000885 0.031652
v 0.063478 0.002805 0.029021
v 0.061710 0.001643 0.027642
v 0.063178 0.001208 0.029027
v 0.062400 0.000797 0.029329
v 0.061180 0.000596 0.028085
v 0.059466 0.000725 0.028596
v 0.052427 0.006367 0.035542
v 0.051491 0.001779 0.024924
v 0.045605 0.011080 0.023583
v 0.040633 0.011735 0.036897
v 0.044668 0.010055 0.036700
v 0.051768 0.003347 0.036135
v 0.051680 0.001280 0.036379
v 0.050082 0.000359 0.025749
v 0.051415 0.000380 0.024894
v 0.043983 0.004786 0.037614
v 0.042146 0.005540 0.022307
v 0.041384 0.003729 0.022696
v 0.043415 0.001455 0.037846
v 0.040349 0.000224 0.023452
v 0.038156 0.025785 0.033556
v 0.035491 0.024181 0.034885
v 0.038255 0.024653 0.023445
v 0.037695 0.020231 0.035517
v 0.036299 0.022630 0.036199
v 0.037598 0.018790 0.021856
v 0.035040 0.020893 0.021737
v 0.039366 0.018449 0.035496
v 0.028519 0.018136 0.034157
v 0.029887 0.016674 0.035332
v 0.028523 0.018087 0.029122
v 0.029481 0.016391 0.022437
v 0.033642 0.013705 0.036080
v 0.030102 0.013877 0.022111
v 0.026006 0.015319 0.034173
v 0.027485 0.013457 0.035457
v 0.026029 0.014955 0.022287
v 0.026654 0.012501 0.021817
v 0.018747 0.012444 0.025285
v 0.037011 0.012933 0.036608
v 0.035392 0.008235 0.038476
v 0.037939 0.007927 0.022579
v 0.033139 0.009505 0.023121
v 0.029966 0.009560 0.037426
v 0.027709 0.007674 0.022823
v 0.039795 0.006595 0.038536
v 0.034404 0.004458 0.039058
v 0.036797 0.005265 0.023352
v 0.035326 0.002737 0.024007
v 0.039401 0.001691 0.038421
v 0.029682 0.006975 0.037731
v 0.029412 0.004534 0.037997
v 0.032575 0.005443 0.023957
v 0.031029 0.002849 0.024424
v 0.027969 0.002815 0.023917
v 0.030002 0.001736 0.031088
v 0.020455 0.013119 0.033990
v 0.021583 0.011008 0.035866
v 0.017515 0.013075 0.032319
v 0.017205 0.010240 0.032570
v 0.018548 0.009404 0.023471
v 0.023227 0.005365 0.036545
v 0.023544 0.003104 0.036947
v 0.023749 0.001448 0.037026
v 0.026290 0.000560 0.024342
v 0.017033 0.004294 0.032430
v 0.018897 0.004520 0.023481
v 0.018860 0.003116 0.023569
v 0.017052 0.002439 0.032737
v 0.017038 0.001245 0.032715
v 0.018914 0.000365 0.023665
v 0.024491 0.143034 0.046898
v 0.024196 0.142634 0.042872
v 0.024923 0.141013 0.034614
v 0.026174 0.141482 0.050873
v 0.023165 0.139000 0.043563
v 0.022000 0.138356 0.046277
v 0.021559 0.137095 0.038352
v 0.027355 0.137952 0.031628
v 0.043146 0.146960 0.047910
v 0.041276 0.149970 0.042329
v 0.042157 0.149718 0.044000
v 0.044750 0.149993 0.044421
v 0.045925 0.150760 0.043057
v 0.046112 0.150863 0.044792
v 0.044405 0.150108 0.042951
v 0.045774 0.149942 0.041139
v 0.043157 0.149182 0.039259
v 0.047097 0.150372 0.044811
v 0.047294 0.150343 0.043557
v 0.047803 0.149566 0.042199
v 0.045991 0.147912 0.047636
v 0.047229 0.148542 0.047858
v 0.047897 0.148367 0.047413
v 0.045973 0.144824 0.036577
v 0.049760 0.146449 0.040458
v 0.048237 0.146219 0.038526
v 0.044523 0.142986 0.050186
v 0.049037 0.146003 0.048692
v 0.047106 0.145185 0.049832
v 0.049834 0.144701 0.049213
v 0.050729 0.144473 0.046608
v 0.051092 0.145108 0.041401
v 0.051151 0.144489 0.043359
v 0.049004 0.143040 0.049646
v 0.050015 0.142309 0.047369
v 0.050806 0.143690 0.047114
v 0.049355 0.141843 0.039908
v 0.047107 0.141289 0.037121
v 0.051090 0.143345 0.040968
v 0.051525 0.143125 0.043355
v 0.049640 0.142790 0.039181
v 0.049959 0.141737 0.041356
v 0.050727 0.141962 0.043340
v 0.047105 0.140316 0.038603
v 0.019653 0.135752 0.050313
v 0.018885 0.131106 0.036184
v 0.017712 0.131996 0.050767
v 0.029707 0.135546 0.052635
v 0.032220 0.130816 0.050668
v 0.019604 0.126715 0.048634
v 0.019857 0.127359 0.036946
v 0.019648 0.125418 0.038788
v 0.019614 0.124475 0.044715
v 0.034412 0.127445 0.044858
v 0.031115 0.132651 0.032448
v 0.046910 0.140502 0.049637
v 0.033017 0.130248 0.034428
v 0.047828 0.139243 0.046984
v 0.048598 0.138804 0.043057
v 0.047612 0.139407 0.040652
v 0.034927 0.128705 0.036996
v 0.034916 0.127193 0.039864
v 0.026659 0.093876 0.016824
v 0.037949 0.100878 0.030011
v 0.042433 0.108306 0.023545
v 0.026874 0.092692 0.019233
v 0.028311 0.092164 0.017689
v 0.024524 0.094456 0.032262
v 0.053516 0.089318 0.027565
v 0.047552 0.082264 0.013822
v 0.050092 0.077689 0.023163
v 0.028112 0.093158 0.028630
v 0.026086 0.089901 0.017569
v 0.041952 0.107801 0.022597
v 0.028964 0.093080 0.028822
v 0.041755 0.098552 0.023415
v 0.050827 0.078785 0.018410
v 0.039102 0.103527 0.029210
v 0.025492 0.091267 0.016714
v 0.040478 0.107803 0.025334
v 0.042708 0.090324 0.011892
v 0.050698 0.087743 0.013625
v 0.053813 0.088189 0.024387
v 0.028779 0.094271 0.014729
v 0.029610 0.092946 0.015219
v 0.027326 0.094185 0.017438
v 0.028963 0.094985 0.015738
v 0.029990 0.091457 0.028244
v 0.028895 0.091122 0.028174
v 0.027657 0.092935 0.029526
v 0.028791 0.091375 0.030039
v 0.038618 0.101581 0.026166
v 0.036114 0.098166 0.031301
v 0.035764 0.098467 0.032957
v 0.038169 0.101755 0.033252
v 0.038990 0.104451 0.025340
v 0.038874 0.101092 0.021419
v 0.041766 0.097120 0.028456
v 0.041755 0.107590 0.026979
v 0.026706 0.092837 0.017691
v 0.028575 0.091379 0.019751
v 0.030108 0.092446 0.020204
v 0.027950 0.093950 0.019088
v 0.030017 0.089312 0.018506
v 0.030242 0.088847 0.020034
v 0.031565 0.090377 0.015714
v 0.028240 0.090336 0.034459
v 0.027984 0.090339 0.036250
v 0.024902 0.094811 0.033214
v 0.030004 0.088004 0.029524
v 0.030803 0.087709 0.029025
v 0.028945 0.091760 0.032567
v 0.056822 0.089551 0.022807
v 0.053600 0.096757 0.022736
v 0.051398 0.096522 0.028825
v 0.047648 0.091730 0.033051
v 0.047082 0.096129 0.033420
v 0.055386 0.087867 0.021763
v 0.047329 0.086715 0.012967
v 0.049498 0.085692 0.014779
v 0.050924 0.083069 0.017006
v 0.045198 0.080863 0.016023
v 0.052849 0.081589 0.019320
v 0.034638 0.089380 0.034556
v 0.032174 0.088997 0.032161
v 0.027311 0.094641 0.034321
v 0.030142 0.092090 0.037266
v 0.030771 0.088659 0.030627
v 0.049223 0.080277 0.023432
v 0.043842 0.081956 0.017214
v 0.054150 0.080361 0.023488
v 0.053136 0.088234 0.015698
v 0.056166 0.088194 0.018950
v 0.029981 0.094073 0.030146
v 0.030504 0.093981 0.029739
v 0.029329 0.093493 0.030842
v 0.032095 0.092144 0.029648
v 0.024690 0.090704 0.017133
v 0.025747 0.088583 0.014960
v 0.027899 0.088638 0.015508
v 0.026657 0.091486 0.019244
v 0.024683 0.092975 0.019210
v 0.028131 0.089939 0.016996
v 0.040706 0.105904 0.018424
v 0.045290 0.092426 0.022266
v 0.044701 0.092461 0.027030
v 0.039348 0.104894 0.030584
v 0.027702 0.090272 0.014702
v 0.025553 0.093283 0.017934
v 0.028303 0.092646 0.015552
v 0.046144 0.103401 0.022014
v 0.045002 0.102328 0.018319
v 0.040101 0.104323 0.019075
v 0.046925 0.096107 0.012151
v 0.050236 0.089000 0.012254
v 0.040972 0.095683 0.012101
v 0.045756 0.097913 0.012979
v 0.034205 0.091309 0.012593
v 0.034647 0.093377 0.012731
v 0.041018 0.086152 0.011529
v 0.033342 0.088575 0.011712
v 0.054461 0.090036 0.014652
v 0.051159 0.096225 0.016355
v 0.053500 0.096972 0.020247
v 0.057538 0.089904 0.018837
v 0.045925 0.103058 0.024823
v 0.045050 0.101624 0.030412
v 0.042945 0.099380 0.033368
v 0.037598 0.096401 0.035211
v 0.039589 0.096632 0.034525
v 0.032868 0.093609 0.034310
v 0.033462 0.092649 0.034114
v 0.039686 0.094477 0.035028
v 0.036767 0.089962 0.037115
v 0.044584 0.086690 0.034909
v 0.051735 0.081221 0.030103
v 0.035261 0.088064 0.037974
v 0.042216 0.084620 0.034674
v 0.049558 0.078711 0.029555
v 0.042671 0.086062 0.032930
v 0.048848 0.080453 0.028625
v 0.042141 0.088516 0.031129
v 0.046724 0.084674 0.027755
v 0.046615 0.083885 0.022378
v 0.043882 0.083723 0.017881
v 0.044306 0.092369 0.018522
v 0.040074 0.091097 0.015822
v 0.038165 0.085461 0.014237
v 0.041180 0.097952 0.018571
v 0.038449 0.096815 0.016166
v 0.034500 0.094636 0.015323
v 0.034476 0.092826 0.015877
v 0.038776 0.099690 0.017423
v 0.036989 0.098425 0.014520
v 0.033443 0.096136 0.014001
v 0.029928 0.094838 0.016942
v 0.031470 0.093656 0.017863
v 0.036580 0.098829 0.013288
v 0.032863 0.096540 0.012591
v 0.037140 0.098945 0.011095
v 0.032787 0.096055 0.011519
v 0.038200 0.098094 0.011090
v 0.033359 0.095005 0.011482
v 0.039805 0.102345 0.014007
v 0.042086 0.101718 0.012879
v 0.038976 0.101399 0.015578
v 0.031790 0.089297 0.020012
v 0.033873 0.090340 0.017742
v 0.033579 0.087585 0.013783
v 0.032561 0.085899 0.012474
v 0.037817 0.083573 0.012985
v 0.032510 0.086644 0.011208
v 0.039582 0.083957 0.011471
v 0.042769 0.092420 0.029726
v 0.035658 0.090305 0.032399
v 0.036987 0.092597 0.031256
v 0.035425 0.093690 0.030656
v 0.039255 0.095518 0.030677
v 0.033052 0.095785 0.030719
v 0.032634 0.095762 0.031656
v 0.032545 0.095157 0.032763
v 0.035940 0.098192 0.035445
v 0.039396 0.101748 0.035750
v 0.029622 0.091988 0.031578
v 0.029867 0.090140 0.030096
v 0.030340 0.090939 0.031383
v 0.029789 0.089617 0.028662
v 0.030900 0.089670 0.028494
v 0.033461 0.089772 0.029987
v 0.041358 0.105529 0.032348
v 0.035394 0.088664 0.034801
v 0.057875 0.164866 0.037511
v 0.058320 0.162975 0.037487
v 0.057947 0.163908 0.037355
v 0.059093 0.162517 0.037927
v 0.057227 0.161102 0.040282
v 0.056656 0.161926 0.040829
v 0.056729 0.162833 0.041577
v 0.058878 0.164867 0.042144
v 0.058301 0.160714 0.040285
v 0.059470 0.160795 0.040677
v 0.040301 0.151124 0.044952
v 0.039918 0.150206 0.048560
v 0.040222 0.150988 0.041441
v 0.039674 0.150696 0.038560
v 0.040120 0.149432 0.036217
v 0.041065 0.147720 0.034075
v 0.054133 0.157206 0.043747
v 0.056696 0.160502 0.045579
v 0.056912 0.158262 0.043314
v 0.058031 0.157947 0.042887
v 0.056321 0.159105 0.044108
v 0.061082 0.162922 0.045669
v 0.059198 0.158272 0.043294
v 0.055640 0.156549 0.044663
v 0.056372 0.156458 0.043866
v 0.055493 0.157399 0.040837
v 0.063231 0.158753 0.047258
v 0.047495 0.153743 0.042880
v 0.047614 0.152909 0.039681
v 0.052426 0.155574 0.041449
v 0.053877 0.155025 0.045164
v 0.052737 0.155531 0.043335
v 0.055256 0.154149 0.046873
v 0.048217 0.151381 0.037353
v 0.045370 0.149468 0.035767
v 0.057745 0.156438 0.047353
v 0.055937 0.157260 0.045925
v 0.053123 0.155491 0.040267
v 0.054140 0.154767 0.039512
v 0.060897 0.157710 0.047591
v 0.060435 0.154454 0.047998
v 0.064071 0.155798 0.047444
v 0.062128 0.162967 0.034469
v 0.061341 0.163008 0.034921
v 0.062462 0.163493 0.034259
v 0.062433 0.162407 0.034481
v 0.061438 0.162126 0.035246
v 0.061431 0.163916 0.034767
v 0.061873 0.161648 0.035891
v 0.062509 0.161890 0.036600
v 0.063947 0.162275 0.035008
v 0.063133 0.162899 0.034072
v 0.063802 0.162267 0.034414
v 0.063480 0.162000 0.035604
v 0.063069 0.161843 0.034819
v 0.064202 0.164056 0.034435
v 0.064615 0.163508 0.034533
v 0.064708 0.163443 0.035230
v 0.063658 0.164888 0.035413
v 0.063457 0.164681 0.034564
v 0.064393 0.164313 0.035234
v 0.064459 0.163355 0.036158
v 0.062133 0.165327 0.035300
v 0.063611 0.164753 0.036145
v 0.062666 0.165321 0.035957
v 0.063527 0.164235 0.037172
v 0.063636 0.163308 0.037380
v 0.064179 0.164275 0.036182
v 0.062645 0.164992 0.037111
v 0.059050 0.166232 0.038486
v 0.059913 0.166126 0.039021
v 0.061301 0.163777 0.039563
v 0.061117 0.164686 0.039642
v 0.060557 0.165458 0.039414
v 0.060006 0.162659 0.038525
v 0.060850 0.163137 0.041916
v 0.059679 0.164425 0.041868
v 0.060311 0.163769 0.041729
v 0.067840 0.164894 0.043220
v 0.069143 0.165034 0.041372
v 0.068131 0.165311 0.041490
v 0.067315 0.164754 0.040768
v 0.068560 0.165966 0.035817
v 0.067828 0.165532 0.036534
v 0.067472 0.163378 0.039987
v 0.069490 0.165956 0.035166
v 0.066193 0.163779 0.035215
v 0.066372 0.163920 0.033679
v 0.065068 0.162436 0.035621
v 0.065149 0.162348 0.036801
v 0.067951 0.164460 0.037046
v 0.066625 0.162992 0.036072
v 0.066825 0.163603 0.032426
v 0.067301 0.162133 0.035919
v 0.067543 0.162752 0.032323
v 0.064466 0.161472 0.037368
v 0.065030 0.161570 0.035090
v 0.064587 0.160783 0.037012
v 0.064566 0.161247 0.038465
v 0.065145 0.160915 0.038793
v 0.065102 0.160310 0.036554
v 0.065482 0.161506 0.037813
v 0.065665 0.160798 0.034902
v 0.064722 0.160140 0.038302
v 0.065548 0.160293 0.038543
v 0.065364 0.159904 0.037519
v 0.065905 0.160017 0.037715
v 0.066236 0.161097 0.037110
v 0.066599 0.160429 0.035122
v 0.066688 0.160655 0.036136
v 0.062089 0.162410 0.042723
v 0.062131 0.163284 0.044443
v 0.062317 0.164227 0.043459
v 0.065540 0.163336 0.043447
v 0.068098 0.163404 0.045372
v 0.067804 0.164329 0.044507
v 0.065238 0.162789 0.044714
v 0.063644 0.163226 0.043031
v 0.066171 0.162713 0.042068
v 0.065117 0.161498 0.045691
v 0.066030 0.160097 0.046321
v 0.064480 0.161271 0.041924
v 0.068604 0.162156 0.045886
v 0.069104 0.160290 0.046104
v 0.066330 0.160737 0.041314
v 0.069005 0.163804 0.041372
v 0.069991 0.164079 0.041481
v 0.069774 0.162712 0.041678
v 0.070253 0.162730 0.042338
v 0.068479 0.162858 0.039688
v 0.070124 0.164954 0.035303
v 0.070390 0.163790 0.035886
v 0.069756 0.163369 0.036573
v 0.070072 0.163451 0.040069
v 0.069478 0.163033 0.039621
v 0.070508 0.162450 0.045552
v 0.070380 0.162868 0.042379
v 0.070291 0.162024 0.042542
v 0.070496 0.161969 0.041043
v 0.069790 0.161260 0.042686
v 0.071401 0.161847 0.043712
v 0.068189 0.160672 0.041022
v 0.071607 0.161753 0.041733
v 0.071223 0.162361 0.037642
v 0.070324 0.162287 0.038155
v 0.069804 0.161498 0.037907
v 0.070145 0.161243 0.041329
v 0.070205 0.159866 0.039115
v 0.066896 0.157952 0.046274
v 0.062078 0.158287 0.041162
v 0.066462 0.158119 0.040474
v 0.064466 0.158193 0.040945
v 0.060106 0.154154 0.039269
v 0.062237 0.154664 0.039845
v 0.070752 0.157729 0.045935
v 0.069606 0.156303 0.046055
v 0.064739 0.155023 0.040081
v 0.067037 0.155238 0.039802
v 0.069040 0.159238 0.043691
v 0.072947 0.160061 0.042931
v 0.068099 0.158054 0.040237
v 0.072892 0.159699 0.042581
v 0.072781 0.159119 0.042065
v 0.070767 0.158935 0.042320
v 0.070307 0.157918 0.043432
v 0.071972 0.158839 0.042256
v 0.072388 0.161146 0.038432
v 0.072717 0.160455 0.039088
v 0.071327 0.159389 0.039314
v 0.072197 0.159685 0.038448
v 0.073073 0.158206 0.042140
v 0.071707 0.157823 0.042985
v 0.072288 0.158063 0.042608
v 0.069371 0.157413 0.040365
v 0.068873 0.155687 0.039757
v 0.074136 0.157472 0.041911
v 0.070771 0.155777 0.042897
v 0.074010 0.158971 0.039005
v 0.072313 0.157963 0.041601
v 0.071497 0.156910 0.041980
v 0.074552 0.158155 0.038438
v 0.071534 0.155360 0.040294
v 0.068777 0.163473 0.037082
v 0.067861 0.161799 0.034651
v 0.068015 0.161965 0.033100
v 0.067630 0.161456 0.032885
v 0.067393 0.161231 0.034097
v 0.067550 0.160449 0.034863
v 0.068048 0.161117 0.031851
v 0.068069 0.159447 0.034788
v 0.068589 0.160123 0.031854
v 0.068490 0.159210 0.032800
v 0.068506 0.159091 0.033833
v 0.064605 0.159410 0.033287
v 0.064916 0.159391 0.033967
v 0.064742 0.158352 0.032189
v 0.064486 0.159042 0.032552
v 0.065329 0.158852 0.034324
v 0.063151 0.157694 0.035269
v 0.063715 0.157861 0.036420
v 0.063391 0.157997 0.034660
v 0.063301 0.157866 0.035884
v 0.063624 0.158353 0.035317
v 0.063315 0.157203 0.036181
v 0.063947 0.157369 0.036605
v 0.064066 0.158280 0.035992
v 0.063630 0.156740 0.036088
v 0.064163 0.156598 0.035606
v 0.063535 0.157347 0.034317
v 0.063208 0.157124 0.035201
v 0.064549 0.157770 0.036224
v 0.063679 0.156624 0.035316
v 0.064178 0.156777 0.036254
v 0.064069 0.156866 0.034504
v 0.064574 0.156848 0.035099
v 0.064771 0.157161 0.035827
v 0.065642 0.158166 0.034044
v 0.065593 0.157840 0.033313
v 0.065076 0.157716 0.032920
v 0.064555 0.154849 0.035965
v 0.065098 0.154841 0.036820
v 0.064720 0.154903 0.036478
v 0.065269 0.155508 0.036121
v 0.064862 0.155294 0.035490
v 0.066084 0.155430 0.036395
v 0.072847 0.158944 0.036994
v 0.073155 0.159010 0.035723
v 0.071747 0.157635 0.037661
v 0.067412 0.157051 0.035175
v 0.067344 0.157061 0.034037
v 0.067724 0.156165 0.033550
v 0.073538 0.158346 0.034870
v 0.072058 0.156272 0.036996
v 0.072824 0.156608 0.035371
v 0.068986 0.153841 0.035263
v 0.069251 0.153856 0.036455
v 0.067788 0.156284 0.035894
v 0.064699 0.154348 0.035719
v 0.065090 0.154630 0.035177
v 0.066424 0.154423 0.036050
v 0.065715 0.154236 0.035541
v 0.068127 0.155359 0.034245
v 0.068206 0.155321 0.035410
v 0.065045 0.153868 0.036560
v 0.064905 0.153971 0.036049
v 0.067723 0.152010 0.037494
v 0.067484 0.152068 0.036477
v 0.067197 0.151038 0.037206
v 0.068365 0.150720 0.037566
v 0.067957 0.150501 0.036953
v 0.067465 0.150778 0.037977
v 0.067644 0.151195 0.036380
v 0.067453 0.150659 0.037079
v 0.068003 0.150924 0.037954
v 0.068636 0.151807 0.037381
v 0.041012 0.146675 0.051075
v 0.049670 0.151196 0.048825
v 0.048545 0.148722 0.050530
v 0.051227 0.149425 0.049704
v 0.042140 0.143367 0.032304
v 0.042398 0.143088 0.053501
v 0.043187 0.140198 0.053949
v 0.048634 0.145934 0.052240
v 0.048896 0.143031 0.052357
v 0.042393 0.139194 0.033208
v 0.057038 0.152409 0.048077
v 0.045884 0.146203 0.034032
v 0.049141 0.149619 0.035732
v 0.051226 0.146281 0.035788
v 0.057461 0.151353 0.037996
v 0.058178 0.149811 0.047582
v 0.061780 0.150811 0.047096
v 0.052456 0.146949 0.049805
v 0.053325 0.144252 0.049078
v 0.044691 0.142554 0.032941
v 0.047942 0.143536 0.034743
v 0.048513 0.140900 0.036076
v 0.051899 0.142657 0.037775
v 0.058865 0.147710 0.046182
v 0.062453 0.148098 0.045346
v 0.058739 0.148269 0.037906
v 0.059762 0.146443 0.038927
v 0.059481 0.145889 0.044346
v 0.060014 0.145254 0.043664
v 0.062996 0.146323 0.043332
v 0.060033 0.145435 0.040015
v 0.060154 0.144913 0.041287
v 0.060143 0.144861 0.042490
v 0.043615 0.137395 0.053145
v 0.043678 0.134661 0.050002
v 0.049203 0.140896 0.051960
v 0.049412 0.138594 0.051087
v 0.049584 0.136933 0.049580
v 0.042863 0.135308 0.035312
v 0.044364 0.134592 0.034353
v 0.048723 0.136505 0.040551
v 0.043553 0.132835 0.050499
v 0.043275 0.132696 0.044656
v 0.043968 0.130572 0.044423
v 0.049550 0.135674 0.046936
v 0.049319 0.135467 0.043693
v 0.043131 0.131695 0.038805
v 0.044141 0.130902 0.038623
v 0.053900 0.142201 0.047697
v 0.054177 0.141026 0.046285
v 0.054232 0.140385 0.044916
v 0.053398 0.141131 0.039717
v 0.054101 0.140047 0.043499
v 0.053896 0.140254 0.041656
v 0.048223 0.138170 0.037769
v 0.065265 0.152910 0.046610
v 0.068083 0.154785 0.045616
v 0.065532 0.152413 0.039213
v 0.065990 0.149805 0.044929
v 0.062130 0.151559 0.038760
v 0.069633 0.152133 0.044237
v 0.070030 0.150697 0.043107
v 0.066448 0.150448 0.038371
v 0.070925 0.154920 0.043011
v 0.072071 0.153321 0.044743
v 0.068169 0.153286 0.039354
v 0.070423 0.154068 0.039495
v 0.072586 0.155127 0.042186
v 0.074026 0.155316 0.040950
v 0.074652 0.154867 0.042088
v 0.072364 0.153901 0.041535
v 0.074933 0.154725 0.040234
v 0.072865 0.153305 0.040309
v 0.069157 0.151833 0.038961
v 0.073260 0.153569 0.042757
v 0.072713 0.151878 0.043068
v 0.069658 0.150706 0.038988
v 0.074308 0.152868 0.042597
v 0.071744 0.153103 0.039275
v 0.072310 0.152099 0.039134
v 0.075996 0.153764 0.040109
v 0.075604 0.152277 0.039985
v 0.066453 0.148277 0.043362
v 0.062882 0.148647 0.038085
v 0.066823 0.147822 0.042071
v 0.067012 0.147895 0.040747
v 0.067108 0.149155 0.038424
v 0.067057 0.148408 0.039449
v 0.063281 0.146841 0.038484
v 0.063549 0.146139 0.039533
v 0.063379 0.145743 0.041961
v 0.063593 0.145703 0.040747
v 0.070029 0.150001 0.042020
v 0.069795 0.149986 0.039801
v 0.069934 0.149769 0.040862
v 0.073029 0.151016 0.041932
v 0.072707 0.151103 0.039429
v 0.072907 0.150799 0.040653
v 0.073682 0.156192 0.036842
v 0.072737 0.155470 0.037756
v 0.072788 0.154021 0.037670
v 0.069445 0.152917 0.034567
v 0.069881 0.152963 0.036884
v 0.073156 0.152200 0.040036
v 0.074620 0.153707 0.036120
v 0.074425 0.155041 0.036146
v 0.073755 0.153192 0.036880
v 0.074278 0.151705 0.039877
v 0.068987 0.151263 0.036865
v 0.068585 0.150954 0.036131
v 0.070091 0.152025 0.034948
v 0.070313 0.152058 0.036122
v 0.042186 0.142774 0.043471
v 0.014827 0.116237 0.046206
v 0.036388 0.123491 0.040666
v 0.032498 0.123827 0.049292
v 0.030898 0.134910 0.031084
v 0.024520 0.139065 0.030685
v 0.015844 0.141045 0.046217
v 0.035449 0.122581 0.047031
v 0.033117 0.134368 0.053911
v 0.030175 0.132931 0.054254
v 0.014173 0.118369 0.049166
v 0.014648 0.121009 0.046330
v 0.014602 0.116839 0.042193
v 0.038716 0.125309 0.043965
v 0.033773 0.122134 0.041301
v 0.016885 0.127935 0.034154
v 0.016239 0.134199 0.032066
v 0.017098 0.127939 0.030813
v 0.017273 0.138568 0.035974
v 0.024465 0.143823 0.050238
v 0.026440 0.140423 0.032804
v 0.024082 0.143480 0.036633
v 0.029701 0.121685 0.049516
v 0.031492 0.119043 0.045857
v 0.031979 0.127221 0.052028
v 0.027659 0.126040 0.053103
v 0.036078 0.126827 0.050737
v 0.015572 0.124178 0.047498
v 0.013798 0.132476 0.051144
v 0.022499 0.137345 0.029787
v 0.020703 0.141539 0.035574
v 0.022253 0.142435 0.036591
v 0.034641 0.126147 0.035537
v 0.038640 0.128929 0.048290
v 0.019202 0.143395 0.041830
v 0.020502 0.143064 0.043029
v 0.015387 0.142173 0.047284
v 0.016711 0.141742 0.040987
v 0.017121 0.140132 0.041002
v 0.036093 0.133003 0.051634
v 0.025865 0.132524 0.054635
v 0.021606 0.143642 0.044117
v 0.020173 0.142044 0.049831
v 0.022071 0.142512 0.049924
v 0.023584 0.144925 0.044490
v 0.021074 0.132745 0.055465
v 0.018332 0.131874 0.053958
v 0.020295 0.123501 0.052795
v 0.023604 0.124466 0.053945
v 0.015766 0.132034 0.054132
v 0.018086 0.142835 0.049085
v 0.016045 0.143256 0.048547
v 0.017722 0.142995 0.041415
v 0.019024 0.141681 0.035207
v 0.017039 0.140251 0.035299
v 0.018033 0.135681 0.030510
v 0.020194 0.136287 0.030217
v 0.025834 0.129851 0.029257
v 0.023071 0.128969 0.029816
v 0.019462 0.128149 0.030918
v 0.025612 0.121452 0.034027
v 0.021538 0.120537 0.035329
v 0.017881 0.119610 0.035336
v 0.016243 0.120577 0.037273
v 0.022799 0.116324 0.042110
v 0.019820 0.114771 0.041309
v 0.022989 0.115272 0.046507
v 0.018210 0.113915 0.047371
v 0.022435 0.117904 0.049105
v 0.018378 0.117233 0.050598
v 0.017108 0.122257 0.053060
v 0.014628 0.122114 0.051976
v 0.012934 0.133219 0.053529
v 0.027664 0.115819 0.046458
v 0.026569 0.118999 0.049562
v 0.027110 0.117209 0.041881
v 0.030144 0.119768 0.041037
v 0.028087 0.122216 0.034000
v 0.031534 0.124984 0.034998
v 0.028198 0.131989 0.029811
v 0.015821 0.129696 0.041386
v 0.031550 0.134437 0.042659
v -0.010568 0.127538 0.029300
v -0.018183 0.126131 0.027877
v -0.010981 0.131097 0.025689
v -0.011698 0.132832 0.023049
v -0.019092 0.131495 0.022433
v -0.022315 0.129963 0.022547
v -0.018273 0.129594 0.020585
v -0.023511 0.129125 0.021265
v -0.021046 0.128458 0.024966
v -0.022195 0.126429 0.021292
v -0.019018 0.126908 0.021559
v -0.017549 0.129757 0.025492
v -0.012939 0.127787 0.021710
v -0.012158 0.130959 0.020724
v 0.000596 0.132042 0.026000
v 0.000856 0.129510 0.028712
v -0.001574 0.119685 0.034466
v 0.005750 0.120781 0.034375
v 0.000426 0.133391 0.022771
v 0.000084 0.130704 0.020929
v -0.000411 0.127270 0.022416
v -0.022777 0.124793 0.026799
v -0.017790 0.118546 0.032638
v -0.014941 0.118920 0.026227
v -0.028498 0.117013 0.028578
v -0.029507 0.117231 0.026186
v -0.026067 0.117319 0.030098
v -0.027684 0.115650 0.026239
v -0.025789 0.112945 0.027133
v -0.017583 0.109173 0.029532
v -0.025076 0.126188 0.023830
v -0.026173 0.125169 0.021994
v -0.024710 0.122626 0.023099
v -0.022884 0.122555 0.023402
v -0.010392 0.119747 0.033853
v -0.003734 0.113489 0.027689
v -0.012832 0.106244 0.037202
v -0.002294 0.106387 0.036141
v 0.013221 0.131046 0.025638
v 0.012261 0.128493 0.029711
v 0.024955 0.127597 0.026382
v 0.022277 0.120677 0.032608
v 0.011893 0.120750 0.024794
v 0.014224 0.121171 0.033541
v 0.022995 0.117033 0.027013
v 0.013272 0.131546 0.022033
v 0.012759 0.126649 0.022070
v 0.025593 0.128441 0.022372
v 0.024563 0.126792 0.021039
v 0.024083 0.123081 0.023194
v 0.029338 0.125468 0.026830
v 0.030626 0.119072 0.031481
v 0.032229 0.120061 0.023317
v 0.036749 0.118703 0.028269
v 0.036362 0.117537 0.022641
v 0.040902 0.118036 0.026159
v 0.034308 0.111711 0.034849
v 0.030625 0.113412 0.027703
v 0.036320 0.111369 0.032931
v 0.038757 0.116161 0.023274
v 0.033938 0.110774 0.027610
v 0.036052 0.109735 0.029315
v 0.033400 0.125914 0.019155
v 0.036169 0.124882 0.022124
v 0.035515 0.126294 0.019289
v 0.032926 0.124069 0.020358
v 0.039505 0.123668 0.021256
v 0.039266 0.125368 0.016898
v 0.038316 0.124745 0.015377
v 0.041073 0.123694 0.016776
v 0.038397 0.122237 0.017629
v 0.040581 0.123107 0.014450
v 0.041613 0.121716 0.019838
v 0.040057 0.120231 0.017997
v 0.011986 0.109814 0.036487
v 0.009415 0.109489 0.028499
v 0.017222 0.108859 0.037171
v 0.020332 0.107556 0.030390
v 0.007488 0.107238 0.036680
v 0.011700 0.103455 0.037709
v 0.005996 0.101136 0.029879
v 0.016755 0.100882 0.039115
v 0.017003 0.098050 0.030897
v 0.026434 0.109482 0.038569
v 0.031412 0.102758 0.036452
v 0.030124 0.102584 0.032469
v 0.031240 0.102457 0.033767
v 0.027879 0.103927 0.031363
v 0.022988 0.101181 0.040368
v 0.027488 0.101370 0.039706
v 0.025216 0.094761 0.040048
v 0.024388 0.095393 0.032012
v 0.028061 0.094235 0.037640
v 0.027175 0.094468 0.033157
v 0.028465 0.093867 0.035830
v -0.031100 0.108730 0.030165
v -0.032179 0.110214 0.027301
v -0.030188 0.109576 0.026676
v -0.027107 0.108282 0.033405
v -0.027464 0.107920 0.027269
v -0.034011 0.104581 0.025377
v -0.029317 0.103836 0.024522
v -0.020091 0.107120 0.036428
v -0.018954 0.104244 0.029312
v -0.033048 0.101927 0.028121
v -0.028230 0.097812 0.031758
v -0.020792 0.097218 0.033459
v -0.020970 0.099462 0.026275
v -0.032636 0.105675 0.023849
v -0.034795 0.096609 0.022029
v -0.036217 0.098689 0.018403
v -0.035435 0.100960 0.016099
v -0.031668 0.099749 0.016867
v -0.030874 0.096531 0.012535
v -0.022780 0.093896 0.018089
v -0.006483 0.103240 0.030566
v -0.008356 0.099358 0.030010
v -0.012596 0.096352 0.033864
v -0.011055 0.093652 0.026751
v -0.000173 0.093470 0.035153
v -0.027545 0.091665 0.027543
v -0.022098 0.089005 0.029525
v -0.035642 0.096725 0.013409
v -0.035717 0.094270 0.015929
v -0.035743 0.092553 0.017569
v -0.033617 0.095899 0.009686
v -0.035283 0.094909 0.010257
v -0.023952 0.090521 0.012643
v -0.027866 0.088924 0.021580
v -0.029086 0.088984 0.015406
v -0.025987 0.088574 0.011392
v -0.015534 0.085444 0.031346
v -0.005899 0.082260 0.031585
v -0.016066 0.082483 0.025507
v -0.014036 0.086774 0.020027
v -0.014964 0.083340 0.016887
v -0.015424 0.081560 0.016016
v -0.016581 0.080830 0.019770
v 0.003422 0.094406 0.029233
v 0.011791 0.096490 0.038082
v 0.017345 0.089503 0.040014
v 0.001176 0.087615 0.026968
v 0.008917 0.086191 0.035702
v 0.014587 0.089861 0.029873
v 0.021480 0.095159 0.041740
v 0.021246 0.090164 0.041436
v 0.026768 0.086019 0.036512
v 0.027250 0.086350 0.034086
v 0.025721 0.087164 0.031764
v 0.022461 0.087634 0.030707
v 0.023286 0.086305 0.039186
v 0.018130 0.083973 0.038164
v 0.021956 0.080344 0.027536
v 0.027178 0.078604 0.029856
v 0.025550 0.080087 0.027874
v 0.001444 0.080162 0.031954
v -0.000953 0.080487 0.020531
v 0.014584 0.077210 0.034618
v 0.013239 0.082182 0.027118
v 0.011939 0.075910 0.020666
v -0.000993 0.075885 0.026126
v -0.002420 0.074985 0.021312
v 0.012949 0.073784 0.029444
v 0.012268 0.069807 0.022356
v 0.010852 0.069443 0.018737
v -0.002053 0.077543 0.017751
v -0.003054 0.074842 0.017729
v 0.011060 0.072918 0.017241
v 0.010186 0.070057 0.016456
v 0.020274 0.076224 0.034810
v 0.024488 0.076424 0.034885
v 0.021676 0.073977 0.021667
v 0.027245 0.077918 0.031945
v 0.028065 0.074203 0.023874
v 0.024959 0.074506 0.022888
v 0.027971 0.071258 0.025712
v 0.027422 0.071070 0.018214
v 0.022210 0.069848 0.027846
v 0.025740 0.069520 0.027123
v 0.028753 0.069611 0.019396
v 0.021610 0.067353 0.019702
v 0.025777 0.067034 0.020664
v 0.018944 0.070026 0.015744
v 0.021240 0.070779 0.016965
v 0.019272 0.067690 0.017433
v 0.024466 0.071380 0.017843
v 0.023898 0.069718 0.015184
v 0.026499 0.070083 0.015001
v 0.028433 0.068746 0.015785
v 0.024571 0.066646 0.016400
v -0.036305 0.117608 0.020954
v -0.036093 0.117527 0.023975
v -0.036982 0.117749 0.021031
v -0.037410 0.117647 0.024116
v -0.036505 0.115433 0.015134
v -0.037835 0.115634 0.015179
v -0.035902 0.115911 0.027283
v -0.035207 0.115204 0.025942
v -0.035834 0.115132 0.019538
v -0.037566 0.116837 0.026594
v -0.037969 0.117245 0.024451
v -0.039463 0.114556 0.019974
v -0.035719 0.109962 0.028497
v -0.035797 0.111552 0.022491
v -0.039443 0.113240 0.026869
v -0.033422 0.097884 0.005026
v -0.029582 0.093988 0.005078
v -0.034973 0.109632 0.026751
v -0.030250 0.090953 0.005382
v -0.035328 0.096056 0.005317
v -0.043568 0.092434 0.008125
v -0.044448 0.095761 -0.000883
v -0.040776 0.087022 0.020023
v -0.042701 0.087237 0.019040
v -0.041067 0.089402 0.014789
v -0.039856 0.076834 0.011548
v -0.036915 0.074739 -0.000864
v -0.044061 0.089562 0.013419
v -0.040725 0.081355 0.008333
v -0.043772 0.087882 0.003273
v -0.043884 0.082006 0.007435
v -0.043413 0.078334 0.010132
v 0.013190 0.108058 0.018337
v 0.001198 0.120214 0.025286
v -0.000671 0.120424 0.026126
v 0.020696 0.093540 0.013369
v -0.016496 0.129021 0.026827
v -0.006382 0.121925 0.029290
v -0.002618 0.125735 0.021222
v 0.014076 0.109539 0.017690
v 0.013265 0.120099 0.013554
v -0.003168 0.120314 0.025696
v -0.003088 0.119626 0.026966
v 0.001978 0.120775 0.024205
v 0.003026 0.120321 0.023396
v -0.002541 0.120107 0.024069
v -0.010732 0.122883 0.027277
v -0.008979 0.124278 0.026343
v -0.005060 0.125759 0.022456
v 0.021933 0.091697 0.010092
v 0.023146 0.099072 0.010737
v 0.020799 0.098758 0.014881
v -0.000332 0.113657 0.024811
v -0.003309 0.114573 0.025556
v -0.020758 0.123754 0.023829
v -0.001574 0.121330 0.024596
v 0.009081 0.118413 0.020000
v 0.007586 0.120417 0.019713
v -0.001039 0.124494 0.021377
v 0.015809 0.089785 0.013120
v 0.015588 0.085345 0.008641
v 0.015611 0.096739 0.016133
v 0.017379 0.096826 0.009628
v 0.016283 0.088450 0.008943
v 0.016183 0.086760 0.015483
v 0.015938 0.095050 0.020405
v 0.013043 0.106238 0.021440
v -0.007950 0.119496 0.027300
v 0.004452 0.112257 0.024280
v 0.004693 0.114841 0.021749
v 0.006910 0.121477 0.020254
v 0.005647 0.121827 0.019844
v 0.013777 0.120622 0.013869
v 0.014617 0.120414 0.014490
v 0.015718 0.122121 0.010856
v 0.012316 0.120810 0.014420
v 0.014775 0.116422 0.014994
v 0.018031 0.109299 0.016718
v 0.023442 0.104857 0.010226
v 0.015945 0.107392 0.021840
v 0.019177 0.096475 0.019358
v 0.019379 0.089524 0.015078
v 0.020226 0.084686 0.009385
v 0.016739 0.083305 0.008714
v -0.010520 0.119642 0.027430
v -0.021801 0.125059 0.025747
v 0.104352 0.023189 0.027187
v 0.103434 0.022357 0.028614
v 0.104681 0.002745 0.027036
v 0.105367 0.004450 0.026303
v 0.078409 0.140736 0.039121
v 0.082111 0.145240 0.038989
v 0.081045 0.149751 0.039357
v 0.077188 0.145778 0.039582
v 0.070481 0.144103 0.041135
v 0.082246 0.140315 0.035058
v 0.077377 0.142550 0.036578
v 0.072070 0.144918 0.040077
v 0.063262 0.182190 0.043116
v 0.072424 0.145202 0.037610
v 0.063616 0.182475 0.040648
v 0.101471 0.022008 0.026732
v 0.104636 0.002894 0.025936
v 0.077010 0.141073 0.033638
v 0.075871 0.145968 0.034063
v 0.070965 0.145023 0.035576
v 0.062157 0.182296 0.038615
v 0.080413 0.145403 0.032072
v 0.079347 0.149914 0.032440
v -0.031284 0.059043 -0.074193
v 0.013416 0.095157 -0.068888
v -0.027275 0.057423 -0.066024
v 0.020062 0.086251 -0.062397
v -0.023682 0.058056 -0.057731
v 0.022042 0.081621 -0.055635
v -0.042260 0.072506 -0.072971
v -0.006188 0.114724 -0.071671
v -0.006548 0.106942 -0.051845
v -0.041111 0.073856 -0.057169
v -0.045305 0.073705 -0.065454
v -0.077014 0.119413 -0.066217
v -0.089496 0.140338 -0.058343
v -0.079178 0.120990 -0.056329
v -0.025938 0.131819 -0.068084
v -0.069063 0.100644 -0.069386
v -0.037060 0.135105 -0.050581
v -0.070748 0.102220 -0.056228
v -0.081790 0.116574 -0.061751
v -0.052622 0.112462 -0.070364
v -0.029873 0.087836 -0.075441
v -0.070976 0.130284 -0.055395
v -0.088824 0.154519 -0.055340
v -0.011554 0.067470 -0.069609
v -0.008346 0.065368 -0.061590
v -0.071763 0.136304 -0.064304
v -0.013321 0.072338 -0.075051
v -0.030274 0.084708 -0.058576
v -0.057023 0.114252 -0.056144
v 0.014187 0.183624 0.004213
v 0.017253 0.191525 -0.001352
v 0.012762 0.181675 0.010605
v 0.019225 0.195358 -0.003663
v 0.013646 0.183428 0.003611
v 0.017461 0.176165 0.011842
v 0.012955 0.184753 0.004779
v 0.011782 0.185497 -0.000155
v 0.014892 0.182564 0.006893
v 0.015793 0.189520 -0.001734
v 0.009825 0.198748 -0.003713
v 0.005745 0.203446 0.000330
v 0.001821 0.202095 0.000795
v 0.012874 0.181299 0.012949
v 0.014487 0.180701 0.010168
v 0.018343 0.175801 0.007334
v 0.019248 0.175077 0.005359
v 0.032440 0.200977 -0.001064
v 0.019458 0.196147 -0.004633
v 0.014842 0.215016 0.000096
v 0.011121 0.213554 0.000557
v 0.013758 0.211399 -0.000881
v 0.038786 0.205419 0.008784
v 0.027008 0.178729 0.011173
v 0.025652 0.177070 0.011269
v 0.022234 0.178060 0.004491
v 0.023626 0.179731 0.005433
v 0.025264 0.181140 0.006315
v 0.026396 0.187982 -0.001631
v 0.028030 0.189372 -0.002323
v 0.025221 0.192114 -0.003380
v 0.030794 0.192214 -0.003505
v 0.026985 0.195110 -0.004579
v 0.023482 0.197202 -0.004419
v 0.024941 0.201672 -0.002968
v 0.022493 0.203944 -0.003212
v 0.025433 0.207485 -0.001696
v 0.022570 0.209538 -0.001588
v 0.025264 0.213311 0.000163
v 0.021265 0.214827 0.000041
v 0.026358 0.214995 0.001519
v 0.022026 0.216627 0.001405
v 0.022974 0.219292 0.005097
v 0.015213 0.219914 0.005100
v 0.015432 0.221080 0.009813
v 0.010161 0.219700 0.009965
v 0.005993 0.215970 0.010352
v 0.006022 0.216116 0.012594
v -0.001938 0.208002 0.010686
v -0.004379 0.203828 0.010710
v -0.004785 0.201459 0.013366
v -0.004601 0.201542 0.010759
v -0.002107 0.198066 0.013183
v -0.002166 0.198042 0.011323
v -0.005150 0.192664 0.009831
v -0.005327 0.190525 0.008244
v -0.004472 0.190156 0.004400
v -0.004405 0.192250 0.005859
v -0.001317 0.197410 0.007887
v -0.002990 0.200547 0.006095
v -0.003086 0.202584 0.005561
v -0.000939 0.206584 0.005446
v 0.006055 0.214867 0.005854
v 0.010238 0.218336 0.005376
v 0.010577 0.215530 0.001640
v 0.015041 0.217110 0.001316
v 0.019113 0.210736 -0.001503
v 0.016763 0.207476 -0.003928
v 0.020051 0.206208 -0.003721
v 0.020245 0.199262 -0.005093
v 0.022187 0.194234 -0.003917
v 0.021162 0.193255 -0.002805
v 0.023803 0.190745 -0.002585
v 0.020719 0.188512 -0.000944
v 0.022971 0.185930 0.000318
v 0.021353 0.184551 0.000735
v 0.019753 0.183136 0.001102
v 0.015309 0.181243 0.004914
v 0.014865 0.181163 0.005534
v 0.017711 0.185686 -0.000688
v 0.019197 0.187180 -0.000740
v 0.014452 0.187715 -0.001915
v 0.014042 0.183502 0.002392
v 0.009954 0.190830 -0.002704
v 0.008185 0.188821 -0.000732
v 0.008295 0.189121 0.001059
v 0.003307 0.193141 -0.000478
v 0.004021 0.192985 0.001215
v 0.004046 0.191686 0.003707
v 0.001192 0.195189 0.005674
v 0.003182 0.188096 0.001260
v -0.001815 0.190474 0.003178
v -0.001722 0.188646 0.001485
v 0.002041 0.186605 0.000776
v 0.004242 0.183294 0.000824
v 0.005905 0.184655 0.001268
v 0.008424 0.187942 0.003349
v 0.010617 0.182827 0.007116
v 0.008252 0.177280 0.004169
v 0.006480 0.176213 0.003861
v 0.006934 0.174257 0.009331
v 0.008430 0.175495 0.009680
v 0.000486 0.197254 0.003349
v -0.000409 0.198218 0.001987
v 0.004726 0.195429 -0.001871
v 0.005921 0.196595 -0.001842
v 0.007283 0.197377 -0.001729
v 0.008108 0.203207 -0.002654
v 0.008344 0.210689 0.000754
v 0.007205 0.212144 0.002272
v 0.011412 0.208780 -0.001976
v 0.013805 0.201853 -0.004066
v 0.016682 0.200784 -0.004939
v 0.016433 0.196953 -0.004849
v 0.016570 0.195041 -0.003796
v 0.013062 0.195812 -0.004260
v 0.011946 0.193272 -0.002261
v 0.011046 0.192040 -0.002791
v 0.013450 0.197920 -0.004536
v 0.015823 0.182037 0.005597
v 0.023553 0.220451 0.009548
v 0.023936 0.221783 0.011337
v 0.028753 0.218489 0.009372
v 0.029630 0.219826 0.010942
v 0.033055 0.214895 0.009190
v 0.034186 0.215852 0.010629
v 0.036476 0.210478 0.008996
v 0.037070 0.205538 0.005111
v 0.037008 0.198227 0.005294
v 0.035424 0.193469 0.005330
v 0.034307 0.186135 0.004259
v 0.031370 0.183324 0.004253
v 0.029293 0.182607 0.004854
v 0.031795 0.197496 -0.001403
v 0.028345 0.199713 -0.002736
v 0.029970 0.202963 -0.001953
v 0.027739 0.205219 -0.001918
v 0.028285 0.208097 -0.000953
v 0.029980 0.212347 0.001585
v 0.027887 0.217372 0.005119
v 0.031958 0.214058 0.005184
v 0.035038 0.210025 0.005188
v 0.032825 0.209175 0.001498
v 0.034892 0.205669 0.001388
v 0.035511 0.201598 0.001572
v 0.013591 0.165823 0.002021
v 0.009368 0.156926 -0.006438
v 0.002003 0.153981 -0.011337
v 0.014596 0.151095 -0.001812
v 0.007595 0.148669 -0.002729
v 0.006099 0.148342 -0.006026
v 0.006636 0.152065 -0.009335
v 0.017435 0.151204 0.013788
v 0.015165 0.144557 0.013131
v 0.011716 0.172786 -0.001501
v 0.008820 0.186423 -0.001371
v 0.003870 0.174111 -0.010137
v 0.002815 0.173565 -0.011145
v 0.009371 0.174659 -0.004086
v 0.005835 0.177600 -0.005036
v 0.005862 0.178230 -0.003267
v 0.011862 0.178637 0.010222
v 0.013545 0.169911 0.005582
v 0.011592 0.174590 0.003058
v 0.011155 0.175927 0.005849
v 0.009954 0.175365 0.004031
v 0.013238 0.173345 0.009466
v 0.010407 0.182257 0.001745
v 0.009573 0.181663 0.000709
v 0.009607 0.179743 0.002015
v 0.010820 0.180496 0.003199
v 0.009547 0.178701 0.005588
v 0.007930 0.181129 0.000079
v 0.007587 0.181173 0.004268
v 0.009887 0.181872 0.009937
v 0.009605 0.174901 0.001023
v 0.008417 0.179695 0.001321
v 0.008082 0.175981 -0.001429
v 0.007232 0.176678 0.000658
v 0.009483 0.177152 0.004188
v 0.008210 0.176359 0.002743
v 0.005184 0.178997 -0.001336
v 0.005030 0.159937 -0.008244
v 0.000728 0.154589 -0.012039
v 0.004144 0.160810 -0.009668
v -0.000598 0.155293 -0.012321
v -0.002280 0.155370 -0.012973
v 0.007043 0.164312 -0.008079
v 0.004486 0.166191 -0.010885
v 0.002754 0.167372 -0.011245
v 0.001980 0.168436 -0.010325
v 0.000726 0.167246 -0.009095
v -0.001060 0.165675 -0.009309
v 0.002210 0.162507 -0.010602
v -0.001620 0.159659 -0.012449
v 0.000260 0.160936 -0.011130
v -0.003889 0.155463 -0.014557
v -0.003087 0.164342 -0.010791
v 0.004025 0.148141 -0.008249
v 0.002421 0.147956 -0.009932
v -0.001395 0.146956 -0.009417
v 0.000255 0.144459 -0.006438
v 0.007680 0.143840 0.011328
v 0.003830 0.144307 0.000837
v 0.002597 0.145685 -0.002951
v 0.001692 0.143839 -0.000078
v -0.001361 0.145034 -0.005013
v 0.003810 0.136099 0.009725
v 0.001375 0.137183 0.001718
v -0.001245 0.138272 -0.003669
v -0.001147 0.128139 -0.002868
v 0.002352 0.127396 0.002672
v 0.002783 0.121926 0.002185
v -0.001468 0.120468 0.004296
v -0.004806 0.150548 -0.014159
v 0.000659 0.148489 -0.010968
v -0.001098 0.149059 -0.010910
v -0.002384 0.148069 -0.010625
v -0.003807 0.144550 -0.010019
v -0.002595 0.149799 -0.011708
v -0.008531 0.145384 -0.013978
v -0.009653 0.155939 -0.019297
v -0.012268 0.151217 -0.018886
v -0.013734 0.143137 -0.017745
v -0.003781 0.136856 -0.008043
v -0.004838 0.128046 -0.007753
v -0.007088 0.134525 -0.011095
v -0.007962 0.128053 -0.011015
v -0.007796 0.124193 -0.007690
v -0.011354 0.131918 -0.015181
v -0.014832 0.131197 -0.015230
v -0.011189 0.128494 -0.014002
v -0.013741 0.127481 -0.014091
v -0.011526 0.125334 -0.011305
v -0.002483 0.123472 -0.002785
v -0.006876 0.121851 0.001654
v -0.014103 0.124349 -0.001752
v 0.007771 0.185750 -0.002185
v 0.006014 0.184685 -0.002440
v 0.004111 0.191463 -0.003056
v 0.003099 0.190588 -0.003501
v 0.002886 0.182312 -0.002634
v 0.002012 0.181266 -0.005388
v 0.002159 0.181466 -0.003766
v -0.000742 0.175999 -0.008496
v 0.000224 0.179628 -0.009388
v -0.000461 0.179058 -0.010380
v -0.000899 0.177248 -0.009589
v 0.001588 0.189195 -0.003457
v -0.008354 0.182427 -0.012490
v -0.002985 0.184873 -0.003533
v -0.003700 0.184140 -0.005057
v -0.004119 0.179268 -0.009428
v -0.004336 0.181321 -0.011054
v -0.004977 0.183051 -0.009296
v 0.004983 0.184295 0.002548
v 0.001768 0.187820 0.001530
v -0.001976 0.190996 0.002246
v -0.001382 0.195516 -0.001847
v -0.002804 0.194500 -0.002774
v -0.004315 0.193076 -0.002601
v -0.006324 0.189696 -0.001730
v -0.001663 0.186073 -0.002939
v -0.007453 0.188598 -0.001923
v 0.001603 0.172697 -0.010360
v 0.000734 0.172103 -0.009309
v -0.000675 0.170874 -0.008479
v -0.002431 0.169934 -0.008619
v -0.004640 0.170373 -0.009394
v -0.003159 0.176305 -0.008225
v -0.005256 0.174895 -0.009119
v -0.010329 0.158603 -0.019100
v -0.008642 0.163020 -0.016818
v -0.013244 0.158515 -0.021061
v -0.009061 0.177266 -0.012908
v -0.007138 0.173687 -0.010915
v -0.007127 0.178948 -0.010735
v -0.010333 0.169339 -0.016692
v -0.011825 0.163973 -0.018863
v -0.018107 0.159737 -0.019306
v -0.013217 0.168753 -0.018965
v -0.017416 0.167592 -0.016354
v -0.011644 0.186070 -0.007977
v -0.015915 0.185923 -0.008717
v -0.009467 0.202227 0.013691
v -0.011128 0.200169 0.013810
v -0.008824 0.188435 -0.003072
v -0.014680 0.191272 0.008214
v -0.016762 0.190415 0.007756
v -0.010728 0.202180 0.013780
v -0.021616 0.187105 0.006654
v -0.019319 0.185075 -0.009017
v -0.023078 0.181883 -0.007900
v -0.026733 0.184300 0.005510
v -0.034452 0.176093 0.004206
v -0.027658 0.176787 -0.005502
v -0.037392 0.164310 0.003133
v -0.035491 0.167532 -0.002518
v -0.036762 0.169017 0.003450
v -0.012456 0.155385 -0.020337
v -0.014855 0.151037 -0.019917
v -0.015437 0.154925 -0.020032
v -0.016646 0.156672 -0.019539
v -0.019218 0.150326 -0.018909
v -0.017546 0.142324 -0.018282
v -0.022317 0.142064 -0.016833
v -0.021889 0.151333 -0.017873
v -0.025314 0.153253 -0.016444
v -0.026064 0.142212 -0.015403
v -0.029647 0.142366 -0.012188
v -0.021483 0.130640 -0.013596
v -0.023120 0.126079 -0.011604
v -0.028001 0.132504 -0.010883
v -0.018015 0.123855 -0.006743
v -0.020748 0.123205 -0.000998
v -0.023125 0.122235 0.004277
v -0.031202 0.124637 -0.006219
v -0.024022 0.121423 -0.003305
v -0.029180 0.117712 0.003007
v -0.025123 0.159903 -0.013379
v -0.035514 0.159662 0.003328
v -0.032781 0.134985 -0.007001
v -0.034265 0.125415 -0.002540
v -0.034844 0.124801 0.002420
v -0.034057 0.118765 0.002246
v 0.004164 0.152884 -0.010545
v -0.001735 0.143593 -0.022240
v -0.004094 0.149825 -0.015833
v -0.001316 0.147780 -0.017165
v -0.004470 0.137955 -0.025230
v -0.001222 0.150398 -0.016323
v -0.003412 0.151087 -0.015632
v -0.003350 0.140001 -0.026856
v -0.019166 0.127889 -0.027920
v -0.007235 0.163742 -0.009036
v -0.009948 0.157331 -0.014581
v -0.020727 0.154069 -0.029445
v -0.018399 0.162265 -0.025635
v -0.010407 0.176093 -0.037535
v 0.006973 0.147595 -0.000378
v 0.001620 0.153000 -0.018993
v 0.001477 0.154756 -0.015322
v 0.003369 0.154842 -0.013932
v 0.002266 0.156150 -0.011129
v 0.001964 0.158386 -0.007935
v -0.002401 0.143168 -0.026515
v -0.003200 0.141590 -0.022234
v -0.002511 0.142582 -0.018215
v -0.001078 0.143930 -0.017482
v -0.001367 0.146198 -0.017468
v -0.004263 0.148230 -0.015988
v -0.006522 0.150663 -0.015600
v -0.006595 0.152237 -0.015361
v -0.005852 0.153624 -0.014805
v -0.007526 0.149711 -0.015664
v -0.004429 0.136782 -0.029627
v -0.005738 0.135313 -0.026467
v -0.004379 0.137989 -0.022600
v -0.006778 0.133647 -0.023995
v -0.003957 0.154403 -0.014282
v -0.002186 0.156209 -0.013684
v -0.000032 0.152835 -0.016221
v -0.003506 0.140692 -0.030947
v -0.004745 0.138533 -0.031935
v -0.003784 0.142987 -0.030175
v -0.012298 0.126471 -0.030992
v -0.013832 0.125419 -0.031733
v -0.015057 0.125200 -0.028102
v -0.015711 0.126324 -0.024945
v -0.005848 0.159756 -0.012415
v -0.002695 0.163977 -0.010069
v -0.000961 0.163272 -0.009536
v -0.000443 0.158762 -0.012022
v 0.012783 0.167952 -0.026744
v 0.009986 0.163342 -0.030948
v -0.011116 0.135624 -0.019549
v -0.010663 0.141291 -0.017252
v -0.006758 0.139796 -0.018395
v -0.016986 0.126994 -0.031924
v -0.022358 0.128875 -0.030048
v -0.000515 0.151862 -0.030176
v -0.001074 0.150290 -0.030719
v -0.002628 0.148643 -0.031174
v -0.006582 0.162263 -0.009972
v -0.009763 0.160035 -0.011435
v -0.010223 0.161968 -0.009646
v -0.005443 0.167097 -0.008430
v -0.004417 0.166263 -0.009116
v -0.021594 0.134128 -0.022451
v -0.023957 0.132695 -0.028991
v -0.010498 0.155224 -0.016238
v -0.012640 0.159811 -0.013030
v -0.024290 0.135823 -0.028688
v -0.014087 0.133557 -0.039199
v -0.012597 0.157500 -0.032149
v -0.005533 0.153756 -0.032622
v -0.026047 0.132370 -0.033674
v -0.016181 0.160100 -0.030279
v -0.016691 0.158180 -0.029514
v -0.013830 0.153728 -0.033142
v -0.020173 0.155792 -0.026874
v -0.018686 0.156201 -0.024305
v -0.018471 0.154618 -0.023944
v -0.019145 0.152493 -0.024649
v -0.017452 0.159950 -0.026492
v -0.019181 0.157921 -0.026091
v -0.018664 0.156217 -0.029674
v -0.022602 0.150255 -0.030184
v -0.005461 0.175277 -0.037855
v -0.003829 0.180573 -0.034580
v -0.025213 0.174741 -0.026916
v -0.021702 0.188822 -0.018222
v -0.021388 0.183334 -0.022317
v -0.025375 0.182335 -0.019954
v -0.028338 0.181200 -0.018065
v -0.028226 0.177411 -0.021786
v -0.032401 0.175806 -0.013473
v -0.032793 0.170704 -0.019618
v -0.028670 0.169544 -0.027462
v -0.030796 0.170135 -0.019294
v -0.027645 0.169073 -0.026153
v -0.022778 0.165869 -0.031448
v -0.023116 0.167288 -0.032770
v -0.017698 0.164717 -0.036701
v -0.018142 0.163186 -0.035818
v -0.013113 0.160282 -0.038899
v -0.012203 0.161837 -0.039064
v -0.005760 0.156078 -0.034888
v 0.000365 0.152075 -0.032885
v 0.000759 0.151992 -0.030777
v 0.003041 0.149892 -0.028118
v 0.004083 0.148586 -0.030075
v 0.005078 0.148154 -0.022619
v 0.006678 0.146000 -0.023735
v 0.008765 0.148681 -0.024200
v 0.005607 0.149219 -0.031046
v 0.001869 0.152442 -0.035640
v 0.005754 0.151019 -0.030363
v 0.002254 0.154152 -0.034714
v -0.003814 0.157762 -0.038868
v -0.004656 0.156077 -0.038991
v 0.002974 0.170709 -0.036847
v 0.004874 0.177768 -0.032909
v -0.002908 0.186006 -0.029264
v -0.009404 0.185863 -0.028089
v -0.008780 0.193618 -0.020132
v -0.009040 0.196851 -0.017124
v -0.024274 0.190038 -0.016523
v -0.023779 0.189823 -0.014480
v -0.021956 0.187899 -0.014252
v -0.028781 0.176708 -0.013407
v -0.022739 0.167969 -0.017202
v -0.020440 0.165813 -0.020976
v -0.016718 0.163697 -0.012717
v -0.016793 0.161490 -0.016127
v -0.014708 0.159919 -0.018541
v -0.014490 0.157814 -0.019931
v -0.015072 0.156028 -0.020162
v -0.015405 0.154384 -0.019805
v -0.015850 0.152393 -0.019797
v -0.016922 0.149438 -0.020179
v -0.018885 0.144378 -0.020694
v -0.020895 0.149387 -0.025544
v -0.026558 0.137420 -0.033469
v -0.022394 0.139198 -0.036615
v -0.018130 0.148255 -0.032666
v -0.016363 0.149674 -0.032977
v -0.014764 0.144953 -0.034689
v -0.012828 0.146485 -0.035348
v -0.011675 0.147543 -0.035220
v -0.015628 0.151420 -0.033438
v -0.006016 0.143639 -0.032897
v -0.004209 0.146760 -0.031761
v -0.002420 0.145624 -0.029435
v -0.000595 0.147531 -0.028970
v -0.001283 0.145946 -0.025700
v 0.000631 0.147976 -0.025017
v 0.001250 0.150434 -0.024051
v 0.000809 0.149562 -0.028167
v 0.002969 0.151498 -0.022724
v 0.001482 0.150837 -0.027251
v 0.009122 0.148406 -0.011078
v 0.011591 0.147316 -0.010975
v 0.012530 0.150857 -0.011644
v 0.012487 0.154217 -0.013229
v 0.008796 0.151518 -0.023904
v 0.014658 0.172716 -0.022314
v 0.006789 0.183023 -0.027683
v -0.000440 0.193704 -0.020599
v -0.000429 0.197843 -0.017454
v -0.000913 0.199464 -0.012947
v -0.009303 0.197582 -0.012870
v -0.008697 0.195360 -0.012944
v -0.021038 0.172089 -0.014498
v -0.014321 0.168624 -0.009181
v -0.009884 0.166343 -0.007144
v -0.012952 0.161432 -0.010078
v -0.007011 0.166807 -0.007823
v -0.001002 0.197135 -0.012902
v 0.010126 0.193684 -0.009480
v 0.011443 0.195700 -0.010621
v 0.018030 0.184764 -0.007483
v 0.011242 0.193962 -0.015886
v 0.018798 0.180322 -0.012548
v 0.016341 0.176789 -0.017406
v 0.009605 0.189690 -0.019267
v 0.013245 0.151716 -0.005112
v 0.014807 0.156253 -0.006313
v 0.009203 0.146425 0.000024
v 0.016532 0.165204 -0.003389
v 0.015316 0.174970 -0.001702
v 0.016281 0.186325 -0.006092
v 0.012359 0.160924 0.000558
v 0.016887 0.158718 0.003101
v 0.009994 0.154916 0.001429
v 0.004318 0.180122 -0.008420
v 0.000079 0.150647 -0.020711
v -0.000858 0.148046 -0.021377
v -0.006230 0.142246 -0.033681
v -0.007503 0.140157 -0.034667
v -0.010860 0.136263 -0.038581
v -0.009784 0.133810 -0.036763
v -0.008935 0.130760 -0.034390
v -0.011372 0.127857 -0.034830
v -0.012042 0.129950 -0.038539
v -0.012675 0.127079 -0.035828
v -0.015260 0.128270 -0.035306
v -0.014783 0.130737 -0.037578
v -0.013575 0.132565 -0.037919
v -0.010896 0.133273 -0.037719
v -0.011886 0.135238 -0.039234
v -0.018325 0.140140 -0.037932
v -0.018716 0.138081 -0.039161
v -0.022793 0.136417 -0.037794
v -0.023319 0.135535 -0.036706
v -0.018330 0.134817 -0.039322
v -0.026752 0.135357 -0.031679
v -0.009387 0.149973 -0.034134
v -0.015589 0.141975 -0.018079
v -0.018216 0.132483 -0.020495
v -0.013618 0.146975 -0.017411
v -0.012350 0.150020 -0.016951
v -0.011591 0.152068 -0.016751
v -0.008120 0.147724 -0.015925
v -0.009298 0.145193 -0.016490
v -0.003373 0.145410 -0.016245
v -0.004772 0.143893 -0.017008
v -0.004554 0.138599 -0.019422
v -0.008863 0.133607 -0.020859
v -0.010934 0.153562 -0.016703
v -0.007802 0.157704 -0.013517
v -0.002524 0.172322 -0.008007
v -0.003829 0.130677 0.008091
v 0.003860 0.115850 -0.005750
v 0.001780 0.119033 -0.004160
v 0.011585 0.114199 0.009685
v 0.005585 0.118520 0.008981
v -0.002313 0.125849 0.008063
v 0.001109 0.119631 -0.003205
v -0.000480 0.121787 -0.002979
v 0.000795 0.121510 0.008337
v -0.011402 0.136008 -0.005509
v -0.006245 0.135326 -0.000131
v -0.005227 0.130881 -0.001414
v -0.006309 0.121907 -0.011024
v -0.003762 0.119849 -0.014208
v -0.007593 0.122517 -0.009780
v -0.002625 0.122364 -0.002548
v 0.004253 0.112563 -0.004486
v 0.002387 0.107559 -0.010284
v 0.008982 0.106377 0.000300
v 0.008456 0.104082 -0.001900
v 0.007039 0.101936 -0.002580
v 0.013134 0.077396 0.003406
v 0.005484 0.099775 -0.002646
v 0.003902 0.096808 -0.003065
v 0.002018 0.093548 -0.003426
v 0.008022 0.068942 0.004486
v -0.001833 0.111537 -0.015028
v -0.000358 0.104836 -0.010732
v -0.002479 0.103174 -0.009108
v -0.005155 0.109152 -0.015695
v -0.009848 0.111070 -0.018054
v -0.009137 0.106147 -0.015059
v -0.004023 0.101489 -0.008411
v -0.005459 0.079139 -0.009817
v -0.009458 0.104792 -0.011844
v -0.006930 0.095700 -0.008324
v 0.000186 0.090664 -0.002488
v 0.005654 0.066964 0.004823
v 0.003688 0.066732 0.004984
v -0.001071 0.089105 -0.000339
v -0.001952 0.088812 0.001613
v -0.000959 0.087949 0.006000
v -0.009014 0.092845 -0.005275
v -0.006846 0.068238 0.005614
v -0.017560 0.137035 -0.006202
v -0.016657 0.128528 -0.009044
v -0.021166 0.127388 -0.008091
v -0.022367 0.138251 -0.004319
v -0.024854 0.143454 -0.002392
v -0.026485 0.143731 0.000914
v -0.027090 0.144013 0.004570
v -0.025234 0.126577 -0.005472
v -0.014213 0.120949 -0.014081
v -0.014207 0.121223 -0.012278
v -0.014084 0.118570 -0.017321
v -0.020287 0.121411 -0.011573
v -0.021320 0.120323 -0.013353
v -0.024411 0.120742 -0.010395
v -0.021837 0.116545 -0.017276
v -0.029423 0.125966 -0.003212
v -0.027334 0.118458 -0.011090
v -0.028289 0.093452 -0.012810
v -0.032008 0.110093 -0.010307
v -0.031041 0.119853 -0.003463
v -0.032788 0.113538 -0.009157
v -0.034180 0.092679 0.005519
v -0.015162 0.111969 -0.017234
v -0.014443 0.107224 -0.014526
v -0.013968 0.105946 -0.012744
v -0.010667 0.103498 -0.009391
v -0.012297 0.100884 -0.007946
v -0.012851 0.077735 -0.006566
v -0.018865 0.105665 -0.014241
v -0.021191 0.111346 -0.016641
v -0.016939 0.100325 -0.010472
v -0.016714 0.078067 -0.007671
v -0.021255 0.077860 -0.009185
v -0.019151 0.095859 -0.009517
v -0.015773 0.094804 -0.006266
v -0.011851 0.089634 -0.001801
v -0.018665 0.092093 -0.005056
v -0.020644 0.093191 -0.008943
v -0.018208 0.089042 -0.000782
v -0.018684 0.087296 0.002966
v -0.025548 0.107322 -0.013883
v -0.029390 0.104013 -0.009910
v -0.023791 0.102940 -0.012888
v -0.027777 0.099362 -0.010560
v -0.031352 0.087805 0.005726
v -0.029086 0.080473 0.006182
v -0.023922 0.093247 -0.008374
v -0.025538 0.088483 0.001879
v -0.030501 0.093033 0.001311
v -0.014256 0.060868 0.002747
v -0.026049 0.070226 -0.004865
v -0.000071 0.066162 0.000391
v 0.006562 0.028480 -0.009718
v -0.013002 0.070816 -0.002308
v 0.002131 0.060109 0.000010
v -0.014058 0.033395 -0.012271
v -0.013904 0.036498 -0.007945
v 0.000290 0.037936 -0.004311
v -0.028389 0.071271 -0.008157
v -0.017858 0.056761 -0.002833
v 0.004494 0.075148 -0.018251
v -0.028351 0.069422 -0.011748
v -0.007658 0.030267 -0.017170
v -0.008428 0.031596 -0.013949
v -0.009948 0.032285 -0.010163
v -0.006847 0.028991 -0.010629
v -0.002501 0.024939 -0.012577
v -0.011423 0.032565 -0.016675
v -0.011957 0.031741 -0.018325
v -0.014830 0.032734 -0.015273
v -0.013614 0.033312 -0.014986
v -0.011834 0.033431 -0.014624
v -0.017834 0.063262 -0.000123
v -0.016120 0.066748 -0.000257
v -0.012099 0.062370 0.003301
v -0.012572 0.056035 0.001527
v -0.009632 0.056091 0.002923
v -0.014006 0.044228 -0.005825
v -0.014200 0.038614 -0.009349
v -0.015247 0.036679 -0.011809
v -0.014800 0.039046 -0.012376
v -0.015259 0.044968 -0.011544
v -0.027836 0.076590 -0.007187
v -0.025587 0.072354 -0.004856
v -0.020066 0.072562 -0.004325
v -0.024687 0.073769 -0.005260
v -0.003442 0.056594 0.000260
v -0.004334 0.064974 0.000885
v 0.000073 0.073015 -0.002201
v 0.004895 0.073194 -0.001187
v -0.007259 0.071978 -0.002622
v 0.006882 0.035003 -0.009166
v 0.004731 0.027204 -0.007876
v 0.005905 0.032809 -0.007353
v -0.021768 0.069927 -0.002861
v -0.008182 0.064446 0.002798
v 0.000871 0.046653 -0.002602
v -0.003257 0.045233 -0.001946
v 0.006589 0.059163 -0.000721
v 0.004878 0.045456 -0.003283
v -0.015599 0.085489 -0.014279
v -0.022873 0.081560 -0.010602
v -0.006417 0.087196 -0.016195
v 0.004153 0.080264 -0.007187
v -0.013123 0.034372 -0.010471
v -0.014857 0.034093 -0.010476
v -0.012118 0.044026 -0.003940
v -0.009627 0.044988 -0.001433
v -0.010378 0.036451 -0.005109
v 0.003117 0.035341 -0.004795
v 0.000874 0.028619 -0.005852
v -0.002482 0.035831 -0.004442
v -0.023871 0.065145 -0.004503
v -0.022989 0.067602 -0.002108
v 0.005132 0.069753 -0.018871
v -0.006297 0.044387 -0.000330
v -0.023154 0.064535 -0.010810
v -0.025137 0.072632 -0.017011
v -0.021463 0.066156 -0.017626
v -0.017943 0.056603 -0.018350
v -0.018723 0.056381 -0.011454
v -0.014934 0.045399 -0.016369
v -0.014927 0.037363 -0.016048
v -0.010726 0.036204 -0.020455
v -0.009845 0.045740 -0.022333
v -0.011669 0.058256 -0.025269
v -0.004801 0.046126 -0.023803
v -0.004590 0.058865 -0.027047
v -0.004474 0.071035 -0.023588
v -0.013150 0.069305 -0.022933
v -0.005297 0.078627 -0.022917
v -0.015642 0.075838 -0.022027
v -0.018646 0.086424 -0.020438
v -0.029359 0.080414 -0.013767
v -0.028601 0.083628 -0.010513
v -0.026641 0.082885 -0.010331
v -0.025837 0.078469 -0.007726
v -0.018300 0.088760 -0.018098
v -0.017328 0.088213 -0.015938
v -0.004748 0.090086 -0.022373
v -0.005328 0.090020 -0.019302
v 0.009772 0.079666 -0.012885
v 0.009179 0.081379 -0.009758
v 0.009262 0.072003 -0.002954
v 0.009680 0.070746 -0.006112
v 0.009012 0.059852 -0.003140
v 0.008986 0.078206 -0.014971
v 0.010718 0.069853 -0.008606
v 0.009760 0.059064 -0.006626
v 0.007291 0.045487 -0.007031
v 0.006524 0.045292 -0.004704
v 0.006181 0.058566 -0.020604
v 0.004690 0.045758 -0.017921
v 0.005059 0.034215 -0.016103
v 0.004621 0.026940 -0.015763
v 0.002217 0.023955 -0.014392
v -0.005532 0.035225 -0.022210
v -0.006436 0.031221 -0.022071
v -0.007442 0.029518 -0.020856
v -0.011939 0.033250 -0.020039
v -0.015996 0.033998 -0.016073
v -0.005125 0.087698 -0.023443
v -0.007147 0.056204 0.002543
v -0.032731 0.004042 -0.007619
v -0.038190 0.005050 -0.006401
v -0.039878 0.006435 -0.003380
v 0.002222 0.026834 -0.012971
v -0.030447 0.011259 0.004095
v -0.013164 0.016213 -0.000763
v -0.043108 0.012974 -0.013005
v -0.073632 0.012326 0.011302
v -0.002020 0.034274 -0.011831
v -0.013854 0.027523 -0.014211
v -0.038773 0.022779 0.006877
v -0.036568 0.024036 -0.015525
v -0.034569 0.025541 0.005527
v -0.007446 0.027625 -0.022592
v -0.023258 0.029999 -0.001199
v -0.021997 0.034922 -0.003152
v -0.035267 0.004151 -0.008568
v -0.029894 0.006004 -0.013259
v -0.031526 0.004112 -0.010490
v -0.027168 0.005763 -0.005041
v -0.025503 0.007185 -0.007670
v -0.034475 0.009996 -0.011513
v -0.036345 0.004612 -0.007005
v -0.037452 0.006819 -0.009999
v -0.041292 0.005490 -0.008196
v -0.041298 0.007350 -0.003832
v -0.042104 0.009302 -0.010486
v -0.039744 0.012423 -0.013684
v -0.043712 0.016390 -0.014455
v -0.043561 0.007362 -0.007935
v -0.000997 0.032558 -0.021660
v -0.003753 0.028090 -0.022333
v 0.000757 0.029840 -0.011528
v 0.002719 0.030798 -0.014301
v 0.000063 0.033686 -0.013165
v -0.029378 0.011346 0.003220
v -0.015179 0.013705 -0.001800
v -0.074593 0.015383 0.013027
v -0.032749 0.013498 0.005729
v -0.030123 0.017702 0.007106
v -0.026206 0.014717 0.005714
v -0.027985 0.010382 0.002373
v -0.027191 0.022525 0.005290
v -0.025667 0.021043 0.005472
v -0.002025 0.032349 -0.009969
v -0.003102 0.035183 -0.012250
v -0.000685 0.035269 -0.014539
v -0.004364 0.033369 -0.009414
v -0.009828 0.014687 -0.019886
v -0.033727 0.019417 -0.018577
v -0.035607 0.020763 -0.017007
v -0.040686 0.022627 -0.014327
v -0.038268 0.011170 -0.014009
v -0.043864 0.020552 -0.013814
v -0.015492 0.024768 -0.022781
v -0.081137 0.018705 0.005673
v -0.077086 0.018416 0.003629
v -0.077761 0.021628 0.005175
v -0.081297 0.021261 0.006560
v -0.084127 0.019987 0.006915
v -0.010310 0.032418 -0.016268
v -0.012106 0.029911 -0.013063
v -0.040218 0.017137 0.006385
v -0.030990 0.024501 0.005240
v -0.033638 0.020049 0.007239
v -0.086208 0.018194 0.008040
v -0.084850 0.018986 0.007162
v -0.085911 0.023051 0.007689
v -0.083363 0.022578 0.014560
v -0.081218 0.024052 0.013521
v -0.032144 0.027447 -0.017303
v -0.035568 0.028009 -0.014890
v -0.040228 0.027553 -0.012518
v -0.011853 0.029002 -0.020500
v -0.006745 0.030193 -0.022410
v -0.025958 0.030417 -0.000223
v -0.025569 0.032934 -0.000729
v -0.021054 0.032741 -0.003044
v -0.018986 0.030998 -0.003576
v -0.006038 0.033401 -0.018788
v -0.013881 0.034929 -0.010610
v -0.009028 0.033188 -0.008030
v -0.016703 0.036123 -0.010272
v -0.022094 0.037635 -0.008459
v -0.027412 0.038667 -0.006876
v -0.028770 0.037800 -0.011306
v -0.023464 0.036805 -0.012606
v -0.032357 0.038355 -0.005456
v -0.033660 0.037468 -0.009711
v -0.040432 0.035233 -0.008106
v -0.040137 0.030871 -0.009843
v -0.035205 0.033057 -0.012954
v -0.045660 0.031434 -0.005742
v -0.045350 0.027646 -0.008287
v -0.045139 0.024285 -0.011639
v -0.077340 0.016181 0.003880
v -0.077686 0.012856 0.004570
v -0.078274 0.007272 0.007636
v -0.083072 0.015109 0.006845
v -0.085786 0.012523 0.011038
v -0.087883 0.017796 0.012199
v -0.084250 0.017009 0.015151
v -0.081956 0.012578 0.013637
v -0.086538 0.024311 0.011330
v -0.083525 0.026027 0.010354
v -0.077393 0.026773 0.008476
v -0.076462 0.025072 0.011657
v -0.076249 0.023285 0.012223
v -0.076077 0.021620 0.012725
v -0.075754 0.018511 0.014092
v -0.076417 0.008394 0.010546
v -0.043481 0.008327 -0.003564
v -0.040133 0.012815 0.003078
v -0.035973 0.014931 0.006257
v -0.037649 0.011693 0.002258
v -0.035596 0.010166 0.001831
v -0.032730 0.007638 0.000922
v -0.031723 0.007543 -0.000237
v -0.030520 0.006481 -0.001192
v -0.026659 0.008735 0.001790
v -0.029399 0.004889 -0.001787
v -0.024146 0.007856 -0.001199
v -0.021470 0.011306 0.002623
v -0.020330 0.011385 -0.000612
v -0.022880 0.008657 -0.003877
v -0.018463 0.015943 0.004599
v -0.024696 0.013240 0.005689
v -0.022254 0.019318 0.007016
v -0.019048 0.025286 0.004120
v -0.023988 0.020605 0.005933
v -0.020821 0.026399 0.002306
v -0.007245 0.031424 -0.005708
v -0.004397 0.026148 -0.004428
v -0.014990 0.021063 0.003431
v -0.013970 0.018276 0.001249
v -0.017418 0.014757 0.001512
v -0.017653 0.010982 -0.004070
v -0.019795 0.008919 -0.006873
v -0.022489 0.007674 -0.010125
v -0.022523 0.007302 -0.012567
v -0.021497 0.012074 -0.017191
v -0.025947 0.012808 -0.018760
v -0.019916 0.016661 -0.019991
v -0.024390 0.017912 -0.021938
v -0.025866 0.018575 -0.022941
v -0.027550 0.013168 -0.019938
v -0.030148 0.015882 -0.018456
v -0.031624 0.017628 -0.018505
v -0.036273 0.009919 -0.012835
v -0.039886 0.006751 -0.010891
v -0.026808 0.021395 -0.019912
v -0.027824 0.023853 -0.019264
v -0.029573 0.025978 -0.018767
v -0.025377 0.032843 -0.017006
v -0.029701 0.033405 -0.016029
v -0.022155 0.031231 -0.017331
v -0.017411 0.035436 -0.013366
v -0.014548 0.034042 -0.014446
v -0.019009 0.029209 -0.023980
v -0.019900 0.030045 -0.018128
v -0.017097 0.026895 -0.023651
v -0.009025 0.010299 -0.017402
v 0.002147 0.034634 -0.018140
v -0.008448 0.007948 -0.015832
v -0.008192 0.008211 -0.014461
v 0.002688 0.034149 -0.016030
v -0.007776 0.008803 -0.013031
v -0.006861 0.010297 -0.010611
v -0.005419 0.013745 -0.007076
v -0.004476 0.018137 -0.004758
v -0.004205 0.022367 -0.004000
v -0.006375 0.033740 -0.009487
v -0.004324 0.035987 -0.013033
v -0.010035 0.032494 -0.011927
v -0.007758 0.034537 -0.015473
v -0.005124 0.034487 -0.019190
v -0.001668 0.036123 -0.016203
v -0.007830 0.032031 -0.019645
v -0.078107 0.025143 0.005436
v -0.083592 0.024557 0.007159
v -0.045091 0.033200 -0.002585
v -0.039154 0.037311 -0.004353
v -0.037402 0.034206 -0.000148
v -0.042954 0.031713 0.000580
v -0.036443 0.032229 0.000727
v -0.041985 0.030238 0.001507
v -0.035620 0.031004 0.001588
v -0.041052 0.029076 0.003062
v -0.030807 0.032987 -0.000193
v -0.030148 0.030964 -0.000037
v -0.031325 0.035347 -0.000323
v -0.025716 0.035334 -0.001095
v -0.081950 0.017094 0.005974
v -0.089144 0.004388 0.005295
v -0.086803 0.002729 0.009040
v -0.083456 0.001891 0.012289
v -0.092402 0.005792 0.008407
v -0.089545 0.003931 0.011929
v -0.090622 0.004930 0.006712
v -0.085686 0.003092 0.014898
v -0.097232 0.008399 0.012924
v -0.097888 0.009327 0.012393
v -0.094014 0.006789 0.016847
v -0.091433 0.005697 0.020221
v -0.094020 0.007286 0.010829
v -0.091212 0.005613 0.014139
v -0.088521 0.005213 0.017394
v -0.083856 0.006889 0.016816
v -0.094325 0.009683 0.009166
v -0.086634 0.007299 0.019189
v -0.103809 0.008177 0.018659
v -0.103197 0.007560 0.019022
v -0.100314 0.006119 0.021778
v -0.098396 0.005427 0.024682
v -0.097750 0.006882 0.026254
v -0.109655 0.004623 0.025945
v -0.108265 0.003812 0.027385
v -0.109844 0.005421 0.025476
v -0.107196 0.003515 0.028839
v -0.106439 0.004257 0.030101
v -0.110615 0.005795 0.027868
v -0.109897 0.004909 0.029323
v -0.110512 0.006529 0.026456
v -0.110923 0.006918 0.029084
v -0.109554 0.006823 0.030052
v -0.110235 0.006002 0.030406
v -0.110148 0.008039 0.027890
v -0.111074 0.007705 0.027656
v -0.110009 0.007499 0.029020
v -0.108740 0.004392 0.030188
v -0.106947 0.005860 0.031192
v -0.109003 0.005740 0.031057
v -0.108772 0.006607 0.030809
v -0.107168 0.007086 0.031333
v -0.106254 0.008190 0.030254
v -0.104129 0.010557 0.019322
v -0.097957 0.011037 0.029138
v -0.090208 0.007360 0.022111
v -0.095123 0.014180 0.010633
v -0.098329 0.012912 0.013325
v -0.104938 0.013349 0.020527
v -0.105642 0.014990 0.021601
v -0.097917 0.013189 0.028913
v -0.098296 0.012094 0.029994
v -0.099990 0.017466 0.015685
v -0.088581 0.013075 0.025107
v -0.088829 0.014981 0.025669
v -0.100722 0.020314 0.017366
v -0.089622 0.018407 0.026918
v -0.087081 0.004336 0.003342
v -0.086537 0.007542 0.002409
v -0.080948 0.001835 0.011065
v -0.089660 0.009302 0.005239
v -0.088412 0.008613 0.002762
v -0.081186 0.005997 0.015533
v -0.078689 0.005964 0.013355
v -0.091348 0.009590 0.006982
v -0.082939 0.015919 0.004015
v -0.085093 0.016542 0.004620
v -0.079702 0.014324 0.007527
v -0.076555 0.012825 0.013554
v -0.089093 0.016689 0.007349
v -0.077522 0.014180 0.015564
v -0.082011 0.019494 0.004795
v -0.084430 0.020377 0.005613
v -0.074451 0.015904 0.013243
v -0.075310 0.017167 0.015317
v -0.072004 0.023092 0.009977
v -0.092033 0.015393 0.008730
v -0.093485 0.020402 0.009727
v -0.085092 0.013954 0.021862
v -0.081600 0.015868 0.018707
v -0.088597 0.022363 0.007591
v -0.078125 0.020379 0.017996
v -0.097106 0.018966 0.012356
v -0.094279 0.023942 0.011282
v -0.085572 0.016835 0.022540
v -0.085705 0.019778 0.023093
v -0.098199 0.022746 0.015311
v -0.089355 0.024520 0.008868
v -0.090057 0.026550 0.010088
v -0.082939 0.019444 0.020422
v -0.082918 0.022419 0.021117
v -0.080446 0.024122 0.020336
v -0.086830 0.026004 0.016811
v -0.078634 0.024384 0.004189
v -0.081262 0.025852 0.004619
v -0.075498 0.025646 0.004263
v -0.076276 0.027984 0.005721
v -0.071586 0.024844 0.013032
v -0.084520 0.029200 0.008249
v -0.085669 0.030789 0.009486
v -0.086352 0.031899 0.010530
v -0.080203 0.026918 0.020800
v -0.077816 0.032381 0.009421
v -0.073277 0.028202 0.016169
v -0.073721 0.029278 0.016960
v -0.078575 0.033824 0.010360
v -0.078903 0.034697 0.011107
v -0.074631 0.031284 0.018611
v -0.013347 0.123534 -0.038944
v -0.013750 0.122623 -0.035011
v -0.016121 0.120767 -0.027119
v -0.015159 0.125346 -0.042748
v -0.012089 0.136103 -0.029371
v -0.011935 0.136898 -0.032283
v -0.016545 0.136471 -0.025714
v -0.020124 0.121066 -0.024274
v -0.026724 0.111804 -0.045868
v -0.024143 0.108351 -0.040855
v -0.024835 0.108706 -0.042595
v -0.026810 0.107391 -0.043755
v -0.027526 0.105743 -0.042981
v -0.027440 0.106163 -0.044676
v -0.026618 0.106960 -0.042317
v -0.028047 0.105822 -0.040957
v -0.026471 0.107044 -0.038314
v -0.028526 0.106097 -0.044845
v -0.028842 0.105599 -0.043721
v -0.029831 0.105521 -0.042410
v -0.028619 0.109583 -0.046606
v -0.029292 0.108558 -0.047297
v -0.029992 0.108229 -0.047022
v -0.031459 0.108313 -0.035553
v -0.033332 0.106517 -0.040585
v -0.032391 0.106769 -0.038314
v -0.029766 0.115144 -0.047435
v -0.032079 0.110037 -0.047971
v -0.030781 0.112010 -0.048320
v -0.033389 0.110889 -0.048369
v -0.034541 0.109757 -0.046127
v -0.035066 0.107290 -0.041512
v -0.035236 0.108432 -0.043211
v -0.033542 0.112778 -0.048159
v -0.035026 0.112109 -0.046137
v -0.034973 0.110527 -0.046436
v -0.035531 0.110253 -0.038882
v -0.034250 0.110821 -0.035541
v -0.036058 0.108571 -0.040695
v -0.036283 0.109357 -0.042989
v -0.035338 0.109101 -0.038503
v -0.035936 0.110545 -0.040374
v -0.036243 0.110675 -0.042487
v -0.034611 0.112116 -0.036697
v -0.013273 0.137843 -0.037372
v -0.019090 0.136227 -0.024418
v -0.016888 0.137787 -0.039610
v -0.021116 0.129071 -0.043961
v -0.025974 0.131031 -0.041698
v -0.021650 0.138802 -0.037590
v -0.023530 0.136445 -0.026360
v -0.025312 0.137624 -0.028546
v -0.025097 0.138913 -0.034422
v -0.030247 0.130730 -0.036079
v -0.026031 0.123846 -0.024819
v -0.033157 0.115829 -0.046989
v -0.028699 0.125562 -0.026620
v -0.034888 0.115504 -0.044466
v -0.036192 0.114151 -0.040905
v -0.035304 0.113311 -0.038534
v -0.030848 0.126778 -0.029174
v -0.031343 0.128987 -0.031495
v -0.004434 0.034569 -0.008824
v 0.002094 0.026932 -0.022958
v 0.010779 0.024631 -0.018061
v -0.005823 0.034174 -0.010917
v -0.005597 0.032736 -0.009155
v -0.006670 0.034736 -0.020450
v -0.005976 0.004952 -0.019255
v -0.008369 0.007964 -0.003148
v -0.015607 0.005703 -0.010709
v -0.006832 0.033548 -0.020314
v -0.005434 0.030739 -0.005565
v 0.010398 0.024891 -0.017023
v -0.006704 0.032792 -0.020430
v 0.002370 0.022800 -0.015565
v -0.012800 0.004650 -0.006791
v 0.004793 0.026554 -0.022740
v -0.003943 0.031470 -0.005129
v 0.009497 0.026275 -0.019846
v -0.000855 0.013937 -0.003239
v -0.002822 0.005857 -0.005327
v -0.005847 0.004101 -0.015981
v -0.003142 0.032744 -0.006697
v -0.004129 0.031708 -0.006804
v -0.004107 0.034086 -0.009469
v -0.002675 0.032796 -0.007866
v -0.007693 0.031475 -0.019387
v -0.008258 0.032344 -0.019305
v -0.007308 0.033922 -0.021181
v -0.008418 0.032564 -0.021232
v 0.003579 0.026385 -0.019258
v -0.000933 0.027907 -0.023692
v -0.001079 0.028345 -0.025439
v 0.002297 0.027073 -0.026389
v 0.006260 0.026742 -0.019120
v 0.004111 0.025870 -0.014392
v 0.000230 0.022616 -0.020232
v 0.009357 0.025167 -0.021349
v -0.005460 0.034302 -0.009428
v -0.006571 0.032385 -0.010998
v -0.005339 0.031328 -0.011614
v -0.004442 0.033543 -0.011014
v -0.007701 0.030571 -0.009154
v -0.008316 0.030314 -0.010547
v -0.005867 0.029384 -0.006534
v -0.010784 0.030607 -0.021735
v -0.011453 0.031059 -0.023354
v -0.006634 0.034538 -0.021515
v -0.010846 0.030653 -0.019808
v -0.010789 0.029865 -0.019186
v -0.008699 0.029963 -0.020575
v -0.003632 0.001230 -0.015477
v 0.003075 0.008770 -0.015713
v 0.000836 0.011192 -0.021391
v -0.006467 0.011737 -0.024162
v -0.001518 0.015430 -0.025450
v -0.005004 0.002212 -0.013704
v -0.003976 0.008890 -0.003806
v -0.005287 0.006789 -0.005510
v -0.008324 0.005171 -0.006938
v -0.010758 0.010258 -0.004325
v -0.010268 0.003283 -0.008912
v -0.009364 0.027133 -0.024859
v -0.009910 0.029101 -0.022539
v -0.006873 0.032277 -0.022890
v -0.009915 0.029380 -0.025245
v -0.010290 0.030186 -0.021018
v -0.013422 0.007050 -0.011677
v -0.010347 0.011913 -0.005567
v -0.012724 0.002257 -0.012586
v -0.002791 0.003797 -0.007824
v -0.003595 0.001193 -0.011335
v -0.005834 0.032199 -0.021928
v -0.005696 0.031705 -0.021466
v -0.006629 0.032648 -0.022521
v -0.006804 0.029859 -0.020818
v -0.004718 0.032199 -0.005194
v -0.005766 0.030539 -0.002648
v -0.005632 0.028508 -0.003537
v -0.004493 0.030655 -0.007744
v -0.003359 0.032849 -0.007879
v -0.004929 0.028684 -0.005391
v 0.009229 0.025358 -0.012478
v -0.002063 0.015594 -0.013308
v -0.003420 0.016484 -0.017889
v 0.005762 0.026727 -0.024430
v -0.003857 0.028905 -0.003302
v -0.002506 0.031912 -0.006944
v -0.001887 0.028842 -0.004985
v 0.007913 0.020124 -0.015083
v 0.007380 0.020722 -0.011210
v 0.007608 0.025517 -0.012775
v 0.004156 0.014057 -0.004889
v -0.001230 0.006382 -0.004399
v 0.002730 0.019470 -0.004359
v 0.005296 0.015534 -0.006241
v -0.001300 0.022501 -0.002787
v -0.000583 0.024921 -0.003821
v -0.004804 0.014794 -0.001223
v -0.003626 0.022753 -0.000911
v -0.000578 0.002710 -0.007680
v 0.003890 0.010470 -0.009230
v 0.003914 0.008725 -0.013378
v -0.001795 0.000149 -0.012034
v 0.007045 0.020331 -0.017810
v 0.004564 0.020938 -0.023080
v 0.001553 0.022324 -0.025608
v -0.002749 0.026314 -0.027054
v -0.002725 0.022520 -0.026266
v -0.006218 0.029716 -0.025775
v -0.006834 0.028953 -0.025304
v -0.005667 0.020234 -0.025573
v -0.010968 0.022505 -0.025507
v -0.012191 0.014029 -0.023683
v -0.014603 0.005514 -0.018602
v -0.013227 0.023730 -0.025416
v -0.014329 0.015942 -0.022375
v -0.017013 0.007127 -0.016888
v -0.012314 0.015562 -0.021316
v -0.015162 0.008030 -0.016489
v -0.009470 0.016321 -0.020378
v -0.011223 0.010771 -0.016736
v -0.010047 0.010132 -0.011467
v -0.008946 0.012269 -0.006783
v -0.001282 0.016226 -0.009617
v -0.001886 0.017090 -0.006699
v -0.006781 0.017760 -0.003023
v 0.002603 0.022980 -0.010629
v 0.001349 0.024993 -0.008129
v -0.001402 0.027867 -0.007007
v -0.001034 0.022880 -0.006386
v 0.003638 0.025465 -0.010070
v 0.002622 0.026606 -0.006981
v -0.000173 0.029113 -0.006130
v -0.002762 0.031961 -0.008967
v -0.003516 0.030357 -0.009492
v 0.003081 0.027019 -0.005881
v 0.000272 0.029668 -0.004863
v 0.003736 0.026480 -0.003688
v 0.000040 0.029576 -0.003679
v 0.003302 0.025345 -0.003404
v -0.000687 0.028815 -0.003346
v 0.006791 0.025104 -0.007257
v 0.007084 0.022919 -0.005830
v 0.005478 0.025649 -0.008642
v -0.007515 0.029075 -0.010535
v -0.005651 0.027435 -0.008396
v -0.005250 0.022574 -0.002541
v -0.006475 0.023117 -0.000591
v -0.008125 0.017619 -0.001172
v -0.005341 0.023160 0.000341
v -0.007000 0.015793 -0.000194
v -0.004527 0.018452 -0.020370
v -0.009111 0.023122 -0.021063
v -0.005824 0.023932 -0.021582
v -0.004786 0.027375 -0.021988
v -0.002212 0.024488 -0.022212
v -0.003665 0.029966 -0.022723
v -0.003970 0.030358 -0.023678
v -0.004710 0.030326 -0.024637
v -0.001724 0.028213 -0.027838
v 0.002159 0.026092 -0.028796
v -0.007959 0.032046 -0.022863
v -0.009182 0.031322 -0.020914
v -0.008617 0.031154 -0.022364
v -0.009381 0.031209 -0.019362
v -0.009006 0.030248 -0.019135
v -0.008506 0.028093 -0.020481
v 0.006515 0.025195 -0.026214
v -0.011521 0.023353 -0.022697
v -0.028754 0.087825 -0.055106
v -0.027201 0.087260 -0.053936
v -0.027869 0.087629 -0.054675
v -0.027173 0.086664 -0.053102
v -0.027868 0.090360 -0.051256
v -0.028469 0.090893 -0.052068
v -0.029530 0.091042 -0.052557
v -0.031900 0.089219 -0.052933
v -0.028112 0.089664 -0.050385
v -0.028930 0.089002 -0.049736
v -0.022423 0.108778 -0.043309
v -0.022208 0.110937 -0.046359
v -0.022810 0.107726 -0.039978
v -0.022820 0.107239 -0.037072
v -0.024126 0.107249 -0.034709
v -0.026069 0.107454 -0.032565
v -0.030590 0.096855 -0.046641
v -0.030191 0.093688 -0.049766
v -0.028529 0.093203 -0.048282
v -0.028508 0.092193 -0.047566
v -0.029317 0.093894 -0.049051
v -0.033786 0.090210 -0.051666
v -0.029463 0.091476 -0.047112
v -0.029907 0.095965 -0.045164
v -0.030131 0.095132 -0.044344
v -0.032184 0.095111 -0.044439
v -0.035230 0.091961 -0.052998
v -0.027254 0.102518 -0.043939
v -0.028147 0.102043 -0.040790
v -0.030589 0.098253 -0.043954
v -0.031355 0.099194 -0.047588
v -0.030538 0.098759 -0.045703
v -0.032571 0.099752 -0.049497
v -0.029725 0.102198 -0.038422
v -0.028545 0.104563 -0.035721
v -0.032504 0.096700 -0.050638
v -0.031126 0.096565 -0.048621
v -0.031462 0.097629 -0.042905
v -0.032891 0.097495 -0.042358
v -0.034013 0.094108 -0.052255
v -0.035470 0.097084 -0.052263
v -0.037545 0.093954 -0.053374
v -0.028288 0.083741 -0.057545
v -0.028174 0.084534 -0.057116
v -0.028864 0.083524 -0.057776
v -0.027810 0.083321 -0.057495
v -0.027353 0.084257 -0.056741
v -0.029072 0.084641 -0.057317
v -0.027014 0.083751 -0.056060
v -0.027425 0.083211 -0.055350
v -0.028043 0.081836 -0.056923
v -0.028425 0.082732 -0.057913
v -0.027974 0.081953 -0.057519
v -0.027700 0.082252 -0.056325
v -0.027419 0.082590 -0.057111
v -0.029807 0.081958 -0.057587
v -0.029370 0.081438 -0.057449
v -0.029360 0.081359 -0.056746
v -0.030543 0.082708 -0.056670
v -0.030257 0.082827 -0.057511
v -0.030138 0.081858 -0.056798
v -0.029264 0.081617 -0.055822
v -0.030627 0.084287 -0.056844
v -0.030436 0.082750 -0.055932
v -0.030771 0.083790 -0.056175
v -0.029962 0.082756 -0.054882
v -0.029094 0.082453 -0.054620
v -0.030099 0.082093 -0.055856
v -0.030501 0.083780 -0.055006
v -0.030679 0.087227 -0.054699
v -0.031038 0.086629 -0.053916
v -0.029484 0.085292 -0.051775
v -0.030328 0.085622 -0.052218
v -0.030781 0.086128 -0.053012
v -0.027760 0.086034 -0.052434
v -0.031644 0.088077 -0.050574
v -0.031793 0.088573 -0.052237
v -0.031610 0.088196 -0.051416
v -0.036283 0.083461 -0.051615
v -0.037432 0.083050 -0.055775
v -0.036936 0.082209 -0.055022
v -0.037547 0.081166 -0.054302
v -0.038321 0.080126 -0.058007
v -0.038919 0.079169 -0.057456
v -0.039136 0.080940 -0.053912
v -0.038181 0.081264 -0.058508
v -0.040364 0.078455 -0.061687
v -0.039782 0.079381 -0.061836
v -0.039902 0.079076 -0.064069
v -0.040510 0.078240 -0.064030
v -0.040078 0.079171 -0.057082
v -0.041443 0.078409 -0.061648
v -0.039759 0.080420 -0.061993
v -0.042318 0.079088 -0.061697
v -0.040674 0.081076 -0.061978
v -0.039851 0.078945 -0.065439
v -0.039776 0.080268 -0.064748
v -0.040089 0.079639 -0.065928
v -0.040361 0.078316 -0.065649
v -0.041204 0.078169 -0.065497
v -0.040655 0.080160 -0.065892
v -0.041333 0.078170 -0.064525
v -0.040637 0.080795 -0.064888
v -0.040837 0.079146 -0.066502
v -0.041751 0.078681 -0.065707
v -0.041363 0.079703 -0.066123
v -0.041977 0.079357 -0.065592
v -0.042169 0.078712 -0.064105
v -0.041908 0.080603 -0.064468
v -0.042396 0.079641 -0.064141
v -0.032381 0.087835 -0.049121
v -0.033875 0.088659 -0.050930
v -0.033971 0.087612 -0.050269
v -0.035429 0.085974 -0.050765
v -0.036678 0.085147 -0.053594
v -0.036186 0.084305 -0.052734
v -0.035129 0.086937 -0.051754
v -0.034451 0.087018 -0.049552
v -0.036700 0.085750 -0.049755
v -0.035497 0.088321 -0.052521
v -0.036805 0.089155 -0.053407
v -0.036345 0.087746 -0.048834
v -0.037631 0.086036 -0.054211
v -0.039038 0.087340 -0.054526
v -0.038226 0.087037 -0.049041
v -0.038375 0.083199 -0.050384
v -0.038400 0.083901 -0.055870
v -0.039665 0.083929 -0.054100
v -0.039632 0.083693 -0.051732
v -0.039953 0.081645 -0.054533
v -0.039179 0.081902 -0.058422
v -0.040398 0.082080 -0.057975
v -0.040952 0.081255 -0.057422
v -0.039526 0.083295 -0.056113
v -0.039986 0.082520 -0.055475
v -0.038974 0.084714 -0.054733
v -0.039202 0.084750 -0.054979
v -0.039892 0.084799 -0.054032
v -0.040697 0.084416 -0.054527
v -0.040377 0.084621 -0.052635
v -0.039706 0.086310 -0.054294
v -0.039736 0.086040 -0.049563
v -0.040817 0.085494 -0.055019
v -0.041928 0.083650 -0.056300
v -0.041798 0.082842 -0.055495
v -0.042715 0.082077 -0.054789
v -0.041181 0.084161 -0.053517
v -0.043355 0.083625 -0.053863
v -0.038733 0.090416 -0.053624
v -0.036573 0.091173 -0.046974
v -0.040140 0.088832 -0.048205
v -0.038467 0.089945 -0.047788
v -0.038146 0.094973 -0.044207
v -0.039252 0.093623 -0.045668
v -0.041830 0.088494 -0.054944
v -0.041788 0.090271 -0.054493
v -0.040820 0.092103 -0.046962
v -0.042485 0.090655 -0.047696
v -0.041314 0.085038 -0.050235
v -0.041761 0.087686 -0.054652
v -0.041467 0.087965 -0.048682
v -0.042228 0.087526 -0.054510
v -0.043271 0.086592 -0.053797
v -0.042600 0.085779 -0.052178
v -0.042743 0.086144 -0.050625
v -0.043196 0.086209 -0.052950
v -0.042809 0.085224 -0.056529
v -0.043189 0.085870 -0.056300
v -0.043770 0.084890 -0.054432
v -0.044032 0.085250 -0.055539
v -0.043925 0.087183 -0.053399
v -0.043367 0.086840 -0.051777
v -0.043562 0.086947 -0.052524
v -0.042749 0.087856 -0.049307
v -0.043594 0.089328 -0.048458
v -0.044698 0.088221 -0.053558
v -0.044733 0.086812 -0.049866
v -0.045104 0.086017 -0.053795
v -0.044300 0.086446 -0.052968
v -0.044689 0.086364 -0.051533
v -0.046019 0.086660 -0.054115
v -0.047001 0.085946 -0.051724
v -0.041015 0.080057 -0.057049
v -0.042361 0.080179 -0.061758
v -0.041746 0.081094 -0.061914
v -0.043262 0.081990 -0.060267
v -0.043753 0.081020 -0.059957
v -0.044734 0.080656 -0.059664
v -0.043351 0.083051 -0.060550
v -0.045682 0.081238 -0.059517
v -0.044309 0.083589 -0.060361
v -0.045441 0.083222 -0.059865
v -0.045780 0.082307 -0.059687
v -0.044291 0.081351 -0.063789
v -0.044744 0.080647 -0.063620
v -0.044854 0.082768 -0.063953
v -0.044282 0.082186 -0.063902
v -0.045517 0.080501 -0.063501
v -0.044090 0.081888 -0.066518
v -0.044524 0.080801 -0.066512
v -0.044053 0.082039 -0.065851
v -0.044150 0.081319 -0.066578
v -0.044075 0.081299 -0.065751
v -0.044591 0.081482 -0.067138
v -0.045027 0.080862 -0.066741
v -0.044530 0.080708 -0.065772
v -0.045122 0.081683 -0.067153
v -0.045603 0.081887 -0.066610
v -0.044543 0.082581 -0.066003
v -0.044483 0.082230 -0.066814
v -0.045252 0.080649 -0.065838
v -0.045177 0.082252 -0.066830
v -0.045552 0.081343 -0.066784
v -0.045283 0.082519 -0.065993
v -0.045750 0.081925 -0.065896
v -0.045775 0.081176 -0.065878
v -0.046113 0.081030 -0.063578
v -0.046085 0.081850 -0.063763
v -0.045672 0.082671 -0.063785
v -0.047917 0.083595 -0.063628
v -0.048483 0.082742 -0.063621
v -0.048109 0.083094 -0.063716
v -0.048006 0.082875 -0.062882
v -0.047697 0.083674 -0.062994
v -0.048789 0.082312 -0.062363
v -0.046375 0.084063 -0.054674
v -0.046034 0.085209 -0.055204
v -0.047828 0.083111 -0.055269
v -0.047916 0.082536 -0.060207
v -0.047494 0.083604 -0.060358
v -0.048239 0.084402 -0.060357
v -0.046492 0.086220 -0.055498
v -0.049007 0.084067 -0.055580
v -0.048317 0.085713 -0.055939
v -0.050549 0.085629 -0.058489
v -0.050786 0.084423 -0.058321
v -0.048960 0.082147 -0.060060
v -0.048316 0.084011 -0.063646
v -0.048247 0.084213 -0.062994
v -0.049608 0.083074 -0.062444
v -0.049061 0.083900 -0.062888
v -0.049318 0.084050 -0.060214
v -0.049773 0.082972 -0.060049
v -0.049096 0.083449 -0.064005
v -0.048805 0.083865 -0.063824
v -0.051050 0.084694 -0.060851
v -0.050869 0.085586 -0.060465
v -0.051283 0.085598 -0.061573
v -0.052358 0.084954 -0.061296
v -0.052212 0.085721 -0.061330
v -0.051648 0.084952 -0.062001
v -0.051545 0.086006 -0.060801
v -0.051731 0.085754 -0.061588
v -0.051939 0.084705 -0.061591
v -0.051990 0.084326 -0.060308
v -0.024750 0.114133 -0.048177
v -0.029800 0.105575 -0.049483
v -0.030006 0.108698 -0.050190
v -0.031960 0.106567 -0.050312
v -0.029500 0.109861 -0.030184
v -0.027576 0.117207 -0.049978
v -0.029742 0.119324 -0.049933
v -0.031396 0.111497 -0.051158
v -0.033163 0.113763 -0.050659
v -0.031858 0.113428 -0.030119
v -0.034618 0.100626 -0.050973
v -0.030917 0.106369 -0.033477
v -0.031620 0.102630 -0.036747
v -0.035152 0.104358 -0.036584
v -0.037844 0.098143 -0.041610
v -0.037186 0.102018 -0.050595
v -0.038910 0.099054 -0.051835
v -0.034308 0.108021 -0.050159
v -0.036563 0.109542 -0.049085
v -0.032001 0.109520 -0.031280
v -0.033996 0.107791 -0.034073
v -0.035747 0.110109 -0.034856
v -0.037450 0.107651 -0.037772
v -0.039301 0.102957 -0.049223
v -0.041567 0.100380 -0.050401
v -0.040656 0.099979 -0.041529
v -0.041863 0.101230 -0.041867
v -0.041251 0.103560 -0.047434
v -0.042202 0.103690 -0.046079
v -0.043656 0.100943 -0.048721
v -0.042515 0.102288 -0.042720
v -0.042759 0.103088 -0.043817
v -0.042648 0.103546 -0.044926
v -0.031695 0.121115 -0.048642
v -0.033557 0.122225 -0.045085
v -0.034612 0.115210 -0.049871
v -0.036119 0.116676 -0.048574
v -0.037319 0.117425 -0.046824
v -0.034114 0.117070 -0.031300
v -0.035858 0.116607 -0.030644
v -0.037804 0.115096 -0.038061
v -0.034381 0.123934 -0.045087
v -0.034854 0.122182 -0.039524
v -0.036601 0.123492 -0.038998
v -0.038253 0.117557 -0.044052
v -0.038522 0.116727 -0.040913
v -0.035905 0.121062 -0.033788
v -0.037195 0.121160 -0.033707
v -0.038297 0.110457 -0.047471
v -0.039313 0.110794 -0.045953
v -0.039851 0.110819 -0.044539
v -0.039314 0.108837 -0.039634
v -0.040077 0.110671 -0.043101
v -0.039993 0.109971 -0.041374
v -0.036791 0.113036 -0.035718
v -0.040404 0.095415 -0.052980
v -0.041696 0.092157 -0.053373
v -0.043228 0.093539 -0.046382
v -0.043311 0.097050 -0.051612
v -0.041336 0.095882 -0.044259
v -0.044851 0.093085 -0.052651
v -0.046352 0.093707 -0.051725
v -0.045336 0.094400 -0.045911
v -0.045295 0.087306 -0.049385
v -0.045795 0.091009 -0.054203
v -0.044621 0.091507 -0.047673
v -0.045785 0.089749 -0.048797
v -0.046078 0.087825 -0.051126
v -0.047344 0.087403 -0.052637
v -0.046692 0.089481 -0.052684
v -0.047234 0.087931 -0.050360
v -0.048469 0.088411 -0.053372
v -0.049112 0.086768 -0.051586
v -0.046338 0.092048 -0.047664
v -0.047157 0.089618 -0.052926
v -0.047654 0.091352 -0.052889
v -0.047369 0.092703 -0.047844
v -0.048399 0.089591 -0.053191
v -0.047406 0.089775 -0.049110
v -0.048464 0.090247 -0.049173
v -0.049359 0.089518 -0.053144
v -0.050413 0.089371 -0.052027
v -0.045052 0.097585 -0.050315
v -0.043848 0.097618 -0.044047
v -0.046003 0.097386 -0.049282
v -0.046518 0.096846 -0.048169
v -0.046574 0.095112 -0.046173
v -0.046656 0.096035 -0.047041
v -0.045088 0.098978 -0.044486
v -0.045372 0.099706 -0.045512
v -0.044716 0.100814 -0.047615
v -0.045280 0.100385 -0.046606
v -0.047106 0.093953 -0.050707
v -0.047641 0.093446 -0.048601
v -0.047538 0.093854 -0.049608
v -0.048757 0.091553 -0.051952
v -0.049256 0.090927 -0.049558
v -0.049199 0.091421 -0.050733
v -0.049073 0.086697 -0.055287
v -0.049481 0.085241 -0.054412
v -0.050942 0.084978 -0.053900
v -0.051501 0.086432 -0.058474
v -0.051909 0.084087 -0.058208
v -0.050102 0.087136 -0.051073
v -0.051725 0.087336 -0.054630
v -0.050422 0.087436 -0.055223
v -0.051988 0.086065 -0.053970
v -0.050705 0.088207 -0.051218
v -0.052634 0.084823 -0.060159
v -0.052476 0.085836 -0.060305
v -0.052625 0.086145 -0.058345
v -0.052824 0.084957 -0.058202
v -0.028651 0.114135 -0.040483
v -0.019756 0.149607 -0.029401
v -0.034479 0.131557 -0.031776
v -0.030114 0.136088 -0.038852
v -0.024781 0.121654 -0.024015
v -0.017256 0.121194 -0.022886
v -0.007261 0.129036 -0.035497
v -0.033496 0.134917 -0.037250
v -0.024463 0.128835 -0.045801
v -0.022740 0.131518 -0.044986
v -0.017743 0.149204 -0.032486
v -0.017026 0.145870 -0.030586
v -0.019677 0.147856 -0.025735
v -0.035091 0.130102 -0.035912
v -0.032953 0.134120 -0.031341
v -0.016485 0.135034 -0.021447
v -0.012802 0.129556 -0.020790
v -0.017022 0.133788 -0.018386
v -0.010894 0.126860 -0.025741
v -0.012540 0.124048 -0.042240
v -0.017903 0.119903 -0.025703
v -0.013873 0.119860 -0.029354
v -0.028903 0.139233 -0.037802
v -0.032218 0.139268 -0.034252
v -0.027559 0.134522 -0.042061
v -0.024467 0.137906 -0.041616
v -0.031338 0.132445 -0.041875
v -0.015968 0.143263 -0.032669
v -0.009628 0.138634 -0.037535
v -0.016589 0.123244 -0.021096
v -0.012207 0.122682 -0.026994
v -0.012911 0.121565 -0.028574
v -0.032144 0.128487 -0.027135
v -0.032614 0.128684 -0.040778
v -0.009277 0.124032 -0.032862
v -0.010414 0.124090 -0.034256
v -0.006157 0.128704 -0.036633
v -0.008175 0.126270 -0.031013
v -0.009383 0.127383 -0.030761
v -0.027931 0.127743 -0.044163
v -0.019314 0.134034 -0.044078
v -0.010908 0.123467 -0.035707
v -0.009953 0.127397 -0.040279
v -0.011278 0.126145 -0.040990
v -0.011832 0.121612 -0.036892
v -0.015100 0.136423 -0.043606
v -0.013439 0.137921 -0.041251
v -0.019709 0.143368 -0.038736
v -0.021832 0.141402 -0.040934
v -0.011188 0.139074 -0.040755
v -0.007863 0.127496 -0.039202
v -0.005988 0.127946 -0.038244
v -0.008301 0.124920 -0.031980
v -0.010766 0.123241 -0.026229
v -0.009866 0.125378 -0.025442
v -0.013672 0.126969 -0.020171
v -0.015185 0.125347 -0.020625
v -0.023466 0.127541 -0.019752
v -0.021570 0.129764 -0.019317
v -0.018875 0.132526 -0.019175
v -0.027282 0.136079 -0.022177
v -0.024229 0.139208 -0.022073
v -0.021669 0.141705 -0.020872
v -0.019570 0.142365 -0.022462
v -0.026816 0.144335 -0.027760
v -0.025248 0.146740 -0.025841
v -0.027067 0.146599 -0.031670
v -0.023708 0.150272 -0.030863
v -0.024907 0.145620 -0.034561
v -0.021715 0.148608 -0.034698
v -0.017684 0.145986 -0.037828
v -0.015806 0.146914 -0.036110
v -0.008248 0.139259 -0.039701
v -0.030686 0.143910 -0.033020
v -0.027725 0.142918 -0.036366
v -0.029970 0.141484 -0.028923
v -0.031221 0.137677 -0.029557
v -0.028944 0.134271 -0.023002
v -0.030229 0.130727 -0.025517
v -0.024233 0.124872 -0.021411
v -0.013868 0.136586 -0.028323
v -0.024331 0.125681 -0.034888
v 0.010184 0.087278 -0.020629
v 0.006002 0.093813 -0.019289
v 0.013294 0.089026 -0.017003
v 0.014609 0.090363 -0.014360
v 0.010582 0.096714 -0.013827
v 0.007950 0.099122 -0.013981
v 0.009112 0.095253 -0.011980
v 0.006712 0.099924 -0.012715
v 0.007055 0.097362 -0.016396
v 0.004710 0.097689 -0.012743
v 0.006353 0.094925 -0.012976
v 0.009578 0.094608 -0.016879
v 0.009456 0.089623 -0.013061
v 0.012680 0.090101 -0.012051
v 0.018530 0.078655 -0.017192
v 0.016306 0.077440 -0.019915
v 0.006339 0.075951 -0.025745
v 0.010111 0.069580 -0.025574
v 0.019688 0.079344 -0.013958
v 0.017053 0.078662 -0.012134
v 0.013699 0.077818 -0.013644
v 0.003023 0.097572 -0.018265
v -0.000836 0.090558 -0.024087
v 0.000527 0.088106 -0.017646
v -0.006322 0.099931 -0.020143
v -0.006521 0.100965 -0.017760
v -0.005110 0.097782 -0.021636
v -0.007298 0.098680 -0.017803
v -0.009084 0.095900 -0.018693
v -0.009468 0.086860 -0.021029
v 0.003424 0.100249 -0.015312
v 0.002052 0.100895 -0.013492
v 0.000256 0.098575 -0.014596
v 0.000881 0.096854 -0.014882
v 0.003072 0.084148 -0.025220
v -0.000273 0.075669 -0.019024
v -0.010326 0.081300 -0.028666
v -0.006236 0.071600 -0.027498
v 0.022356 0.066586 -0.016708
v 0.019665 0.066485 -0.020804
v 0.023584 0.054412 -0.017352
v 0.016220 0.054242 -0.023642
v 0.012311 0.063947 -0.015932
v 0.013655 0.061882 -0.024653
v 0.013065 0.052246 -0.018059
v 0.022807 0.066754 -0.013100
v 0.018077 0.065386 -0.013169
v 0.024571 0.054169 -0.013331
v 0.022645 0.054512 -0.012018
v 0.019045 0.053544 -0.014197
v 0.023266 0.049547 -0.017767
v 0.017865 0.045912 -0.022439
v 0.019314 0.044859 -0.014254
v 0.019801 0.040125 -0.019167
v 0.018526 0.040085 -0.013549
v 0.020727 0.036041 -0.017019
v 0.012462 0.039705 -0.025808
v 0.012589 0.043810 -0.018691
v 0.012886 0.037727 -0.023873
v 0.018158 0.037344 -0.014166
v 0.011391 0.039748 -0.018579
v 0.011240 0.037386 -0.020268
v 0.025141 0.046008 -0.010049
v 0.025253 0.043033 -0.012996
v 0.026290 0.044191 -0.010160
v 0.023264 0.045744 -0.011267
v 0.025376 0.039492 -0.012101
v 0.026824 0.040385 -0.007736
v 0.025876 0.041042 -0.006228
v 0.025952 0.038082 -0.007605
v 0.023602 0.040006 -0.008492
v 0.025202 0.038334 -0.005287
v 0.024349 0.036815 -0.010672
v 0.022372 0.037710 -0.008854
v 0.002317 0.059658 -0.027682
v 0.000978 0.061976 -0.019721
v 0.003408 0.054443 -0.028317
v 0.003313 0.051121 -0.021513
v -0.001761 0.062854 -0.027933
v -0.003672 0.057520 -0.028940
v -0.008036 0.061989 -0.021180
v -0.004140 0.051858 -0.030308
v -0.006743 0.050622 -0.022104
v 0.007465 0.046134 -0.029620
v 0.003091 0.039006 -0.027488
v 0.002410 0.040163 -0.023519
v 0.002725 0.039071 -0.024807
v 0.002800 0.042756 -0.022429
v -0.001506 0.046187 -0.031497
v 0.000357 0.042095 -0.030789
v -0.006618 0.041709 -0.031189
v -0.006414 0.042773 -0.023159
v -0.006055 0.038892 -0.028755
v -0.006212 0.039834 -0.024280
v -0.006260 0.038393 -0.026943
v -0.014961 0.099211 -0.021800
v -0.014017 0.100791 -0.018940
v -0.013864 0.098711 -0.018297
v -0.013845 0.095319 -0.025002
v -0.014368 0.095558 -0.018872
v -0.019942 0.100381 -0.017063
v -0.018873 0.095758 -0.016165
v -0.012253 0.088360 -0.027961
v -0.014552 0.086277 -0.020849
v -0.022014 0.098470 -0.019812
v -0.023981 0.092430 -0.023422
v -0.021717 0.085304 -0.025051
v -0.019767 0.086366 -0.017857
v -0.018424 0.099530 -0.015516
v -0.027651 0.098130 -0.013766
v -0.026291 0.100257 -0.010144
v -0.023914 0.100405 -0.007820
v -0.023611 0.096453 -0.008557
v -0.026331 0.094538 -0.004233
v -0.025676 0.086007 -0.009720
v -0.010777 0.074337 -0.021982
v -0.015084 0.074614 -0.021466
v -0.019430 0.077382 -0.025378
v -0.021414 0.074990 -0.018264
v -0.017414 0.064779 -0.026557
v -0.029455 0.089512 -0.019233
v -0.029852 0.083450 -0.021174
v -0.027938 0.099022 -0.005155
v -0.030218 0.098149 -0.007688
v -0.031805 0.097514 -0.009337
v -0.027973 0.096862 -0.001416
v -0.029513 0.098029 -0.002009
v -0.029292 0.085863 -0.004304
v -0.032166 0.088821 -0.013288
v -0.032625 0.090020 -0.007126
v -0.031873 0.087024 -0.003084
v -0.030664 0.076015 -0.022948
v -0.029984 0.065889 -0.023107
v -0.033658 0.075436 -0.017131
v -0.028967 0.075211 -0.011607
v -0.032524 0.074801 -0.008495
v -0.034354 0.074564 -0.007639
v -0.035433 0.075334 -0.011408
v -0.015245 0.061844 -0.020596
v -0.010087 0.054811 -0.029349
v -0.014453 0.047021 -0.031262
v -0.022401 0.061384 -0.018390
v -0.020730 0.053613 -0.027052
v -0.015247 0.049786 -0.021147
v -0.007641 0.045307 -0.032916
v -0.012359 0.043646 -0.032641
v -0.014163 0.037006 -0.027684
v -0.013696 0.036701 -0.025251
v -0.013538 0.038442 -0.022941
v -0.014339 0.041647 -0.021914
v -0.015185 0.040319 -0.030392
v -0.019296 0.044226 -0.029434
v -0.021311 0.039393 -0.018787
v -0.020937 0.033883 -0.021064
v -0.020192 0.035965 -0.019090
v -0.029161 0.058294 -0.023412
v -0.029861 0.060721 -0.012013
v -0.026927 0.044991 -0.025960
v -0.022892 0.048163 -0.018447
v -0.029248 0.047054 -0.012042
v -0.034091 0.058985 -0.017632
v -0.035505 0.060003 -0.012837
v -0.030761 0.045254 -0.020820
v -0.034763 0.044439 -0.013761
v -0.035666 0.045640 -0.010158
v -0.033027 0.060653 -0.009260
v -0.035907 0.060563 -0.009262
v -0.032381 0.046767 -0.008642
v -0.035367 0.046505 -0.007881
v -0.025697 0.039347 -0.026099
v -0.023925 0.035518 -0.026131
v -0.027365 0.037298 -0.012955
v -0.021528 0.033548 -0.023155
v -0.024732 0.031449 -0.015096
v -0.025629 0.034448 -0.014140
v -0.027480 0.030414 -0.016951
v -0.027926 0.030906 -0.009460
v -0.030935 0.035204 -0.019151
v -0.029917 0.031816 -0.018394
v -0.028766 0.029116 -0.010636
v -0.033544 0.034880 -0.011026
v -0.032263 0.030893 -0.011948
v -0.032106 0.038385 -0.007081
v -0.030533 0.036533 -0.008275
v -0.034131 0.037190 -0.008779
v -0.028755 0.033764 -0.009117
v -0.030531 0.033684 -0.006473
v -0.029215 0.031413 -0.006261
v -0.029719 0.029113 -0.007033
v -0.033113 0.031895 -0.007698
v -0.030033 0.119823 -0.016169
v -0.028841 0.120087 -0.018942
v -0.030649 0.119984 -0.016446
v -0.030041 0.120248 -0.019491
v -0.032084 0.116993 -0.011028
v -0.033330 0.117224 -0.011483
v -0.027546 0.118860 -0.022168
v -0.027314 0.117990 -0.020765
v -0.030002 0.117190 -0.014973
v -0.029361 0.119733 -0.021960
v -0.030452 0.119899 -0.020035
v -0.033276 0.116740 -0.016637
v -0.026859 0.113089 -0.023934
v -0.028931 0.113976 -0.018144
v -0.030974 0.116229 -0.023249
v -0.031653 0.096309 0.005031
v -0.026720 0.112545 -0.022091
v -0.040161 0.094756 -0.000218
v -0.040603 0.093481 -0.009426
v -0.033963 0.089427 -0.020296
v -0.036107 0.089564 -0.019978
v -0.035998 0.091191 -0.015207
v -0.035670 0.078311 -0.013224
v -0.039279 0.091250 -0.014885
v -0.037633 0.082447 -0.009971
v -0.039967 0.085864 -0.000716
v -0.042295 0.088403 -0.005469
v -0.045251 0.088535 -0.001449
v -0.040923 0.083051 -0.010088
v -0.043657 0.084462 -0.001423
v -0.037461 0.070944 -0.001182
v -0.039523 0.079707 -0.012887
v -0.042692 0.078738 -0.001601
v -0.041158 0.072038 -0.001742
v 0.018265 0.103883 0.000566
v 0.006764 0.122179 -0.007650
v 0.007702 0.119207 -0.009267
v 0.021802 0.093930 0.006826
v 0.009834 0.098170 -0.017277
v 0.010603 0.105028 -0.015960
v 0.015382 0.106034 -0.006941
v 0.016650 0.110448 0.002457
v 0.014466 0.120212 0.010531
v 0.014323 0.120473 0.007290
v 0.014413 0.121672 0.010609
v 0.005060 0.119359 -0.009627
v 0.005462 0.118751 -0.010900
v 0.009816 0.119068 -0.006603
v 0.007870 0.122031 -0.005267
v 0.005186 0.118914 -0.007927
v 0.006666 0.108811 -0.014424
v 0.009106 0.108980 -0.013046
v 0.013226 0.107717 -0.008474
v 0.022292 0.099285 0.006046
v 0.007092 0.111987 -0.008858
v 0.004403 0.113378 -0.010332
v 0.002795 0.095332 -0.015280
v 0.014132 0.101126 -0.010815
v 0.015492 0.115340 -0.000811
v 0.014072 0.117585 -0.000711
v 0.016148 0.103776 -0.007080
v 0.019003 0.108351 0.009735
v 0.019586 0.103757 0.009617
v 0.017177 0.090267 0.005025
v 0.017840 0.097525 0.002940
v 0.018363 0.087529 0.002582
v 0.019581 0.096336 -0.001155
v 0.018893 0.102295 -0.002667
v 0.007210 0.103654 -0.014619
v 0.011618 0.109891 -0.007109
v 0.011318 0.112318 -0.004282
v 0.010487 0.122740 -0.000915
v 0.012282 0.119306 -0.001224
v 0.014900 0.121018 0.007223
v 0.015901 0.120867 0.006891
v 0.014782 0.122846 0.010742
v 0.017272 0.116918 0.005778
v 0.016186 0.120936 0.010865
v 0.019547 0.112095 0.005367
v 0.019126 0.113795 0.009993
v 0.022741 0.104431 0.003728
v 0.022018 0.103180 -0.002012
v 0.022270 0.097567 0.001052
v 0.021195 0.090165 0.004328
v 0.004829 0.105512 -0.015070
v 0.003628 0.096776 -0.017202
v 0.093580 0.020434 0.029766
v 0.095285 0.020272 0.030566
v 0.099842 0.019482 0.029645
v 0.102575 0.002206 0.027541
v 0.103807 0.001851 0.027369
v 0.100949 0.003320 0.027361
v 0.104178 -0.000357 0.026559
v 0.065372 0.137401 0.042243
v 0.071846 0.139245 0.040686
v 0.060371 0.139678 0.044195
v 0.059305 0.144189 0.044563
v 0.064225 0.142461 0.042686
v 0.072078 0.141206 0.043751
v 0.070445 0.148117 0.044315
v 0.070748 0.144390 0.041278
v 0.061869 0.181753 0.044436
v 0.060832 0.134836 0.040186
v 0.064266 0.139196 0.039718
v 0.068826 0.144088 0.040854
v 0.060018 0.181360 0.043893
v 0.067368 0.143909 0.038821
v 0.069896 0.144555 0.038215
v 0.058560 0.181181 0.041859
v 0.061088 0.181828 0.041254
v 0.096175 0.020653 0.028001
v 0.102073 0.002238 0.026549
v 0.103525 0.001716 0.026045
v 0.099033 0.020200 0.027037
v 0.063973 0.137737 0.036761
v 0.070511 0.139177 0.035039
v 0.062813 0.142627 0.037190
v 0.067721 0.144193 0.036353
v 0.069295 0.144326 0.035459
v 0.058913 0.181466 0.039391
v 0.058673 0.139841 0.037279
v 0.057607 0.144352 0.037647
v 0.069114 0.144630 0.035033
v 0.060306 0.181903 0.038071
v 0.069272 0.141475 0.032321
v 0.067639 0.148386 0.032884
v 0.042311 0.137339 -0.042125
v 0.041285 0.130362 -0.036150
v 0.038090 0.123773 -0.030815
v 0.027994 0.147246 -0.042359
v 0.020984 0.139917 -0.030112
v 0.023651 0.147065 -0.035407
v -0.022346 0.177573 -0.042396
v -0.056834 0.157601 -0.060127
v -0.046207 0.186391 -0.039481
v -0.081637 0.176252 -0.048742
v -0.027802 0.175647 -0.033943
v -0.057001 0.153643 -0.050079
v -0.002853 0.171082 -0.040536
v -0.009470 0.167412 -0.029527
v -0.022082 0.180095 -0.035734
v -0.011039 0.156701 -0.052245
v 0.016587 0.137263 -0.055197
v -0.035534 0.167989 -0.039952
v -0.060238 0.184931 -0.042884
v 0.035602 0.117637 -0.049062
v 0.034962 0.111442 -0.042719
v -0.037816 0.172419 -0.049513
v 0.032938 0.121551 -0.054894
v 0.013068 0.130818 -0.039691
v -0.018627 0.155100 -0.039413
vn 0.9184 -0.1667 0.3588
vn 0.7682 0.0100 0.6401
vn 0.6356 -0.2002 0.7456
vn 0.8193 -0.4089 0.4019
vn -0.7851 -0.4620 -0.4125
vn -0.9191 -0.3090 -0.2447
vn -0.8859 -0.2709 -0.3767
vn -0.7602 -0.6485 -0.0400
vn 0.4281 0.3165 0.8465
vn 0.3540 0.4062 0.8424
vn 0.3174 0.3348 0.8872
vn 0.3376 0.2674 0.9025
vn -0.7223 -0.6387 0.2654
vn -0.8204 -0.5688 0.0579
vn -0.8413 -0.5373 0.0593
vn -0.3740 -0.8409 0.3913
vn -0.3805 -0.7706 0.5112
vn -0.3809 -0.7519 0.5382
vn -0.0569 -0.3372 0.9397
vn 0.3624 -0.5501 0.7523
vn -0.5793 -0.7409 0.3399
vn -0.5615 -0.7651 0.3153
vn -0.4514 -0.7463 0.4892
vn 0.3369 -0.8167 0.4685
vn 0.5769 0.4912 0.6526
vn 0.4451 0.5926 0.6714
vn 0.1652 -0.2744 0.9473
vn 0.3239 -0.0463 0.9450
vn 0.3122 -0.2391 0.9194
vn 0.0990 -0.3316 0.9382
vn -0.3045 -0.0818 0.9490
vn -0.0802 -0.3801 0.9215
vn -0.0350 -0.0408 0.9986
vn 0.0069 0.2227 0.9749
vn -0.1803 0.0851 0.9799
vn -0.3229 0.2498 0.9129
vn -0.3806 0.2663 0.8855
vn -0.2417 -0.0076 0.9703
vn 0.6879 0.6304 0.3597
vn 0.5028 0.7715 0.3899
vn 0.6278 -0.6878 0.3644
vn 0.6993 -0.7070 0.1061
vn 0.2118 -0.9741 0.0797
vn -0.6414 -0.7671 0.0140
vn -0.0398 0.4388 0.8977
vn -0.2146 0.3816 0.8990
vn 0.0753 0.3592 0.9302
vn 0.1795 0.4155 0.8917
vn 0.6641 0.4080 0.6265
vn 0.8110 0.4840 0.3287
vn 0.0975 -0.3643 0.9262
vn 0.0719 -0.2270 0.9712
vn 0.0893 -0.5192 0.8500
vn 0.0007 -0.5841 0.8117
vn 0.0075 0.4270 0.9042
vn -0.2207 0.4037 0.8879
vn -0.7268 -0.6849 0.0515
vn -0.0389 -0.9992 0.0039
vn -0.1493 -0.8029 0.5771
vn 0.9807 -0.1832 -0.0682
vn 0.9767 0.2035 -0.0684
vn 0.8860 0.1751 0.4294
vn 0.8958 -0.1510 0.4180
vn 0.2828 0.0504 0.9579
vn 0.1099 0.0928 0.9896
vn 0.9682 -0.2410 -0.0673
vn 0.8881 -0.4555 -0.0615
vn 0.4750 -0.7288 0.4932
vn 0.5428 -0.8391 -0.0369
vn 0.2595 -0.8122 0.5224
vn 0.3103 -0.9504 -0.0206
vn 0.4885 -0.6979 0.5238
vn 0.5761 -0.8165 -0.0393
vn 0.7222 -0.4605 0.5161
vn 0.8500 -0.5235 -0.0587
vn 0.4545 -0.5705 0.6840
vn 0.7073 -0.7053 -0.0486
vn -0.3147 0.3468 0.8836
vn 0.3787 0.2427 0.8931
vn 0.1182 -0.6027 0.7892
vn 0.2383 -0.5695 0.7867
vn 0.2647 -0.5272 0.8074
vn 0.2925 -0.0088 0.9562
vn 0.0283 -0.3631 0.9313
vn -0.3221 0.5690 0.7566
vn -0.4078 0.7859 0.4649
vn -0.5926 0.6289 0.5033
vn -0.4178 0.4341 0.7982
vn 0.4146 0.1845 0.8911
vn 0.3480 0.2157 0.9124
vn 0.2657 0.0257 0.9637
vn 0.3658 0.2182 0.9047
vn 0.2895 0.2888 0.9126
vn 0.2142 0.4456 0.8692
vn -0.6452 0.4842 0.5909
vn 0.2567 0.6751 0.6916
vn 0.9281 0.2071 0.3095
vn 0.2563 0.8766 0.4074
vn -0.0500 0.8989 0.4353
vn -0.0116 0.6791 0.7340
vn 0.2302 0.8773 0.4212
vn -0.0692 0.9270 0.3686
vn -0.4519 0.8386 0.3043
vn -0.1168 0.9931 0.0070
vn -0.5063 0.8617 0.0343
vn -0.0354 0.1486 0.9883
vn -0.4010 0.1718 0.8998
vn -0.7119 0.7005 0.0489
vn -0.6801 0.7030 0.2082
vn -0.7847 0.6175 0.0541
vn -0.7737 0.6081 0.1775
vn 0.4716 0.1746 0.8643
vn -0.9334 0.3530 0.0647
vn -0.9160 0.3157 0.2477
vn -0.9670 -0.2456 0.0678
vn -0.9337 -0.2427 0.2632
vn -0.9976 -0.0590 0.0355
vn -0.9764 -0.0524 0.2096
vn -0.9059 0.4190 -0.0615
vn -0.8718 0.4882 0.0416
vn -0.9528 0.2801 -0.1171
vn -0.9148 0.3944 -0.0877
vn -0.8879 0.4057 0.2167
vn -0.7599 0.4407 0.4778
vn 0.7785 0.2504 0.5755
vn 0.6839 -0.0194 0.7293
vn 0.8411 -0.1090 0.5298
vn -0.8431 -0.1231 0.5234
vn -0.8392 -0.3941 0.3748
vn -0.8059 0.1317 0.5772
vn -0.0187 -0.3847 0.9228
vn -0.0784 -0.4719 0.8782
vn -0.0442 -0.4218 0.9056
vn 0.2329 -0.5161 0.8242
vn 0.4784 -0.4198 0.7713
vn -0.4620 -0.6441 0.6096
vn 0.1139 -0.1447 0.9829
vn 0.2072 0.9782 -0.0156
vn 0.2211 0.0756 0.9723
vn -0.0280 -0.2220 0.9746
vn 0.1534 -0.3843 0.9104
vn -0.6598 -0.5213 0.5412
vn -0.5207 -0.6739 0.5242
vn 0.1975 -0.4903 0.8489
vn 0.7740 0.4421 0.4533
vn -0.7371 -0.6449 0.2019
vn -0.4710 -0.2195 0.8544
vn -0.7439 -0.2252 0.6292
vn -0.6444 -0.1661 0.7465
vn -0.4350 0.2565 0.8631
vn -0.2236 0.1252 0.9666
vn 0.8568 0.5120 -0.0604
vn -0.6694 0.2005 0.7154
vn -0.3173 0.0703 0.9457
vn 0.7269 0.6848 -0.0515
vn 0.6623 0.5950 0.4554
vn -0.1057 -0.1357 0.9851
vn 0.0352 -0.0750 0.9966
vn 0.3768 -0.4917 0.7850
vn -0.7755 -0.5784 0.2529
vn 0.4787 0.7487 0.4586
vn 0.5062 0.8616 -0.0363
vn 0.2405 -0.5997 0.7632
vn 0.5172 -0.7946 0.3181
vn 0.6024 -0.7915 0.1035
vn 0.9578 0.2013 0.2051
vn 0.8354 0.2646 0.4818
vn 0.8335 0.2193 0.5071
vn 0.9635 0.1716 0.2054
vn 0.9330 0.2974 0.2026
vn 0.9435 0.2615 0.2038
vn 0.9210 0.3337 0.2011
vn 0.7661 0.3288 0.5522
vn 0.6071 0.4332 0.6662
vn 0.2897 -0.3837 0.8769
vn 0.4248 -0.4316 0.7958
vn 0.2978 -0.3828 0.8745
vn 0.1233 -0.3799 0.9168
vn -0.8486 -0.3770 0.3711
vn -0.3956 -0.2587 0.8812
vn -0.8566 -0.4337 0.2795
vn -0.9161 -0.3974 -0.0529
vn -0.9024 -0.2476 0.3526
vn -0.5595 -0.1317 0.8183
vn -0.8473 -0.1669 0.5042
vn 0.3781 0.1834 0.9074
vn -0.0477 -0.2400 0.9696
vn -0.2956 0.2315 0.9268
vn -0.2389 0.2107 0.9479
vn 0.3626 -0.2652 0.8934
vn 0.4145 -0.6554 0.6314
vn 0.4339 -0.0819 0.8972
vn -0.5920 -0.1103 0.7984
vn -0.2167 -0.1737 0.9607
vn -0.3323 0.1745 0.9269
vn -0.6166 0.0559 0.7853
vn -0.6207 -0.1259 0.7738
vn -0.3255 -0.2062 0.9228
vn -0.7058 -0.0953 0.7020
vn -0.9806 -0.0416 -0.1915
vn -0.9796 -0.1086 0.1689
vn -0.9439 -0.0765 0.3212
vn -0.9854 0.0014 -0.1702
vn -0.9745 0.1011 0.2002
vn -0.9322 0.3176 -0.1734
vn -0.9618 -0.1891 -0.1979
vn -0.8546 0.3778 0.3562
vn -0.8386 0.5247 -0.1462
vn 0.1657 0.2364 -0.9574
vn 0.4535 -0.0621 -0.8891
vn 0.2710 -0.2906 -0.9176
vn -0.0290 0.0516 -0.9982
vn -0.9379 0.3411 0.0634
vn -0.7500 0.6450 0.1463
vn -0.0134 0.3897 -0.9208
vn -0.1653 0.2208 -0.9612
vn 0.3618 0.6312 0.6861
vn 0.5850 0.5640 0.5828
vn 0.7813 0.3825 0.4932
vn 0.7253 0.0245 0.6880
vn -0.1212 0.4029 0.9072
vn -0.2732 0.7864 0.5540
vn -0.3394 0.7795 0.5265
vn -0.3065 0.2834 0.9087
vn -0.6057 0.6268 0.4901
vn 0.2764 0.3138 0.9084
vn 0.7423 -0.0175 0.6698
vn 0.3550 -0.2733 0.8940
vn 0.3961 -0.4008 0.8262
vn 0.0871 -0.7472 0.6589
vn -0.0280 -0.5133 0.8577
vn 0.5036 -0.6282 0.5931
vn 0.2528 -0.8662 0.4311
vn 0.5390 -0.1798 0.8229
vn 0.6442 -0.1503 0.7500
vn -0.7294 -0.4138 0.5448
vn -0.2777 -0.4655 0.8403
vn -0.3491 -0.2659 0.8985
vn -0.7982 -0.3000 0.5223
vn -0.5007 -0.4622 0.7319
vn -0.4322 -0.1994 0.8795
vn -0.9267 -0.3612 -0.1039
vn -0.9941 0.1082 0.0077
vn -0.0406 0.1714 0.9844
vn 0.1483 0.7553 0.6384
vn -0.7918 -0.3165 0.5224
vn -0.7619 -0.2353 0.6035
vn -0.9768 -0.1970 0.0838
vn -0.6873 -0.5875 0.4272
vn -0.9841 0.0674 -0.1644
vn -0.9501 -0.2555 -0.1788
vn -0.5733 -0.8073 -0.1403
vn 0.2801 -0.6470 0.7092
vn 0.3323 -0.7200 0.6092
vn 0.5939 -0.3210 0.7377
vn 0.6142 0.3676 0.6983
vn 0.4314 0.7819 0.4500
vn 0.5880 0.7221 0.3645
vn 0.5253 0.4145 0.7432
vn 0.4571 0.2458 0.8548
vn 0.9669 -0.2014 0.1564
vn 0.4872 -0.6315 0.6032
vn 0.7558 -0.0667 0.6514
vn 0.9853 0.0202 0.1698
vn 0.2841 -0.8594 0.4252
vn 0.3503 -0.8623 0.3656
vn 0.0754 -0.9675 0.2412
vn 0.0597 -0.9972 -0.0454
vn 0.5500 -0.8339 0.0456
vn 0.3996 -0.9167 0.0052
vn 0.0351 -0.9993 0.0117
vn -0.0170 -0.9875 0.1565
vn 0.2383 0.3823 0.8928
vn 0.4760 0.2471 0.8440
vn 0.1593 -0.8833 0.4409
vn 0.0628 -0.8957 0.4402
vn -0.1220 -0.9792 0.1624
vn 0.2218 -0.7567 0.6149
vn 0.9387 0.2795 0.2016
vn 0.2825 0.9516 0.1209
vn 0.4011 0.7460 0.5316
vn 0.8688 0.4527 -0.2008
vn 0.4965 0.6738 0.5473
vn 0.6958 0.5894 -0.4104
vn -0.2352 0.0948 0.9673
vn 0.0667 -0.1736 0.9826
vn 0.7407 0.4471 0.5015
vn 0.8872 0.3153 0.3368
vn -0.4261 -0.1030 0.8988
vn -0.1413 -0.2645 0.9540
vn -0.3647 0.1092 0.9247
vn 0.0364 0.1267 0.9913
vn 0.4801 0.2559 0.8391
vn 0.6042 0.3800 0.7004
vn 0.3337 0.6388 0.6933
vn 0.5850 0.6715 0.4548
vn 0.3482 0.6935 0.6307
vn 0.4802 0.5330 0.6966
vn 0.2507 0.5880 0.7690
vn 0.3460 0.2726 0.8978
vn 0.1903 0.7587 0.6231
vn -0.6115 -0.3870 -0.6902
vn -0.4074 0.0221 -0.9130
vn -0.2181 0.1424 0.9655
vn -0.1770 0.0741 0.9814
vn -0.1688 0.8737 0.4562
vn -0.2209 0.9751 -0.0189
vn -0.0951 0.9954 0.0079
vn -0.0464 -0.0888 0.9950
vn 0.0114 -0.0790 0.9968
vn -0.1423 -0.2577 0.9557
vn -0.1755 -0.2273 0.9579
vn -0.5071 0.8580 -0.0818
vn -0.8370 0.3891 0.3848
vn -0.6875 0.2910 0.6653
vn -0.8738 0.2649 0.4079
vn 0.6941 -0.4102 -0.5915
vn 0.4693 -0.6993 -0.5391
vn -0.6436 0.4214 0.6389
vn 0.0009 0.1760 0.9844
vn -0.8838 0.1170 0.4530
vn -0.6157 -0.2874 0.7337
vn -0.5873 -0.4008 0.7031
vn -0.3605 -0.3965 0.8443
vn -0.3860 -0.3043 0.8708
vn -0.4787 -0.6879 0.5456
vn -0.2085 -0.6834 0.6996
vn 0.4663 -0.3464 0.8140
vn 0.3639 -0.4472 0.8170
vn 0.1426 -0.4894 0.8603
vn 0.4443 -0.5960 0.6689
vn 0.6907 0.0021 0.7232
vn 0.5649 -0.1908 0.8028
vn 0.9658 0.1891 0.1774
vn 0.8782 -0.4634 0.1185
vn 0.4133 -0.2015 0.8880
vn 0.1136 -0.2965 0.9482
vn 0.3334 -0.2697 0.9034
vn 0.0698 -0.2704 0.9602
vn -0.7178 -0.6901 0.0924
vn -0.3778 -0.4431 0.8130
vn 0.2370 0.2298 0.9439
vn 0.1634 -0.0394 0.9858
vn 0.2716 -0.0827 0.9589
vn 0.1095 0.3514 0.9298
vn 0.1501 -0.1638 0.9750
vn 0.2882 -0.2172 0.9326
vn 0.2293 -0.2763 0.9333
vn 0.0928 -0.2830 0.9546
vn 0.3049 -0.3077 0.9013
vn 0.1743 -0.3518 0.9197
vn -0.2514 -0.3260 0.9113
vn -0.1538 -0.0837 0.9845
vn -0.0581 -0.1827 0.9814
vn -0.1689 -0.4837 0.8588
vn 0.0594 -0.5821 0.8109
vn 0.1501 -0.1968 0.9689
vn 0.2715 0.0561 0.9608
vn 0.0728 0.3187 -0.9451
vn -0.0941 0.1334 -0.9866
vn 0.3736 -0.9270 0.0341
vn 0.5432 -0.8349 0.0886
vn 0.9332 -0.3080 0.1851
vn 0.7402 0.1262 0.6605
vn 0.9694 0.1341 0.2056
vn -0.0317 0.1961 0.9801
vn 0.1295 0.0258 0.9912
vn -0.1895 -0.2144 0.9582
vn -0.1283 -0.1108 0.9855
vn -0.7768 0.6125 -0.1461
vn -0.3477 0.9365 -0.0464
vn -0.3370 0.7161 0.6113
vn -0.4490 0.8909 -0.0687
vn -0.7383 0.2468 0.6277
vn -0.8094 0.5497 -0.2065
vn -0.7771 0.0998 0.6215
vn -0.9322 0.3619 0.0112
vn -0.5020 0.3473 0.7921
vn -0.6247 0.7789 0.0553
vn 0.5937 -0.7118 0.3753
vn 0.4360 -0.7947 0.4223
vn -0.0088 0.5838 0.8119
vn 0.5662 0.2355 0.7899
vn 0.9588 0.1547 0.2384
vn 0.6788 0.7113 -0.1825
vn 0.6100 0.6539 -0.4476
vn 0.8504 0.4904 0.1907
vn 0.6803 0.4491 0.5792
vn 0.7537 -0.6512 0.0889
vn 0.0048 -0.9689 0.2476
vn 0.1648 -0.9859 -0.0287
vn -0.2628 -0.6981 -0.6660
vn -0.1390 -0.9810 -0.1357
vn 0.0873 -0.8928 -0.4420
vn 0.3030 -0.5927 -0.7463
vn 0.4475 -0.8357 -0.3184
vn 0.9687 -0.0047 -0.2484
vn 0.8094 -0.1950 -0.5539
vn 0.2363 -0.7967 -0.5563
vn 0.6985 -0.5631 -0.4417
vn 0.1604 -0.7691 -0.6187
vn -0.0078 -0.7707 -0.6372
vn 0.2083 0.1192 0.9708
vn 0.1598 -0.5602 0.8128
vn 0.2513 -0.0108 0.9679
vn 0.6482 0.5508 0.5258
vn 0.6851 0.5832 0.4364
vn 0.7930 0.4937 0.3569
vn 0.7282 0.5516 0.4068
vn 0.8979 0.3670 -0.2430
vn 0.7470 0.6569 -0.1026
vn 0.6159 0.7656 -0.1860
vn 0.4328 0.8983 -0.0753
vn 0.3558 0.4861 -0.7982
vn 0.4161 0.3912 -0.8209
vn 0.4870 0.2781 -0.8280
vn 0.7281 0.5677 -0.3842
vn 0.2993 0.0839 -0.9505
vn 0.3719 0.1035 -0.9225
vn 0.7817 0.5358 0.3193
vn 0.8854 0.3391 0.3179
vn 0.9841 -0.0968 0.1487
vn 0.8258 0.5054 0.2504
vn 0.9282 -0.2248 0.2965
vn 0.4556 0.2483 -0.8548
vn 0.5338 0.1443 -0.8332
vn 0.8424 0.4090 -0.3507
vn 0.3752 0.5158 0.7701
vn 0.4367 0.3616 0.8237
vn 0.3694 0.4784 0.7966
vn 0.9624 0.2294 0.1456
vn 0.4022 0.9001 -0.1672
vn 0.3282 0.7108 -0.6222
vn 0.9340 -0.3573 -0.0061
vn 0.3790 -0.3827 -0.8426
vn 0.6761 -0.0954 -0.7306
vn 0.5006 -0.0048 -0.8657
vn 0.1632 -0.3641 -0.9169
vn 0.1531 0.2840 -0.9465
vn 0.2322 0.2947 -0.9269
vn 0.2947 0.2153 -0.9310
vn 0.5429 0.2501 -0.8017
vn 0.5644 0.3046 -0.7673
vn 0.3819 0.2355 -0.8937
vn 0.2372 0.2305 -0.9437
vn 0.4563 0.4636 -0.7595
vn -0.0364 0.0436 -0.9984
vn -0.0529 0.0409 -0.9978
vn 0.5743 -0.8171 0.0492
vn 0.4843 -0.8561 0.1802
vn 0.7794 0.0097 -0.6265
vn 0.7846 -0.3397 -0.5186
vn 0.0716 0.0348 -0.9968
vn 0.9078 -0.4069 0.1014
vn 0.6312 -0.7743 -0.0440
vn 0.1669 -0.6505 -0.7409
vn 0.8102 -0.0371 -0.5850
vn 0.6595 -0.2397 -0.7124
vn 0.7821 -0.2324 -0.5781
vn 0.5706 0.0753 -0.8178
vn 0.5741 0.4377 -0.6920
vn 0.6297 0.4059 -0.6623
vn 0.3596 -0.5440 -0.7581
vn -0.2884 -0.6212 -0.7286
vn -0.1074 0.0990 -0.9893
vn 0.1095 -0.2402 -0.9645
vn 0.2953 -0.1843 -0.9375
vn -0.0314 -0.8814 0.4713
vn 0.0676 -0.9976 -0.0118
vn -0.6534 -0.6896 0.3121
vn -0.6500 -0.5551 -0.5190
vn -0.4257 -0.3052 -0.8519
vn -0.3399 -0.4282 -0.8373
vn -0.4453 -0.4004 -0.8009
vn -0.7774 -0.6272 -0.0475
vn -0.8016 -0.3610 -0.4766
vn -0.8041 -0.4982 0.3244
vn -0.5396 -0.7374 -0.4063
vn 0.2201 -0.8659 -0.4492
vn 0.5184 -0.0062 -0.8551
vn -0.6593 -0.3634 0.6583
vn -0.4082 -0.1634 0.8982
vn -0.6273 0.0657 0.7760
vn -0.3396 -0.8830 0.3239
vn -0.3627 -0.7401 0.5663
vn -0.8072 -0.4342 0.3998
vn -0.2123 -0.9769 0.0244
vn -0.7931 -0.3481 0.4999
vn -0.7985 -0.4504 0.3993
vn -0.8400 -0.3633 0.4031
vn -0.8494 -0.3898 0.3558
vn -0.8718 -0.4104 0.2674
vn -0.4970 -0.3056 -0.8122
vn -0.4232 -0.8620 -0.2791
vn 0.4670 -0.6074 -0.6426
vn 0.4616 -0.7374 -0.4931
vn 0.2999 -0.9450 -0.1307
vn 0.0902 -0.9857 0.1423
vn 0.1049 -0.8793 0.4646
vn -0.2685 -0.4904 0.8291
vn 0.3028 -0.6329 0.7126
vn -0.0695 0.0272 -0.9972
vn 0.6154 -0.7719 -0.1596
vn 0.6446 -0.3809 0.6629
vn 0.8873 -0.4208 0.1890
vn 0.3435 -0.8661 -0.3632
vn 0.6300 -0.7716 0.0879
vn 0.3425 -0.8059 -0.4829
vn 0.8605 -0.5011 0.0916
vn 0.6091 0.3861 0.6928
vn 0.5936 -0.0102 0.8047
vn 0.4500 -0.3519 0.8208
vn 0.3356 0.4411 0.8324
vn 0.1840 0.1885 0.9647
vn -0.0395 -0.1363 0.9899
vn -0.0862 0.0770 0.9933
vn -0.3271 -0.1940 -0.9249
vn -0.2921 -0.2069 -0.9337
vn -0.2465 0.3305 0.9110
vn -0.3074 0.4323 0.8477
vn -0.7015 0.1342 0.6999
vn -0.8439 -0.1665 0.5100
vn -0.3046 -0.2543 -0.9179
vn -0.8021 -0.1417 0.5801
vn -0.9388 -0.0005 0.3443
vn -0.9167 -0.3299 0.2256
vn -0.6433 0.3787 -0.6654
vn -0.7093 0.1151 -0.6954
vn 0.0633 0.3552 -0.9326
vn 0.3878 -0.2318 -0.8921
vn 0.3424 -0.3930 -0.8534
vn 0.4534 -0.6157 -0.6444
vn 0.3441 -0.7200 -0.6026
vn 0.2016 -0.5932 -0.7794
vn 0.2550 -0.7005 -0.6666
vn 0.1736 -0.6623 -0.7289
vn 0.4362 -0.4920 -0.7534
vn -0.1734 -0.4490 -0.8765
vn -0.4146 -0.1211 -0.9019
vn -0.3382 -0.1300 -0.9320
vn -0.4977 -0.3763 -0.7815
vn -0.4901 -0.8468 -0.2068
vn -0.7900 -0.5979 -0.1356
vn -0.5488 -0.3340 0.7663
vn -0.6658 -0.5460 0.5085
vn -0.6436 -0.4571 0.6138
vn -0.5327 -0.5677 0.6276
vn -0.6335 -0.1473 0.7596
vn -0.5118 -0.2693 0.8158
vn -0.3096 -0.3932 0.8658
vn -0.2782 -0.2196 0.9351
vn -0.5557 -0.4854 0.6750
vn -0.0120 0.1018 0.9947
vn 0.0136 0.1185 0.9929
vn 0.0320 0.1962 0.9800
vn 0.2094 0.0566 0.9762
vn 0.5917 0.2502 0.7664
vn 0.6645 0.2066 0.7182
vn 0.7787 0.4511 0.4360
vn 0.8467 0.4520 0.2807
vn 0.9189 0.3491 0.1835
vn 0.5749 0.3765 0.7265
vn 0.9772 -0.1169 0.1773
vn 0.6596 0.5321 0.5309
vn 0.5362 0.5779 0.6152
vn 0.4708 0.5464 0.6927
vn 0.3237 0.5056 0.7997
vn 0.3415 0.3099 0.8873
vn 0.2767 0.5764 0.7689
vn -0.2854 0.3970 0.8723
vn -0.6544 0.1277 0.7453
vn -0.3668 0.5711 0.7344
vn -0.7776 0.2558 0.5744
vn -0.3805 0.9242 -0.0327
vn -0.6956 0.6143 -0.3727
vn 0.0810 0.3636 -0.9280
vn -0.1941 0.0038 -0.9810
vn 0.4777 0.0728 -0.8755
vn 0.4584 -0.4385 -0.7731
vn 0.5457 0.2878 -0.7870
vn -0.0145 0.3879 -0.9216
vn -0.1501 0.5478 -0.8230
vn 0.2950 0.6867 0.6644
vn 0.1670 0.9771 0.1321
vn 0.2633 0.5569 0.7877
vn 0.9714 -0.2346 -0.0359
vn 0.6352 0.5796 0.5105
vn 0.7649 0.5187 0.3819
vn 0.8915 -0.0894 -0.4440
vn 0.5381 0.7747 -0.3322
vn 0.5204 0.6995 0.4898
vn -0.1398 0.4385 -0.8878
vn -0.1110 0.7245 -0.6803
vn -0.1200 0.3104 -0.9430
vn -0.2309 -0.1249 0.9649
vn 0.8388 0.4756 -0.2650
vn -0.0926 0.3310 -0.9391
vn -0.0430 0.0970 -0.9944
vn 0.8566 0.5110 0.0715
vn 0.7551 0.6181 0.2186
vn -0.0968 0.1597 0.9824
vn 0.5056 -0.0879 0.8583
vn 0.8476 -0.5270 0.0620
vn 0.8820 -0.1444 -0.4485
vn 0.8141 -0.5025 -0.2912
vn 0.8023 0.5757 0.1574
vn 0.8296 0.4925 0.2631
vn 0.8397 0.5360 -0.0870
vn 0.8900 0.4392 -0.1225
vn 0.8853 -0.1054 0.4528
vn 0.9142 -0.0634 0.4003
vn 0.0222 -0.1117 0.9935
vn 0.1111 -0.3768 0.9196
vn -0.4735 -0.3897 0.7899
vn -0.3342 -0.8183 0.4677
vn 0.0875 -0.8321 0.5476
vn -0.1740 -0.6112 0.7721
vn 0.3150 -0.9212 -0.2284
vn 0.5165 -0.8065 -0.2878
vn -0.0447 0.2296 -0.9723
vn -0.5215 -0.6929 0.4980
vn -0.7579 -0.6202 -0.2025
vn -0.8136 -0.5785 -0.0574
vn -0.4908 -0.7239 0.4848
vn -0.5567 0.6478 0.5201
vn -0.4738 0.6280 0.6174
vn -0.6040 0.5763 0.5505
vn -0.8112 0.3418 0.4744
vn 0.3031 -0.1432 0.9421
vn 0.2203 0.4457 0.8677
vn -0.2207 -0.2843 0.9330
vn 0.0655 -0.3973 0.9153
vn -0.2894 0.3777 0.8795
vn -0.3320 -0.3155 0.8890
vn -0.1930 -0.7791 0.5964
vn 0.0840 0.7576 0.6473
vn 0.3217 0.7509 0.5768
vn 0.6032 0.2176 0.7673
vn -0.2342 0.2740 0.9328
vn -0.2196 0.7201 0.6582
vn -0.7454 0.3074 0.5915
vn -0.9154 0.2831 0.2861
vn -0.6245 0.2614 0.7360
vn -0.1506 -0.8744 0.4612
vn -0.2110 -0.5756 0.7901
vn 0.0925 -0.9418 0.3234
vn -0.1731 -0.8771 0.4481
vn -0.2692 -0.7387 0.6180
vn -0.4385 -0.4584 0.7730
vn 0.4502 -0.5946 0.6662
vn 0.0889 -0.5753 0.8131
vn 0.1784 -0.9829 0.0454
vn -0.0284 -0.8395 0.5427
vn 0.0908 -0.7279 0.6797
vn 0.9918 -0.1275 -0.0039
vn -0.4548 -0.7845 0.4216
vn -0.9648 0.2567 0.0564
vn -0.9583 0.1052 0.2657
vn 0.5130 -0.4473 0.7326
vn -0.2454 -0.2178 0.9446
vn 0.1356 -0.2340 0.9627
vn 0.6044 0.3924 0.6933
vn 0.6356 0.2442 0.7324
vn 0.9144 0.3647 0.1755
vn 0.7348 0.6576 0.1658
vn 0.4736 -0.1998 0.8578
vn 0.6652 -0.1795 0.7248
vn 0.7414 0.0660 0.6678
vn -0.4780 -0.8661 -0.1464
vn 0.1209 -0.9921 0.0336
vn -0.2398 -0.6885 0.6844
vn -0.3347 -0.8248 0.4558
vn -0.4291 -0.8944 -0.1259
vn -0.9765 0.1488 -0.1557
vn -0.9636 -0.2619 -0.0527
vn -0.9717 0.1802 -0.1526
vn -0.9353 -0.3514 -0.0418
vn -0.8451 -0.1682 0.5075
vn -0.3665 -0.8526 0.3724
vn 0.2778 -0.8822 0.3803
vn 0.1994 -0.5089 0.8374
vn -0.6454 0.1862 0.7408
vn -0.7503 -0.5656 0.3424
vn -0.0991 -0.5670 0.8177
vn 0.5813 -0.8077 0.0983
vn 0.3086 -0.9337 0.1815
vn 0.0981 0.8539 0.5111
vn -0.2146 0.8161 0.5365
vn 0.4504 0.7455 0.4914
vn 0.5708 0.8080 0.1459
vn 0.6760 0.7197 0.1582
vn 0.4789 0.7512 0.4543
vn 0.6974 0.6985 0.1604
vn 0.4891 0.7175 0.4960
vn 0.5583 0.8170 0.1440
vn 0.9586 0.2232 0.1770
vn 0.9745 0.1442 0.1717
vn 0.6151 0.0595 0.7862
vn 0.1575 0.0746 0.9847
vn -0.4136 0.1992 0.8884
vn -0.6991 0.1348 0.7022
vn -0.9428 0.2897 -0.1649
vn -0.9253 0.3053 0.2249
vn -0.8469 0.5139 -0.1369
vn -0.3103 -0.6556 0.6884
vn -0.0402 -0.5144 0.8566
vn -0.2373 -0.2744 0.9319
vn 0.1900 -0.3384 0.9216
vn -0.3317 -0.9382 0.0988
vn 0.1848 -0.5690 0.8013
vn -0.2830 -0.9577 0.0513
vn 0.4209 -0.4222 0.8029
vn 0.0087 -0.7566 0.6538
vn 0.5098 -0.4564 0.7293
vn 0.1408 -0.6846 0.7152
vn 0.9183 -0.3622 -0.1597
vn 0.9557 -0.2275 0.1870
vn 0.8468 -0.5217 -0.1036
vn 0.5109 -0.8570 -0.0674
vn -0.4853 -0.8726 -0.0545
vn 0.9507 -0.2745 0.1443
vn 0.9854 0.0269 0.1681
vn -0.8599 0.1454 0.4893
vn 0.4165 -0.8278 -0.3757
vn 0.6258 -0.7401 -0.2463
vn 0.5807 -0.8118 -0.0608
vn 0.4805 -0.8766 -0.0253
vn 0.5569 -0.7557 -0.3448
vn 0.7644 -0.5375 -0.3561
vn 0.6147 -0.7703 0.1697
vn 0.5796 -0.8113 -0.0768
vn 0.9206 -0.2297 -0.3157
vn 0.8023 -0.5607 -0.2049
vn -0.1453 -0.5163 -0.8440
vn -0.4628 -0.0479 -0.8852
vn -0.2193 -0.1013 -0.9704
vn -0.0861 -0.5011 -0.8611
vn 0.1089 -0.5958 -0.7957
vn 0.0723 -0.8856 -0.4588
vn 0.1459 -0.2376 -0.9603
vn -0.3217 -0.8864 -0.3327
vn -0.4332 -0.8828 -0.1817
vn -0.4352 -0.8959 -0.0893
vn -0.1971 -0.9784 -0.0625
vn -0.1057 -0.9036 -0.4152
vn -0.1145 -0.9683 -0.2220
vn -0.4725 -0.5199 -0.7116
vn -0.4165 -0.3073 -0.8556
vn -0.2202 -0.6633 -0.7152
vn 0.1218 0.1326 -0.9837
vn 0.2402 0.2713 -0.9320
vn -0.1528 0.2400 -0.9587
vn -0.1500 0.1038 -0.9832
vn -0.2528 0.1095 -0.9613
vn -0.1721 0.3470 -0.9219
vn -0.4461 0.2111 -0.8697
vn 0.6588 0.7467 -0.0916
vn 0.8036 0.2441 -0.5428
vn 0.4529 0.6022 -0.6575
vn 0.4426 0.8956 -0.0453
vn -0.4331 -0.0464 -0.9002
vn -0.4925 0.0955 -0.8651
vn -0.5200 0.1542 -0.8401
vn -0.2310 0.2642 -0.9364
vn 0.2456 0.0620 -0.9674
vn 0.3226 0.2634 -0.9091
vn 0.2951 0.4250 -0.8557
vn 0.3442 0.2842 -0.8949
vn 0.9448 -0.2194 -0.2435
vn 0.7480 -0.5043 -0.4316
vn 0.3976 -0.7470 -0.5328
vn 0.0767 -0.8158 -0.5732
vn 0.0179 -0.7149 -0.6990
vn 0.2012 -0.4574 -0.8662
vn 0.3246 -0.5617 -0.7610
vn 0.2241 0.0324 -0.9740
vn 0.3130 0.2237 -0.9230
vn 0.5068 -0.2326 -0.8301
vn 0.3353 -0.2187 -0.9164
vn -0.1752 -0.5002 -0.8480
vn 0.1371 -0.9079 -0.3961
vn 0.2006 0.6832 0.7022
vn 0.3617 0.9246 0.1195
vn 0.1956 0.8017 0.5648
vn 0.2043 0.5559 0.8058
vn 0.3481 0.0268 -0.9371
vn 0.1885 -0.9733 0.1314
vn 0.0976 -0.9595 0.2642
vn -0.0829 -0.7104 0.6989
vn -0.5079 -0.7737 0.3787
vn -0.0074 -0.7690 0.6392
vn -0.0822 -0.8717 0.4831
vn -0.1062 -0.4457 0.8888
vn -0.1823 -0.3070 0.9341
vn -0.1334 -0.3023 0.9438
vn 0.0042 -0.9994 0.0341
vn -0.1812 -0.9071 0.3800
vn -0.4556 -0.8024 0.3854
vn -0.2092 -0.4846 0.8494
vn -0.0219 -0.5421 0.8400
vn 0.2333 0.0427 0.9715
vn 0.0476 0.1325 0.9900
vn -0.0969 0.2345 0.9673
vn -0.0027 0.1737 0.9848
vn -0.2380 0.2892 0.9272
vn -0.5057 -0.2740 0.8181
vn -0.9785 0.0251 0.2049
vn -0.8690 -0.3693 -0.3292
vn -0.7459 0.3227 -0.5827
vn -0.5969 0.2278 -0.7693
vn -0.4342 0.0862 -0.8967
vn -0.4512 0.0353 -0.8917
vn -0.4944 0.3443 -0.7981
vn -0.4105 0.3634 -0.8363
vn -0.6602 0.5686 0.4908
vn -0.7914 0.5440 -0.2786
vn -0.6455 0.3372 -0.6853
vn -0.0129 0.9865 0.1634
vn -0.3551 0.8636 -0.3579
vn -0.5661 0.4567 -0.6862
vn 0.0667 0.7341 -0.6757
vn 0.3335 0.9165 -0.2209
vn 0.4292 0.7951 -0.4285
vn 0.4648 0.8854 -0.0003
vn 0.4887 0.8717 -0.0364
vn 0.4831 0.6848 -0.5456
vn 0.3305 0.6920 0.6418
vn 0.4290 0.6745 0.6009
vn 0.3629 0.7112 0.6021
vn 0.6795 0.4783 0.5563
vn 0.1220 0.0660 0.9903
vn 0.2717 -0.1220 0.9546
vn 0.5950 -0.5883 0.5477
vn 0.9676 -0.1909 0.1654
vn -0.0442 -0.6229 0.7810
vn -0.2031 -0.9304 0.3051
vn 0.2208 0.1962 -0.9554
vn 0.9435 -0.0151 0.3311
vn 0.9236 0.2537 -0.2875
vn 0.9501 0.1947 -0.2439
vn 0.8465 -0.0402 0.5309
vn 0.7760 0.3644 0.5148
vn 0.5886 -0.0023 0.8084
vn 0.8777 -0.3937 0.2731
vn 0.9184 -0.3037 -0.2537
vn 0.9019 -0.4144 -0.1215
vn 0.8877 -0.4507 -0.0942
vn 0.8534 0.1448 0.5008
vn 0.8635 -0.4437 0.2400
vn 0.6441 -0.6600 -0.3867
vn 0.6186 -0.6383 -0.4582
vn 0.6395 -0.0476 0.7673
vn 0.3806 -0.2112 0.9003
vn 0.8724 -0.4402 0.2125
vn 0.8034 -0.4503 0.3896
vn 0.5566 -0.0818 0.8267
vn 0.2778 -0.0453 0.9596
vn 0.5372 0.3187 0.7809
vn 0.6780 0.3207 0.6614
vn -0.0955 0.4862 0.8686
vn 0.0843 0.4303 0.8987
vn 0.5772 0.6607 -0.4800
vn 0.8001 0.2263 -0.5556
vn 0.5373 0.2226 -0.8135
vn 0.1005 0.6839 -0.7226
vn 0.3554 0.8944 -0.2716
vn 0.9341 0.2545 -0.2503
vn -0.3567 0.7534 -0.5524
vn 0.3322 -0.3773 -0.8645
vn -0.0650 -0.2379 -0.9691
vn 0.5012 -0.2129 -0.8388
vn 0.4887 -0.1652 -0.8567
vn 0.4203 -0.1298 0.8980
vn -0.0056 -0.0964 0.9953
vn 0.6822 -0.3064 -0.6639
vn 0.3748 -0.5219 -0.7663
vn 0.1833 -0.1784 -0.9667
vn 0.4365 -0.1606 -0.8853
vn 0.0879 -0.5155 -0.8524
vn 0.3976 -0.5538 -0.7316
vn -0.5225 0.0072 -0.8526
vn -0.4677 -0.1417 -0.8724
vn -0.4845 0.6692 -0.5634
vn -0.1194 0.6187 -0.7765
vn -0.6429 0.5764 -0.5044
vn -0.6019 0.7090 -0.3675
vn -0.3533 0.5605 -0.7490
vn -0.4694 0.0241 -0.8827
vn -0.5673 -0.0346 -0.8228
vn -0.5272 -0.0701 -0.8469
vn 0.3235 0.9083 0.2651
vn -0.1852 -0.0745 0.9799
vn -0.1770 -0.0047 0.9842
vn 0.5166 -0.0636 0.8539
vn 0.2019 0.0084 0.9794
vn -0.0866 -0.0557 0.9947
vn -0.0360 -0.0231 0.9991
vn -0.1674 -0.0759 0.9830
vn -0.1733 -0.0178 0.9847
vn -0.0302 0.0596 0.9978
vn 0.0444 0.0444 0.9980
vn -0.6430 0.7313 -0.2273
vn -0.3631 0.9298 -0.0601
vn -0.9658 -0.2217 -0.1343
vn -0.8032 0.4150 0.4274
vn -0.2130 -0.1565 -0.9644
vn -0.5245 -0.0729 -0.8483
vn -0.7074 -0.1413 -0.6926
vn -0.3815 -0.2162 -0.8987
vn 0.1919 -0.3313 -0.9238
vn -0.6049 -0.0974 -0.7903
vn -0.2353 -0.2713 -0.9333
vn -0.6622 -0.0958 -0.7432
vn -0.2957 -0.3436 0.8913
vn 0.1259 -0.5269 0.8405
vn 0.1375 -0.1225 0.9829
vn -0.1987 -0.0397 0.9793
vn -0.2577 -0.1252 0.9581
vn -0.3582 -0.1110 0.9270
vn 0.0215 0.8833 -0.4683
vn 0.2294 0.9217 0.3128
vn -0.5546 0.0860 -0.8277
vn -0.2860 -0.0159 -0.9581
vn -0.4693 0.2660 -0.8420
vn -0.7391 0.1512 -0.6564
vn -0.7626 0.5875 -0.2708
vn -0.8448 0.5066 0.1724
vn 0.5622 -0.2953 0.7725
vn -0.8455 0.4975 -0.1941
vn -0.6473 0.3305 -0.6869
vn -0.8976 0.4223 -0.1262
vn -0.7437 0.4157 0.5236
vn -0.7100 0.4973 0.4986
vn -0.6421 0.0895 -0.7614
vn -0.9724 0.2278 -0.0506
vn -0.8063 0.2169 0.5502
vn -0.9994 0.0226 -0.0259
vn -0.7773 0.0195 0.6288
vn -0.6395 -0.1806 0.7473
vn -0.3881 -0.1557 0.9084
vn -0.4217 -0.0910 0.9021
vn -0.5374 -0.1405 0.8315
vn -0.3720 -0.1006 0.9228
vn -0.4751 0.0253 0.8795
vn -0.3054 -0.0803 0.9488
vn 0.0850 -0.1238 0.9887
vn 0.3323 -0.3221 0.8865
vn 0.5244 -0.8353 0.1651
vn -0.0419 -0.9950 0.0910
vn -0.0845 -0.6175 -0.7821
vn -0.7210 -0.6808 0.1288
vn -0.5756 -0.4096 -0.7078
vn -0.9830 -0.1424 0.1161
vn -0.7280 -0.0760 -0.6813
vn -0.8141 -0.1749 -0.5537
vn -0.9916 0.0265 0.1265
vn -0.7730 -0.0032 -0.6344
vn -0.5381 -0.0200 -0.8426
vn 0.1697 -0.1065 0.9797
vn 0.7719 -0.3784 -0.5109
vn 0.5440 -0.3915 -0.7422
vn 0.2556 -0.5162 -0.8175
vn 0.5034 -0.6010 -0.6209
vn 0.5064 -0.5993 -0.6201
vn 0.7152 -0.2838 -0.6388
vn 0.7423 -0.2553 -0.6195
vn 0.5888 -0.5635 -0.5794
vn 0.5829 -0.3440 -0.7361
vn 0.8003 -0.3048 -0.5163
vn 0.8179 0.2367 -0.5243
vn 0.6460 0.1507 -0.7483
vn 0.7594 0.2692 -0.5923
vn 0.8772 0.2398 -0.4160
vn 0.3000 -0.4068 -0.8628
vn -0.2270 -0.2812 -0.9324
vn 0.3099 0.1816 -0.9333
vn -0.5225 -0.3845 -0.7610
vn -0.6446 -0.0642 -0.7618
vn -0.6852 0.6737 0.2769
vn -0.7359 0.6546 -0.1732
vn -0.4023 0.6855 -0.6068
vn -0.0988 0.2264 -0.9690
vn 0.2995 0.2429 -0.9226
vn 0.5948 0.2749 -0.7554
vn 0.4105 0.1243 -0.9033
vn 0.6130 0.0739 -0.7866
vn 0.7600 0.0166 -0.6497
vn 0.8737 -0.0397 -0.4849
vn 0.9450 -0.0677 -0.3200
vn 0.9899 0.0283 0.1391
vn 0.7381 0.1921 0.6468
vn 0.5949 0.3016 0.7451
vn 0.6100 0.4295 0.6658
vn 0.1751 -0.0286 0.9841
vn -0.1858 -0.1876 0.9645
vn 0.3654 -0.2178 0.9050
vn 0.4256 0.1274 0.8959
vn 0.7368 0.2192 0.6396
vn 0.7728 -0.0801 0.6296
vn 0.0089 0.2588 0.9659
vn -0.0721 0.1879 0.9795
vn -0.3193 0.4054 0.8566
vn -0.3718 0.3634 0.8542
vn -0.4377 0.1210 0.8910
vn -0.6069 0.1055 0.7877
vn -0.4526 0.1011 0.8860
vn 0.1948 0.4605 0.8660
vn 0.4308 0.3791 0.8190
vn 0.9229 0.2924 0.2507
vn -0.1492 0.9243 0.3513
vn 0.9525 0.2721 -0.1369
vn 0.0244 0.9784 -0.2051
vn 0.2839 0.2975 -0.9115
vn 0.0096 0.4048 -0.9144
vn -0.6948 0.5902 -0.4111
vn -0.9313 0.2746 -0.2394
vn -0.8397 0.4230 0.3406
vn -0.9834 -0.1495 0.1025
vn -0.8298 0.0429 0.5564
vn -0.8711 0.4772 0.1157
vn -0.8882 0.3263 0.3234
vn -0.9754 -0.2083 0.0725
vn -0.7428 -0.2499 -0.6211
vn -0.6955 -0.1281 -0.7070
vn -0.4698 -0.0040 0.8828
vn -0.9713 -0.2003 0.1283
vn -0.7765 -0.1794 -0.6040
vn -0.5817 -0.2065 -0.7867
vn -0.6756 -0.1477 -0.7223
vn -0.3678 -0.1762 -0.9130
vn 0.5331 0.0791 0.8423
vn 0.8924 0.1101 0.4376
vn 0.7151 0.6027 0.3540
vn 0.5164 0.3566 0.7786
vn 0.4850 0.1796 -0.8559
vn 0.6631 0.6079 -0.4368
vn 0.8948 0.1391 -0.4243
vn 0.0343 0.8119 -0.5827
vn 0.0603 0.9461 0.3182
vn 0.7200 0.6910 -0.0642
vn 0.0425 -0.1493 -0.9879
vn -0.0631 -0.0450 -0.9970
vn -0.1658 -0.1674 -0.9719
vn -0.0192 -0.1927 -0.9811
vn 0.1044 -0.2225 -0.9693
vn 0.0436 -0.1698 -0.9845
vn 0.0586 -0.0543 -0.9968
vn -0.0922 0.0561 -0.9942
vn -0.3178 0.6136 -0.7229
vn -0.3192 0.5204 -0.7920
vn -0.6872 0.0667 -0.7234
vn -0.7264 0.5276 -0.4404
vn -0.9162 0.0899 0.3905
vn -0.7678 0.5717 0.2893
vn -0.6318 -0.1142 -0.7667
vn -0.9365 0.0102 0.3506
vn -0.3762 0.1061 0.9204
vn -0.3656 0.2404 0.8992
vn -0.3906 0.6068 0.6923
vn -0.1955 0.3268 0.9247
vn -0.4128 0.6728 0.6139
vn -0.2512 0.2583 0.9328
vn -0.6379 0.6155 0.4629
vn 0.0230 0.2988 0.9540
vn -0.3665 0.7836 0.5016
vn 0.6366 0.5822 0.5057
vn 0.1679 0.1322 0.9769
vn 0.6890 0.4597 0.5603
vn 0.1565 0.2400 0.9581
vn 0.7144 0.4339 0.5490
vn 0.7046 0.4013 -0.5853
vn 0.8810 0.4688 -0.0632
vn 0.6882 0.7232 -0.0583
vn 0.5880 0.5893 -0.5540
vn 0.2957 0.2197 -0.9297
vn 0.2253 0.1677 -0.9598
vn 0.2574 0.0146 -0.9662
vn 0.7302 0.3041 -0.6118
vn 0.2351 0.0245 -0.9717
vn -0.2796 0.4655 -0.8397
vn 0.0815 -0.0494 -0.9954
vn -0.0214 -0.2422 -0.9700
vn -0.0983 -0.8211 -0.5622
vn -0.2661 -0.5325 -0.8035
vn 0.1445 -0.7020 -0.6973
vn 0.1612 -0.8128 -0.5597
vn -0.4663 -0.6664 -0.5817
vn -0.6275 -0.1110 -0.7707
vn -0.9107 0.0142 0.4128
vn -0.3636 0.0544 0.9300
vn -0.7259 -0.6047 0.3277
vn -0.1385 -0.6789 0.7211
vn -0.0874 -0.4257 0.9007
vn -0.1789 -0.3582 0.9164
vn -0.1958 0.1379 0.9709
vn -0.0204 -0.6805 0.7325
vn 0.1373 0.1399 0.9806
vn -0.0241 0.2361 0.9714
vn 0.1105 -0.6962 0.7093
vn 0.1971 0.0933 0.9759
vn 0.1901 0.1661 0.9676
vn 0.0988 0.2283 0.9686
vn -0.0071 0.2618 0.9651
vn -0.0608 0.2222 0.9731
vn -0.1380 0.2272 0.9640
vn 0.2512 0.3386 0.9068
vn 0.3629 0.4436 0.8195
vn 0.6160 0.7214 0.3162
vn 0.7435 0.5302 0.4075
vn 0.5053 0.8194 0.2708
vn 0.4968 0.8656 -0.0627
vn 0.4851 0.6796 -0.5503
vn 0.3312 0.2036 -0.9213
vn 0.2442 -0.0949 -0.9651
vn 0.1663 -0.6958 -0.6987
vn 0.0432 -0.9620 -0.2695
vn 0.1453 -0.7358 0.6615
vn 0.2309 0.0080 0.9729
vn 0.2293 0.1166 0.9663
vn 0.3823 0.4476 0.8084
vn 0.6987 0.7152 -0.0158
vn 0.4520 -0.2603 -0.8532
vn 0.2451 -0.8588 -0.4498
vn -0.0101 -0.9902 0.1395
vn 0.0891 -0.8598 0.5027
vn 0.4531 -0.3707 0.8108
vn 0.6359 -0.6733 0.3772
vn 0.9857 0.1609 0.0500
vn 0.7968 -0.6042 0.0054
vn 0.7136 -0.5239 -0.4651
vn 0.2360 -0.9571 -0.1683
vn 0.1059 -0.9944 0.0015
vn 0.0209 -0.9941 0.1061
vn 0.6523 0.5157 -0.5554
vn 0.9000 0.4321 -0.0575
vn 0.0401 -0.9925 0.1153
vn -0.5582 0.8237 -0.0995
vn -0.8305 0.5430 0.1239
vn -0.6051 0.7685 0.2079
vn -0.6841 0.7216 -0.1064
vn -0.8998 0.4276 -0.0866
vn -0.5492 0.6400 -0.5374
vn -0.8289 0.4226 -0.3665
vn 0.1889 0.8552 -0.4827
vn -0.2129 0.9748 -0.0666
vn -0.0346 0.9810 -0.1910
vn 0.5386 0.4390 -0.7191
vn 0.3129 0.3354 -0.8886
vn -0.0331 0.8274 -0.5607
vn 0.4419 0.7601 -0.4764
vn 0.6559 0.4090 -0.6344
vn 0.7543 -0.2116 -0.6214
vn 0.8970 -0.1705 -0.4078
vn 0.8607 0.1658 -0.4813
vn 0.0638 0.3352 0.9400
vn 0.5173 -0.2379 0.8221
vn 0.7049 0.2123 0.6768
vn 0.4762 0.5270 0.7039
vn 0.7456 -0.5754 -0.3361
vn 0.6980 -0.5930 -0.4014
vn 0.2346 -0.5675 0.7892
vn 0.0019 -0.0164 0.9999
vn -0.0966 -0.1970 0.9756
vn 0.0880 -0.6663 0.7405
vn 0.4113 -0.8840 -0.2223
vn 0.1054 -0.9150 -0.3895
vn 0.3087 -0.6635 -0.6815
vn 0.4299 -0.7322 -0.5282
vn 0.6177 -0.5553 -0.5568
vn 0.6732 -0.5999 -0.4324
vn 0.1360 -0.3694 -0.9193
vn 0.5408 -0.2452 -0.8046
vn -0.2122 0.2090 -0.9546
vn -0.2684 0.9582 -0.0987
vn -0.2063 0.9251 0.3188
vn -0.3442 0.8563 0.3850
vn -0.0760 0.9431 0.3238
vn -0.3282 0.6053 0.7252
vn 0.0090 0.6725 0.7400
vn 0.4001 0.6551 0.6409
vn 0.4167 0.8774 0.2378
vn -0.1531 0.6489 0.7453
vn 0.0625 0.1399 0.9882
vn -0.3293 0.5851 0.7411
vn 0.4328 -0.4198 0.7978
vn 0.3914 -0.8741 0.2877
vn 0.6624 -0.6594 0.3556
vn 0.7901 -0.4923 0.3653
vn 0.9486 -0.0542 0.3119
vn 0.8210 -0.5704 -0.0261
vn 0.9760 -0.2176 0.0134
vn 0.9836 0.1795 0.0169
vn 0.9198 0.3441 0.1886
vn 0.7417 -0.6651 -0.0871
vn 0.1736 -0.9559 0.2367
vn -0.0945 -0.5352 -0.8394
vn -0.4238 -0.1099 -0.8991
vn -0.3879 0.3235 0.8631
vn 0.3743 0.9037 -0.2078
vn -0.7233 0.1071 -0.6822
vn -0.4928 -0.5693 -0.6580
vn -0.6317 -0.6777 -0.3765
vn -0.8085 -0.0713 -0.5842
vn -0.6621 0.7492 -0.0168
vn -0.3839 0.9230 -0.0257
vn -0.5628 -0.3124 -0.7653
vn -0.6959 0.4620 -0.5498
vn 0.1291 0.5613 -0.8175
vn 0.2371 0.1613 -0.9580
vn -0.9712 -0.2120 -0.1083
vn -0.7915 -0.6110 0.0166
vn -0.7447 -0.4605 -0.4831
vn -0.9394 0.0798 -0.3333
vn -0.5921 0.4083 -0.6948
vn -0.7394 0.6729 0.0211
vn -0.7952 0.5838 0.1638
vn -0.9498 0.3126 -0.0154
vn -0.9550 0.2887 -0.0684
vn -0.3303 -0.1388 -0.9336
vn -0.9668 -0.2541 0.0279
vn 0.3895 0.9207 -0.0242
vn 0.2121 0.9253 0.3144
vn 0.7223 0.6566 0.2171
vn 0.6847 0.7112 -0.1590
vn 0.5190 0.7211 -0.4590
vn 0.3533 0.8501 -0.3906
vn -0.5872 0.8094 -0.0078
vn -0.8412 -0.1900 0.5063
vn -0.9535 -0.2641 -0.1452
vn -0.6377 -0.3769 0.6717
vn 0.1974 0.3791 0.9041
vn -0.3072 0.7051 0.6391
vn -0.5947 0.6266 0.5036
vn -0.6952 -0.6995 0.1657
vn -0.5344 0.6520 -0.5378
vn -0.4950 -0.8586 -0.1331
vn -0.6231 -0.4759 0.6207
vn -0.7183 0.6954 -0.0204
vn -0.0107 -0.6039 0.7970
vn 0.1399 0.6533 -0.7441
vn -0.0006 -0.8981 -0.4398
vn -0.2318 -0.9683 -0.0929
vn 0.9256 -0.2054 0.3179
vn 0.8002 0.5504 0.2381
vn 0.7385 0.4218 0.5261
vn 0.8341 0.0069 0.5516
vn 0.6862 -0.3703 0.6262
vn 0.8798 -0.4680 0.0834
vn 0.8576 -0.4294 0.2832
vn 0.5310 0.0766 0.8439
vn 0.3922 -0.0836 0.9161
vn 0.4719 0.2547 0.8441
vn 0.8477 -0.5289 0.0408
vn 0.3295 -0.4809 -0.8125
vn 0.2809 -0.2233 -0.9334
vn 0.5762 -0.3969 -0.7145
vn 0.7014 -0.3209 -0.6364
vn 0.3796 -0.7711 -0.5112
vn -0.0875 -0.9957 0.0295
vn -0.3299 -0.8993 -0.2871
vn 0.8411 -0.4309 -0.3268
vn 0.0427 0.9859 0.1618
vn 0.0579 0.6948 0.7169
vn -0.2080 0.8185 0.5355
vn -0.2036 0.8294 0.5202
vn -0.6932 0.6845 -0.2255
vn -0.8585 -0.4797 0.1813
vn -0.6549 -0.6397 0.4024
vn 0.4710 -0.6252 -0.6223
vn 0.5774 -0.5519 -0.6016
vn 0.7401 -0.5893 -0.3239
vn -0.4050 0.9039 -0.1379
vn 0.0165 0.6588 -0.7521
vn -0.9583 0.1883 0.2149
vn -0.6924 0.5258 0.4941
vn 0.3448 0.1993 -0.9173
vn -0.1768 -0.7708 0.6120
vn -0.9692 -0.2439 -0.0325
vn -0.7655 -0.4725 -0.4368
vn -0.1330 -0.8767 0.4623
vn -0.2987 -0.9281 -0.2223
vn -0.5747 0.6961 0.4303
vn 0.1034 -0.8793 0.4650
vn -0.3370 0.8386 -0.4280
vn -0.9389 -0.3191 0.1292
vn -0.8739 -0.3317 -0.3554
vn -0.7701 0.6047 0.2031
vn -0.5944 0.4276 -0.6810
vn -0.4222 0.3902 -0.8182
vn -0.1321 0.9678 -0.2145
vn -0.0488 0.9436 -0.3274
vn -0.9361 0.3367 -0.1015
vn 0.3003 0.3296 -0.8951
vn 0.3904 -0.1886 -0.9011
vn 0.0364 0.0240 -0.9990
vn 0.0756 0.0007 -0.9971
vn 0.4024 0.4645 -0.7889
vn -0.1399 0.5079 -0.8500
vn -0.1201 -0.1825 -0.9758
vn 0.1011 -0.1136 -0.9884
vn -0.1681 0.2582 -0.9514
vn 0.7144 -0.0578 -0.6974
vn 0.5967 0.5670 -0.5679
vn 0.7498 0.6357 -0.1832
vn 0.9644 -0.0820 -0.2513
vn 0.6762 0.5566 0.4827
vn 0.4612 0.2538 0.8502
vn 0.0792 -0.2301 0.9699
vn 0.1284 0.0755 0.9888
vn -0.3701 -0.1543 0.9161
vn -0.2899 -0.2442 0.9254
vn 0.0757 0.1991 0.9771
vn 0.0885 0.3940 0.9148
vn -0.2117 -0.6860 0.6961
vn -0.2699 -0.8344 0.4806
vn -0.1592 -0.9150 0.3708
vn -0.6213 -0.6039 -0.4993
vn -0.8585 -0.4574 -0.2319
vn -0.5478 -0.4397 -0.7117
vn -0.8755 -0.4028 -0.2669
vn -0.9138 -0.2936 0.2805
vn -0.7310 -0.2119 0.6486
vn -0.7804 -0.2409 0.5769
vn -0.3759 -0.1474 0.9149
vn -0.4084 -0.3044 0.8606
vn -0.7346 -0.4861 0.4734
vn -0.4975 -0.0551 0.8657
vn 0.0364 0.4232 0.9053
vn 0.2796 -0.0393 0.9593
vn -0.9278 -0.0549 0.3691
vn -0.6877 0.4296 0.5853
vn -0.2467 0.7989 0.5485
vn 0.0379 0.9009 0.4323
vn 0.4343 0.6089 0.6638
vn -0.6731 0.7304 0.1160
vn -0.5061 0.8621 -0.0252
vn -0.3577 0.5713 -0.7387
vn -0.5234 0.2815 -0.8043
vn 0.0730 0.0553 -0.9958
vn -0.1975 -0.3709 -0.9074
vn -0.3110 0.8035 -0.5077
vn 0.3573 0.5562 -0.7504
vn -0.8813 0.4714 0.0336
vn 0.1981 -0.6735 0.7122
vn 0.5885 -0.3839 0.7115
vn -0.0171 -0.5727 0.8196
vn -0.2871 -0.9267 0.2426
vn -0.4691 -0.8629 0.1879
vn -0.3363 -0.3944 -0.8552
vn -0.1132 -0.6352 -0.7640
vn -0.5511 -0.2648 -0.7913
vn -0.1750 -0.8266 -0.5349
vn -0.0714 -0.2841 -0.9561
vn 0.1189 0.0756 -0.9900
vn -0.2401 0.6133 -0.7525
vn -0.5986 0.8007 -0.0241
vn -0.6635 0.5120 0.5456
vn -0.4921 0.3488 0.7976
vn -0.0662 0.4247 0.9029
vn -0.6661 -0.1700 0.7262
vn -0.8341 -0.4276 0.3486
vn -0.8056 -0.4147 0.4231
vn -0.6174 -0.4007 0.6770
vn -0.6868 -0.4597 -0.5630
vn 0.2823 -0.4179 -0.8636
vn 0.4939 -0.7419 -0.4536
vn 0.1577 0.7845 0.5998
vn -0.3292 -0.8331 -0.4445
vn -0.1123 0.7565 0.6443
vn -0.2703 0.4859 0.8312
vn -0.4848 0.6345 0.6020
vn -0.8400 0.4987 -0.2135
vn -0.2878 0.8860 -0.3635
vn -0.7907 0.3550 -0.4987
vn -0.8395 0.5332 0.1047
vn -0.3208 0.9391 0.1237
vn -0.1613 0.7144 -0.6808
vn -0.0249 0.6440 -0.7646
vn -0.0530 0.2295 0.9719
vn 0.1304 0.2503 0.9593
vn -0.0713 0.6810 0.7288
vn 0.2555 -0.0138 0.9667
vn 0.0344 0.0275 0.9990
vn -0.2952 0.2834 0.9124
vn -0.4562 -0.1932 -0.8686
vn -0.5566 -0.1934 -0.8080
vn -0.4585 0.2751 -0.8450
vn -0.2731 0.1447 -0.9510
vn -0.0242 -0.1503 -0.9883
vn -0.3234 -0.5116 -0.7961
vn -0.4759 -0.6473 -0.5954
vn 0.7064 -0.7078 -0.0075
vn 0.4513 -0.6226 -0.6393
vn 0.8215 -0.0369 -0.5689
vn 0.9938 -0.1070 0.0291
vn 0.5175 -0.8328 0.1965
vn 0.0866 -0.9102 -0.4050
vn 0.8875 -0.2085 0.4109
vn 0.5240 0.4191 -0.7415
vn 0.7952 0.6042 -0.0521
vn 0.5557 0.7833 0.2788
vn 0.4963 0.8650 -0.0741
vn 0.3575 0.9339 0.0075
vn 0.5608 0.7474 0.3563
vn 0.7093 0.4437 0.5478
vn 0.7807 0.5100 0.3612
vn 0.8970 -0.1344 0.4212
vn 0.6480 0.5712 0.5038
vn 0.6273 0.7477 -0.2179
vn 0.2890 0.1066 -0.9514
vn -0.9562 0.2920 0.0183
vn -0.8932 0.4238 -0.1500
vn -0.8675 -0.1557 -0.4724
vn -0.9177 -0.3406 -0.2047
vn -0.6262 -0.6711 0.3968
vn -0.6314 0.3951 0.6672
vn -0.4270 0.8035 0.4148
vn 0.4400 -0.3886 0.8096
vn 0.1505 0.2188 0.9641
vn 0.8192 0.0849 0.5673
vn 0.4645 0.6104 0.6416
vn -0.5545 -0.7570 -0.3457
vn -0.4711 -0.6763 -0.5663
vn -0.1392 -0.9902 -0.0117
vn 0.2651 -0.9146 -0.3052
vn 0.6801 -0.6529 0.3335
vn 0.7700 -0.5923 0.2370
vn 0.1635 0.8645 0.4752
vn 0.3016 0.8777 0.3723
vn -0.2852 0.8701 0.4019
vn 0.0088 0.5160 0.8565
vn -0.1037 0.7666 0.6337
vn 0.0928 0.2337 0.9679
vn -0.8208 -0.5653 0.0825
vn -0.4070 -0.9134 0.0095
vn -0.2784 -0.6853 -0.6730
vn -0.7118 -0.6898 -0.1326
vn 0.4038 0.0753 -0.9118
vn 0.3504 0.1591 -0.9230
vn -0.2099 0.2909 -0.9335
vn -0.2796 0.4948 -0.8228
vn 0.9639 -0.0132 -0.2658
vn 0.9362 -0.3444 -0.0704
vn 0.8526 0.4847 0.1953
vn 0.5737 0.5577 0.5999
vn 0.8092 0.3990 0.4312
vn 0.2683 0.2094 0.9403
vn 0.0992 0.5181 0.8495
vn -0.3338 0.6658 -0.6673
vn 0.3242 -0.8985 -0.2960
vn 0.5152 0.8452 0.1425
vn -0.4452 0.8941 0.0484
vn -0.8131 -0.0867 -0.5756
vn 0.3049 -0.9428 -0.1350
vn 0.0106 0.3161 -0.9487
vn 0.0929 0.3259 -0.9408
vn -0.0538 0.2776 -0.9592
vn -0.0148 0.3001 -0.9538
vn 0.0744 0.2221 -0.9722
vn -0.1273 0.2901 -0.9485
vn -0.0277 0.3196 -0.9472
vn 0.0805 0.4089 -0.9090
vn 0.5988 0.1439 0.7879
vn 0.7835 0.2877 0.5508
vn 0.9089 -0.4146 0.0461
vn 0.8500 0.3347 0.4068
vn 0.9366 0.3256 0.1294
vn 0.9777 0.2057 -0.0412
vn -0.4950 0.0498 -0.8674
vn -0.6073 0.1919 -0.7710
vn -0.5833 0.8123 0.0004
vn -0.8622 0.3265 -0.3873
vn -0.1358 -0.7632 -0.6318
vn -0.6732 -0.5312 -0.5145
vn -0.0136 -0.0117 -0.9998
vn 0.8015 0.2402 -0.5476
vn -0.6572 -0.7195 -0.2247
vn 0.5898 -0.7290 -0.3474
vn 0.9720 0.1923 -0.1349
vn -0.0307 -0.6899 -0.7233
vn 0.5482 0.3899 -0.7399
vn 0.1729 0.8837 -0.4350
vn -0.9749 0.2133 -0.0640
vn -0.9172 0.3019 -0.2598
vn -0.7403 -0.4224 -0.5230
vn -0.8992 -0.4033 -0.1695
vn -0.8264 0.4346 0.3581
vn -0.6395 0.7528 0.1557
vn -0.7936 -0.2816 0.5394
vn -0.3281 0.5231 0.7866
vn 0.0006 -0.0395 0.9992
vn -0.0257 0.8082 0.5884
vn 0.6162 0.2814 0.7356
vn -0.4440 -0.7865 0.4293
vn -0.3625 -0.9222 -0.1349
vn 0.2766 -0.9585 0.0688
vn 0.2840 -0.7172 0.6364
vn -0.1013 -0.9010 -0.4218
vn 0.5456 -0.8359 -0.0596
vn 0.8243 -0.3724 0.4265
vn -0.9866 0.1627 -0.0151
vn -0.8184 0.2937 0.4939
vn -0.4522 0.7960 0.4024
vn -0.7917 0.4962 -0.3564
vn -0.4947 -0.3560 -0.7928
vn -0.7864 -0.4944 -0.3705
vn -0.4766 -0.8779 -0.0469
vn -0.1670 -0.7563 0.6325
vn -0.2186 0.1659 0.9616
vn 0.1424 0.2949 0.9449
vn 0.4958 -0.7271 0.4749
vn 0.1097 -0.8901 -0.4424
vn -0.9789 -0.2041 -0.0125
vn -0.9034 0.3468 -0.2523
vn -0.6314 -0.3715 -0.6807
vn -0.4996 -0.8452 -0.1897
vn -0.5634 -0.3954 0.7254
vn -0.4794 0.5572 0.6780
vn 0.1782 -0.3234 0.9293
vn 0.5211 -0.7006 0.4874
vn -0.0009 -0.9866 -0.1633
vn 0.6989 -0.6149 0.3653
vn 0.4185 0.1219 0.9000
vn 0.1263 -0.8498 -0.5118
vn 0.3841 -0.1260 -0.9147
vn 0.4671 -0.1484 -0.8717
vn 0.5557 -0.3366 -0.7602
vn -0.5245 -0.2882 -0.8012
vn 0.2283 0.2754 -0.9338
vn -0.5411 0.0248 -0.8406
vn 0.3373 -0.0096 -0.9413
vn 0.1620 0.2142 -0.9633
vn 0.2216 -0.1421 -0.9647
vn 0.4669 -0.4056 -0.7858
vn 0.1899 -0.4472 -0.8740
vn 0.4971 -0.6153 -0.6119
vn 0.6843 -0.6246 -0.3763
vn 0.6512 -0.4281 -0.6266
vn -0.8680 -0.3470 -0.3552
vn -0.8928 -0.4123 -0.1812
vn -0.9813 -0.1914 0.0213
vn -0.4410 -0.4843 0.7556
vn -0.9974 -0.0639 0.0329
vn -0.3850 -0.7835 0.4877
vn 0.2859 -0.1023 0.9528
vn 0.4447 -0.2901 0.8474
vn 0.3275 0.8734 0.3605
vn -0.2769 0.9254 -0.2589
vn 0.3168 0.4766 -0.8201
vn 0.2664 0.5833 -0.7673
vn -0.1150 -0.0445 -0.9924
vn 0.3511 0.0824 -0.9327
vn 0.7659 -0.1001 0.6351
vn 0.5145 -0.5545 0.6540
vn 0.5155 -0.7528 0.4093
vn 0.9701 0.1654 0.1774
vn 0.1440 -0.5731 -0.8067
vn -0.0166 -0.9118 -0.4102
vn -0.1864 -0.9799 0.0718
vn -0.9781 -0.2000 0.0567
vn 0.6760 -0.7328 -0.0774
vn 0.6560 -0.7073 0.2633
vn 0.6114 -0.5883 0.5292
vn 0.5590 -0.4319 0.7078
vn 0.5089 -0.1773 0.8424
vn -0.4840 -0.2285 0.8447
vn 0.3873 0.0712 0.9192
vn -0.5963 -0.0131 0.8026
vn 0.2237 0.3300 0.9171
vn -0.7445 0.1175 0.6573
vn -0.6417 0.2825 -0.7130
vn -0.7634 0.4372 0.4755
vn 0.0682 0.6005 0.7967
vn -0.8013 0.5444 0.2481
vn 0.6685 -0.3326 0.6652
vn 0.6001 -0.1912 0.7767
vn 0.4413 0.0542 0.8957
vn 0.4240 -0.4363 0.7937
vn 0.3035 -0.1979 0.9320
vn 0.0506 0.1496 0.9875
vn 0.1955 0.3747 0.9063
vn -0.6047 0.4068 0.6847
vn -0.6495 0.7393 -0.1776
vn -0.3894 0.9172 0.0842
vn -0.2565 0.9206 -0.2943
vn -0.3282 0.8616 -0.3871
vn -0.1220 0.6109 -0.7823
vn 0.0961 0.4220 -0.9015
vn 0.0300 -0.0764 -0.9966
vn 0.1599 -0.5951 -0.7876
vn 0.2967 -0.7712 -0.5633
vn 0.3968 -0.8913 -0.2194
vn 0.6688 -0.7434 -0.0101
vn 0.5912 -0.7396 -0.3218
vn 0.7022 -0.6646 0.2554
vn 0.7047 -0.4971 0.5062
vn 0.4699 -0.8739 0.1248
vn 0.4935 -0.7264 0.4783
vn 0.4849 -0.5563 0.6749
vn 0.3573 -0.7174 0.5981
vn 0.3049 -0.5646 0.7670
vn 0.2467 -0.3220 0.9140
vn 0.3933 -0.4778 0.7855
vn 0.3462 -0.2369 0.9078
vn 0.2859 -0.4826 0.8279
vn 0.2422 -0.2346 0.9414
vn 0.1896 0.0023 0.9819
vn 0.3771 -0.6728 0.6365
vn 0.4482 -0.6828 0.5770
vn 0.5198 -0.8138 0.2599
vn 0.4404 -0.8391 0.3193
vn 0.4015 -0.8656 0.2992
vn 0.3862 -0.9184 -0.0857
vn 0.5359 -0.8368 -0.1117
vn 0.3223 -0.8548 -0.4068
vn 0.3306 -0.3888 -0.8600
vn 0.4915 -0.7582 -0.4284
vn 0.2444 -0.2772 -0.9292
vn 0.4072 -0.7702 -0.4910
vn 0.4417 -0.8940 -0.0755
vn 0.3953 -0.5625 -0.7262
vn 0.4574 -0.8885 0.0360
vn 0.2143 -0.8387 -0.5007
vn 0.7551 -0.6555 -0.0120
vn 0.1065 -0.9860 -0.1280
vn 0.6548 -0.4133 -0.6328
vn 0.6175 0.3998 -0.6774
vn 0.2311 -0.6487 -0.7251
vn -0.2217 0.0458 -0.9740
vn -0.5644 0.6615 -0.4938
vn 0.0946 0.9796 -0.1775
vn -0.4859 0.6795 0.5497
vn -0.5742 0.6544 0.4920
vn 0.0861 -0.1324 0.9874
vn -0.7063 -0.4899 0.5111
vn 0.4445 -0.8326 0.3304
vn 0.0518 0.1774 -0.9828
vn 0.0653 0.1436 -0.9875
vn -0.0315 0.2500 -0.9677
vn -0.0968 0.2110 -0.9727
vn 0.3027 0.2924 -0.9071
vn 0.3560 0.3033 -0.8839
vn -0.1573 0.2500 -0.9554
vn -0.1562 0.3227 -0.9335
vn 0.0935 0.5602 -0.8231
vn 0.1991 0.9751 -0.0977
vn -0.2212 0.9678 -0.1201
vn 0.4437 0.8609 0.2491
vn 0.5798 0.6937 0.4273
vn 0.3463 0.9007 0.2622
vn -0.0759 0.8372 -0.5417
vn -0.3163 0.9448 -0.0853
vn -0.7838 0.4523 -0.4255
vn -0.8837 0.4395 0.1609
vn -0.6632 0.4359 0.6084
vn -0.9600 -0.0789 -0.2687
vn -0.9678 0.1145 -0.2244
vn -0.6230 -0.5313 -0.5741
vn -0.5314 -0.3150 -0.7864
vn -0.2378 0.4994 -0.8331
vn -0.5988 -0.1284 -0.7905
vn -0.5842 0.6936 -0.4215
vn 0.1025 0.0840 -0.9912
vn -0.3796 0.8301 -0.4085
vn 0.0159 -0.7542 -0.6565
vn 0.3896 -0.6032 -0.6959
vn -0.1438 -0.9261 -0.3487
vn 0.3863 -0.9223 -0.0095
vn -0.1378 -0.9870 -0.0822
vn 0.2833 -0.8770 0.3880
vn 0.6939 -0.3086 0.6506
vn -0.6052 -0.5364 -0.5882
vn -0.7987 -0.0879 -0.5953
vn 0.1799 0.6785 -0.7122
vn -0.0232 0.8661 0.4993
vn -0.5899 0.8074 0.0077
vn -0.0358 0.9740 0.2238
vn -0.9558 0.1801 0.2324
vn -0.2667 0.9606 -0.0787
vn -0.7668 0.6320 0.1118
vn -0.9248 -0.2238 0.3077
vn -0.7098 0.6671 0.2261
vn -0.1560 0.3444 0.9258
vn 0.5215 -0.3996 0.7539
vn -0.1927 -0.9503 0.2445
vn 0.6693 -0.7244 0.1650
vn 0.4539 -0.8887 0.0646
vn 0.4997 -0.6605 -0.5603
vn 0.9307 -0.3274 -0.1630
vn 0.1790 -0.2316 -0.9562
vn 0.8704 0.3249 -0.3699
vn -0.3351 0.3284 -0.8831
vn 0.3751 0.8551 -0.3580
vn 0.5718 0.7749 0.2695
vn 0.2192 0.6313 0.7440
vn -0.7054 0.6345 -0.3160
vn -0.1183 -0.0477 -0.9918
vn 0.2409 -0.7929 -0.5597
vn 0.2779 -0.8608 0.4265
vn 0.5289 -0.6950 -0.4870
vn -0.2300 -0.9682 0.0982
vn -0.8321 0.3459 0.4335
vn -0.1491 0.2042 0.9675
vn -0.3966 0.9022 0.1694
vn -0.4180 0.8515 0.3167
vn 0.2092 0.9256 -0.3154
vn -0.4344 0.7374 -0.5172
vn 0.6298 0.1919 -0.7527
vn 0.3544 0.9244 0.1413
vn 0.0749 0.7323 -0.6768
vn 0.4795 -0.4013 -0.7804
vn -0.0049 -0.9940 -0.1096
vn 0.6532 -0.6954 -0.2995
vn 0.9792 -0.0184 -0.2019
vn 0.5253 -0.7202 -0.4532
vn 0.5276 -0.1357 -0.8386
vn 0.1803 0.5454 -0.8185
vn 0.8324 0.4865 -0.2655
vn -0.1324 0.9398 -0.3151
vn 0.3365 0.9261 -0.1707
vn -0.5309 0.7941 0.2960
vn -0.4601 0.8745 0.1533
vn -0.6460 0.1682 0.7445
vn -0.9008 0.1906 0.3901
vn -0.9887 0.1191 -0.0907
vn -0.7567 -0.6260 0.1884
vn -0.3391 -0.6895 0.6400
vn 0.2296 -0.9711 0.0646
vn 0.6213 -0.5523 0.5559
vn 0.4633 -0.8855 -0.0340
vn 0.0855 -0.8521 -0.5163
vn -0.3250 -0.3650 -0.8724
vn -0.6909 0.3703 -0.6209
vn -0.6407 0.7632 -0.0838
vn -0.3704 0.8188 0.4386
vn 0.2492 0.3574 0.9001
vn -0.8002 -0.5916 0.0980
vn -0.8624 -0.3170 0.3946
vn -0.9926 0.1181 -0.0296
vn -0.8346 -0.4705 -0.2865
vn 0.9535 -0.1845 -0.2384
vn 0.5922 -0.7161 0.3695
vn 0.5442 -0.7842 -0.2981
vn 0.7903 -0.4519 -0.4138
vn 0.3295 -0.5818 0.7435
vn 0.4153 -0.5224 0.7448
vn 0.6150 -0.7610 0.2068
vn 0.2751 -0.4024 0.8732
vn 0.2923 -0.3353 0.8956
vn 0.5322 -0.4199 0.7351
vn 0.0199 0.5683 -0.8226
vn -0.0939 0.4017 -0.9109
vn -0.1411 0.8674 -0.4772
vn -0.2366 0.8949 -0.3785
vn -0.9607 -0.0320 -0.2759
vn -0.8811 0.1695 0.4415
vn -0.8901 0.4533 0.0470
vn -0.9643 -0.0582 -0.2583
vn -0.9288 0.3141 -0.1967
vn -0.9909 -0.0530 -0.1235
vn 0.9742 0.1464 0.1719
vn 0.7836 0.5023 0.3656
vn 0.5202 0.4175 0.7451
vn 0.1048 0.0078 0.9945
vn 0.1045 0.1095 0.9885
vn -0.4459 0.8945 0.0334
vn -0.0838 0.9962 -0.0222
vn -0.1733 0.7514 0.6366
vn -0.2530 0.7278 0.6374
vn 0.1999 0.8323 0.5170
vn 0.1304 0.9914 0.0109
vn -0.1329 0.1641 0.9774
vn 0.0228 0.9947 -0.1004
vn -0.1638 0.1091 0.9804
vn 0.0264 -0.3503 0.9363
vn 0.0477 -0.3744 0.9260
vn -0.0064 0.8379 0.5458
vn -0.2887 0.8195 0.4950
vn -0.1800 0.1344 0.9744
vn -0.3630 0.9133 -0.1850
vn -0.3082 0.8137 -0.4928
vn -0.8091 0.4421 -0.3871
vn -0.5178 0.2472 -0.8190
vn -0.8933 0.0903 -0.4402
vn -0.9907 0.1018 -0.0907
vn -0.2550 0.3221 -0.9117
vn 0.1718 -0.2089 -0.9627
vn -0.1233 -0.2878 -0.9497
vn -0.1436 -0.2921 -0.9455
vn -0.6223 -0.2407 -0.7448
vn 0.1058 -0.6938 -0.7123
vn 0.1066 -0.6800 -0.7254
vn -0.3232 -0.6255 -0.7101
vn -0.8879 -0.2642 -0.3766
vn -0.9795 -0.1056 -0.1716
vn 0.2381 -0.8953 -0.3764
vn -0.0075 -0.9127 -0.4086
vn 0.2631 -0.9238 0.2780
vn -0.1027 -0.9454 0.3092
vn 0.1824 -0.6065 0.7739
vn -0.0293 -0.6038 0.7966
vn -0.0755 -0.3206 0.9442
vn -0.8084 -0.2246 0.5441
vn -0.9955 0.0705 -0.0634
vn 0.1994 0.9313 -0.3049
vn 0.3935 -0.8857 0.2462
vn 0.2637 -0.5837 0.7679
vn 0.3230 -0.8653 -0.3833
vn 0.5457 -0.7550 -0.3636
vn 0.3962 -0.6214 -0.6759
vn 0.5013 -0.5356 -0.6796
vn 0.3753 -0.0389 -0.9261
vn 0.7167 0.3436 -0.6069
vn 0.8284 -0.1972 -0.5244
vn 0.4224 0.7519 -0.5062
vn -0.9905 0.0394 -0.1318
vn 0.7944 0.5909 -0.1408
vn 0.0179 0.0247 0.9995
vn -0.2633 -0.0371 0.9640
vn -0.3028 -0.2032 0.9311
vn 0.0706 -0.2083 0.9755
vn -0.3977 0.6160 0.6800
vn -0.5109 0.8559 0.0800
vn -0.6841 0.5726 0.4518
vn -0.4220 0.5344 0.7323
vn -0.2789 0.5432 0.7919
vn -0.2548 0.6936 0.6738
vn -0.2880 0.9560 -0.0552
vn -0.7680 -0.6222 0.1517
vn -0.9046 -0.4244 -0.0385
vn -0.5233 -0.8254 -0.2119
vn -0.5786 -0.7659 0.2804
vn -0.8616 -0.3068 0.4044
vn -0.9919 0.1139 0.0568
vn -0.5601 -0.5846 0.5870
vn 0.4970 -0.1135 0.8603
vn 0.3234 -0.3273 0.8878
vn 0.8380 -0.2024 0.5068
vn 0.8228 -0.2344 0.5177
vn -0.1764 -0.3501 0.9199
vn -0.7997 0.3030 -0.5183
vn 0.3438 0.6820 -0.6455
vn -0.2400 0.3782 -0.8941
vn -0.7884 -0.2013 -0.5813
vn 0.0157 -0.4037 -0.9148
vn 0.5508 0.4343 -0.7127
vn 0.3271 0.7190 0.6132
vn 0.3853 0.7801 0.4929
vn 0.2051 0.9786 0.0162
vn 0.2282 0.8096 0.5408
vn -0.2213 0.6198 -0.7530
vn 0.1604 0.9480 -0.2749
vn 0.1733 0.9428 0.2849
vn 0.1208 0.6788 0.7244
vn 0.0849 -0.8810 -0.4654
vn 0.3099 -0.9284 0.2051
vn -0.1575 -0.9649 0.2102
vn -0.2043 -0.9185 -0.3385
vn 0.7960 -0.2299 -0.5599
vn 0.9692 -0.2454 -0.0222
vn -0.1090 -0.0559 -0.9925
vn -0.0677 0.2578 -0.9638
vn 0.5613 0.7378 -0.3750
vn 0.2624 0.4064 -0.8752
vn 0.9158 0.3643 -0.1690
vn 0.3117 -0.1480 -0.9386
vn -0.2604 0.3427 -0.9027
vn 0.4154 0.9002 -0.1309
vn 0.5317 0.7186 0.4481
vn 0.9908 0.0977 0.0940
vn 0.2937 -0.7371 -0.6087
vn -0.5304 -0.5489 -0.6460
vn 0.0115 -0.3241 -0.9460
vn -0.0443 -0.3857 -0.9216
vn -0.7778 0.1936 -0.5979
vn -0.5917 0.4456 -0.6718
vn -0.0660 0.2468 -0.9668
vn 0.0615 -0.3623 -0.9300
vn 0.0981 -0.4383 -0.8935
vn 0.0386 0.1882 0.9814
vn -0.2236 0.1891 0.9562
vn 0.4657 0.0058 0.8849
vn -0.2683 -0.2956 0.9169
vn -0.2636 -0.5583 0.7866
vn -0.2398 -0.7554 0.6098
vn -0.2437 -0.5336 0.8099
vn -0.0963 -0.5968 0.7966
vn 0.1119 0.3982 0.9104
vn 0.1265 0.5221 0.8435
vn 0.0552 0.8653 -0.4982
vn -0.1016 -0.8512 0.5150
vn -0.2526 -0.9098 0.3292
vn 0.3771 -0.7864 0.4892
vn 0.3733 -0.5097 0.7751
vn 0.9225 -0.2983 0.2449
vn 0.9020 -0.2010 0.3821
vn 0.8297 0.4765 -0.2909
vn 0.9521 0.2286 -0.2029
vn 0.9860 -0.0084 -0.1665
vn 0.9592 -0.2400 -0.1494
vn 0.4898 0.5173 -0.7018
vn 0.6276 0.1899 -0.7550
vn 0.6242 -0.1393 -0.7687
vn 0.3995 -0.4238 -0.8129
vn 0.8297 -0.4927 -0.2625
vn 0.2224 0.2504 -0.9422
vn 0.2350 -0.0266 -0.9716
vn 0.0497 -0.2683 -0.9620
vn -0.1987 -0.4233 -0.8839
vn -0.0208 -0.5568 -0.8304
vn 0.1136 -0.0184 -0.9934
vn 0.0517 -0.2395 -0.9695
vn -0.0449 -0.4219 -0.9055
vn -0.1228 -0.4480 -0.8855
vn -0.3203 -0.5006 -0.8042
vn 0.0342 -0.2540 -0.9666
vn -0.0014 -0.3915 -0.9202
vn -0.0268 -0.2459 -0.9689
vn 0.1372 0.7217 -0.6785
vn -0.0673 0.1148 -0.9911
vn -0.0146 -0.3752 -0.9268
vn 0.0125 0.0762 -0.9970
vn 0.0403 0.9464 -0.3205
vn 0.0079 0.8568 0.5156
vn -0.0158 0.2536 -0.9672
vn -0.1176 0.9883 -0.0973
vn -0.1313 0.7711 0.6230
vn -0.1413 0.5898 0.7951
vn -0.0286 0.6583 0.7522
vn -0.0292 0.3357 0.9415
vn 0.0054 0.3570 0.9341
vn -0.0962 0.3785 0.9206
vn -0.0694 -0.0115 0.9975
vn -0.0498 0.0233 0.9985
vn -0.2470 0.4104 0.8778
vn -0.2318 0.0407 0.9719
vn -0.4415 0.4325 0.7861
vn -0.4675 0.1201 0.8758
vn -0.6903 0.4296 0.5822
vn -0.7455 0.1737 0.6434
vn -0.8195 -0.1218 0.5600
vn -0.5328 -0.3107 0.7871
vn -0.9027 0.3793 -0.2033
vn -0.9534 0.2874 0.0918
vn -0.0089 0.2009 -0.9796
vn -0.2141 0.7059 -0.6752
vn -0.4881 0.6970 -0.5253
vn 0.4343 0.5532 -0.7109
vn 0.3844 0.7067 -0.5940
vn 0.4168 0.5245 -0.7424
vn 0.5431 0.6218 -0.5642
vn 0.3065 0.4939 -0.8137
vn 0.4471 0.5790 -0.6819
vn 0.4266 0.3699 -0.8253
vn 0.2774 0.6213 -0.7329
vn 0.1812 0.4019 -0.8976
vn -0.2575 -0.6223 -0.7392
vn -0.1036 -0.5691 -0.8157
vn -0.3818 -0.9154 0.1274
vn -0.4699 -0.8821 0.0341
vn -0.3254 -0.8368 0.4403
vn -0.4465 -0.8193 0.3597
vn -0.2772 -0.9587 -0.0636
vn -0.2182 -0.4892 -0.8445
vn 0.1009 0.5334 -0.8399
vn 0.0459 0.7999 -0.5984
vn 0.1284 0.7529 -0.6455
vn 0.2383 0.7538 -0.6124
vn 0.2145 0.6899 -0.6914
vn 0.1984 0.5073 -0.8386
vn 0.1807 0.5400 -0.8221
vn 0.2225 0.4744 -0.8517
vn 0.0951 0.2142 -0.9721
vn 0.1443 0.2083 -0.9674
vn 0.1170 0.2327 -0.9655
vn 0.0007 -0.0621 -0.9981
vn 0.0318 -0.0456 -0.9985
vn 0.2467 0.2007 -0.9481
vn 0.1043 -0.1727 -0.9794
vn 0.0437 -0.3798 -0.9240
vn -0.0302 -0.3031 -0.9525
vn 0.3134 0.1611 -0.9358
vn 0.1610 -0.2182 -0.9625
vn -0.0507 -0.2479 -0.9675
vn -0.8799 0.1873 -0.4368
vn 0.0461 -0.3825 -0.9228
vn -0.0784 0.1092 0.9909
vn -0.0146 0.2296 0.9732
vn -0.0643 0.3016 0.9512
vn 0.1267 0.3370 0.9329
vn 0.2816 0.5618 0.7779
vn 0.5007 0.2721 0.8218
vn 0.4597 0.5662 0.6842
vn 0.8586 -0.0959 0.5035
vn 0.9389 0.0404 0.3419
vn 0.6697 -0.6477 -0.3632
vn 0.4544 -0.7258 -0.5164
vn -0.3266 -0.5719 -0.7525
vn -0.3794 -0.3699 -0.8481
vn 0.8385 -0.2599 0.4790
vn -0.4271 -0.5810 0.6929
vn -0.2503 -0.5341 0.8075
vn -0.3186 -0.5672 0.7595
vn -0.1629 0.1245 0.9788
vn -0.1411 -0.1682 0.9756
vn -0.1168 -0.2405 0.9636
vn -0.2504 -0.2975 0.9213
vn -0.3079 0.9401 -0.1460
vn -0.2518 0.9627 0.0993
vn 0.6314 0.7682 0.1054
vn 0.6251 0.7621 -0.1684
vn 0.5553 0.6442 -0.5260
vn -0.3971 0.6734 -0.6235
vn 0.9764 0.2088 -0.0554
vn -0.8977 0.4157 -0.1458
vn -0.7331 0.6763 0.0727
vn -0.8174 0.2122 0.5355
vn -0.3765 0.7172 0.5864
vn 0.9831 0.1665 0.0763
vn 0.9034 -0.1834 0.3875
vn 0.9939 -0.1090 0.0153
vn 0.9806 0.0949 0.1714
vn 0.9117 -0.3955 0.1116
vn 0.9724 -0.2229 0.0685
vn 0.9899 0.1056 0.0941
vn 0.9723 0.1562 0.1736
vn 0.4797 0.4611 0.7465
vn -0.5862 0.7867 -0.1934
vn -0.8194 0.5202 -0.2408
vn -0.9958 -0.0583 0.0702
vn -0.9735 -0.1493 -0.1734
vn -0.9708 -0.1655 -0.1739
vn -0.9524 0.2760 -0.1296
vn -0.9215 0.3690 -0.1216
vn -0.9947 -0.1024 0.0055
vn -0.9855 0.0094 0.1695
vn -0.9722 -0.1568 -0.1736
vn -0.7976 -0.5139 0.3159
vn -0.6369 -0.3601 0.6817
vn -0.6812 -0.7149 -0.1577
vn 0.5043 -0.8629 0.0338
vn 0.4719 -0.6527 0.5927
vn 0.6487 -0.4516 0.6126
vn -0.0235 -0.0685 0.9974
vn 0.8597 -0.4665 0.2084
vn 0.9721 0.1513 0.1793
vn 0.8072 0.5785 0.1172
vn -0.2742 -0.8019 0.5309
vn -0.6273 -0.3142 -0.7126
vn -0.7542 -0.2012 -0.6250
vn -0.8976 -0.3175 -0.3057
vn -0.2080 -0.1422 0.9677
vn 0.4247 0.3263 0.8445
vn -0.8415 -0.1810 -0.5090
vn -0.9430 0.3011 -0.1414
vn -0.9695 -0.1756 -0.1712
vn -0.6146 0.4914 0.6171
vn -0.1013 0.7157 -0.6910
vn 0.1112 0.9913 0.0700
vn -0.0332 0.5481 -0.8358
vn -0.9480 0.2450 -0.2032
vn -0.5478 0.2374 -0.8022
vn -0.5456 0.4607 -0.7001
vn -0.4761 -0.2672 -0.8378
vn -0.4356 -0.6858 -0.5830
vn -0.0275 0.2022 -0.9790
vn -0.3137 -0.4813 -0.8185
vn -0.4134 -0.6846 -0.6004
vn 0.7118 -0.4173 0.5650
vn 0.7627 -0.6403 0.0907
vn 0.9698 -0.1905 0.1525
vn 0.9100 -0.1691 0.3785
vn 0.9737 -0.0805 0.2132
vn 0.8925 0.0004 0.4510
vn 0.6844 -0.1504 0.7134
vn -0.3130 0.1481 0.9381
vn 0.4696 0.5919 0.6550
vn 0.2579 0.2715 0.9272
vn -0.1133 -0.4126 0.9038
vn 0.1980 -0.8761 0.4397
vn 0.2517 -0.4996 0.8289
vn -0.9811 0.0080 -0.1933
vn -0.9622 -0.2060 -0.1781
vn -0.9792 -0.1078 -0.1719
vn -0.3116 -0.9439 -0.1090
vn -0.4085 -0.6664 0.6237
vn -0.9990 -0.0154 -0.0431
vn -0.4737 -0.3806 0.7942
vn -0.9809 -0.0437 -0.1893
vn -0.9734 0.1158 -0.1976
vn -0.9712 0.1826 -0.1532
vn 0.5710 0.2451 0.7835
vn 0.0522 -0.2046 0.9775
vn -0.4180 -0.7633 -0.4927
vn -0.3646 -0.5254 0.7688
vn -0.1186 -0.9919 0.0447
vn -0.5825 -0.4066 -0.7038
vn -0.4309 -0.7280 -0.5333
vn -0.3520 0.8861 0.3017
vn 0.7470 0.0816 0.6597
vn 0.7752 0.6261 0.0840
vn -0.2991 0.9542 0.0064
vn 0.6079 -0.5462 0.5763
vn 0.9744 0.1047 0.1990
vn 0.7021 0.3248 0.6336
vn 0.8866 0.4247 0.1834
vn 0.7793 0.3652 0.5093
vn 0.9622 0.1847 0.2001
vn 0.8282 0.1576 0.5378
vn 0.2350 -0.0280 0.9716
vn 0.2380 -0.0358 0.9706
vn 0.6060 0.2373 0.7592
vn 0.8307 0.5291 -0.1731
vn 0.1764 0.2885 -0.9411
vn 0.5054 0.1955 -0.8405
vn 0.8229 0.5090 -0.2525
vn 0.5667 0.0058 0.8239
vn 0.9369 0.1451 -0.3182
vn 0.2466 -0.0583 0.9674
vn 0.0133 0.0511 -0.9986
vn 0.2436 -0.9697 -0.0186
vn 0.9333 0.0112 -0.3589
vn 0.6256 -0.1313 0.7690
vn 0.2921 -0.2878 0.9121
vn -0.2329 -0.0001 -0.9725
vn 0.2024 -0.1023 -0.9739
vn -0.1512 -0.2926 -0.9442
vn -0.2369 0.0165 -0.9714
vn -0.2390 0.0255 -0.9707
vn 0.3307 -0.6847 0.6495
vn -0.0149 -0.6516 -0.7584
vn 0.6227 -0.3651 -0.6921
vn 0.8683 -0.3886 0.3084
vn 0.0149 0.6516 0.7584
vn 0.6154 0.6818 0.3956
vn 0.3697 0.7053 -0.6048
vn -0.3307 0.6847 -0.6495
vn 0.8195 -0.4788 0.3150
vn 0.3208 -0.4809 0.8160
vn 0.2272 -0.9699 -0.0872
vn 0.8778 -0.4197 -0.2309
vn -0.0482 -0.5757 -0.8162
vn 0.5668 -0.4708 -0.6761
vn 0.0563 0.5725 0.8180
vn 0.5137 0.7477 0.4208
vn 0.2732 0.7713 -0.5749
vn -0.3288 0.6118 -0.7194
vn 0.5882 0.7989 -0.1256
vn -0.2293 0.9701 0.0791
vn -0.5590 -0.4660 -0.6858
vn 0.0636 -0.7698 0.6351
vn 0.8597 -0.1676 -0.4825
vn 0.7556 -0.4100 -0.5109
vn 0.5259 -0.2020 -0.8262
vn 0.6719 0.0084 -0.7406
vn -0.7201 -0.4609 0.5186
vn -0.7472 -0.6483 0.1467
vn -0.8249 -0.2699 0.4967
vn -0.8761 -0.3082 0.3707
vn 0.3063 0.3145 -0.8985
vn 0.2089 0.2652 -0.9413
vn 0.1910 0.3327 -0.9235
vn 0.2335 0.4042 -0.8843
vn -0.7520 -0.6392 -0.1611
vn -0.5023 -0.8253 -0.2581
vn -0.4518 -0.7530 -0.4783
vn -0.4477 -0.7718 -0.4516
vn 0.0173 -0.4491 -0.8933
vn -0.6545 -0.7491 -0.1028
vn 0.4842 -0.6070 -0.6302
vn -0.6986 -0.6661 -0.2613
vn -0.5691 -0.7337 -0.3712
vn 0.2048 -0.9193 -0.3360
vn 0.4806 0.4896 -0.7275
vn 0.3474 0.5910 -0.7281
vn 0.0320 -0.2766 -0.9605
vn -0.0323 -0.3338 -0.9421
vn 0.1815 -0.2413 -0.9533
vn 0.1895 -0.0485 -0.9807
vn -0.4333 -0.0839 -0.8973
vn -0.1733 -0.0431 -0.9839
vn -0.2074 -0.3822 -0.9005
vn -0.1287 0.2205 -0.9669
vn -0.5000 0.2644 -0.8247
vn -0.4466 0.2477 -0.8598
vn -0.3147 0.0829 -0.9455
vn -0.3742 -0.0098 -0.9273
vn 0.4436 0.7705 -0.4577
vn 0.6311 0.6295 -0.4532
vn 0.7371 -0.6583 -0.1527
vn -0.1642 0.4367 -0.8845
vn 0.0538 0.4134 -0.9089
vn -0.0547 0.3571 -0.9325
vn -0.3375 0.3796 -0.8614
vn 0.5706 0.4064 -0.7136
vn 0.7574 0.4832 -0.4393
vn -0.0321 -0.3664 -0.9299
vn -0.1119 -0.5859 -0.8026
vn -0.0296 -0.5212 -0.8529
vn -0.0637 -0.2293 -0.9713
vn -0.3420 0.4017 -0.8495
vn -0.1183 0.4249 -0.8975
vn -0.2279 -0.8042 -0.5490
vn 0.8291 -0.1521 -0.5381
vn 0.8177 0.1740 -0.5487
vn -0.0287 0.0905 -0.9955
vn 0.1470 0.0482 -0.9880
vn 0.4019 -0.7300 -0.5527
vn 0.1845 -0.8135 -0.5516
vn 0.4111 -0.6991 -0.5850
vn 0.6436 -0.4618 -0.6104
vn 0.3552 -0.5722 -0.7392
vn -0.4345 0.3448 -0.8321
vn 0.2509 0.2406 -0.9376
vn 0.1268 -0.5713 -0.8109
vn 0.0075 -0.6045 -0.7965
vn 0.1501 -0.5291 -0.8352
vn -0.1013 -0.3653 -0.9254
vn 0.1568 -0.0111 -0.9876
vn -0.4242 0.5673 -0.7058
vn -0.5247 0.4323 -0.7334
vn -0.6569 0.6278 -0.4175
vn -0.4686 0.7848 -0.4055
vn 0.2867 0.1824 -0.9405
vn 0.1293 0.0234 -0.9913
vn 0.2178 0.2135 -0.9523
vn 0.2366 0.2160 -0.9473
vn 0.1599 0.2867 -0.9446
vn 0.0913 0.4436 -0.8916
vn -0.7212 0.4830 -0.4967
vn 0.1580 0.6735 -0.7221
vn 0.8761 0.2062 -0.4359
vn 0.1970 0.8756 -0.4410
vn -0.1102 0.8979 -0.4262
vn -0.1135 0.6774 -0.7268
vn -0.1199 0.9262 -0.3575
vn 0.1693 0.8763 -0.4511
vn -0.4899 0.8380 -0.2405
vn -0.1724 0.1463 -0.9741
vn -0.5221 0.1698 -0.8358
vn -0.7025 0.7026 -0.1133
vn -0.7910 0.6078 -0.0697
vn 0.3469 0.1726 -0.9219
vn -0.9415 0.3153 -0.1188
vn -0.9612 -0.2432 -0.1304
vn -0.9915 -0.0673 -0.1117
vn -0.9112 0.3863 -0.1434
vn -0.9579 0.2202 -0.1840
vn -0.5968 0.5082 -0.6209
vn -0.7279 0.4696 -0.4996
vn 0.6910 0.2490 -0.6787
vn 0.7593 -0.1104 -0.6413
vn 0.5760 -0.0211 -0.8172
vn -0.9060 -0.0794 -0.4158
vn -0.8830 -0.3948 -0.2537
vn -0.8783 0.1305 -0.4600
vn -0.1466 -0.3868 -0.9104
vn -0.1996 -0.4739 -0.8577
vn -0.1695 -0.4238 -0.8897
vn 0.1162 -0.5181 -0.8474
vn 0.3666 -0.4217 -0.8293
vn -0.5421 -0.6455 -0.5380
vn -0.0238 -0.1470 -0.9888
vn 0.0839 0.0733 -0.9938
vn -0.1631 -0.2243 -0.9608
vn 0.0255 -0.3865 -0.9220
vn -0.7285 -0.5225 -0.4431
vn -0.5883 -0.6750 -0.4452
vn 0.0777 -0.4923 -0.8670
vn 0.7034 0.4410 -0.5574
vn -0.7337 -0.6784 -0.0382
vn -0.4665 -0.1019 -0.8787
vn -0.8241 -0.2265 -0.5192
vn 0.1656 0.4064 -0.8986
vn -0.2268 0.5609 -0.7962
vn -0.7002 -0.0434 -0.7126
vn 0.1141 0.3340 -0.9356
vn -0.0885 0.5618 -0.8226
vn 0.5925 0.5938 -0.5444
vn 0.4717 0.0505 -0.8803
vn 0.2976 -0.0819 -0.9512
vn 0.6808 -0.4194 -0.6005
vn -0.8031 -0.5789 -0.1414
vn 0.4102 0.7476 -0.5223
vn 0.5317 -0.5608 -0.6347
vn 0.6099 -0.7822 -0.1272
vn 0.9641 0.2368 -0.1201
vn 0.9552 0.2806 -0.0937
vn 0.8176 0.4613 -0.3446
vn 0.9191 0.3492 -0.1824
vn 0.6197 -0.3396 -0.7076
vn 0.4830 -0.3319 -0.8103
vn 0.6262 -0.3390 -0.7021
vn 0.7118 -0.3933 -0.5820
vn -0.3796 0.1083 -0.9188
vn -0.7142 -0.0406 -0.6988
vn -0.3810 -0.0359 -0.9239
vn 0.0818 0.0660 -0.9945
vn -0.1903 0.0501 -0.9805
vn -0.6296 -0.1029 -0.7701
vn -0.5739 -0.1304 -0.8085
vn 0.4639 -0.0655 -0.8835
vn 0.5576 -0.0982 -0.8243
vn 0.2573 0.2615 -0.9303
vn 0.1609 0.3032 -0.9392
vn 0.6586 -0.2334 -0.7154
vn 0.7560 -0.0484 -0.6528
vn 0.6119 -0.6555 -0.4426
vn -0.2370 -0.0537 -0.9700
vn -0.2979 0.0414 -0.9537
vn 0.0741 0.1203 -0.9900
vn 0.1876 -0.1395 -0.9723
vn 0.0421 -0.1625 -0.9858
vn -0.2969 -0.0563 -0.9532
vn -0.4033 -0.0294 -0.9146
vn -0.7736 -0.0216 -0.6332
vn -0.8651 -0.0725 -0.4963
vn -0.8280 0.1267 -0.5462
vn -0.7176 0.3827 -0.5818
vn 0.3234 0.4265 -0.8447
vn 0.6484 0.1108 -0.7532
vn -0.4663 0.8428 0.2689
vn 0.1355 0.5409 -0.8301
vn 0.5984 0.6628 -0.4501
vn 0.9089 0.3995 -0.1194
vn 0.7626 0.5878 -0.2701
vn 0.9392 0.0530 -0.3392
vn 0.2892 0.4646 -0.8370
vn 0.0448 0.2813 -0.9586
vn -0.0949 0.8454 -0.5256
vn -0.0057 0.8421 -0.5393
vn -0.3556 0.7148 -0.6022
vn 0.7996 0.0105 -0.6004
vn 0.6436 0.2371 -0.7277
vn 0.5926 -0.1942 -0.7817
vn 0.6654 -0.3513 -0.6587
vn 0.3555 -0.4824 -0.8006
vn 0.3074 -0.7198 -0.6224
vn 0.3532 -0.8727 -0.3371
vn 0.6668 -0.6147 -0.4213
vn 0.7857 -0.1050 -0.6096
vn 0.8646 -0.0805 -0.4960
vn -0.4468 -0.3761 -0.8117
vn -0.5202 -0.2629 -0.8126
vn 0.0413 -0.2138 -0.9760
vn 0.0858 -0.4170 -0.9049
vn 0.0794 0.1550 0.9847
vn 0.2417 0.8817 0.4052
vn -0.2073 0.0399 0.9775
vn -0.2398 0.9107 0.3364
vn 0.3823 0.7865 -0.4850
vn 0.3536 0.2241 -0.9082
vn -0.5680 -0.2380 -0.7879
vn -0.5079 -0.1594 -0.8466
vn -0.4946 -0.5238 -0.6935
vn -0.8894 -0.1689 -0.4247
vn 0.5053 -0.6372 -0.5819
vn 0.8365 -0.3001 -0.4586
vn 0.5318 -0.6993 -0.4777
vn 0.8376 0.3975 -0.3747
vn 0.7735 0.4477 -0.4487
vn 0.6766 0.7339 -0.0606
vn 0.5664 0.7999 -0.1982
vn 0.7066 0.0245 -0.7072
vn 0.9301 -0.0064 -0.3672
vn 0.6669 -0.5882 -0.4574
vn 0.4360 -0.8205 -0.3698
vn 0.4237 -0.8688 -0.2564
vn 0.1704 -0.9364 -0.3069
vn 0.3963 -0.9178 0.0244
vn 0.0562 -0.9640 -0.2598
vn 0.0564 -0.9924 -0.1096
vn 0.7154 0.1380 -0.6849
vn 0.5841 0.2185 -0.7817
vn 0.2277 -0.8427 -0.4879
vn 0.3163 -0.8308 -0.4580
vn -0.0422 -0.9521 -0.3028
vn 0.4283 -0.6861 -0.5881
vn 0.7498 0.3883 0.5358
vn 0.4498 0.8476 -0.2816
vn 0.6661 0.6964 -0.2671
vn 0.4677 0.5589 0.6847
vn 0.8742 0.4649 -0.1398
vn 0.4550 -0.1217 -0.8821
vn 0.1692 0.1488 -0.9743
vn 0.9444 0.3229 0.0624
vn 0.2540 -0.2117 -0.9438
vn -0.0310 -0.0503 -0.9983
vn 0.4274 0.1789 -0.8862
vn 0.0333 0.1624 -0.9862
vn 0.7721 0.2949 -0.5629
vn 0.8292 0.4100 -0.3799
vn 0.7104 0.6882 -0.1472
vn 0.5754 0.6711 -0.4675
vn 0.7123 0.5640 -0.4178
vn 0.5632 0.7222 -0.4015
vn 0.6724 0.3162 -0.6693
vn 0.5302 0.6253 -0.5726
vn 0.4147 0.7886 -0.4540
vn 0.5290 0.8263 -0.1933
vn 0.2660 0.7385 -0.6196
vn 0.1836 0.1961 -0.9633
vn 0.2284 0.1282 -0.9651
vn 0.0175 0.8986 -0.4384
vn -0.2985 -0.3571 0.8851
vn -0.3001 -0.4104 0.8611
vn -0.5009 0.2590 -0.8259
vn -0.6657 0.4509 -0.5946
vn -0.7116 0.2146 -0.6690
vn 0.9083 -0.2323 -0.3478
vn -0.4146 0.2255 -0.8816
vn 0.2406 0.2118 -0.9472
vn -0.6611 0.1212 -0.7405
vn -0.3233 -0.2022 -0.9244
vn -0.3127 -0.3044 -0.8998
vn -0.0634 -0.2150 -0.9746
vn -0.0514 -0.2886 -0.9561
vn 0.0524 -0.5947 -0.8022
vn -0.2548 -0.6126 -0.7482
vn 0.6276 -0.3548 -0.6930
vn 0.7178 -0.2588 -0.6464
vn 0.4361 -0.3875 -0.8122
vn 0.8029 -0.1079 -0.5862
vn 0.8907 0.0731 -0.4486
vn 0.6515 -0.5243 -0.5484
vn 0.6874 -0.1098 -0.7179
vn 0.4286 -0.1871 -0.8839
vn 0.3960 -0.2015 -0.8959
vn 0.6099 -0.2357 -0.7566
vn 0.0486 0.0105 0.9988
vn 0.4983 0.6037 0.6223
vn 0.6205 0.2478 -0.7440
vn 0.5550 0.1498 -0.8182
vn 0.5835 0.1715 -0.7938
vn 0.5200 0.3315 -0.7872
vn 0.5281 -0.0829 -0.8452
vn 0.6301 -0.0753 -0.7728
vn 0.5349 -0.0812 -0.8410
vn 0.5992 -0.2904 -0.7461
vn 0.4351 -0.2737 -0.8578
vn 0.5123 -0.3166 -0.7983
vn 0.2751 -0.0207 -0.9612
vn 0.1258 -0.2480 -0.9606
vn 0.3528 -0.0845 -0.9319
vn 0.1730 -0.4397 -0.8813
vn 0.4790 -0.0824 -0.8739
vn 0.3449 -0.5404 -0.7674
vn 0.4873 0.0221 -0.8730
vn 0.2350 0.4835 -0.8432
vn 0.9408 0.1529 -0.3026
vn 0.2562 0.1806 -0.9496
vn 0.4757 0.0147 -0.8795
vn -0.2861 -0.2787 0.9168
vn -0.0731 0.7513 -0.6559
vn -0.4028 0.3835 -0.8311
vn -0.5051 0.2549 -0.8246
vn -0.2668 0.4543 -0.8499
vn 0.6302 -0.5881 0.5069
vn 0.3093 0.6262 -0.7156
vn 0.8317 0.2710 -0.4846
vn 0.9725 0.1565 0.1725
vn 0.3735 0.6223 0.6879
vn 0.5417 0.6930 0.4758
vn 0.8498 0.4718 -0.2349
vn 0.1044 -0.9346 -0.3400
vn 0.8534 0.4893 -0.1797
vn 0.9307 0.1570 0.3304
vn -0.8568 -0.5117 0.0641
vn -0.6008 -0.7984 0.0409
vn -0.6571 -0.5679 0.4956
vn 0.3129 -0.8619 0.3990
vn -0.3292 -0.8937 0.3048
vn -0.7652 -0.6005 0.2321
vn -0.0389 -0.8203 0.5707
vn -0.8864 -0.3755 0.2706
vn -0.8036 -0.5223 0.2853
vn 0.6044 -0.1002 -0.7903
vn 0.5195 -0.1996 -0.8308
vn -0.0208 -0.3835 -0.9233
vn 0.9451 -0.2954 -0.1395
vn 0.9294 -0.3687 -0.0172
vn 0.8905 -0.4546 0.0168
vn 0.9483 -0.3151 -0.0395
vn 0.8006 -0.3495 0.4867
vn 0.5773 -0.6235 0.5271
vn 0.7929 -0.1850 0.5806
vn 0.1360 -0.2038 0.9695
vn 0.1943 -0.1052 0.9753
vn 0.8653 0.0421 0.4994
vn 0.6004 -0.3829 0.7021
vn 0.0748 -0.3200 0.9445
vn -0.2133 -0.2500 0.9444
vn -0.1842 -0.3685 0.9112
vn 0.9025 -0.4258 0.0652
vn 0.8459 -0.5321 0.0364
vn 0.8943 -0.4273 -0.1325
vn 0.8681 -0.4809 0.1234
vn 0.7522 -0.6344 0.1782
vn 0.0396 -0.3712 0.9277
vn 0.5397 -0.5578 0.6306
vn 0.0610 -0.4477 0.8921
vn 0.9036 -0.0649 -0.4234
vn 0.8320 -0.1906 -0.5210
vn 0.8830 -0.0768 -0.4630
vn 0.6806 -0.7270 0.0908
vn -0.0832 -0.8332 0.5466
vn 0.0079 -0.9803 0.1975
vn 0.1068 -0.9817 -0.1580
vn -0.4361 -0.5524 0.7104
vn -0.1063 -0.3897 0.9148
vn 0.0261 -0.4963 0.8678
vn -0.6118 -0.3413 0.7136
vn -0.1178 -0.0265 0.9927
vn -0.0663 -0.0905 0.9937
vn -0.1033 -0.1833 0.9776
vn -0.0332 -0.2494 0.9678
vn 0.1558 -0.3738 0.9143
vn 0.0885 -0.3817 0.9200
vn -0.1220 -0.1258 0.9845
vn 0.2372 -0.2032 0.9500
vn -0.4218 0.0384 0.9059
vn -0.4128 0.0252 0.9105
vn -0.3854 -0.8267 -0.4098
vn -0.3719 -0.8911 -0.2600
vn 0.0593 -0.4074 0.9113
vn -0.3718 -0.0741 0.9254
vn -0.3801 -0.4433 0.8118
vn -0.6169 -0.7278 0.2997
vn -0.8110 -0.3471 0.4710
vn -0.6688 -0.4454 0.5952
vn 0.2004 -0.5288 0.8247
vn 0.2232 -0.4216 0.8789
vn 0.0739 -0.6055 0.7924
vn -0.0397 -0.7155 0.6975
vn 0.2833 -0.3250 0.9023
vn 0.3402 -0.3155 0.8858
vn -0.7748 -0.2353 0.5867
vn -0.8746 0.0859 0.4771
vn -0.3962 0.1141 0.9111
vn -0.5581 -0.2367 0.7953
vn -0.4495 -0.5905 0.6703
vn -0.5053 -0.3765 -0.7764
vn -0.6950 0.2575 -0.6713
vn -0.7624 -0.5321 -0.3684
vn -0.9464 0.2952 0.1313
vn -0.8481 0.0734 0.5247
vn -0.7949 0.2068 0.5704
vn -0.8554 0.3862 -0.3453
vn -0.8565 0.1804 0.4835
vn -0.8413 0.5217 0.1416
vn -0.9932 0.1148 -0.0216
vn -0.6047 0.4810 -0.6348
vn -0.7752 -0.6285 0.0633
vn -0.1254 -0.5213 0.8441
vn -0.2907 0.4266 -0.8564
vn 0.1125 0.6048 -0.7884
vn 0.0804 0.3068 -0.9484
vn -0.4978 -0.0154 -0.8671
vn -0.7052 -0.1101 -0.7005
vn -0.5878 0.4932 -0.6413
vn -0.8012 -0.2436 -0.5466
vn -0.4056 0.5473 -0.7321
vn -0.4800 0.5787 -0.6593
vn -0.5322 0.5008 -0.6826
vn -0.7050 0.4853 -0.5172
vn -0.7802 0.4974 -0.3794
vn -0.8731 -0.4874 0.0117
vn -0.7825 -0.1249 0.6099
vn -0.4720 -0.8815 -0.0112
vn -0.2625 -0.8716 0.4141
vn -0.6705 -0.7150 -0.1982
vn -0.6765 -0.5421 -0.4986
vn -0.4469 -0.4958 -0.7446
vn -0.1461 0.0271 -0.9889
vn -0.0588 -0.5465 -0.8354
vn -0.4397 0.0466 0.8969
vn -0.4085 -0.9116 -0.0465
vn -0.6896 -0.7224 0.0503
vn 0.1380 -0.9751 -0.1734
vn 0.2680 -0.7295 -0.6293
vn -0.2949 -0.9175 -0.2668
vn 0.0209 -0.9923 -0.1220
vn -0.6943 -0.6964 0.1817
vn 0.5993 -0.5052 -0.6210
vn 0.8703 -0.3343 -0.3618
vn 0.2739 -0.5401 -0.7958
vn 0.6458 -0.0462 -0.7621
vn 0.8542 -0.0637 -0.5160
vn 0.3027 -0.0024 -0.9531
vn 0.4520 0.1397 -0.8810
vn -0.6956 0.1706 0.6979
vn -0.6943 0.1335 0.7072
vn 0.5463 0.3986 -0.7367
vn 0.1012 0.7005 -0.7064
vn 0.5726 0.4987 -0.6507
vn -0.2803 0.6783 -0.6792
vn -0.7297 0.1226 0.6727
vn -0.2122 0.6551 -0.7251
vn -0.2625 0.8359 -0.4821
vn -0.6319 0.6600 -0.4064
vn -0.5624 0.5986 0.5704
vn -0.2702 0.7273 0.6309
vn -0.1330 -0.2342 0.9630
vn -0.1120 0.0930 0.9893
vn -0.4103 -0.4084 0.8154
vn -0.5529 -0.6737 0.4903
vn -0.6218 -0.7747 0.1152
vn -0.6756 -0.7121 0.1911
vn -0.6917 -0.4653 0.5523
vn -0.7411 -0.6080 0.2847
vn -0.4442 -0.7898 0.4231
vn -0.8086 -0.0841 0.5823
vn -0.6664 0.2828 0.6899
vn -0.6531 0.2105 0.7274
vn -0.8520 0.2389 0.4658
vn -0.8755 0.4091 -0.2572
vn -0.9352 0.1923 -0.2972
vn -0.1726 0.3462 -0.9221
vn -0.4896 0.3781 -0.7857
vn -0.3770 0.3672 -0.8503
vn -0.4098 0.2176 -0.8858
vn -0.0840 0.3457 -0.9346
vn -0.0653 0.5090 -0.8583
vn -0.0716 0.1103 -0.9913
vn 0.1089 0.1668 -0.9800
vn -0.3345 0.2781 -0.9004
vn 0.5282 0.0715 -0.8461
vn 0.5047 0.0862 -0.8590
vn 0.5920 0.0917 -0.8007
vn 0.5579 -0.1307 -0.8196
vn 0.7872 -0.3813 -0.4846
vn 0.7639 -0.4674 -0.4450
vn 0.8482 -0.5238 0.0789
vn 0.8848 -0.4600 -0.0738
vn 0.8623 -0.3078 -0.4022
vn 0.7567 -0.6387 0.1395
vn 0.4120 -0.9108 -0.0272
vn 0.9375 -0.3142 -0.1494
vn 0.9361 -0.1368 -0.3241
vn 0.9561 -0.1815 -0.2299
vn 0.7771 -0.1295 -0.6160
vn 0.8858 -0.0236 -0.4635
vn 0.9077 0.0504 -0.4165
vn 0.1363 0.6572 -0.7413
vn 0.5650 0.4633 -0.6827
vn 0.1096 0.8215 -0.5596
vn 0.6071 0.6135 -0.5050
vn 0.0191 0.8929 0.4499
vn 0.5483 0.7716 0.3225
vn -0.0786 0.0752 0.9941
vn -0.4773 0.1998 0.8557
vn -0.3771 -0.5968 0.7082
vn -0.1485 -0.1267 0.9808
vn 0.2243 -0.3098 0.9240
vn -0.0985 0.1710 0.9803
vn 0.0109 0.3687 0.9295
vn 0.9007 0.3191 0.2948
vn 0.9576 0.0836 -0.2756
vn 0.8947 0.0535 -0.4435
vn 0.4148 -0.6314 0.6552
vn 0.9555 -0.2707 -0.1168
vn 0.9087 -0.4174 -0.0010
vn 0.1278 -0.8395 0.5281
vn 0.9909 -0.1135 -0.0720
vn 0.7029 -0.1162 0.7017
vn 0.2291 0.4219 0.8772
vn -0.0988 0.3062 0.9468
vn -0.2150 0.2266 0.9500
vn 0.2172 0.1707 -0.9611
vn 0.6277 -0.5207 0.5787
vn -0.1851 0.2123 0.9595
vn -0.3718 0.0563 0.9266
vn 0.8087 -0.5103 0.2925
vn 0.9123 -0.3662 0.1834
vn 0.7666 -0.1782 -0.6169
vn 0.5079 0.1879 -0.8407
vn 0.8256 -0.4877 -0.2839
vn 0.7237 -0.6504 -0.2309
vn 0.1599 -0.8221 -0.5464
vn 0.2234 -0.3553 -0.9076
vn -0.4691 -0.8378 -0.2792
vn -0.4134 -0.7005 -0.5817
vn -0.3236 -0.2970 -0.8984
vn 0.0578 -0.1711 -0.9836
vn 0.5669 -0.2412 -0.7877
vn 0.1486 -0.2508 -0.9566
vn 0.3507 -0.0450 -0.9354
vn -0.1720 0.2576 -0.9508
vn -0.5533 0.0324 -0.8323
vn -0.1476 -0.0647 -0.9869
vn -0.7411 0.0237 -0.6709
vn -0.9689 -0.2435 -0.0435
vn -0.9824 -0.0208 0.1855
vn -0.2584 0.1212 0.9584
vn -0.3160 -0.6687 -0.6731
vn -0.3848 -0.6418 -0.6633
vn -0.3719 0.7105 -0.5974
vn -0.6172 0.3956 -0.6801
vn -0.4016 0.6478 -0.6474
vn -0.2577 0.7043 -0.6615
vn 0.5976 -0.0393 -0.8008
vn 0.3694 -0.2901 -0.8828
vn 0.1026 -0.1702 -0.9801
vn 0.4835 0.5386 -0.6900
vn 0.0072 0.4824 -0.8759
vn -0.0164 -0.2040 -0.9788
vn 0.0282 -0.7010 -0.7126
vn 0.2765 0.8256 -0.4919
vn 0.0789 0.3845 -0.9198
vn 0.8174 0.2924 -0.4964
vn 0.4787 0.8062 -0.3477
vn -0.0060 0.7955 -0.6059
vn -0.5075 0.3849 -0.7709
vn -0.7751 0.3276 -0.5403
vn -0.3472 0.3554 -0.8679
vn 0.0258 -0.8122 -0.5829
vn 0.0004 -0.8158 -0.5783
vn 0.1103 -0.5054 -0.8558
vn 0.0939 -0.4324 -0.8968
vn -0.0375 -0.6569 -0.7531
vn -0.2339 -0.2727 -0.9332
vn 0.3424 -0.2740 -0.8987
vn 0.0730 -0.6052 -0.7927
vn 0.4022 -0.8994 0.1714
vn 0.3306 -0.9210 0.2062
vn 0.0370 -0.9909 0.1295
vn 0.1672 -0.7704 -0.6152
vn -0.5841 -0.7252 -0.3646
vn -0.8969 0.2824 -0.3403
vn -0.8004 0.0954 -0.5918
vn -0.6278 -0.7092 -0.3208
vn -0.2454 -0.9679 -0.0540
vn 0.1920 -0.2085 -0.9590
vn 0.7901 0.4592 -0.4062
vn 0.8351 0.3163 -0.4501
vn 0.9177 0.1282 -0.3759
vn 0.8692 -0.1075 -0.4827
vn 0.7322 -0.1085 -0.6724
vn -0.1344 -0.7761 -0.6161
vn 0.0199 -0.6389 -0.7690
vn -0.6400 -0.1314 -0.7570
vn -0.2056 -0.6627 -0.7202
vn -0.3277 0.2519 -0.9106
vn 0.4046 -0.4115 -0.8167
vn 0.5246 -0.6092 -0.5948
vn -0.6616 -0.5460 -0.5140
vn -0.3370 -0.4413 -0.8317
vn -0.0430 0.8767 -0.4791
vn 0.2433 0.9052 -0.3485
vn 0.5721 0.7884 -0.2261
vn 0.5871 0.7889 -0.1813
vn 0.6109 0.7602 -0.2211
vn 0.8377 0.1365 -0.5287
vn 0.4697 0.1849 -0.8632
vn -0.1037 0.3086 -0.9455
vn -0.4131 0.2244 -0.8826
vn -0.7888 0.3433 -0.5098
vn 0.1332 -0.9382 -0.3194
vn -0.3308 -0.9176 0.2205
vn -0.2193 -0.6529 -0.7250
vn -0.1845 -0.4560 -0.8707
vn 0.4201 -0.1830 -0.8888
vn 0.2240 -0.3359 -0.9149
vn 0.4161 -0.1905 -0.8891
vn 0.2371 -0.6760 -0.6978
vn 0.6277 -0.2688 -0.7306
vn 0.3805 -0.6000 -0.7037
vn 0.7461 -0.3332 -0.5765
vn -0.6404 0.2098 -0.7388
vn -0.6134 -0.6948 0.3755
vn -0.6314 -0.7750 0.0255
vn -0.5341 -0.8432 0.0623
vn -0.4523 -0.8565 0.2486
vn -0.4934 -0.7978 0.3464
vn -0.2133 -0.9079 0.3609
vn 0.1310 -0.9370 0.3238
vn -0.5341 -0.8418 0.0783
vn -0.4807 -0.8607 -0.1676
vn -0.2192 -0.9528 0.2100
vn -0.5403 -0.0536 0.8397
vn -0.5041 -0.1025 0.8575
vn -0.1849 0.1722 0.9676
vn -0.2263 0.4172 0.8802
vn -0.7972 -0.3970 0.4548
vn -0.5179 -0.3193 0.7936
vn -0.1736 -0.2175 0.9605
vn -0.9452 -0.0332 0.3248
vn -0.9946 0.0665 0.0802
vn -0.9825 0.0703 0.1727
vn -0.8805 -0.2392 0.4093
vn -0.9811 -0.1853 0.0553
vn -0.9421 -0.2568 0.2157
vn -0.7037 -0.0404 0.7094
vn -0.4490 0.2764 0.8497
vn -0.6657 0.2473 0.7041
vn 0.1601 -0.0556 0.9855
vn 0.0312 0.1853 0.9822
vn 0.1565 0.2389 0.9583
vn 0.3336 -0.1136 0.9358
vn 0.2487 0.2968 0.9220
vn -0.0021 0.2824 0.9593
vn 0.0200 0.4991 0.8663
vn 0.9389 -0.3286 0.1022
vn 0.9959 -0.0725 0.0545
vn 0.7226 -0.1880 0.6652
vn 0.5239 -0.6486 0.5522
vn -0.0602 0.5460 0.8356
vn -0.1044 0.4985 0.8606
vn -0.2138 0.3903 0.8955
vn 0.1497 0.3204 0.9354
vn 0.1415 -0.1971 0.9701
vn 0.3575 -0.1931 0.9137
vn 0.4973 -0.1071 0.8609
vn 0.3851 -0.2053 0.8998
vn 0.1502 -0.9561 0.2518
vn -0.1894 -0.8796 0.4364
vn -0.5470 -0.6457 0.5328
vn -0.7319 -0.3740 0.5696
vn -0.6616 -0.2806 0.6954
vn -0.4048 -0.5066 0.7612
vn -0.3556 -0.3522 0.8657
vn 0.1058 -0.1882 0.9764
vn 0.3170 -0.1990 0.9273
vn -0.0844 -0.3862 0.9185
vn -0.0320 -0.5510 0.8339
vn -0.7930 -0.4659 0.3926
vn -0.5367 -0.0198 0.8435
vn 0.7145 0.0662 -0.6965
vn 0.5989 0.0141 -0.8007
vn 0.8212 0.1165 -0.5586
vn 0.9938 0.0121 -0.1109
vn 0.1477 -0.3055 0.9407
vn -0.8499 -0.4536 -0.2683
vn -0.8296 -0.5420 -0.1346
vn -0.6832 -0.1958 -0.7034
vn -0.9046 0.1765 -0.3879
vn -0.7096 -0.2873 -0.6434
vn -0.8343 -0.2556 -0.4885
vn -0.3449 0.0465 -0.9375
vn -0.4452 -0.0759 -0.8922
vn -0.3220 0.0028 -0.9467
vn -0.9240 -0.3804 -0.0393
vn -0.9052 -0.1764 -0.3866
vn -0.5031 -0.1899 -0.8431
vn -0.5203 0.0052 -0.8540
vn -0.9115 0.1172 -0.3943
vn 0.1493 -0.0015 -0.9888
vn 0.1359 -0.2072 -0.9688
vn 0.1892 0.1709 -0.9670
vn 0.1685 0.0607 -0.9838
vn -0.4371 0.3593 -0.8246
vn 0.1864 0.3225 -0.9280
vn -0.6721 0.6684 0.3185
vn -0.3432 0.9144 -0.2146
vn -0.0204 0.6443 0.7645
vn 0.0131 0.8167 0.5769
vn -0.0914 0.4413 0.8927
vn -0.1449 0.4378 0.8873
vn 0.1749 0.5232 0.8341
vn 0.1259 0.5935 0.7949
vn 0.2037 0.9401 0.2735
vn 0.2825 0.8221 -0.4944
vn 0.0634 0.7299 0.6806
vn 0.6633 0.6567 0.3589
vn 0.9105 0.3821 -0.1582
vn 0.2041 0.7014 0.6829
vn 0.6993 0.2196 0.6803
vn 0.9727 0.0377 0.2291
vn 0.8944 -0.0951 0.4370
vn 0.9952 -0.0973 0.0097
vn 0.8115 -0.1858 0.5541
vn 0.9912 -0.1243 0.0459
vn 0.7915 -0.1479 -0.5929
vn 0.7711 -0.0504 -0.6348
vn 0.8007 -0.0728 -0.5946
vn 0.7037 -0.4535 -0.5469
vn -0.0024 -0.3047 -0.9525
vn 0.1157 -0.0954 -0.9887
vn 0.1888 -0.9694 -0.1567
vn -0.3162 -0.7766 -0.5448
vn -0.5869 -0.1993 -0.7848
vn -0.9357 -0.1644 -0.3120
vn 0.2566 -0.1237 0.9586
vn -0.0095 -0.8875 -0.4607
vn -0.1167 -0.7748 -0.6213
vn 0.3907 -0.9205 0.0013
vn 0.4574 -0.8889 0.0264
vn -0.2143 -0.4849 -0.8479
vn 0.2542 -0.6347 -0.7298
vn -0.3476 -0.8981 -0.2693
vn -0.0709 -0.9807 0.1823
vn -0.2227 -0.9698 0.0995
vn 0.0661 -0.7515 -0.6564
vn -0.2678 -0.9594 0.0887
vn -0.3464 -0.7711 0.5342
vn -0.3886 -0.7920 0.4709
vn -0.3838 -0.8970 -0.2195
vn -0.2349 -0.5474 -0.8032
vn -0.4674 -0.3090 -0.8283
vn -0.2985 -0.4660 -0.8329
vn -0.4512 -0.8226 -0.3459
vn -0.3697 -0.9081 -0.1967
vn -0.3484 -0.1720 -0.9214
vn 0.2489 -0.4048 -0.8799
vn 0.2609 -0.0486 -0.9642
vn 0.3502 0.2557 -0.9011
vn 0.3331 -0.5332 -0.7776
vn 0.9410 -0.3301 0.0748
vn 0.8099 0.0984 0.5782
vn 0.6394 -0.4908 0.5919
vn 0.6362 -0.7354 0.2331
vn 0.9898 -0.0264 0.1398
vn 0.5813 -0.8135 -0.0207
vn 0.6171 0.5065 0.6023
vn 0.0029 -0.4897 0.8719
vn 0.2167 -0.6034 0.7674
vn 0.1678 -0.6222 0.7646
vn 0.1175 -0.0881 0.9892
vn -0.3861 -0.3334 -0.8601
vn -0.4453 0.0996 -0.8898
vn 0.0423 -0.7964 0.6033
vn 0.2243 -0.5548 0.8012
vn 0.2041 -0.3197 0.9253
vn -0.1604 -0.5464 0.8220
vn -0.1610 -0.2746 0.9480
vn -0.1993 -0.5706 0.7967
vn 0.1197 0.3336 0.9351
vn 0.2432 0.4162 0.8762
vn 0.5070 0.6291 0.5892
vn 0.7079 0.3335 0.6226
vn 0.4514 0.8011 0.3931
vn 0.3159 0.7975 0.5140
vn 0.5144 0.5669 0.6434
vn 0.2765 0.3640 0.8894
vn 0.1691 0.4075 0.8974
vn 0.1880 0.4558 0.8700
vn 0.1261 0.0263 -0.9917
vn -0.3788 0.2825 -0.8813
vn -0.4429 0.2774 -0.8526
vn -0.3157 -0.0859 -0.9449
vn -0.2966 -0.4205 -0.8574
vn -0.4179 0.1861 -0.8892
vn -0.3828 0.1430 -0.9127
vn -0.3051 0.1522 -0.9401
vn -0.3906 0.2766 -0.8780
vn -0.4430 0.2601 -0.8580
vn -0.3095 0.0766 -0.9478
vn 0.6033 0.7850 -0.1409
vn -0.2693 0.6708 -0.6910
vn -0.7643 0.5380 -0.3555
vn 0.9519 0.3055 -0.0220
vn 0.1719 0.0716 0.9825
vn 0.0713 0.2330 0.9699
vn 0.0247 0.5880 0.8085
vn 0.1672 0.4042 0.8992
vn 0.0484 -0.3510 0.9351
vn 0.1135 0.4848 0.8672
vn 0.0518 0.0763 0.9957
vn 0.0907 0.5464 0.8326
vn -0.6746 0.3269 -0.6619
vn -0.4464 -0.0462 -0.8936
vn -0.7712 -0.1240 -0.6244
vn -0.4914 0.3367 -0.8032
vn -0.4122 0.2968 -0.8614
vn -0.4802 0.4339 -0.7623
vn 0.8332 -0.2733 -0.4807
vn 0.9866 -0.1497 -0.0648
vn 0.3030 0.4646 0.8321
vn 0.4857 0.4122 0.7708
vn 0.2902 0.1691 0.9419
vn 0.2781 0.6759 0.6825
vn 0.3279 0.9272 -0.1812
vn 0.4784 0.8713 0.1098
vn -0.4759 -0.5161 -0.7122
vn 0.4195 0.8943 0.1559
vn 0.3190 0.9392 0.1269
vn 0.4668 0.6151 0.6354
vn 0.1897 0.8395 -0.5092
vn 0.1008 0.8605 -0.4994
vn 0.1023 0.9856 0.1343
vn 0.2712 0.5581 0.7842
vn -0.1007 0.8888 -0.4471
vn -0.3075 0.8336 -0.4588
vn -0.0998 0.9777 0.1846
vn -0.5170 0.6761 -0.5250
vn -0.4612 0.4968 -0.7352
vn -0.5189 0.4530 -0.7250
vn -0.4968 0.5930 -0.6337
vn -0.4709 0.4488 -0.7595
vn -0.3525 0.5675 -0.7441
vn -0.4528 0.3903 -0.8016
vn -0.4565 0.0055 -0.8897
vn -0.5713 -0.2834 -0.7703
vn -0.7634 -0.6448 0.0379
vn -0.9583 -0.1286 0.2554
vn -0.3029 -0.1167 0.9459
vn -0.2009 0.4091 0.8901
vn -0.7695 0.5960 0.2295
vn 0.0783 0.6212 0.7797
vn -0.3010 0.9478 0.1054
vn -0.0699 0.7018 0.7089
vn 0.1231 0.6836 0.7194
vn -0.1496 0.9879 0.0406
vn 0.2124 0.4277 0.8786
vn -0.4263 -0.0752 -0.9015
vn -0.0673 -0.8799 0.4704
vn -0.0264 -0.6855 0.7276
vn -0.2687 -0.6700 0.6920
vn -0.1523 -0.4347 0.8876
vn -0.2670 -0.6726 0.6901
vn 0.0586 -0.8217 0.5669
vn 0.0816 -0.8409 0.5350
vn -0.2378 -0.7422 0.6266
vn 0.0065 -0.8950 0.4460
vn 0.0204 -0.7143 0.6996
vn 0.5126 -0.8153 0.2694
vn 0.4844 -0.8605 0.1580
vn 0.5592 -0.7599 0.3315
vn 0.4906 -0.6880 0.5348
vn -0.0292 -0.4634 0.8857
vn 0.5416 -0.3747 0.7526
vn 0.0433 0.0664 0.9968
vn -0.1519 0.3557 0.9222
vn 0.1288 0.5328 0.8364
vn 0.1983 0.7740 0.6014
vn 0.0699 0.9939 0.0851
vn 0.5426 0.0288 0.8395
vn 0.5764 0.3483 0.7392
vn 0.5931 -0.3523 0.7240
vn 0.6014 -0.6163 0.5085
vn 0.4290 -0.6739 0.6016
vn 0.4909 -0.4800 0.7271
vn 0.3462 -0.8125 0.4690
vn 0.2500 -0.9152 0.3160
vn 0.1745 -0.9715 0.1604
vn 0.1052 -0.9465 -0.3050
vn 0.0426 -0.6139 -0.7882
vn 0.2389 -0.4438 -0.8637
vn 0.0903 -0.4433 -0.8918
vn -0.3551 -0.0659 -0.9325
vn -0.4771 -0.2949 -0.8279
vn -0.5421 0.2559 -0.8004
vn 0.0702 -0.6087 -0.7903
vn -0.1468 -0.2923 -0.9450
vn -0.1984 -0.6990 -0.6871
vn -0.1044 0.1464 -0.9837
vn -0.1853 0.2142 -0.9590
vn -0.0172 0.5247 -0.8511
vn 0.0276 0.4813 -0.8761
vn -0.2632 0.5495 -0.7930
vn -0.2817 0.5599 -0.7792
vn -0.2627 0.7004 -0.6636
vn 0.1420 -0.0100 -0.9898
vn 0.1142 -0.2606 -0.9587
vn 0.7689 0.4808 -0.4215
vn 0.4289 -0.8073 -0.4053
vn 0.5565 -0.8298 -0.0420
vn 0.9193 0.3580 0.1632
vn 0.6766 -0.2417 0.6955
vn 0.6836 -0.0052 0.7298
vn 0.0993 0.8372 0.5378
vn -0.0969 0.9678 0.2322
vn -0.3764 0.9228 0.0825
vn -0.5086 0.8533 -0.1151
vn 0.1160 0.9859 -0.1208
vn -0.2748 0.7615 -0.5871
vn -0.3272 0.5015 -0.8009
vn -0.3454 0.9236 0.1665
vn -0.1059 0.6110 0.7845
vn 0.0435 0.5772 0.8154
vn -0.3800 0.5573 -0.7382
vn -0.3574 0.9273 0.1114
vn -0.0513 0.6586 0.7507
vn 0.0335 0.5525 0.8329
vn 0.0143 0.4429 0.8965
vn 0.1152 0.2252 0.9675
vn -0.8965 -0.1066 -0.4301
vn -0.7618 -0.3196 -0.5635
vn -0.5547 -0.7562 -0.3471
vn -0.8785 -0.4764 -0.0342
vn 0.2648 -0.6998 0.6634
vn -0.3145 -0.7776 0.5444
vn -0.0053 -0.9843 0.1766
vn 0.5917 -0.8016 -0.0852
vn -0.2618 -0.9588 -0.1107
vn 0.0305 -0.6240 -0.7808
vn 0.5647 -0.2359 0.7909
vn 0.5909 -0.1649 0.7897
vn 0.6956 -0.0921 0.7125
vn 0.6756 -0.2515 0.6930
vn 0.5557 -0.2206 0.8016
vn 0.4876 -0.2139 0.8465
vn 0.5871 -0.3179 0.7445
vn 0.8899 -0.4435 0.1061
vn 0.8717 -0.4901 0.0014
vn 0.7241 -0.3068 0.6177
vn 0.9514 -0.0899 -0.2947
vn 0.9709 0.1314 0.2000
vn 0.4189 0.6124 -0.6704
vn 0.5217 0.1387 -0.8418
vn 0.4354 0.6699 -0.6013
vn 0.9066 0.2161 0.3624
vn -0.2531 0.3354 -0.9074
vn -0.2990 0.4467 -0.8433
vn 0.0061 0.0161 -0.9999
vn 0.0918 -0.0440 -0.9948
vn -0.3639 0.1781 -0.9143
vn -0.3502 0.2643 -0.8986
vn 0.3310 0.0846 -0.9398
vn 0.1645 -0.1891 -0.9681
vn -0.5449 0.0764 -0.8350
vn -0.6035 -0.6449 -0.4689
vn -0.7117 -0.5694 -0.4113
vn -0.7107 0.1181 -0.6935
vn -0.7299 -0.5695 -0.3780
vn -0.6588 0.0402 -0.7513
vn 0.0007 -0.9064 0.4224
vn 0.1179 -0.9634 0.2408
vn -0.2337 -0.9612 -0.1466
vn -0.4411 -0.8933 0.0863
vn 0.5113 -0.5683 0.6447
vn 0.4576 -0.6389 0.6184
vn -0.0289 -0.8595 0.5103
vn 0.4477 -0.4780 0.7557
vn 0.4699 -0.4735 0.7450
vn 0.8767 -0.4428 0.1879
vn 0.5716 -0.3348 0.7491
vn 0.5708 -0.1238 0.8117
vn 0.1908 0.4768 0.8581
vn 0.5499 0.2892 0.7835
vn 0.1423 0.2000 0.9694
vn 0.0089 0.3152 0.9490
vn 0.9072 0.2098 0.3647
vn 0.5080 0.5793 0.6375
vn 0.3783 0.6716 -0.6371
vn -0.3293 0.4799 -0.8132
vn -0.5686 0.8120 -0.1318
vn 0.1209 0.9845 -0.1269
vn -0.6461 0.6544 -0.3928
vn -0.4492 0.3311 -0.8298
vn -0.5719 0.6654 -0.4798
vn -0.5415 0.1561 -0.8261
vn -0.6894 0.1321 -0.7123
vn -0.6596 0.7457 -0.0941
vn -0.7421 0.1287 -0.6578
vn -0.7414 0.6708 -0.0192
vn -0.6284 0.0869 -0.7730
vn -0.7104 0.0771 -0.6996
vn -0.5418 0.1251 -0.8311
vn -0.5208 0.1890 -0.8325
vn -0.4591 0.2289 -0.8584
vn -0.6633 -0.1054 -0.7409
vn -0.6545 -0.2775 -0.7033
vn -0.6306 -0.7031 -0.3287
vn -0.4255 -0.7954 -0.4316
vn -0.0542 -0.9513 -0.3034
vn -0.2893 -0.8149 -0.5023
vn 0.2144 -0.9661 0.1438
vn 0.4224 -0.6459 0.6359
vn 0.4240 -0.3898 0.8175
vn 0.1297 0.1818 0.9747
vn -0.1396 0.5890 0.7960
vn -0.7465 0.6633 0.0514
vn -0.7891 0.1696 -0.5904
vn -0.7518 0.0891 -0.6534
vn -0.6598 -0.2956 -0.6908
vn -0.2709 -0.9480 -0.1671
vn 0.1568 -0.3581 0.9204
vn -0.1346 0.3339 0.9330
vn -0.3747 0.7739 0.5106
vn -0.6410 0.7364 0.2165
vn -0.9522 0.2597 -0.1610
vn -0.8897 0.2304 0.3941
vn -0.6787 -0.6950 0.2375
vn -0.3559 -0.1977 0.9134
vn -0.7423 -0.0372 0.6690
vn -0.3392 0.5020 0.7956
vn -0.3684 0.6625 0.6522
vn -0.3761 0.7473 0.5478
vn 0.0519 -0.9489 0.3114
vn -0.4690 -0.8761 0.1121
vn -0.3951 0.7376 0.5476
vn 0.6998 -0.2972 -0.6496
vn 0.9915 -0.0666 -0.1118
vn 0.9426 -0.1495 0.2985
vn 0.9114 -0.3904 0.1300
vn 0.9135 -0.2806 -0.2945
vn 0.7120 -0.1006 0.6950
vn 0.6672 -0.4453 0.5971
vn 0.2499 -0.9476 0.1991
vn 0.5359 -0.8432 -0.0420
vn 0.6952 -0.7106 -0.1084
vn -0.2918 -0.8581 0.4225
vn 0.4122 -0.8458 0.3387
vn -0.1772 -0.7245 0.6661
vn -0.0120 -0.9891 0.1469
vn -0.3969 -0.8608 0.3186
vn -0.8116 -0.4007 0.4251
vn -0.8857 -0.4290 0.1774
vn -0.6825 -0.7092 0.1771
vn 0.2284 0.0193 -0.9734
vn -0.4021 -0.2769 -0.8727
vn -0.4717 0.2268 -0.8521
vn -0.0387 -0.4134 -0.9097
vn -0.9459 0.0102 0.3243
vn -0.9692 -0.0044 0.2463
vn -0.4506 0.5177 -0.7273
vn -0.4214 0.5652 -0.7092
vn 0.1711 0.4031 -0.8990
vn 0.1003 0.3080 -0.9461
vn -0.8987 0.3531 0.2601
vn -0.8382 0.1508 0.5241
vn -0.7220 0.1060 0.6837
vn -0.7735 0.4296 0.4659
vn -0.8753 -0.0351 0.4823
vn -0.9322 0.0170 0.3616
vn -0.6709 -0.3342 0.6620
vn -0.4567 -0.0862 0.8854
vn 0.1200 -0.3598 0.9253
vn 0.7291 -0.6818 -0.0594
vn 0.7045 -0.5419 -0.4583
vn 0.7900 -0.3978 -0.4666
vn 0.6057 -0.6168 -0.5026
vn 0.4341 -0.2961 -0.8508
vn 0.6782 -0.0858 -0.7298
vn 0.1493 -0.8280 -0.5405
vn 0.0871 -0.5023 -0.8603
vn 0.5575 -0.1978 -0.8063
vn 0.1296 0.1946 -0.9723
vn 0.6635 -0.0472 -0.7467
vn -0.5015 0.4061 -0.7639
vn -0.8701 0.3396 -0.3572
vn -0.8196 0.5124 -0.2563
vn -0.8859 0.1467 -0.4400
vn -0.7885 -0.3019 -0.5358
vn -0.9316 -0.2847 -0.2262
vn -0.9960 0.0615 -0.0648
vn -0.5635 -0.6529 -0.5061
vn -0.7240 -0.6087 -0.3246
vn -0.9872 0.1551 0.0359
vn -0.7609 0.5845 -0.2819
vn -0.4036 0.1748 0.8981
vn 0.1956 0.0185 0.9805
vn 0.7953 0.1410 -0.5896
vn 0.1507 -0.9814 -0.1191
vn 0.0284 0.7785 0.6270
vn -0.1395 0.8125 0.5660
vn -0.7201 0.4846 0.4966
vn -0.5470 0.3846 0.7435
vn 0.5425 0.8366 -0.0763
vn 0.7782 0.6177 -0.1132
vn -0.2507 0.5405 0.8031
vn 0.4618 -0.0715 0.8841
vn 0.7560 0.1330 0.6409
vn 0.3403 0.8197 0.4608
vn -0.4239 0.8799 0.2147
vn -0.0791 0.9319 0.3540
vn -0.5856 0.5652 0.5811
vn -0.8348 0.5217 0.1758
vn 0.3216 0.9275 -0.1904
vn 0.4355 0.8972 -0.0737
vn 0.3647 0.7332 0.5740
vn 0.0514 0.9979 0.0386
vn 0.0397 0.9952 0.0890
vn -0.0169 0.3635 0.9314
vn -0.5088 0.8551 0.0999
vn 0.9757 -0.1212 -0.1826
vn 0.9079 -0.4176 -0.0378
vn 0.7769 -0.5017 -0.3805
vn 0.8853 0.0293 -0.4640
vn 0.9804 -0.0724 0.1833
vn 0.9535 -0.2271 0.1983
vn 0.6028 0.7931 -0.0867
vn -0.4930 0.7443 -0.4506
vn -0.7060 0.4215 -0.5691
vn -0.4812 0.8422 0.2433
vn 0.4712 0.4617 -0.7515
vn 0.2182 -0.1879 -0.9576
vn -0.8209 -0.0206 -0.5706
vn -0.9327 0.2204 -0.2855
vn -0.7261 -0.6742 0.1351
vn -0.8200 0.3178 0.4761
vn -0.6877 -0.5899 -0.4231
vn 0.5282 0.8188 0.2248
vn -0.7429 0.5925 -0.3116
vn -0.6158 -0.1395 0.7755
vn 0.6691 -0.1834 0.7202
vn -0.8142 -0.2622 0.5180
vn -0.0487 -0.9032 -0.4264
vn 0.0643 -0.7371 -0.6728
vn 0.5569 -0.4963 -0.6660
vn 0.7303 -0.4973 -0.4684
vn -0.4769 -0.6671 -0.5723
vn -0.3868 -0.8838 -0.2633
vn -0.3483 -0.9349 -0.0688
vn -0.0072 -0.4321 -0.9018
vn -0.3535 -0.2955 -0.8875
vn 0.2380 -0.3178 -0.9178
vn -0.3936 -0.9193 -0.0036
vn -0.1118 -0.4999 0.8588
vn 0.0216 -0.8147 0.5794
vn -0.0371 -0.7148 0.6983
vn 0.1480 -0.4188 0.8959
vn -0.4813 -0.5676 0.6680
vn -0.7722 0.1277 0.6224
vn -0.9429 -0.0911 0.3203
vn -0.1725 -0.9364 0.3056
vn 0.9265 0.1062 -0.3611
vn 0.4319 0.1268 -0.8930
vn 0.0203 0.1066 -0.9941
vn 0.2843 0.1242 -0.9507
vn 0.1511 0.6328 0.7594
vn -0.6200 0.7726 0.1367
vn -0.8205 0.5695 -0.0491
vn -0.2206 -0.7314 0.6453
vn -0.2949 -0.6430 0.7068
vn -0.3332 -0.8660 0.3729
vn 0.7541 0.6567 -0.0080
vn 0.7846 0.2478 0.5683
vn 0.2101 0.8274 -0.5209
vn -0.1079 0.9753 -0.1928
vn 0.5388 -0.1411 0.8305
vn -0.9545 0.1022 -0.2800
vn -0.9933 0.0234 -0.1132
vn -0.3806 0.6137 0.6918
vn -0.3401 0.8994 0.2748
vn -0.9247 0.2196 0.3109
vn 0.5727 0.1124 -0.8120
vn -0.9431 -0.2227 -0.2470
vn 0.7714 0.5837 0.2533
vn -0.5469 0.6600 0.5151
vn -0.6883 0.7161 0.1158
vn 0.3469 0.9095 -0.2289
vn 0.5614 0.5817 0.5886
vn 0.5982 0.3913 0.6993
vn 0.9927 0.0856 -0.0847
vn 0.9840 0.1722 -0.0451
vn 0.0928 0.9899 0.1069
vn 0.6738 -0.2060 0.7096
vn 0.3545 -0.1320 0.9257
vn 0.2587 -0.5131 0.8184
vn 0.3723 -0.0629 0.9260
vn 0.8371 -0.2327 0.4951
vn 0.5484 0.0838 0.8320
vn 0.3162 -0.1110 0.9422
vn 0.2610 -0.2302 0.9375
vn 0.5567 0.1042 0.8242
vn 0.3782 -0.7577 0.5318
vn 0.8819 -0.4022 0.2459
vn 0.2402 -0.9687 0.0634
vn 0.8787 -0.4626 -0.1180
vn 0.6347 -0.5055 -0.5845
vn 0.2445 -0.4257 -0.8712
vn -0.0596 -0.1043 -0.9928
vn -0.3286 -0.1444 -0.9334
vn -0.5415 0.1303 -0.8305
vn -0.4260 0.3046 -0.8519
vn -0.1201 -0.0944 -0.9883
vn -0.1876 -0.0298 -0.9818
vn -0.9785 0.1669 -0.1213
vn -0.9106 0.1610 -0.3805
vn -0.9994 0.0318 -0.0112
vn -0.4519 0.7302 0.5124
vn -0.4610 0.4420 0.7695
vn -0.4801 0.7153 0.5078
vn -0.3235 0.4182 0.8488
vn -0.5878 0.8089 0.0127
vn -0.5820 0.7366 -0.3445
vn -0.7313 0.6263 -0.2700
vn -0.6422 0.4455 -0.6238
vn -0.6554 0.4591 -0.5997
vn -0.8532 0.4724 -0.2210
vn -0.5461 0.3803 -0.7464
vn -0.6002 -0.0929 -0.7944
vn 0.3047 -0.0045 -0.9524
vn 0.1100 0.7930 -0.5992
vn -0.4056 0.8785 -0.2526
vn 0.6187 0.4315 -0.6565
vn 0.5681 -0.2877 -0.7710
vn 0.8099 0.1635 -0.5634
vn 0.6760 0.7319 -0.0855
vn 0.4940 0.8519 -0.1740
vn 0.2668 0.6547 0.7072
vn 0.5780 0.5555 0.5977
vn -0.2518 0.1947 0.9480
vn 0.2984 0.0439 0.9534
vn 0.8067 -0.0677 0.5870
vn 0.7779 0.5424 0.3174
vn 0.2043 0.9781 -0.0406
vn -0.5960 -0.4694 -0.6515
vn -0.8135 -0.4086 -0.4138
vn -0.8175 0.0092 -0.5758
vn -0.9811 0.1403 0.1332
vn -0.9263 0.3236 0.1931
vn -0.3295 -0.0899 0.9399
vn -0.1031 0.1614 0.9815
vn -0.2381 0.4155 0.8779
vn 0.1322 0.0806 0.9879
vn -0.2403 0.0529 0.9693
vn 0.3668 0.0697 0.9277
vn 0.6569 0.4727 0.5874
vn 0.5954 0.8005 -0.0693
vn 0.2000 0.7893 -0.5805
vn 0.0269 0.5452 -0.8379
vn 0.2164 0.1331 -0.9672
vn -0.5381 0.5623 -0.6279
vn -0.7256 0.6632 -0.1836
vn -0.7401 0.4325 -0.5149
vn -0.7285 0.6394 -0.2458
vn -0.4661 0.5967 0.6533
vn -0.0677 -0.3232 0.9439
vn 0.2033 -0.2500 0.9467
vn 0.6829 0.0333 -0.7297
vn -0.6547 0.1213 0.7461
vn 0.5819 -0.3448 -0.7366
vn 0.8623 -0.0817 -0.4997
vn 0.6745 -0.0010 -0.7383
vn 0.9475 -0.0763 0.3104
vn 0.7982 -0.0809 0.5969
vn 0.6756 -0.7052 0.2153
vn 0.7837 -0.5702 -0.2463
vn 1.0000 0.0043 0.0050
vn 0.2847 -0.7709 0.5698
vn 0.4440 -0.7304 0.5191
vn 0.5197 0.0942 -0.8492
vn 0.2338 -0.0256 -0.9719
vn 0.4091 -0.0115 -0.9124
vn 0.1071 0.1577 -0.9817
vn 0.3114 0.2413 -0.9192
vn 0.6409 0.1857 -0.7448
vn 0.3308 0.3703 -0.8680
vn -0.0349 0.2632 -0.9641
vn -0.0479 0.4830 -0.8743
vn 0.4345 0.4615 -0.7734
vn 0.6080 0.1733 -0.7748
vn 0.1989 -0.0458 -0.9789
vn 0.7999 0.2771 -0.5323
vn 0.5330 -0.8447 0.0491
vn -0.1178 -0.9912 0.0600
vn -0.1192 -0.8298 -0.5452
vn 0.5368 -0.6005 -0.5927
vn 0.8866 -0.2998 -0.3522
vn 0.6868 -0.6807 0.2548
vn -0.0135 -0.8960 0.4439
vn -0.7623 -0.6439 -0.0650
vn -0.4890 -0.4457 -0.7498
vn -0.8994 -0.3588 0.2495
vn -0.9112 -0.3210 0.2583
vn -0.9916 -0.1133 -0.0624
vn -0.9490 -0.2959 -0.1087
vn -0.6872 -0.6353 0.3523
vn -0.6572 -0.5686 0.4947
vn -0.0165 -0.7197 0.6940
vn 0.0927 -0.7185 0.6893
vn -0.4749 -0.8714 -0.1235
vn -0.8088 -0.5530 0.2002
vn 0.9116 -0.3199 -0.2584
vn 0.7214 0.2374 -0.6506
vn 0.8668 0.4581 -0.1970
vn 0.9419 -0.3359 -0.0051
vn 0.4553 -0.7788 -0.4315
vn 0.0557 -0.1372 -0.9890
vn 0.4631 -0.8848 0.0507
vn -0.2224 -0.9124 -0.3437
vn -0.6620 -0.5182 -0.5415
vn -0.2763 -0.9609 -0.0198
vn -0.8375 -0.5430 -0.0609
vn 0.1292 0.7306 -0.6704
vn 0.1770 0.9191 -0.3521
vn -0.4525 0.4119 -0.7910
vn -0.5800 0.7597 -0.2940
vn -0.8716 0.0616 -0.4864
vn -0.9752 0.1401 -0.1713
vn 0.2062 -0.5898 -0.7808
vn -0.6019 0.1996 -0.7732
vn -0.7731 -0.4627 -0.4338
vn 0.6503 -0.1291 -0.7487
vn 0.8320 -0.2984 -0.4678
vn 0.3985 0.0437 -0.9161
vn -0.2451 -0.7915 0.5599
vn -0.0210 -0.6609 0.7502
vn -0.7438 -0.5869 0.3198
vn -0.9020 -0.2145 0.3747
vn -0.1328 -0.4705 0.8724
vn -0.4826 -0.7344 0.4773
vn 0.3003 -0.4945 0.8156
vn 0.0356 -0.3948 0.9181
vn -0.5452 0.3769 -0.7488
vn -0.0664 0.4113 -0.9091
vn 0.2604 0.6299 -0.7317
vn -0.5987 0.7090 -0.3725
vn 0.0366 0.0489 -0.9981
vn 0.1672 0.1979 -0.9659
vn 0.3962 0.2648 -0.8792
vn -0.3254 -0.6412 -0.6950
vn -0.9848 -0.0114 -0.1734
vn 0.5948 0.0178 -0.8037
vn 0.7741 -0.5568 -0.3013
vn -0.5176 -0.8553 0.0234
vn -0.9463 0.3155 0.0709
vn -0.3427 -0.8696 0.3556
vn -0.1625 -0.5962 0.7863
vn -0.2209 -0.5343 0.8159
vn -0.1220 -0.5178 0.8468
vn -0.0969 -0.4810 0.8713
vn -0.0223 -0.4408 0.8973
vn -0.0034 -0.5392 0.8421
vn -0.1088 -0.6118 0.7835
vn -0.1044 -0.2005 -0.9741
vn 0.0646 0.1043 -0.9924
vn -0.7992 -0.1997 -0.5670
vn -0.2019 -0.3821 -0.9018
vn -0.3647 0.3758 -0.8519
vn -0.2416 0.1162 -0.9634
vn -0.2887 -0.9527 -0.0946
vn 0.1047 -0.9726 0.2077
vn 0.6508 -0.7445 -0.1487
vn -0.2184 -0.9753 -0.0317
vn -0.9044 -0.3366 0.2621
vn -0.5618 -0.7386 0.3727
vn -0.1524 -0.5519 0.8199
vn -0.2697 -0.7845 0.5584
vn -0.6475 -0.3496 0.6772
vn -0.8940 0.4477 0.0176
vn 0.1924 0.5780 -0.7930
vn -0.3251 -0.6604 0.6769
vn -0.8065 -0.5091 0.3008
vn -0.1180 -0.9199 0.3740
vn 0.9034 0.2484 -0.3496
vn 0.4441 0.6398 -0.6272
vn 0.3679 0.9131 -0.1757
vn 0.9353 0.3526 -0.0305
vn 0.9471 -0.3204 0.0182
vn 0.8443 -0.3274 -0.4242
vn 0.3140 -0.1505 -0.9374
vn 0.4573 -0.8138 -0.3586
vn -0.1499 -0.7955 -0.5871
vn 0.4998 -0.8645 -0.0529
vn -0.3204 -0.9308 -0.1760
vn -0.2970 0.0726 -0.9521
vn -0.7434 -0.2922 -0.6016
vn -0.8545 0.3162 -0.4120
vn -0.3576 0.6826 -0.6374
vn -0.9325 0.3030 -0.1967
vn -0.4603 0.8578 -0.2286
vn -0.8932 -0.3920 -0.2201
vn 0.7565 0.1610 -0.6338
vn 0.9596 0.2069 -0.1907
vn 0.7495 -0.6420 -0.1615
vn 0.6119 -0.3574 -0.7056
vn 0.2226 0.7442 -0.6298
vn 0.2288 0.9580 -0.1727
vn -0.3314 0.5750 -0.7481
vn 0.0705 -0.7858 -0.6145
vn -0.5765 -0.0740 -0.8138
vn -0.1393 -0.9680 -0.2088
vn -0.9581 -0.1830 -0.2204
vn -0.6431 0.7526 -0.1415
vn 0.5907 0.4782 -0.6499
vn -0.2205 0.7050 -0.6740
vn 0.1835 0.9576 -0.2219
vn 0.9020 0.3579 -0.2417
vn 0.7234 -0.6138 -0.3161
vn 0.1704 -0.1997 -0.9649
vn -0.2934 -0.6550 -0.6963
vn -0.8171 -0.2574 -0.5158
vn -0.6513 0.5527 -0.5200
vn -0.2174 -0.9588 -0.1830
vn -0.9184 -0.3618 -0.1600
vn -0.7482 0.6299 -0.2084
vn -0.4876 -0.3937 0.7793
vn 0.1970 0.2097 0.9577
vn -0.7277 -0.2522 0.6378
vn -0.5645 -0.4004 0.7219
vn -0.1435 -0.6510 0.7454
vn 0.3750 -0.0493 0.9257
vn -0.4047 -0.4672 0.7861
vn -0.6955 -0.1637 0.6996
vn -0.4363 -0.3469 0.8302
vn -0.2087 -0.5574 0.8036
vn -0.8117 0.0505 0.5819
vn -0.6183 -0.1047 0.7789
vn -0.8424 -0.1780 0.5087
vn -0.9487 0.0509 0.3120
vn 0.5007 0.5736 0.6483
vn 0.7198 0.6302 0.2910
vn 0.5051 0.6978 0.5079
vn 0.1898 0.8607 -0.4724
vn -0.0469 0.9848 -0.1674
vn 0.8031 0.5386 0.2548
vn -0.2345 0.2471 -0.9402
vn 0.0386 0.2346 -0.9713
vn 0.4653 -0.7901 0.3991
vn 0.7201 -0.0702 -0.6903
vn -0.1764 -0.5018 0.8468
vn -0.2319 -0.4151 0.8797
vn -0.3255 -0.5684 0.7557
vn -0.4189 -0.2967 0.8582
vn -0.1460 0.2170 -0.9652
vn -0.2984 0.6164 -0.7287
vn -0.6197 0.5891 -0.5186
vn -0.3937 0.4132 -0.8211
vn -0.5158 0.1198 0.8483
vn -0.5208 0.6062 0.6010
vn 0.7163 0.6478 0.2592
vn -0.3635 0.9069 0.2130
vn -0.9677 0.2447 0.0605
vn -0.9005 0.3499 -0.2581
vn -0.7705 0.3657 -0.5221
vn -0.6233 0.3251 -0.7112
vn -0.4299 0.1887 -0.8830
vn 0.3729 0.7045 -0.6039
vn -0.1863 0.0718 -0.9799
vn 0.5782 0.5692 -0.5845
vn 0.7566 0.4845 -0.4392
vn 0.0895 -0.0606 -0.9941
vn 0.6115 -0.1663 0.7736
vn 0.9247 0.1725 -0.3393
vn 0.9896 0.0260 -0.1418
vn 0.3520 -0.2466 -0.9030
vn -0.4961 0.1376 -0.8573
vn -0.6701 0.1955 -0.7161
vn -0.2175 0.0443 -0.9750
vn -0.1536 0.3072 -0.9391
vn -0.4094 0.4199 -0.8100
vn 0.1599 -0.0958 -0.9825
vn 0.2591 0.1548 -0.9534
vn 0.7659 0.3196 -0.5580
vn 0.9465 -0.1772 -0.2697
vn 0.9069 0.3371 -0.2527
vn 0.9105 -0.3320 0.2466
vn 0.4974 -0.5513 0.6698
vn 0.0988 -0.6616 0.7433
vn 0.0387 -0.6896 0.7232
vn -0.4063 -0.3125 0.8587
vn -0.8134 0.1881 0.5504
vn -0.7604 0.0927 0.6428
vn -0.8882 0.3906 0.2421
vn -0.9268 0.2071 0.3133
vn -0.9601 0.2796 0.0021
vn -0.8139 0.2514 -0.5238
vn -0.9170 0.2906 -0.2733
vn -0.7540 0.5380 -0.3770
vn -0.8665 0.4947 -0.0673
vn -0.5918 0.5036 -0.6295
vn -0.3254 0.5348 -0.7798
vn -0.5164 0.6158 -0.5951
vn -0.0960 0.3984 -0.9122
vn -0.1110 0.2729 -0.9556
vn -0.3271 0.4068 -0.8529
vn -0.0218 0.3348 -0.9420
vn -0.2369 0.4787 -0.8454
vn 0.1702 0.1833 -0.9682
vn -0.4775 0.5290 -0.7015
vn -0.5550 0.4829 -0.6774
vn -0.7229 0.5382 -0.4333
vn -0.7855 0.4595 -0.4145
vn -0.7173 0.6051 -0.3454
vn -0.8649 0.5014 -0.0238
vn -0.9283 0.3622 -0.0842
vn -0.8914 0.3566 0.2797
vn -0.9486 0.2305 0.2169
vn -0.7465 -0.1076 0.6567
vn -0.9128 0.2659 0.3099
vn -0.6383 -0.1726 0.7502
vn -0.8808 0.4676 -0.0741
vn -0.8409 0.5376 -0.0628
vn -0.8304 0.2020 0.5192
vn -0.8306 0.5468 -0.1054
vn -0.8416 0.0006 0.5400
vn -0.7712 0.6315 -0.0802
vn -0.9066 -0.2015 0.3707
vn 0.0646 0.8541 -0.5160
vn 0.1394 0.9528 -0.2696
vn -0.7626 0.6405 -0.0904
vn 0.8976 0.1574 -0.4117
vn 0.9117 0.2796 -0.3012
vn 0.6740 -0.7284 0.1234
vn 0.6612 -0.7436 -0.0998
vn -0.2539 -0.8602 0.4423
vn -0.2498 -0.9648 0.0818
vn -0.9448 -0.3141 0.0928
vn -0.2430 -0.4535 0.8575
vn -0.2851 -0.4346 0.8543
vn -0.1336 -0.4643 0.8755
vn -0.1681 -0.4166 0.8934
vn -0.1098 -0.4004 0.9097
vn -0.1186 -0.4436 0.8883
vn -0.0364 -0.3953 0.9178
vn 0.0799 -0.4782 0.8746
vn 0.3617 -0.8437 0.3967
vn 0.8002 -0.5843 0.1356
vn 0.3911 -0.8326 -0.3921
vn -0.6565 -0.7035 -0.2721
vn -0.9145 -0.3780 0.1442
vn -0.9792 -0.1823 -0.0891
vn -0.6978 0.3345 -0.6334
vn -0.7361 0.2672 -0.6219
vn 0.0521 0.6701 -0.7404
vn 0.0658 0.6006 -0.7968
vn 0.4319 0.5345 -0.7265
vn 0.7177 0.5860 -0.3762
vn 0.6144 0.6042 -0.5074
vn 0.9444 0.3287 0.0036
vn 0.9488 0.3017 -0.0938
vn 0.9533 0.2373 0.1870
vn 0.6263 -0.2749 0.7295
vn 0.8315 -0.2346 0.5035
vn 0.0991 -0.5795 0.8089
vn 0.3063 -0.5592 0.7704
vn 0.5169 -0.4676 0.7170
vn 0.9091 -0.1553 0.3867
vn 0.6682 -0.4196 0.6144
vn 0.9580 -0.0909 0.2721
vn 0.7382 -0.5209 0.4287
vn 0.9899 -0.1385 -0.0290
vn 0.0615 -0.7567 0.6508
vn 0.9216 0.3065 -0.2383
vn 0.5796 0.5343 -0.6153
vn -0.6667 -0.0520 -0.7435
vn 0.7401 -0.5747 0.3492
vn 0.9429 -0.2003 -0.2660
vn 0.6335 -0.7316 0.2518
vn 0.9531 -0.2175 -0.2104
vn 0.5092 -0.8513 0.1264
vn 0.9052 -0.3671 -0.2141
vn -0.2721 -0.8740 0.4027
vn -0.3259 -0.9298 0.1708
vn 0.4512 -0.8919 0.0317
vn -0.8631 -0.3053 0.4022
vn -0.8814 -0.4384 0.1759
vn -0.9177 0.3431 0.2003
vn -0.9609 0.2612 0.0924
vn -0.5375 0.8275 -0.1621
vn -0.5280 0.8458 -0.0770
vn 0.2418 0.8466 -0.4742
vn 0.2319 0.9475 -0.2200
vn 0.8346 0.2951 -0.4651
vn 0.8801 0.4036 -0.2501
vn 0.7936 0.2939 -0.5327
vn 0.7655 0.1131 -0.6334
vn 0.9196 -0.3671 -0.1400
vn -0.7010 0.7076 -0.0891
vn 0.2435 0.9366 -0.2521
vn -0.9732 -0.2208 0.0648
vn -0.8804 -0.2740 0.3871
vn -0.6847 0.7254 -0.0699
vn -0.1892 -0.9794 0.0706
vn -0.0007 -0.9258 0.3781
vn 0.7016 -0.7108 -0.0498
vn 0.7346 -0.6779 0.0299
vn 0.9773 0.0808 -0.1958
vn 0.9016 0.0239 -0.4319
vn 0.3738 0.7890 -0.4876
vn 0.7284 -0.1271 -0.6732
vn -0.1187 -0.5155 -0.8486
vn -0.9651 0.0230 -0.2610
vn -0.8610 0.5085 0.0078
vn -0.9339 0.0439 0.3548
vn -0.2777 0.8131 -0.5117
vn 0.0459 0.9380 -0.3435
vn -0.7787 0.6269 -0.0260
vn 0.5709 0.5217 -0.6339
vn 0.8054 0.4579 -0.3764
vn 0.8889 -0.0379 -0.4565
vn 0.9505 -0.1715 -0.2590
vn 0.8055 -0.5882 -0.0726
vn 0.6748 -0.7343 -0.0738
vn 0.0793 -0.8800 0.4683
vn -0.1296 -0.9694 0.2085
vn 0.2639 -0.8607 0.4353
vn -0.5502 -0.4471 0.7052
vn -0.8397 -0.4497 0.3043
vn -0.9733 0.1276 0.1909
vn -0.9737 0.2208 -0.0567
vn -0.9025 -0.4306 -0.0123
vn -0.6292 0.7702 -0.1047
vn 0.2193 0.9651 -0.1432
vn 0.9061 0.4055 -0.1204
vn 0.9477 -0.3135 -0.0600
vn 0.5258 -0.8500 -0.0336
vn -0.2647 -0.9643 -0.0031
vn 0.3614 0.8942 0.2641
vn 0.4138 0.6811 0.6040
vn 0.8902 0.3676 0.2692
vn 0.5931 0.8028 -0.0602
vn -0.9221 -0.3868 0.0071
vn -0.9485 -0.1523 0.2778
vn -0.9090 0.2736 0.3144
vn -0.8404 0.4238 -0.3379
vn -0.5082 0.5681 -0.6473
vn -0.9011 0.3936 -0.1817
vn -0.5478 0.4795 -0.6856
vn -0.3522 0.4930 -0.7956
vn -0.3281 0.4382 -0.8369
vn -0.5915 0.3375 -0.7323
vn 0.2002 -0.7508 0.6295
vn 0.6383 -0.7412 0.2079
vn 0.5330 -0.7982 0.2807
vn 0.1962 -0.5918 0.7818
vn 0.7562 0.3897 0.5256
vn 0.7470 0.4187 0.5163
vn 0.9931 0.0735 0.0914
vn 0.8755 0.4338 -0.2129
vn 0.7866 0.4733 0.3965
vn 0.9242 0.1214 0.3620
vn -0.7172 -0.5244 -0.4590
vn -0.1299 -0.3316 -0.9344
vn -0.3455 -0.6555 -0.6715
vn 0.0240 0.2836 -0.9587
vn 0.0782 0.1992 -0.9768
vn 0.8575 -0.5003 -0.1198
vn 0.6719 -0.2510 -0.6969
vn 0.6178 -0.3083 -0.7233
vn 0.6035 -0.7744 -0.1898
vn 0.4254 -0.8613 -0.2777
vn 0.3364 -0.5927 -0.7318
vn 0.3050 0.2644 -0.9149
vn 0.5051 -0.8507 -0.1454
vn 0.3015 0.3248 -0.8964
vn -0.1413 0.5969 -0.7898
vn -0.1094 0.5910 -0.7992
vn 0.5150 -0.4890 -0.7040
vn 0.3280 0.3100 -0.8924
vn 0.7356 -0.3569 -0.5758
vn 0.7747 -0.6297 0.0573
vn 0.6422 -0.6804 0.3531
vn 0.8725 -0.1044 0.4773
vn 0.4774 -0.2331 0.8472
vn 0.8732 0.3590 0.3295
vn 0.7479 0.2025 0.6321
vn 0.2880 -0.4508 0.8449
vn -0.1543 -0.0326 0.9875
vn -0.3600 -0.2417 0.9011
vn -0.1391 -0.0180 0.9901
vn 0.3104 0.2372 0.9205
vn -0.5332 0.2520 0.8076
vn -0.5385 0.2681 0.7988
vn -0.1428 0.4180 0.8971
vn 0.7436 0.4940 0.4506
vn 0.5595 0.5087 0.6543
vn -0.5288 0.6031 0.5973
vn -0.7213 0.4829 0.4965
vn -0.3893 0.9203 -0.0394
vn -0.6868 0.7177 -0.1146
vn -0.2143 0.7751 -0.5943
vn -0.3952 0.6686 -0.6299
vn -0.0074 0.6183 -0.7859
vn 0.6138 0.7533 -0.2361
vn 0.8634 0.3960 0.3127
vn 0.3013 -0.9534 0.0125
vn -0.4515 0.6094 -0.6518
vn -0.7788 0.6138 -0.1292
vn -0.7768 0.4157 0.4729
vn -0.9016 0.2270 0.3683
vn -0.7385 0.0834 0.6691
vn -0.7806 -0.0375 0.6239
vn -0.4347 -0.4639 0.7719
vn -0.8552 -0.4145 0.3111
vn -0.4799 -0.8274 0.2918
vn -0.0034 -0.9833 0.1820
vn 0.8351 0.3954 0.3825
vn -0.3615 -0.9055 -0.2224
vn 0.0383 -0.0146 -0.9992
vn -0.1579 -0.1510 -0.9758
vn -0.2941 0.1972 -0.9352
vn -0.1250 0.2229 -0.9668
vn 0.4269 0.5953 -0.6807
vn 0.3426 0.5868 -0.7337
vn 0.2769 0.8460 -0.4556
vn 0.6014 0.7949 -0.0806
vn 0.5525 0.4923 -0.6726
vn 0.4052 0.4570 -0.7918
vn 0.7768 0.6271 0.0574
vn -0.8642 0.4761 -0.1627
vn -0.9249 0.2456 -0.2903
vn -0.9635 0.1756 0.2022
vn -0.7340 0.6786 0.0271
vn -0.2674 0.9613 -0.0662
vn -0.6050 0.6798 -0.4146
vn -0.7473 0.2944 -0.5957
vn 0.0895 -0.5094 -0.8559
vn -0.1737 -0.4294 -0.8863
vn 0.0971 -0.8543 -0.5106
vn 0.1323 -0.8562 -0.4994
vn -0.3827 0.0249 -0.9235
vn -0.0248 0.8587 0.5118
vn -0.4883 0.6588 0.5723
vn 0.2522 0.3713 0.8936
vn 0.7556 -0.0570 0.6526
vn -0.3760 -0.1598 0.9127
vn 0.6034 -0.3416 0.7206
vn 0.7946 -0.0369 -0.6060
vn 0.8406 0.0894 -0.5342
vn 0.9839 0.1783 -0.0089
vn 0.8721 -0.0669 -0.4848
vn 0.9362 0.2103 0.2816
vn 0.4843 0.4438 0.7540
vn 0.6806 0.1383 -0.7195
vn 0.9411 0.1923 -0.2782
vn -0.7883 -0.4069 0.4615
vn -0.9308 -0.1540 0.3316
vn -0.9513 -0.2189 -0.2169
vn -0.7416 -0.6381 -0.2068
vn 0.0818 -0.8199 0.5666
vn 0.1373 -0.9901 0.0307
vn 0.2049 0.1669 0.9644
vn -0.1015 0.0873 0.9910
vn 0.8915 -0.2394 0.3845
vn 0.4676 -0.0836 0.8800
vn 0.6808 -0.7100 0.1802
vn 0.9891 -0.0450 0.1399
vn 0.2116 0.3768 0.9018
vn -0.0280 -0.3376 0.9409
vn 0.4643 -0.8818 -0.0835
vn 0.8698 -0.2253 -0.4389
vn -0.5776 -0.5451 0.6077
vn -0.7138 0.2895 0.6377
vn -0.3041 -0.1257 0.9443
vn 0.1842 0.7209 0.6682
vn -0.1186 0.7978 0.5911
vn -0.3820 -0.0974 0.9190
vn -0.3206 -0.1865 0.9287
vn 0.1953 0.1611 0.9674
vn -0.3769 -0.2493 0.8921
vn 0.0994 0.2713 -0.9574
vn 0.1974 0.0279 -0.9799
vn 0.1884 -0.4358 -0.8801
vn -0.3668 0.1305 -0.9211
vn -0.6096 0.0282 -0.7922
vn -0.5790 0.0189 -0.8151
vn -0.7848 -0.0667 -0.6162
vn -0.5822 -0.1414 -0.8007
vn 0.5386 0.0731 -0.8394
vn 0.4190 0.0396 -0.9071
vn 0.8180 0.2783 0.5033
vn -0.8223 -0.2301 -0.5205
vn -0.9351 -0.1109 -0.3366
vn -0.5823 -0.6490 -0.4895
vn -0.3249 -0.5434 -0.7740
vn 0.1566 -0.9141 -0.3740
vn 0.0730 -0.9687 -0.2372
vn 0.5684 -0.7945 0.2137
vn 0.7512 -0.5871 0.3018
vn 0.3619 -0.9154 0.1764
vn 0.1374 -0.9779 0.1577
vn 0.4056 -0.5044 0.7623
vn 0.6575 -0.2539 0.7094
vn 0.0992 -0.6251 0.7742
vn -0.1464 -0.9522 0.2682
vn -0.2494 -0.5236 0.8146
vn 0.0554 -0.2206 0.9738
vn 0.3075 -0.1048 0.9458
vn -0.2383 -0.1400 0.9611
vn -0.5309 -0.1843 0.8271
vn -0.4746 0.0312 0.8796
vn -0.2109 -0.1310 0.9687
vn 0.0170 -0.1049 0.9943
vn -0.4156 -0.1106 0.9028
vn -0.5913 0.1142 0.7983
vn -0.4690 -0.0484 0.8819
vn -0.3712 -0.1393 0.9180
vn -0.2308 -0.1202 0.9655
vn -0.2463 -0.0607 0.9673
vn 0.0724 0.1129 0.9910
vn 0.7143 0.1496 0.6836
vn 0.0666 0.0244 0.9975
vn -0.3612 -0.1209 0.9246
vn 0.8891 0.3213 0.3259
vn 0.8012 0.3115 -0.5109
vn 0.8705 0.4817 0.1013
vn 0.2205 0.1172 0.9683
vn 0.6704 0.4074 -0.6202
vn 0.6057 0.2688 -0.7489
vn 0.5001 0.3471 -0.7934
vn 0.3409 0.1226 -0.9321
vn 0.3082 0.1466 -0.9400
vn 0.3225 0.2249 -0.9195
vn 0.0115 0.0476 -0.9988
vn -0.0281 0.0526 -0.9982
vn 0.2948 0.3769 -0.8781
vn -0.0411 0.2229 -0.9740
vn -0.0571 0.4719 -0.8798
vn 0.2413 0.5661 -0.7882
vn -0.1141 0.7513 -0.6500
vn 0.1432 0.7970 -0.5868
vn -0.4816 0.3708 -0.7941
vn -0.4164 0.7092 -0.5689
vn -0.0918 0.9908 -0.0999
vn 0.0098 0.9805 0.1962
vn 0.5675 0.4690 0.6767
vn 0.1743 0.0911 0.9805
vn 0.4574 0.7185 0.5240
vn 0.7942 -0.0857 0.6015
vn 0.6698 -0.1888 0.7181
vn 0.7756 -0.2649 0.5730
vn 0.6363 -0.1832 0.7493
vn 0.6987 -0.1912 0.6894
vn 0.5658 -0.0920 0.8194
vn 0.4960 -0.2499 0.8316
vn 0.4327 -0.0100 0.9015
vn 0.6736 -0.0177 0.7389
vn -0.5734 -0.1123 0.8116
vn -0.6799 0.0097 0.7332
vn -0.9937 0.1030 -0.0436
vn -0.9907 0.0081 -0.1361
vn -0.9240 0.1026 -0.3685
vn -0.8939 -0.0168 -0.4480
vn -0.9931 -0.1036 0.0557
vn -0.5427 0.0242 0.8396
vn 0.5248 0.1135 0.8437
vn 0.7531 0.2630 0.6031
vn 0.7402 0.1693 0.6507
vn 0.7827 0.0675 0.6187
vn 0.7138 0.0661 0.6972
vn 0.5373 0.0133 0.8433
vn 0.5611 0.0419 0.8267
vn 0.5159 -0.0213 0.8564
vn 0.2388 -0.0481 0.9699
vn 0.2258 -0.0003 0.9742
vn 0.2512 -0.0137 0.9678
vn -0.0659 -0.0167 0.9977
vn -0.0390 -0.0394 0.9985
vn 0.2705 -0.1461 0.9516
vn -0.1292 -0.1544 0.9795
vn -0.3005 -0.0792 0.9505
vn -0.3435 -0.1766 0.9224
vn -0.1500 -0.2243 0.9629
vn 0.2591 -0.2229 0.9398
vn -0.2572 -0.0392 0.9656
vn -0.1614 0.8888 0.4288
vn -0.3451 -0.1800 0.9212
vn 0.0803 0.1064 -0.9911
vn 0.2157 0.0928 -0.9721
vn 0.2635 0.1662 -0.9502
vn 0.3681 0.0026 -0.9298
vn 0.6332 -0.0551 -0.7720
vn 0.7035 -0.2177 -0.6765
vn 0.4477 -0.3674 -0.8152
vn 0.3938 -0.8571 -0.3322
vn 0.2387 -0.8353 -0.4953
vn -0.5059 -0.6904 0.5171
vn -0.3511 -0.8616 0.3665
vn -0.6593 0.0928 0.7462
vn -0.4929 0.2184 0.8422
vn 0.0790 -0.8781 -0.4719
vn -0.6930 0.1718 -0.7002
vn -0.6388 0.0760 -0.7656
vn -0.5820 0.0249 -0.8128
vn 0.0626 0.1906 -0.9797
vn -0.2004 0.0602 -0.9779
vn -0.2584 0.0106 -0.9660
vn -0.3618 0.1132 -0.9254
vn -0.3571 0.9228 0.1448
vn 0.5205 0.7252 0.4507
vn 0.6160 0.7628 0.1967
vn -0.2242 0.9724 -0.0643
vn -0.5230 0.7085 0.4738
vn 0.4366 0.6413 0.6309
vn 0.9112 0.1791 0.3710
vn -0.8882 0.4423 -0.1239
vn -0.6819 0.6943 -0.2300
vn -0.1777 0.7874 -0.5903
vn -0.6010 0.2886 -0.7453
vn 0.9504 0.1549 0.2696
vn 0.9408 -0.1455 0.3062
vn 0.9839 -0.1550 -0.0888
vn 0.9639 0.0964 0.2481
vn 0.9437 -0.2091 0.2562
vn 0.6886 0.5348 -0.4897
vn -0.9166 -0.0303 -0.3986
vn -0.9467 0.2405 -0.2145
vn -0.8756 0.0481 -0.4806
vn -0.9359 -0.0816 -0.3427
vn -0.6400 -0.4583 -0.6168
vn -0.3714 -0.2664 -0.8895
vn 0.6526 -0.5889 -0.4768
vn 0.8222 -0.3903 -0.4143
vn 0.3058 0.0478 -0.9509
vn -0.6439 -0.5396 0.5424
vn -0.9629 -0.2186 0.1580
vn -0.8930 -0.3222 0.3142
vn -0.7691 -0.3533 0.5327
vn -0.7721 -0.4043 0.4903
vn -0.2760 -0.7381 -0.6156
vn -0.9840 0.1662 0.0635
vn -0.5682 -0.2655 0.7789
vn -0.7303 0.5362 -0.4233
vn -0.2620 0.4717 -0.8420
vn -0.2762 -0.2743 0.9211
vn -0.8727 0.0568 0.4849
vn -0.2057 0.9471 -0.2464
vn 0.5380 0.5026 -0.6767
vn -0.1615 0.9133 0.3739
vn 0.7531 0.4423 -0.4871
vn 0.6130 0.3362 -0.7149
vn 0.0835 0.3368 -0.9379
vn 0.7304 0.3367 -0.5942
vn 0.8655 -0.3630 -0.3451
vn 0.9869 -0.1420 -0.0766
vn 0.9907 -0.1000 -0.0919
vn 0.8911 -0.2170 -0.3985
vn 0.1507 0.8739 0.4621
vn 0.7998 0.0916 -0.5933
vn -0.5102 -0.4536 0.7307
vn 0.7469 0.3195 -0.5832
vn 0.7363 0.5071 -0.4481
vn 0.7924 0.3834 -0.4745
vn -0.9575 -0.0008 -0.2884
vn -0.1687 -0.5818 -0.7957
vn -0.9848 0.0533 -0.1654
vn -0.2188 -0.3536 -0.9094
vn 0.8281 0.1307 -0.5451
vn -0.2929 -0.5528 0.7801
vn -0.5874 -0.4032 0.7017
vn 0.4666 -0.5073 0.7245
vn 0.6102 -0.4807 0.6297
vn -0.1891 0.8964 0.4009
vn 0.7226 0.5595 -0.4059
vn 0.1845 0.9005 -0.3937
vn 0.7339 0.6193 -0.2791
vn 0.8844 0.3963 -0.2467
vn 0.8734 0.4133 -0.2575
vn 0.9442 0.2470 -0.2178
vn -0.4837 -0.1918 0.8540
vn -0.2599 0.0103 0.9656
vn 0.3208 -0.4808 0.8160
vn -0.9640 0.0700 0.2567
vn -0.8424 -0.1493 -0.5177
vn -0.6707 0.0718 -0.7382
vn -0.9826 0.0471 0.1798
vn -0.9338 -0.3335 0.1298
vn -0.0940 -0.1632 0.9821
vn -0.4597 -0.0699 -0.8853
vn -0.1009 -0.3171 0.9430
vn -0.8873 -0.4546 0.0771
vn -0.5269 -0.2889 -0.7993
vn -0.3697 -0.7053 0.6048
vn -0.6154 -0.6818 -0.3956
vn -0.6227 0.3651 0.6921
vn -0.8683 0.3886 -0.3084
vn -0.2840 -0.7584 0.5867
vn -0.5929 -0.7960 0.1215
vn -0.5166 -0.7480 -0.4167
vn -0.5569 0.4744 0.6817
vn -0.8102 0.4941 -0.3154
vn -0.8772 0.4240 0.2253
vn 0.6070 0.7746 -0.1777
vn 0.4759 -0.3312 0.8148
vt 0.722676 0.629868
vt 0.694600 0.631967
vt 0.696080 0.615153
vt 0.725796 0.604773
vt 0.664586 0.547517
vt 0.670970 0.541163
vt 0.675155 0.544169
vt 0.665320 0.550577
vt 0.671610 0.654370
vt 0.657186 0.666267
vt 0.653773 0.651178
vt 0.663868 0.649225
vt 0.706497 0.535496
vt 0.717079 0.522440
vt 0.718763 0.526348
vt 0.657522 0.546867
vt 0.667101 0.555710
vt 0.655324 0.563329
vt 0.499218 0.627474
vt 0.511098 0.647502
vt 0.497230 0.650462
vt 0.489674 0.628185
vt 0.679543 0.523617
vt 0.696829 0.537363
vt 0.673777 0.539302
vt 0.672131 0.533785
vt 0.672581 0.520157
vt 0.671615 0.671042
vt 0.658381 0.673098
vt 0.664170 0.588744
vt 0.662617 0.581633
vt 0.676757 0.579844
vt 0.679131 0.586139
vt 0.632120 0.601852
vt 0.645307 0.597545
vt 0.643808 0.603734
vt 0.622687 0.590875
vt 0.625076 0.594262
vt 0.610934 0.611457
vt 0.602042 0.603894
vt 0.621107 0.586736
vt 0.676536 0.683964
vt 0.659773 0.686923
vt 0.514492 0.662072
vt 0.538980 0.653602
vt 0.541937 0.661847
vt 0.517740 0.669232
vt 0.710923 0.504889
vt 0.712518 0.510668
vt 0.706580 0.512935
vt 0.703054 0.505886
vt 0.627291 0.644186
vt 0.624173 0.632992
vt 0.641415 0.635127
vt 0.643129 0.649507
vt 0.683257 0.666379
vt 0.691644 0.677069
vt 0.662407 0.607267
vt 0.653235 0.605097
vt 0.656367 0.599446
vt 0.663368 0.603748
vt 0.626071 0.656366
vt 0.616840 0.647788
vt 0.720683 0.530382
vt 0.723444 0.536595
vt 0.701865 0.542429
vt 0.735846 0.650598
vt 0.720183 0.677580
vt 0.714878 0.673877
vt 0.717419 0.646337
vt 0.659838 0.616978
vt 0.648763 0.616021
vt 0.741636 0.630072
vt 0.745747 0.602714
vt 0.722717 0.591615
vt 0.742980 0.584050
vt 0.719737 0.584505
vt 0.738995 0.575301
vt 0.713902 0.569967
vt 0.731031 0.562757
vt 0.708052 0.563190
vt 0.728962 0.556163
vt 0.703396 0.556352
vt 0.728156 0.549381
vt 0.611299 0.636604
vt 0.672611 0.645540
vt 0.694532 0.597208
vt 0.691006 0.582963
vt 0.695572 0.603629
vt 0.682880 0.616524
vt 0.683662 0.605474
vt 0.613845 0.653414
vt 0.606937 0.665134
vt 0.596805 0.650991
vt 0.606237 0.640846
vt 0.680949 0.631944
vt 0.669099 0.631793
vt 0.671235 0.616489
vt 0.659838 0.634464
vt 0.650790 0.636734
vt 0.644426 0.664639
vt 0.584056 0.618234
vt 0.644704 0.671139
vt 0.704172 0.666792
vt 0.642863 0.684949
vt 0.619824 0.675444
vt 0.624764 0.662644
vt 0.640670 0.698532
vt 0.613832 0.688396
vt 0.598433 0.676398
vt 0.610887 0.694829
vt 0.594085 0.682045
vt 0.639745 0.615276
vt 0.621441 0.612888
vt 0.581336 0.665067
vt 0.586407 0.660814
vt 0.561358 0.631110
vt 0.568774 0.627425
vt 0.681093 0.642755
vt 0.555794 0.614894
vt 0.564511 0.611636
vt 0.554802 0.606475
vt 0.563951 0.604556
vt 0.483522 0.555063
vt 0.495271 0.560154
vt 0.493283 0.566864
vt 0.481272 0.562421
vt 0.512731 0.564602
vt 0.511661 0.570103
vt 0.518427 0.564993
vt 0.517680 0.570256
vt 0.517504 0.581926
vt 0.510904 0.582197
vt 0.693069 0.659677
vt 0.691119 0.641673
vt 0.701119 0.649815
vt 0.491035 0.579700
vt 0.478600 0.576790
vt 0.581639 0.604177
vt 0.581205 0.597852
vt 0.672544 0.606166
vt 0.671849 0.600732
vt 0.682828 0.599127
vt 0.666074 0.537927
vt 0.685167 0.567998
vt 0.688426 0.575673
vt 0.677179 0.547822
vt 0.645230 0.587342
vt 0.639609 0.704921
vt 0.644409 0.583061
vt 0.642879 0.578976
vt 0.500970 0.661702
vt 0.660583 0.574748
vt 0.618898 0.578555
vt 0.639238 0.568943
vt 0.673868 0.572789
vt 0.699425 0.686985
vt 0.636554 0.563527
vt 0.617074 0.573858
vt 0.486164 0.610811
vt 0.494833 0.610623
vt 0.598682 0.590521
vt 0.492031 0.593974
vt 0.511582 0.594589
vt 0.511529 0.607834
vt 0.703068 0.691743
vt 0.518343 0.594468
vt 0.517434 0.607049
vt 0.683401 0.701544
vt 0.681040 0.695930
vt 0.522455 0.617193
vt 0.516176 0.619748
vt 0.532526 0.638252
vt 0.597489 0.585209
vt 0.660965 0.700325
vt 0.661760 0.706945
vt 0.482651 0.593073
vt 0.537749 0.635789
vt 0.545278 0.651456
vt 0.548063 0.659704
vt 0.434723 0.788045
vt 0.416481 0.789207
vt 0.414608 0.772671
vt 0.444357 0.777131
vt 0.420524 0.803944
vt 0.415728 0.808601
vt 0.411554 0.811641
vt 0.404254 0.804893
vt 0.399935 0.788746
vt 0.373105 0.789717
vt 0.377187 0.792907
vt 0.370691 0.796066
vt 0.366739 0.790925
vt 0.365363 0.724546
vt 0.376502 0.713330
vt 0.368032 0.730316
vt 0.364169 0.732091
vt 0.354335 0.739459
vt 0.352851 0.734148
vt 0.355954 0.742920
vt 0.383980 0.712145
vt 0.373596 0.729694
vt 0.364164 0.717687
vt 0.374675 0.705269
vt 0.402151 0.696027
vt 0.421949 0.683163
vt 0.404164 0.715419
vt 0.339983 0.667882
vt 0.347927 0.673274
vt 0.342456 0.680349
vt 0.334314 0.670706
vt 0.337272 0.656423
vt 0.350841 0.662820
vt 0.327279 0.657197
vt 0.240211 0.657624
vt 0.286124 0.616262
vt 0.303486 0.638775
vt 0.252579 0.612837
vt 0.249269 0.689983
vt 0.229540 0.694579
vt 0.232838 0.676173
vt 0.260617 0.707830
vt 0.228053 0.723419
vt 0.832979 0.374069
vt 0.825009 0.463206
vt 0.713889 0.440302
vt 0.718265 0.370855
vt 0.762778 0.082784
vt 0.833226 0.052706
vt 0.835566 0.157987
vt 0.752482 0.166701
vt 0.392224 0.784266
vt 0.396678 0.779136
vt 0.390617 0.795546
vt 0.388525 0.788946
vt 0.311782 0.745221
vt 0.294779 0.754800
vt 0.284377 0.747151
vt 0.324392 0.695725
vt 0.278069 0.740762
vt 0.330270 0.703319
vt 0.320931 0.732156
vt 0.322362 0.741581
vt 0.402057 0.652438
vt 0.407682 0.662766
vt 0.402209 0.665383
vt 0.421880 0.645778
vt 0.419565 0.656754
vt 0.406455 0.618347
vt 0.423202 0.622112
vt 0.340606 0.749117
vt 0.329248 0.747836
vt 0.337293 0.743134
vt 0.343241 0.745648
vt 0.642469 0.230364
vt 0.659356 0.166875
vt 0.678045 0.181383
vt 0.671557 0.157246
vt 0.724867 0.111512
vt 0.681134 0.179163
vt 0.323644 0.752232
vt 0.319122 0.757502
vt 0.308508 0.608394
vt 0.320259 0.638405
vt 0.277178 0.582962
vt 0.294854 0.579701
vt 0.261729 0.578193
vt 0.265680 0.567362
vt 0.269888 0.559722
vt 0.414264 0.678879
vt 0.431241 0.687808
vt 0.430323 0.710900
vt 0.389694 0.765445
vt 0.385954 0.776485
vt 0.375340 0.773536
vt 0.376856 0.764492
vt 0.385021 0.730670
vt 0.469729 0.622091
vt 0.440293 0.642318
vt 0.442356 0.617975
vt 0.468561 0.613596
vt 0.444822 0.661948
vt 0.431965 0.663587
vt 0.327510 0.530493
vt 0.315678 0.504669
vt 0.339741 0.509480
vt 0.341159 0.527802
vt 0.359974 0.537744
vt 0.342705 0.548570
vt 0.348567 0.724834
vt 0.333259 0.730033
vt 0.373237 0.561811
vt 0.359453 0.569619
vt 0.386041 0.533455
vt 0.394604 0.551906
vt 0.392984 0.517551
vt 0.375707 0.505021
vt 0.420510 0.486816
vt 0.422855 0.506081
vt 0.442231 0.489375
vt 0.438359 0.508936
vt 0.335500 0.810763
vt 0.334403 0.807195
vt 0.355104 0.801748
vt 0.357329 0.805482
vt 0.373433 0.799878
vt 0.332420 0.800623
vt 0.352080 0.795569
vt 0.326913 0.786235
vt 0.347190 0.782706
vt 0.362260 0.779784
vt 0.375704 0.780151
vt 0.344955 0.776706
vt 0.361955 0.773056
vt 0.343078 0.771421
vt 0.360820 0.767556
vt 0.338743 0.757547
vt 0.357573 0.748382
vt 0.321120 0.772562
vt 0.675110 0.249463
vt 0.701156 0.189630
vt 0.337777 0.754068
vt 0.356510 0.746064
vt 0.298251 0.775587
vt 0.247893 0.782064
vt 0.238598 0.771839
vt 0.932729 0.202655
vt 0.944526 0.328600
vt 0.839616 0.335529
vt 0.839874 0.203698
vt 0.231750 0.758652
vt 0.270614 0.728170
vt 0.313995 0.688427
vt 0.300009 0.671907
vt 0.816896 0.504941
vt 0.705751 0.460668
vt 0.327284 0.677843
vt 0.334331 0.686919
vt 0.314044 0.661527
vt 0.334390 0.637646
vt 0.333996 0.601757
vt 0.358501 0.602848
vt 0.351307 0.638904
vt 0.328274 0.586134
vt 0.363302 0.589591
vt 0.393545 0.575944
vt 0.401627 0.589885
vt 0.386172 0.590733
vt 0.375986 0.580340
vt 0.372631 0.593208
vt 0.418363 0.573426
vt 0.442570 0.568007
vt 0.443869 0.585805
vt 0.422187 0.589011
vt 0.466499 0.579617
vt 0.467997 0.563094
vt 0.391116 0.611421
vt 0.370634 0.604872
vt 0.385364 0.647640
vt 0.364198 0.641242
vt 0.634424 0.355930
vt 0.605633 0.356246
vt 0.345191 0.690763
vt 0.352084 0.684975
vt 0.371554 0.697699
vt 0.361570 0.710155
vt 0.355755 0.678834
vt 0.378135 0.686905
vt 0.384335 0.690009
vt 0.359422 0.665566
vt 0.381700 0.671138
vt 0.392232 0.672940
vt 0.397601 0.673052
vt 0.389032 0.692501
vt 0.393089 0.692214
vt 0.402776 0.674303
vt 0.408645 0.675592
vt 0.397255 0.692201
vt 0.388988 0.712146
vt 0.835507 0.289340
vt 0.734116 0.264714
vt 0.480309 0.666529
vt 0.480369 0.704429
vt 0.474549 0.730205
vt 0.414143 0.755356
vt 0.457140 0.759852
vt 0.351247 0.730005
vt 0.335481 0.736892
vt 0.348855 0.577906
vt 0.323083 0.559866
vt 0.303125 0.535777
vt 0.840116 0.117280
vt 0.840485 0.011248
vt 0.909555 0.041695
vt 0.926084 0.135513
vt 0.228902 0.741683
vt 0.263638 0.792145
vt 0.303984 0.784931
vt 0.266307 0.793413
vt 0.307092 0.791621
vt 0.266518 0.797701
vt 0.310506 0.804236
vt 0.265195 0.818476
vt 0.312583 0.809476
vt 0.264495 0.825494
vt 0.313475 0.813792
vt 0.267990 0.831179
vt 0.808022 0.531238
vt 0.705000 0.488215
vt 0.323617 0.779698
vt 0.383221 0.783646
vt 0.380407 0.797726
vt 0.470316 0.515579
vt 0.462662 0.525421
vt 0.451808 0.516639
vt 0.461522 0.500769
vt 0.459099 0.555264
vt 0.458951 0.544530
vt 0.470209 0.548774
vt 0.467219 0.558259
vt 0.470939 0.532384
vt 0.473701 0.634191
vt 0.405080 0.529368
vt 0.415768 0.540789
vt 0.299931 0.504295
vt 0.473210 0.522342
vt 0.414267 0.519204
vt 0.432923 0.522151
vt 0.643605 0.426661
vt 0.645254 0.456750
vt 0.943624 0.421779
vt 0.838981 0.456933
vt 0.178040 0.900383
vt 0.161602 0.885378
vt 0.181596 0.884583
vt 0.630343 0.796481
vt 0.650741 0.801028
vt 0.651536 0.812249
vt 0.610168 0.798318
vt 0.176370 0.909692
vt 0.168151 0.911828
vt 0.576142 0.782013
vt 0.557994 0.786844
vt 0.573560 0.775054
vt 0.591922 0.756972
vt 0.589625 0.746091
vt 0.605548 0.748577
vt 0.607389 0.756778
vt 0.619705 0.749002
vt 0.622636 0.754546
vt 0.630821 0.765661
vt 0.626671 0.760561
vt 0.642031 0.756799
vt 0.647418 0.761955
vt 0.650554 0.768299
vt 0.639978 0.774714
vt 0.664598 0.757529
vt 0.669582 0.765174
vt 0.593837 0.738283
vt 0.580805 0.736704
vt 0.588999 0.730351
vt 0.601902 0.736878
vt 0.594883 0.723688
vt 0.667609 0.776852
vt 0.669703 0.790900
vt 0.644980 0.788124
vt 0.577357 0.748235
vt 0.573972 0.741336
vt 0.578369 0.755669
vt 0.581582 0.704983
vt 0.577942 0.701304
vt 0.585523 0.693616
vt 0.595494 0.690425
vt 0.677301 0.804331
vt 0.175369 0.918782
vt 0.182368 0.920114
vt 0.176411 0.928014
vt 0.166818 0.928079
vt 0.165998 0.924077
vt 0.655324 0.747660
vt 0.657305 0.754052
vt 0.641149 0.732807
vt 0.628891 0.745116
vt 0.619339 0.732057
vt 0.630086 0.722748
vt 0.665087 0.816361
vt 0.648518 0.741491
vt 0.631227 0.752619
vt 0.652624 0.718502
vt 0.663599 0.726631
vt 0.573430 0.794311
vt 0.554436 0.795138
vt 0.612698 0.714152
vt 0.609358 0.690335
vt 0.636952 0.707008
vt 0.492174 0.709275
vt 0.500796 0.711190
vt 0.501400 0.721298
vt 0.480674 0.713991
vt 0.482007 0.706367
vt 0.173095 0.933389
vt 0.178518 0.934649
vt 0.174922 0.938097
vt 0.170954 0.936085
vt 0.163492 0.936617
vt 0.164060 0.933660
vt 0.487554 0.727479
vt 0.478931 0.724738
vt 0.502258 0.728062
vt 0.672248 0.732034
vt 0.688256 0.741889
vt 0.701008 0.752976
vt 0.532541 0.792098
vt 0.516225 0.797434
vt 0.514970 0.789737
vt 0.504188 0.777696
vt 0.496019 0.779719
vt 0.494463 0.775353
vt 0.496444 0.769355
vt 0.510819 0.771694
vt 0.501789 0.784688
vt 0.513320 0.780391
vt 0.501694 0.793748
vt 0.497899 0.802346
vt 0.697501 0.776514
vt 0.327677 0.876486
vt 0.341447 0.877095
vt 0.341964 0.896481
vt 0.283287 0.852607
vt 0.306690 0.839834
vt 0.269887 0.883497
vt 0.260402 0.868992
vt 0.274680 0.937976
vt 0.262386 0.916828
vt 0.277609 0.916401
vt 0.254315 0.899477
vt 0.250120 0.917398
vt 0.231419 0.920852
vt 0.237403 0.892292
vt 0.235223 0.883576
vt 0.259317 0.868230
vt 0.280303 0.848402
vt 0.303913 0.835307
vt 0.329004 0.826226
vt 0.331116 0.830929
vt 0.510341 0.820883
vt 0.523757 0.813199
vt 0.537761 0.810511
vt 0.557431 0.804196
vt 0.679341 0.736664
vt 0.577367 0.791356
vt 0.576328 0.787393
vt 0.589844 0.789798
vt 0.587281 0.796132
vt 0.581701 0.799464
vt 0.602579 0.813060
vt 0.593593 0.819522
vt 0.432612 0.817368
vt 0.454742 0.830620
vt 0.447987 0.838225
vt 0.424856 0.822216
vt 0.580870 0.801247
vt 0.572470 0.799549
vt 0.397365 0.819317
vt 0.422635 0.828702
vt 0.397625 0.826104
vt 0.365840 0.825925
vt 0.364906 0.820236
vt 0.369949 0.872322
vt 0.483388 0.762769
vt 0.481416 0.770058
vt 0.471087 0.764822
vt 0.473226 0.758459
vt 0.369104 0.897588
vt 0.371458 0.919597
vt 0.340204 0.918796
vt 0.320611 0.917742
vt 0.475384 0.747152
vt 0.485442 0.750653
vt 0.316815 0.951576
vt 0.315041 0.964393
vt 0.267630 0.942883
vt 0.310979 0.977606
vt 0.266873 0.946685
vt 0.261179 0.952019
vt 0.225447 0.927999
vt 0.699922 0.796021
vt 0.174092 0.970697
vt 0.181712 0.970261
vt 0.183050 0.988106
vt 0.169223 0.988969
vt 0.224269 0.915112
vt 0.230666 0.891943
vt 0.483098 0.814665
vt 0.496905 0.835254
vt 0.478358 0.844108
vt 0.470427 0.823779
vt 0.455735 0.805735
vt 0.465405 0.799747
vt 0.474012 0.790991
vt 0.452793 0.789852
vt 0.458791 0.778880
vt 0.464972 0.774629
vt 0.478347 0.784834
vt 0.467540 0.771496
vt 0.480329 0.779755
vt 0.469365 0.768764
vt 0.480570 0.775120
vt 0.499248 0.760313
vt 0.513400 0.728846
vt 0.511660 0.760014
vt 0.533261 0.778510
vt 0.524081 0.732548
vt 0.525944 0.758677
vt 0.529587 0.764273
vt 0.533434 0.735534
vt 0.538888 0.752101
vt 0.543334 0.757801
vt 0.545516 0.761605
vt 0.530799 0.769895
vt 0.561989 0.743516
vt 0.565329 0.750693
vt 0.566516 0.755532
vt 0.570523 0.767229
vt 0.581529 0.765883
vt 0.584502 0.774877
vt 0.596102 0.767665
vt 0.599538 0.778074
vt 0.604392 0.788352
vt 0.587228 0.783734
vt 0.656061 0.828664
vt 0.638329 0.851017
vt 0.633125 0.861013
vt 0.487318 0.864188
vt 0.479383 0.871769
vt 0.470245 0.876656
vt 0.443819 0.845391
vt 0.410982 0.887964
vt 0.405425 0.866570
vt 0.722233 0.780513
vt 0.721604 0.799286
vt 0.413719 0.908934
vt 0.376836 0.952234
vt 0.342549 0.954603
vt 0.377283 0.967643
vt 0.340136 0.969441
vt 0.381192 0.982534
vt 0.338517 0.984047
vt 0.730224 0.759153
vt 0.305716 0.982578
vt 0.263794 0.955187
vt 0.171404 0.952700
vt 0.180903 0.952379
vt 0.169445 0.943040
vt 0.178970 0.941966
vt 0.445305 0.795623
vt 0.165564 0.939133
vt 0.184201 0.937852
vt 0.340630 0.991643
vt 0.380450 0.990950
vt 0.421686 0.946483
vt 0.420772 0.965629
vt 0.417406 0.928597
vt 0.603857 0.717844
vt 0.485801 0.898913
vt 0.496279 0.888114
vt 0.522491 0.881677
vt 0.160977 0.881696
vt 0.181522 0.876696
vt 0.503819 0.926875
vt 0.474546 0.928772
vt 0.458694 0.962560
vt 0.420700 0.974008
vt 0.105932 0.926592
vt 0.130786 0.937615
vt 0.102652 0.945343
vt 0.418134 0.974557
vt 0.387623 0.988072
vt 0.550031 0.771064
vt 0.611828 0.736089
vt 0.503174 0.946317
vt 0.525306 0.910466
vt 0.520500 0.931641
vt 0.150692 0.892646
vt 0.335342 0.990670
vt 0.309791 0.985323
vt 0.620238 0.784158
vt 0.614585 0.772885
vt 0.553021 0.728998
vt 0.559268 0.724658
vt 0.566686 0.718488
vt 0.573309 0.712024
vt 0.564018 0.716349
vt 0.569952 0.709319
vt 0.565037 0.703700
vt 0.571383 0.693994
vt 0.575459 0.684006
vt 0.558369 0.711327
vt 0.556114 0.722149
vt 0.550810 0.717093
vt 0.550923 0.725857
vt 0.546819 0.720276
vt 0.533781 0.729797
vt 0.524524 0.725814
vt 0.526276 0.718616
vt 0.535411 0.722078
vt 0.513933 0.721382
vt 0.514893 0.713986
vt 0.122827 0.912025
vt 0.151772 0.937733
vt 0.144514 0.898010
vt 0.145165 0.988234
vt 0.120784 0.974763
vt 0.110299 0.966420
vt 0.118649 0.490645
vt 0.120595 0.476672
vt 0.132740 0.476043
vt 0.123626 0.497336
vt 0.075026 0.616741
vt 0.077594 0.621791
vt 0.063602 0.621136
vt 0.054990 0.613169
vt 0.124776 0.582030
vt 0.124539 0.605639
vt 0.101255 0.584078
vt 0.114893 0.576831
vt 0.094446 0.605388
vt 0.087897 0.587507
vt 0.103522 0.568913
vt 0.120472 0.622395
vt 0.146730 0.632657
vt 0.134366 0.658719
vt 0.092087 0.643539
vt 0.097462 0.618802
vt 0.057808 0.643302
vt 0.041317 0.642922
vt 0.074806 0.642337
vt 0.090063 0.565064
vt 0.075437 0.569820
vt 0.100514 0.553225
vt 0.103743 0.560054
vt 0.088376 0.571366
vt 0.059775 0.564415
vt 0.065790 0.548690
vt 0.079526 0.550394
vt 0.064037 0.533340
vt 0.069465 0.521284
vt 0.080604 0.528546
vt 0.070245 0.539073
vt 0.054598 0.534552
vt 0.032224 0.624024
vt 0.036576 0.597981
vt 0.078717 0.542822
vt 0.089776 0.537478
vt 0.094900 0.546378
vt 0.158126 0.595506
vt 0.161167 0.582054
vt 0.210112 0.581173
vt 0.202971 0.607580
vt 0.141063 0.567506
vt 0.168413 0.550299
vt 0.176665 0.557593
vt 0.059884 0.493651
vt 0.090545 0.482828
vt 0.087821 0.505065
vt 0.065413 0.504947
vt 0.036332 0.505886
vt 0.011547 0.623730
vt 0.000714 0.595661
vt 0.021610 0.649776
vt 0.001789 0.573893
vt 0.037862 0.587417
vt 0.055639 0.595833
vt 0.056895 0.577332
vt 0.071695 0.588288
vt 0.073498 0.602403
vt 0.040542 0.567867
vt 0.046191 0.555008
vt 0.017732 0.525241
vt 0.007981 0.544895
vt 0.123343 0.616910
vt 0.096788 0.614961
vt 0.153092 0.625846
vt 0.179326 0.652244
vt 0.171760 0.657844
vt 0.158753 0.616457
vt 0.188830 0.635920
vt 0.158665 0.610342
vt 0.195335 0.625754
vt 0.162081 0.672909
vt 0.157674 0.680757
vt 0.130478 0.673377
vt 0.107215 0.670132
vt 0.087835 0.671621
vt 0.071792 0.677943
vt 0.028168 0.669027
vt 0.045284 0.685502
vt 0.034269 0.689947
vt 0.100120 0.518432
vt 0.129246 0.506405
vt 0.108844 0.530389
vt 0.137108 0.516204
vt 0.115440 0.541776
vt 0.146531 0.525580
vt 0.121064 0.546098
vt 0.154969 0.534834
vt 0.126307 0.552184
vt 0.161607 0.542758
vt 0.131788 0.559987
vt 0.184435 0.511646
vt 0.191409 0.519872
vt 0.171373 0.498571
vt 0.155028 0.484590
vt 0.142502 0.478038
vt 0.196693 0.529033
vt 0.201074 0.541832
vt 0.058302 0.683018
vt 0.501791 0.042860
vt 0.523862 0.035561
vt 0.515475 0.062852
vt 0.504329 0.057277
vt 0.490281 0.052687
vt 0.503621 0.070289
vt 0.506430 0.074786
vt 0.492704 0.071348
vt 0.494783 0.070541
vt 0.497639 0.066480
vt 0.385354 0.122354
vt 0.373417 0.129325
vt 0.378259 0.102660
vt 0.384808 0.103823
vt 0.397911 0.088497
vt 0.408143 0.107997
vt 0.393540 0.080422
vt 0.467115 0.068596
vt 0.477062 0.069212
vt 0.473152 0.075232
vt 0.458377 0.087372
vt 0.444325 0.074508
vt 0.397592 0.170378
vt 0.391467 0.192818
vt 0.384987 0.173275
vt 0.389348 0.163473
vt 0.604495 0.191893
vt 0.626039 0.186993
vt 0.618320 0.215760
vt 0.602844 0.213213
vt 0.588838 0.234121
vt 0.572940 0.226428
vt 0.611814 0.244325
vt 0.601300 0.065027
vt 0.619796 0.070503
vt 0.612549 0.089784
vt 0.600520 0.091280
vt 0.378436 0.155755
vt 0.368659 0.163907
vt 0.356184 0.135228
vt 0.366853 0.099376
vt 0.633235 0.219235
vt 0.629912 0.252054
vt 0.622171 0.147783
vt 0.635836 0.147531
vt 0.597639 0.187297
vt 0.611634 0.139821
vt 0.488292 0.065788
vt 0.483828 0.061714
vt 0.482994 0.062201
vt 0.472060 0.062112
vt 0.441107 0.067940
vt 0.433363 0.060945
vt 0.466971 0.052334
vt 0.630158 0.117877
vt 0.622324 0.105350
vt 0.634151 0.084705
vt 0.639906 0.113573
vt 0.385217 0.147726
vt 0.396426 0.142644
vt 0.533266 0.188549
vt 0.565519 0.206036
vt 0.537540 0.216405
vt 0.526461 0.202385
vt 0.647429 0.148763
vt 0.466515 0.027553
vt 0.430850 0.049638
vt 0.418165 0.145108
vt 0.409538 0.165708
vt 0.425784 0.173907
vt 0.407242 0.197643
vt 0.439395 0.155920
vt 0.457458 0.129484
vt 0.486038 0.142296
vt 0.470861 0.171531
vt 0.458886 0.185402
vt 0.435414 0.119899
vt 0.474192 0.096312
vt 0.486980 0.076507
vt 0.509064 0.081087
vt 0.501044 0.106935
vt 0.520947 0.112057
vt 0.507268 0.147845
vt 0.498289 0.182888
vt 0.488995 0.201132
vt 0.479929 0.221157
vt 0.442443 0.212411
vt 0.441110 0.217542
vt 0.404018 0.209574
vt 0.443142 0.223829
vt 0.405252 0.219238
vt 0.391748 0.205885
vt 0.381914 0.180404
vt 0.451218 0.240483
vt 0.417524 0.238698
vt 0.479774 0.215427
vt 0.479154 0.218248
vt 0.483559 0.236518
vt 0.538289 0.219287
vt 0.536061 0.224298
vt 0.538389 0.233266
vt 0.567903 0.220363
vt 0.567494 0.212874
vt 0.591232 0.185990
vt 0.585992 0.177697
vt 0.598797 0.130949
vt 0.606159 0.135407
vt 0.544847 0.156838
vt 0.560954 0.119384
vt 0.574143 0.081948
vt 0.568590 0.054247
vt 0.530158 0.081993
vt 0.530262 0.075876
vt 0.525267 0.071817
vt 0.548258 0.037741
vt 0.509101 0.077348
vt 0.491531 0.071132
vt 0.525017 0.007831
vt 0.543293 0.010930
vt 0.553968 0.011470
vt 0.560705 0.033119
vt 0.497314 0.013321
vt 0.391125 0.075772
vt 0.640322 0.190834
vt 0.164028 0.205758
vt 0.156976 0.223376
vt 0.148237 0.218525
vt 0.156391 0.199706
vt 0.138142 0.179690
vt 0.142217 0.175633
vt 0.174947 0.206353
vt 0.169497 0.211425
vt 0.185442 0.207852
vt 0.179662 0.208745
vt 0.179990 0.197340
vt 0.192098 0.200087
vt 0.198987 0.212087
vt 0.194080 0.214430
vt 0.170140 0.189598
vt 0.309956 0.168355
vt 0.314132 0.185404
vt 0.200415 0.196813
vt 0.192392 0.174651
vt 0.192074 0.163632
vt 0.088156 0.182341
vt 0.089085 0.198867
vt 0.052111 0.181020
vt 0.058779 0.167672
vt 0.052822 0.223719
vt 0.085990 0.225673
vt 0.080961 0.242937
vt 0.046460 0.232697
vt 0.050413 0.216552
vt 0.088504 0.216417
vt 0.008156 0.056954
vt 0.016827 0.056457
vt 0.016496 0.064438
vt 0.006344 0.062417
vt 0.188837 0.255838
vt 0.186021 0.272821
vt 0.174380 0.250609
vt 0.178929 0.250466
vt 0.182854 0.176840
vt 0.167137 0.152788
vt 0.314977 0.194034
vt 0.336425 0.195029
vt 0.321666 0.214198
vt 0.312985 0.206978
vt 0.168778 0.267821
vt 0.168896 0.248164
vt 0.182414 0.293732
vt 0.174527 0.290778
vt 0.023788 0.064064
vt 0.027183 0.057179
vt 0.025673 0.067321
vt 0.016905 0.069981
vt 0.033997 0.060257
vt 0.156357 0.058246
vt 0.170650 0.027217
vt 0.182470 0.038165
vt 0.169002 0.063053
vt 0.077092 0.138485
vt 0.170650 0.142663
vt 0.183049 0.145812
vt 0.178955 0.180410
vt 0.160505 0.157062
vt 0.192407 0.151274
vt 0.322827 0.151334
vt 0.308054 0.151352
vt 0.312484 0.140611
vt 0.324685 0.142525
vt 0.334128 0.147288
vt 0.056668 0.095020
vt 0.059366 0.112176
vt 0.039327 0.088718
vt 0.052139 0.086620
vt 0.329479 0.085181
vt 0.324777 0.095364
vt 0.205840 0.069876
vt 0.211411 0.044713
vt 0.216570 0.256246
vt 0.329815 0.221263
vt 0.219679 0.275879
vt 0.211152 0.291782
vt 0.198104 0.294490
vt 0.200099 0.275127
vt 0.186566 0.067901
vt 0.193751 0.046313
vt 0.340826 0.136367
vt 0.342558 0.154003
vt 0.336789 0.150960
vt 0.156744 0.134384
vt 0.167842 0.131380
vt 0.182426 0.130725
vt 0.038092 0.119047
vt 0.038867 0.104691
vt 0.046014 0.117686
vt 0.146472 0.056844
vt 0.165533 0.020118
vt 0.154402 0.066009
vt 0.138646 0.067454
vt 0.130855 0.063227
vt 0.077759 0.109807
vt 0.065244 0.092696
vt 0.110732 0.089037
vt 0.109055 0.103021
vt 0.193103 0.187834
vt 0.120927 0.090276
vt 0.142820 0.073425
vt 0.138664 0.089666
vt 0.138723 0.101880
vt 0.120269 0.100611
vt 0.154376 0.072705
vt 0.153346 0.090449
vt 0.152941 0.101969
vt 0.166033 0.091241
vt 0.165514 0.102471
vt 0.183633 0.106330
vt 0.183985 0.118883
vt 0.167353 0.116840
vt 0.203155 0.110601
vt 0.201124 0.125016
vt 0.314285 0.129303
vt 0.197466 0.138989
vt 0.308738 0.158242
vt 0.329660 0.164927
vt 0.340436 0.179784
vt 0.345784 0.185967
vt 0.356165 0.175172
vt 0.362889 0.185277
vt 0.357244 0.194270
vt 0.349678 0.202888
vt 0.371522 0.200913
vt 0.362847 0.209790
vt 0.345793 0.108553
vt 0.347147 0.124664
vt 0.336122 0.122489
vt 0.336674 0.109224
vt 0.140897 0.037151
vt 0.316590 0.118038
vt 0.320329 0.106484
vt 0.322557 0.100685
vt 0.356919 0.093516
vt 0.325465 0.157165
vt 0.206717 0.210518
vt 0.208879 0.239255
vt 0.200327 0.256100
vt 0.199375 0.238622
vt 0.191191 0.237612
vt 0.179848 0.234744
vt 0.175769 0.233261
vt 0.171115 0.230865
vt 0.163076 0.244488
vt 0.166459 0.228562
vt 0.152677 0.238209
vt 0.148574 0.256101
vt 0.139557 0.249037
vt 0.144470 0.233177
vt 0.162431 0.264668
vt 0.156858 0.289493
vt 0.139888 0.274832
vt 0.166903 0.291994
vt 0.160070 0.015693
vt 0.135280 0.027643
vt 0.155682 0.007335
vt 0.096070 0.076688
vt 0.091319 0.066818
vt 0.077438 0.051061
vt 0.116517 0.016724
vt 0.115959 0.277241
vt 0.131461 0.264935
vt 0.120448 0.292422
vt 0.135280 0.315227
vt 0.112013 0.265573
vt 0.119551 0.254916
vt 0.126726 0.240913
vt 0.131534 0.227623
vt 0.137078 0.214276
vt 0.135329 0.206306
vt 0.126725 0.187204
vt 0.118745 0.172373
vt 0.130521 0.164576
vt 0.133921 0.161190
vt 0.140395 0.151675
vt 0.151020 0.168273
vt 0.155010 0.162722
vt 0.174694 0.186135
vt 0.186217 0.194026
vt 0.143693 0.144660
vt 0.148861 0.138881
vt 0.129817 0.121286
vt 0.139631 0.118699
vt 0.151189 0.118193
vt 0.122596 0.124339
vt 0.112634 0.137363
vt 0.107559 0.142566
vt 0.103099 0.148185
vt 0.076486 0.127327
vt 0.089644 0.207883
vt 0.046288 0.199041
vt 0.089403 0.211895
vt 0.046846 0.207987
vt 0.075062 0.260785
vt 0.039849 0.243482
vt 0.068862 0.276409
vt 0.033936 0.250721
vt 0.061914 0.290114
vt 0.028181 0.256775
vt 0.027274 0.071204
vt 0.039101 0.064548
vt 0.046095 0.077802
vt 0.033055 0.081785
vt 0.022478 0.087018
vt 0.017665 0.075399
vt 0.009015 0.091224
vt 0.005236 0.076771
vt 0.005560 0.069762
vt 0.028961 0.094282
vt 0.016518 0.100015
vt 0.055958 0.085573
vt 0.182976 0.095046
vt 0.186094 0.080408
vt 0.169154 0.075853
vt 0.332505 0.132258
vt 0.373942 0.191181
vt 0.204476 0.098184
vt 0.204769 0.084339
vt 0.186655 0.073309
vt 0.205204 0.077345
vt 0.169557 0.069251
vt 0.148712 0.749824
vt 0.151294 0.746618
vt 0.150952 0.753009
vt 0.149825 0.753330
vt 0.160622 0.752751
vt 0.157615 0.753417
vt 0.157453 0.747277
vt 0.162406 0.853736
vt 0.130269 0.852173
vt 0.146489 0.842858
vt 0.208746 0.832443
vt 0.202248 0.817359
vt 0.211889 0.813923
vt 0.220245 0.824850
vt 0.235960 0.831223
vt 0.224412 0.842244
vt 0.204961 0.849791
vt 0.215090 0.855236
vt 0.210682 0.862168
vt 0.200355 0.857034
vt 0.239788 0.868205
vt 0.232430 0.876749
vt 0.044830 0.853569
vt 0.050812 0.860331
vt 0.033437 0.875193
vt 0.022226 0.871909
vt 0.011291 0.860323
vt 0.032113 0.839949
vt 0.052415 0.827149
vt 0.059055 0.844186
vt 0.059358 0.853618
vt 0.078710 0.840972
vt 0.078125 0.850195
vt 0.090603 0.844711
vt 0.090039 0.853079
vt 0.117544 0.846423
vt 0.119470 0.852214
vt 0.132043 0.843231
vt 0.117531 0.837976
vt 0.132367 0.836891
vt 0.119394 0.830216
vt 0.132846 0.829088
vt 0.165690 0.821305
vt 0.150270 0.820512
vt 0.151524 0.808302
vt 0.167361 0.808441
vt 0.177764 0.806640
vt 0.178087 0.821301
vt 0.178290 0.833325
vt 0.163360 0.834775
vt 0.177871 0.843183
vt 0.178396 0.853394
vt 0.199486 0.802074
vt 0.205795 0.799048
vt 0.216390 0.794219
vt 0.221228 0.812040
vt 0.229879 0.823120
vt 0.244976 0.830716
vt 0.260027 0.848922
vt 0.253488 0.854401
vt 0.250342 0.856992
vt 0.008439 0.856717
vt 0.028937 0.835139
vt 0.048951 0.820810
vt 0.026495 0.832485
vt 0.046102 0.816489
vt 0.002777 0.850027
vt 0.066474 0.812414
vt 0.078977 0.802183
vt 0.071946 0.818144
vt 0.086749 0.785940
vt 0.096817 0.797978
vt 0.088813 0.810133
vt 0.096615 0.777958
vt 0.104139 0.785512
vt 0.116524 0.798443
vt 0.109682 0.810185
vt 0.102630 0.820063
vt 0.095137 0.828793
vt 0.077693 0.824351
vt 0.123047 0.818934
vt 0.127733 0.804771
vt 0.132938 0.806489
vt 0.133810 0.818896
vt 0.140253 0.781139
vt 0.153759 0.783901
vt 0.165672 0.782726
vt 0.173144 0.780126
vt 0.187576 0.770757
vt 0.190479 0.766785
vt 0.045846 0.745134
vt 0.077875 0.739691
vt 0.079840 0.748941
vt 0.044307 0.749135
vt 0.118072 0.762158
vt 0.121545 0.767122
vt 0.129410 0.774936
vt 0.137155 0.779639
vt 0.154738 0.753437
vt 0.162718 0.748772
vt 0.164157 0.746074
vt 0.012919 0.738425
vt 0.009561 0.741312
vt 0.146083 0.744247
vt 0.148191 0.746226
vt 0.151025 0.742755
vt 0.155010 0.745751
vt 0.155417 0.742113
vt 0.158647 0.743811
vt 0.158779 0.741967
vt 0.154224 0.740166
vt 0.149185 0.741256
vt 0.160604 0.845492
vt 0.148404 0.830161
vt 0.003963 0.729832
vt 0.097719 0.707925
vt 0.005663 0.720096
vt 0.010781 0.714234
vt 0.010685 0.714342
vt 0.031393 0.709179
vt 0.049861 0.702531
vt 0.058956 0.696269
vt 0.072105 0.685171
vt 0.086695 0.681838
vt 0.105895 0.677949
vt 0.130507 0.679311
vt 0.139669 0.707068
vt 0.118238 0.716792
vt 0.104014 0.724804
vt 0.093319 0.732350
vt 0.167411 0.681424
vt 0.186782 0.664019
vt 0.182400 0.701828
vt 0.208147 0.671340
vt 0.209907 0.681834
vt 0.202367 0.699075
vt 0.196820 0.709368
vt 0.186014 0.736331
vt 0.178685 0.743279
vt 0.150149 0.728385
vt 0.151137 0.711702
vt 0.162441 0.691976
vt 0.854134 0.993923
vt 0.844946 0.950662
vt 0.854951 0.949867
vt 0.868784 0.989658
vt 0.879402 0.941431
vt 0.891974 0.983448
vt 0.841798 0.875017
vt 0.837440 0.880195
vt 0.835419 0.874700
vt 0.854911 0.865037
vt 0.863200 0.872696
vt 0.848478 0.882977
vt 0.838299 0.867875
vt 0.848800 0.859287
vt 0.767183 0.879909
vt 0.757661 0.871342
vt 0.767243 0.867853
vt 0.774340 0.876733
vt 0.774730 0.871531
vt 0.809925 0.886780
vt 0.801424 0.887271
vt 0.802881 0.881970
vt 0.806702 0.879113
vt 0.775200 0.882676
vt 0.769938 0.882975
vt 0.799417 0.955139
vt 0.816144 0.953325
vt 0.814127 0.993426
vt 0.796007 0.991586
vt 0.762422 0.950423
vt 0.754643 0.989004
vt 0.745537 0.946671
vt 0.754706 0.945957
vt 0.764535 0.891021
vt 0.771767 0.892932
vt 0.736741 0.945296
vt 0.759644 0.888191
vt 0.718493 0.943125
vt 0.748859 0.881060
vt 0.892130 0.934260
vt 0.841687 0.890118
vt 0.837958 0.888372
vt 0.833262 0.880289
vt 0.830474 0.875000
vt 0.820403 0.882709
vt 0.818402 0.878293
vt 0.816290 0.875373
vt 0.827774 0.871563
vt 0.822691 0.892583
vt 0.808716 0.898277
vt 0.835249 0.950597
vt 0.798709 0.897179
vt 0.777250 0.953966
vt 0.790772 0.896358
vt 0.794545 0.884867
vt 0.795314 0.879924
vt 0.782084 0.881593
vt 0.782693 0.877675
vt 0.783025 0.873846
vt 0.795127 0.877365
vt 0.779965 0.893572
vt 0.777299 0.990401
vt 0.743396 0.987366
vt 0.727601 0.990571
vt 0.907927 0.979276
vt 0.832149 0.995887
vt 0.832579 0.869999
vt 0.276922 0.328251
vt 0.273409 0.321722
vt 0.281399 0.315194
vt 0.284802 0.322823
vt 0.286810 0.323950
vt 0.280637 0.330992
vt 0.113154 0.469606
vt 0.119010 0.465321
vt 0.120255 0.466308
vt 0.115294 0.472619
vt 0.017825 0.396252
vt 0.037833 0.386776
vt 0.040798 0.404428
vt 0.017348 0.409578
vt 0.176749 0.445759
vt 0.161776 0.450783
vt 0.157477 0.446162
vt 0.173439 0.435258
vt 0.006125 0.404169
vt 0.004932 0.392224
vt 0.038314 0.419887
vt 0.020869 0.423457
vt 0.021408 0.380530
vt 0.207214 0.401100
vt 0.202077 0.410193
vt 0.186845 0.388386
vt 0.192078 0.382007
vt 0.202182 0.371545
vt 0.207558 0.399928
vt 0.206947 0.409827
vt 0.289383 0.316392
vt 0.286561 0.318844
vt 0.285032 0.309479
vt 0.029838 0.301086
vt 0.032457 0.308349
vt 0.024082 0.307175
vt 0.021797 0.301763
vt 0.292913 0.321879
vt 0.275824 0.302985
vt 0.279846 0.299044
vt 0.265188 0.309909
vt 0.057698 0.461475
vt 0.061165 0.462927
vt 0.055942 0.474415
vt 0.053520 0.476342
vt 0.062649 0.484548
vt 0.059542 0.486610
vt 0.042708 0.474330
vt 0.053322 0.460710
vt 0.172722 0.369155
vt 0.178660 0.371873
vt 0.166603 0.386656
vt 0.159475 0.377831
vt 0.140142 0.362976
vt 0.156182 0.348782
vt 0.165507 0.369257
vt 0.143853 0.398957
vt 0.126568 0.392250
vt 0.152804 0.402937
vt 0.172014 0.362741
vt 0.183146 0.325161
vt 0.196535 0.332203
vt 0.187785 0.335837
vt 0.175564 0.336584
vt 0.163444 0.332227
vt 0.149795 0.338509
vt 0.173657 0.317364
vt 0.165932 0.341774
vt 0.096473 0.450764
vt 0.099062 0.434915
vt 0.110745 0.439822
vt 0.105825 0.452471
vt 0.102592 0.460176
vt 0.096295 0.388319
vt 0.089236 0.363990
vt 0.097252 0.363976
vt 0.103866 0.389364
vt 0.193108 0.341885
vt 0.187072 0.349428
vt 0.178262 0.359221
vt 0.128074 0.463656
vt 0.129199 0.464244
vt 0.118984 0.465409
vt 0.123591 0.463508
vt 0.025407 0.464724
vt 0.017256 0.461366
vt 0.018987 0.453611
vt 0.029239 0.454558
vt 0.063577 0.302221
vt 0.063438 0.296508
vt 0.072757 0.300534
vt 0.070142 0.308564
vt 0.057078 0.303161
vt 0.053955 0.295479
vt 0.063822 0.309836
vt 0.219972 0.389789
vt 0.060141 0.383973
vt 0.058549 0.401249
vt 0.190510 0.426683
vt 0.210465 0.425041
vt 0.197260 0.431536
vt 0.191381 0.434442
vt 0.180851 0.443932
vt 0.258222 0.291408
vt 0.248469 0.294458
vt 0.249094 0.286161
vt 0.259314 0.288296
vt 0.268361 0.291796
vt 0.264725 0.295569
vt 0.254545 0.301616
vt 0.226496 0.394111
vt 0.221183 0.415231
vt 0.209013 0.349421
vt 0.198482 0.343066
vt 0.215485 0.329520
vt 0.227763 0.339858
vt 0.214442 0.355920
vt 0.236298 0.312791
vt 0.245957 0.320832
vt 0.206215 0.315052
vt 0.228860 0.302799
vt 0.190783 0.354601
vt 0.192957 0.359403
vt 0.182741 0.368392
vt 0.180454 0.363642
vt 0.172970 0.400380
vt 0.160140 0.410400
vt 0.144447 0.431955
vt 0.138694 0.427895
vt 0.128844 0.448247
vt 0.124121 0.445913
vt 0.128245 0.421781
vt 0.111108 0.415818
vt 0.103999 0.413813
vt 0.118919 0.389943
vt 0.134680 0.357321
vt 0.082582 0.428051
vt 0.076716 0.422522
vt 0.096343 0.403309
vt 0.102759 0.406232
vt 0.066464 0.419318
vt 0.080130 0.402130
vt 0.081584 0.384072
vt 0.081705 0.366756
vt 0.059907 0.369917
vt 0.057771 0.352425
vt 0.078043 0.344984
vt 0.040098 0.369812
vt 0.037744 0.354745
vt 0.035936 0.335085
vt 0.053691 0.333365
vt 0.026295 0.366252
vt 0.026158 0.353474
vt 0.026568 0.336086
vt 0.026602 0.317957
vt 0.032767 0.319088
vt 0.021962 0.351141
vt 0.022375 0.335418
vt 0.023707 0.316880
vt 0.251620 0.358249
vt 0.242412 0.353342
vt 0.259277 0.339482
vt 0.262439 0.343248
vt 0.236755 0.347712
vt 0.255798 0.333933
vt 0.229033 0.369550
vt 0.220021 0.362198
vt 0.247286 0.359417
vt 0.236196 0.372042
vt 0.235891 0.373021
vt 0.227356 0.388776
vt 0.016300 0.362290
vt 0.005844 0.372367
vt 0.044110 0.305075
vt 0.048417 0.317614
vt 0.073322 0.329331
vt 0.081472 0.324107
vt 0.086286 0.341227
vt 0.087107 0.320925
vt 0.094907 0.342166
vt 0.199530 0.305067
vt 0.224070 0.294972
vt 0.041174 0.298605
vt 0.021073 0.308849
vt 0.055480 0.414342
vt 0.057886 0.439454
vt 0.046921 0.437442
vt 0.033499 0.438216
vt 0.020321 0.440009
vt 0.140804 0.456379
vt 0.142572 0.459801
vt 0.143823 0.458376
vt 0.159589 0.451811
vt 0.136380 0.453592
vt 0.151967 0.439914
vt 0.168058 0.428196
vt 0.118562 0.460572
vt 0.115269 0.464622
vt 0.109195 0.463718
vt 0.114110 0.459579
vt 0.106065 0.469115
vt 0.098172 0.465259
vt 0.105247 0.473882
vt 0.095821 0.468154
vt 0.039944 0.456617
vt 0.034164 0.468073
vt 0.185574 0.419508
vt 0.065475 0.442604
vt 0.074116 0.448817
vt 0.090976 0.436129
vt 0.088746 0.457589
vt 0.843315 0.755283
vt 0.824485 0.747969
vt 0.828622 0.741686
vt 0.754915 0.620682
vt 0.775978 0.605268
vt 0.758923 0.627717
vt 0.751898 0.612247
vt 0.770001 0.596157
vt 0.781502 0.611974
vt 0.774922 0.622966
vt 0.804751 0.740778
vt 0.796848 0.738451
vt 0.800376 0.728182
vt 0.795266 0.748915
vt 0.808605 0.750696
vt 0.815939 0.742429
vt 0.807682 0.689684
vt 0.809585 0.692001
vt 0.807523 0.693545
vt 0.805703 0.690253
vt 0.783874 0.539040
vt 0.782344 0.539538
vt 0.782827 0.536921
vt 0.784751 0.538142
vt 0.786931 0.540702
vt 0.784851 0.540599
vt 0.786182 0.536227
vt 0.785056 0.535793
vt 0.784104 0.532577
vt 0.787226 0.533023
vt 0.787946 0.537883
vt 0.786116 0.537525
vt 0.790206 0.534644
vt 0.784543 0.530919
vt 0.788329 0.531441
vt 0.800701 0.697189
vt 0.800744 0.695229
vt 0.802575 0.698110
vt 0.802158 0.701191
vt 0.793269 0.532719
vt 0.798118 0.534863
vt 0.795150 0.536599
vt 0.791659 0.533525
vt 0.791209 0.530281
vt 0.802972 0.547188
vt 0.805668 0.543985
vt 0.814373 0.550109
vt 0.814586 0.556833
vt 0.739668 0.696122
vt 0.743745 0.697303
vt 0.741389 0.699406
vt 0.738146 0.697527
vt 0.735237 0.697471
vt 0.738221 0.694569
vt 0.743566 0.694733
vt 0.835612 0.508545
vt 0.834473 0.505170
vt 0.838122 0.506473
vt 0.837480 0.507886
vt 0.841573 0.509633
vt 0.839184 0.509933
vt 0.838287 0.512105
vt 0.737500 0.699151
vt 0.740253 0.700987
vt 0.735492 0.700271
vt 0.740247 0.703618
vt 0.735539 0.703282
vt 0.739239 0.705923
vt 0.839187 0.505301
vt 0.843502 0.507872
vt 0.836541 0.503567
vt 0.796792 0.723536
vt 0.803405 0.718011
vt 0.806122 0.718178
vt 0.789892 0.728837
vt 0.789434 0.722860
vt 0.786136 0.735576
vt 0.845288 0.540669
vt 0.849620 0.539704
vt 0.850779 0.548824
vt 0.842957 0.549501
vt 0.852375 0.560221
vt 0.845354 0.559877
vt 0.836575 0.560811
vt 0.833100 0.554527
vt 0.764220 0.730547
vt 0.762784 0.724174
vt 0.767934 0.723137
vt 0.768619 0.730413
vt 0.763854 0.737338
vt 0.772832 0.738179
vt 0.776639 0.729943
vt 0.759750 0.732980
vt 0.759929 0.729896
vt 0.756108 0.737787
vt 0.755086 0.732738
vt 0.855007 0.544610
vt 0.857127 0.546511
vt 0.856186 0.550833
vt 0.853618 0.538293
vt 0.859749 0.563167
vt 0.825783 0.582638
vt 0.834869 0.579814
vt 0.838961 0.587906
vt 0.827033 0.592647
vt 0.830884 0.569848
vt 0.820729 0.571728
vt 0.817906 0.587655
vt 0.765071 0.749953
vt 0.761823 0.770135
vt 0.757537 0.767221
vt 0.757450 0.747542
vt 0.750493 0.759707
vt 0.752594 0.750249
vt 0.866290 0.561031
vt 0.867801 0.559816
vt 0.869708 0.561043
vt 0.867491 0.565754
vt 0.867594 0.557484
vt 0.863911 0.557010
vt 0.862939 0.571859
vt 0.855569 0.569947
vt 0.873587 0.572296
vt 0.751970 0.770367
vt 0.744513 0.764664
vt 0.868948 0.578004
vt 0.860560 0.577614
vt 0.876662 0.578711
vt 0.873899 0.585340
vt 0.865511 0.585487
vt 0.712172 0.742897
vt 0.713621 0.742247
vt 0.715018 0.744189
vt 0.712789 0.744353
vt 0.710692 0.742629
vt 0.712226 0.740697
vt 0.710951 0.745277
vt 0.889380 0.512094
vt 0.889086 0.510008
vt 0.891394 0.510022
vt 0.890884 0.512589
vt 0.709196 0.741539
vt 0.710859 0.739516
vt 0.889717 0.515179
vt 0.888058 0.514058
vt 0.712720 0.746616
vt 0.714186 0.745816
vt 0.715542 0.746680
vt 0.714276 0.748163
vt 0.892997 0.510960
vt 0.892771 0.513233
vt 0.717050 0.745412
vt 0.718176 0.745344
vt 0.894253 0.514416
vt 0.893493 0.516891
vt 0.891507 0.516083
vt 0.728738 0.797292
vt 0.728209 0.798430
vt 0.727243 0.795775
vt 0.729170 0.795490
vt 0.730586 0.795465
vt 0.730095 0.797380
vt 0.731063 0.797964
vt 0.902576 0.553828
vt 0.904508 0.553102
vt 0.904296 0.553961
vt 0.902660 0.554643
vt 0.901025 0.556897
vt 0.901653 0.554972
vt 0.903403 0.557433
vt 0.732025 0.795300
vt 0.904999 0.555216
vt 0.745949 0.814323
vt 0.744253 0.810289
vt 0.745828 0.811371
vt 0.746754 0.814178
vt 0.900904 0.612180
vt 0.900393 0.614817
vt 0.897499 0.611840
vt 0.898380 0.609262
vt 0.749151 0.816586
vt 0.747337 0.817001
vt 0.749626 0.814841
vt 0.747630 0.813730
vt 0.897207 0.616386
vt 0.893885 0.615479
vt 0.895122 0.613237
vt 0.898602 0.615242
vt 0.748042 0.810579
vt 0.750606 0.811682
vt 0.780793 0.645963
vt 0.789384 0.636416
vt 0.795907 0.641432
vt 0.781256 0.659806
vt 0.779638 0.633154
vt 0.772187 0.648502
vt 0.796041 0.623013
vt 0.811030 0.599734
vt 0.818288 0.605414
vt 0.804666 0.630464
vt 0.821501 0.607683
vt 0.813409 0.630900
vt 0.812291 0.650146
vt 0.802688 0.647577
vt 0.986199 0.442426
vt 0.995826 0.455081
vt 0.958678 0.464324
vt 0.971495 0.497377
vt 0.981408 0.488739
vt 0.986933 0.490984
vt 0.772987 0.752610
vt 0.769342 0.766084
vt 0.875154 0.590137
vt 0.869858 0.594257
vt 0.860130 0.590733
vt 0.856961 0.584281
vt 0.869060 0.599058
vt 0.860719 0.596179
vt 0.763182 0.775998
vt 0.769434 0.774607
vt 0.770700 0.780245
vt 0.761560 0.781897
vt 0.757162 0.779076
vt 0.794407 0.664049
vt 0.792372 0.669036
vt 0.807397 0.670727
vt 0.806654 0.672619
vt 0.823433 0.673222
vt 0.824334 0.678190
vt 0.886575 0.816664
vt 0.879909 0.818321
vt 0.884213 0.798343
vt 0.890240 0.799158
vt 0.820961 0.652111
vt 0.858102 0.811785
vt 0.860973 0.802196
vt 0.861456 0.793778
vt 0.879191 0.782483
vt 0.860704 0.787614
vt 0.858441 0.781277
vt 0.876924 0.775275
vt 0.856577 0.775995
vt 0.875407 0.768479
vt 0.853694 0.769215
vt 0.874306 0.756963
vt 0.975019 0.433932
vt 0.962417 0.429029
vt 0.947529 0.432328
vt 0.940436 0.438123
vt 0.935106 0.444765
vt 0.873574 0.745889
vt 0.849758 0.761544
vt 0.870568 0.737344
vt 0.846375 0.735105
vt 0.869667 0.727071
vt 0.839693 0.787615
vt 0.839500 0.779629
vt 0.839202 0.770532
vt 0.817313 0.775915
vt 0.818429 0.766309
vt 0.820359 0.756117
vt 0.840345 0.762235
vt 0.822022 0.737405
vt 0.827586 0.736017
vt 0.831511 0.737112
vt 0.786940 0.591703
vt 0.782838 0.587689
vt 0.792327 0.593027
vt 0.797172 0.594225
vt 0.786312 0.617253
vt 0.832078 0.599512
vt 0.833731 0.604675
vt 0.824849 0.609316
vt 0.813670 0.801250
vt 0.838653 0.804153
vt 0.836546 0.809799
vt 0.811451 0.805037
vt 0.817839 0.632006
vt 0.839269 0.799074
vt 0.839597 0.793668
vt 0.815258 0.796675
vt 0.815889 0.791824
vt 0.816310 0.785585
vt 0.804540 0.783381
vt 0.805712 0.774513
vt 0.806579 0.763626
vt 0.792983 0.771390
vt 0.793286 0.759542
vt 0.778694 0.768159
vt 0.781055 0.756445
vt 0.783047 0.744317
vt 0.779092 0.775182
vt 0.792572 0.778617
vt 0.791947 0.782958
vt 0.780259 0.780096
vt 0.803563 0.787922
vt 0.802617 0.791460
vt 0.791198 0.786887
vt 0.801093 0.794993
vt 0.844670 0.599014
vt 0.844226 0.601699
vt 0.833602 0.608158
vt 0.789623 0.790680
vt 0.799135 0.798230
vt 0.852589 0.596136
vt 0.852329 0.599369
vt 0.781731 0.787587
vt 0.781465 0.784121
vt 0.773638 0.788262
vt 0.772662 0.784620
vt 0.766727 0.790485
vt 0.765284 0.786439
vt 0.759179 0.796531
vt 0.756895 0.793321
vt 0.753922 0.790303
vt 0.749494 0.804284
vt 0.747595 0.802776
vt 0.745022 0.802041
vt 0.749900 0.787863
vt 0.893027 0.604179
vt 0.890963 0.606475
vt 0.879613 0.599058
vt 0.882408 0.595389
vt 0.889674 0.609553
vt 0.878564 0.603412
vt 0.888233 0.613580
vt 0.876722 0.608137
vt 0.867552 0.602942
vt 0.752187 0.806403
vt 0.860239 0.600020
vt 0.851467 0.591356
vt 0.842557 0.594347
vt 0.848330 0.585424
vt 0.844074 0.578637
vt 0.852309 0.577166
vt 0.848349 0.568943
vt 0.840205 0.569355
vt 0.827187 0.559669
vt 0.823940 0.554365
vt 0.822416 0.550195
vt 0.828940 0.550612
vt 0.814537 0.546525
vt 0.807416 0.540442
vt 0.803687 0.710707
vt 0.806111 0.709285
vt 0.800422 0.717334
vt 0.794107 0.720070
vt 0.803795 0.696841
vt 0.807899 0.707547
vt 0.812826 0.704505
vt 0.815744 0.717257
vt 0.818125 0.728769
vt 0.819599 0.714868
vt 0.823391 0.726611
vt 0.788025 0.573788
vt 0.788049 0.562399
vt 0.791152 0.562205
vt 0.791662 0.573834
vt 0.789970 0.585512
vt 0.785349 0.583761
vt 0.795454 0.572539
vt 0.794980 0.585067
vt 0.800450 0.570968
vt 0.799747 0.583431
vt 0.794838 0.561561
vt 0.800145 0.560189
vt 0.792082 0.551230
vt 0.795927 0.550206
vt 0.788421 0.541018
vt 0.790560 0.540766
vt 0.794301 0.538133
vt 0.789091 0.551462
vt 0.786403 0.551234
vt 0.815157 0.702887
vt 0.801722 0.692913
vt 0.800035 0.691037
vt 0.803867 0.687669
vt 0.798548 0.693617
vt 0.789115 0.717742
vt 0.781294 0.718482
vt 0.782535 0.713150
vt 0.835618 0.546380
vt 0.773407 0.713223
vt 0.774516 0.708076
vt 0.839934 0.539961
vt 0.762850 0.706699
vt 0.763841 0.702599
vt 0.841693 0.530244
vt 0.845185 0.530235
vt 0.840895 0.518334
vt 0.842980 0.517551
vt 0.845497 0.516082
vt 0.849022 0.529544
vt 0.848427 0.514593
vt 0.852863 0.528973
vt 0.755914 0.718786
vt 0.745865 0.709467
vt 0.747218 0.707846
vt 0.758151 0.717016
vt 0.759316 0.725046
vt 0.748264 0.706257
vt 0.760057 0.713934
vt 0.749499 0.703603
vt 0.761496 0.710777
vt 0.770849 0.717607
vt 0.779701 0.723761
vt 0.750540 0.700714
vt 0.751150 0.697576
vt 0.764065 0.635061
vt 0.933182 0.453852
vt 0.732286 0.786329
vt 0.733913 0.786882
vt 0.902105 0.563593
vt 0.898913 0.562230
vt 0.891032 0.574709
vt 0.887411 0.569768
vt 0.883563 0.565640
vt 0.896543 0.560311
vt 0.878968 0.561380
vt 0.895475 0.558011
vt 0.727659 0.786702
vt 0.731868 0.767687
vt 0.735994 0.768609
vt 0.730869 0.786507
vt 0.738936 0.769804
vt 0.740123 0.761589
vt 0.741103 0.774881
vt 0.737358 0.757081
vt 0.740240 0.754683
vt 0.744008 0.756905
vt 0.741440 0.754206
vt 0.745868 0.753412
vt 0.741738 0.752012
vt 0.744205 0.745357
vt 0.747217 0.742772
vt 0.731963 0.738453
vt 0.730825 0.737910
vt 0.730306 0.736482
vt 0.747338 0.740938
vt 0.730130 0.734689
vt 0.746902 0.734878
vt 0.729120 0.732234
vt 0.746999 0.730351
vt 0.875897 0.528322
vt 0.878499 0.530220
vt 0.868020 0.542993
vt 0.864812 0.541553
vt 0.860754 0.548938
vt 0.859688 0.545770
vt 0.868706 0.548167
vt 0.881068 0.532168
vt 0.883733 0.534027
vt 0.871947 0.550956
vt 0.888383 0.522025
vt 0.890864 0.523086
vt 0.724077 0.740688
vt 0.722343 0.742822
vt 0.734341 0.740053
vt 0.720122 0.742396
vt 0.718687 0.740027
vt 0.717817 0.737947
vt 0.717064 0.736398
vt 0.886012 0.520738
vt 0.884064 0.519184
vt 0.780623 0.533436
vt 0.874915 0.584521
vt 0.931108 0.464752
vt 0.931857 0.476554
vt 0.942201 0.486188
vt 0.953023 0.495679
vt 0.962192 0.498552
vt 0.989915 0.472891
vt 0.070561 0.970209
vt 0.062126 0.974559
vt 0.059378 0.964787
vt 0.073646 0.960226
vt 0.580885 0.903848
vt 0.594432 0.911701
vt 0.580201 0.925299
vt 0.574930 0.917941
vt 0.606653 0.910385
vt 0.611171 0.919243
vt 0.597901 0.926834
vt 0.616536 0.900315
vt 0.626894 0.909204
vt 0.604078 0.896770
vt 0.731797 0.840384
vt 0.738573 0.843714
vt 0.719303 0.856552
vt 0.712691 0.852602
vt 0.026921 0.963126
vt 0.022206 0.968287
vt 0.009175 0.942624
vt 0.013073 0.941185
vt 0.017335 0.928230
vt 0.021206 0.929932
vt 0.593874 0.889540
vt 0.610636 0.878854
vt 0.625148 0.878621
vt 0.632059 0.886866
vt 0.643306 0.894766
vt 0.690464 0.863463
vt 0.696444 0.866182
vt 0.679431 0.879578
vt 0.673459 0.872619
vt 0.666593 0.863631
vt 0.685144 0.856288
vt 0.655192 0.902881
vt 0.702642 0.868786
vt 0.660643 0.911229
vt 0.640481 0.929219
vt 0.634945 0.919467
vt 0.686321 0.884107
vt 0.689418 0.886390
vt 0.668436 0.918031
vt 0.692315 0.887967
vt 0.679679 0.920692
vt 0.706453 0.872756
vt 0.710238 0.876155
vt 0.722262 0.860976
vt 0.726907 0.866203
vt 0.745165 0.855103
vt 0.749731 0.861973
vt 0.731999 0.869959
vt 0.026930 0.916499
vt 0.030322 0.920054
vt 0.742684 0.849547
vt 0.758445 0.827338
vt 0.763607 0.836069
vt 0.768577 0.848403
vt 0.769896 0.856643
vt 0.557811 0.986981
vt 0.547591 0.975265
vt 0.570424 0.959267
vt 0.580547 0.970018
vt 0.589484 0.980644
vt 0.562683 0.995187
vt 0.076258 0.940126
vt 0.070785 0.944261
vt 0.057677 0.928113
vt 0.061567 0.920323
vt 0.601605 0.955690
vt 0.606681 0.964192
vt 0.619392 0.977547
vt 0.599236 0.986531
vt 0.613319 0.947952
vt 0.623355 0.958080
vt 0.630751 0.967576
vt 0.622364 0.941111
vt 0.632811 0.949495
vt 0.642932 0.959708
vt 0.646597 0.939389
vt 0.652807 0.946702
vt 0.050239 0.976477
vt 0.050596 0.963569
vt 0.709097 0.846553
vt 0.605567 0.938005
vt 0.615417 0.930414
vt 0.594268 0.945139
vt 0.585733 0.937108
vt 0.566798 0.952073
vt 0.560748 0.939286
vt 0.540404 0.964102
vt 0.533623 0.952727
vt 0.526787 0.939864
vt 0.558408 0.928838
vt 0.723372 0.836487
vt 0.736747 0.817268
vt 0.749146 0.822110
vt 0.045338 0.916128
vt 0.044955 0.943032
vt 0.033288 0.757314
vt 0.052787 0.766805
vt 0.033128 0.781170
vt 0.059512 0.780132
vt 0.058867 0.791168
vt 0.048828 0.804165
vt 0.038252 0.810049
vt 0.014520 0.796030
vt 0.012979 0.788078
vt 0.011505 0.776238
vt 0.014646 0.765200
vt 0.021005 0.758846
vt 0.448073 0.287793
vt 0.443024 0.320605
vt 0.428021 0.296015
vt 0.433900 0.284352
vt 0.510282 0.461052
vt 0.515364 0.469811
vt 0.498715 0.472671
vt 0.495893 0.460230
vt 0.505295 0.446597
vt 0.518402 0.450756
vt 0.525711 0.460766
vt 0.372961 0.471820
vt 0.373619 0.476962
vt 0.353276 0.455717
vt 0.366625 0.442476
vt 0.389479 0.468599
vt 0.389602 0.482942
vt 0.385784 0.435812
vt 0.450152 0.274554
vt 0.422610 0.274840
vt 0.420751 0.259215
vt 0.449755 0.260739
vt 0.410948 0.290268
vt 0.550511 0.585687
vt 0.553796 0.579811
vt 0.553484 0.584039
vt 0.553459 0.584290
vt 0.569021 0.579126
vt 0.568152 0.586934
vt 0.553040 0.589716
vt 0.567958 0.575575
vt 0.559824 0.298357
vt 0.572546 0.274340
vt 0.582748 0.277217
vt 0.562553 0.314255
vt 0.586706 0.284899
vt 0.577536 0.314101
vt 0.560619 0.355374
vt 0.545842 0.354363
vt 0.325730 0.263793
vt 0.338626 0.260410
vt 0.331892 0.271468
vt 0.323465 0.279884
vt 0.327450 0.253378
vt 0.337844 0.250698
vt 0.314139 0.281888
vt 0.316455 0.264511
vt 0.333201 0.248586
vt 0.321941 0.255466
vt 0.582423 0.252953
vt 0.587695 0.248557
vt 0.589708 0.261074
vt 0.585595 0.261428
vt 0.571886 0.261884
vt 0.571270 0.250887
vt 0.571808 0.242018
vt 0.586680 0.436457
vt 0.591250 0.442731
vt 0.586605 0.443339
vt 0.582502 0.439357
vt 0.516529 0.526465
vt 0.519090 0.534982
vt 0.514572 0.533444
vt 0.511948 0.525057
vt 0.516876 0.517258
vt 0.519384 0.521615
vt 0.521096 0.532365
vt 0.467400 0.289718
vt 0.461300 0.309261
vt 0.472107 0.275338
vt 0.407599 0.321311
vt 0.378835 0.340528
vt 0.364942 0.301486
vt 0.385240 0.297272
vt 0.386732 0.280114
vt 0.523031 0.339943
vt 0.530808 0.314882
vt 0.652519 0.538806
vt 0.649248 0.541269
vt 0.646394 0.536328
vt 0.649973 0.533604
vt 0.358627 0.271090
vt 0.337714 0.301919
vt 0.358526 0.261590
vt 0.389962 0.267818
vt 0.358530 0.253010
vt 0.389113 0.254535
vt 0.356970 0.243363
vt 0.385874 0.247279
vt 0.418676 0.250143
vt 0.448011 0.253684
vt 0.637924 0.514212
vt 0.633684 0.516659
vt 0.625199 0.505368
vt 0.629255 0.502608
vt 0.617812 0.494375
vt 0.622528 0.491997
vt 0.610397 0.481314
vt 0.613492 0.479650
vt 0.620280 0.509296
vt 0.612684 0.497398
vt 0.605083 0.483228
vt 0.593877 0.468946
vt 0.601050 0.466367
vt 0.600186 0.504395
vt 0.591322 0.489657
vt 0.580502 0.475554
vt 0.572112 0.466401
vt 0.585070 0.458249
vt 0.575758 0.502008
vt 0.562469 0.485992
vt 0.554551 0.477728
vt 0.548322 0.471477
vt 0.567014 0.460927
vt 0.539634 0.495493
vt 0.535361 0.490924
vt 0.531420 0.486791
vt 0.547006 0.395961
vt 0.570263 0.357846
vt 0.555891 0.399904
vt 0.521814 0.507421
vt 0.518537 0.503750
vt 0.538783 0.437682
vt 0.530755 0.431480
vt 0.517160 0.423499
vt 0.537222 0.391122
vt 0.500566 0.385185
vt 0.511720 0.364823
vt 0.491688 0.411612
vt 0.447998 0.403513
vt 0.459036 0.373039
vt 0.480790 0.432666
vt 0.443542 0.423887
vt 0.467800 0.456950
vt 0.439751 0.445388
vt 0.464017 0.464431
vt 0.435933 0.459782
vt 0.412959 0.460440
vt 0.407515 0.439256
vt 0.438573 0.469982
vt 0.417627 0.471774
vt 0.525687 0.562491
vt 0.530178 0.559559
vt 0.533698 0.569572
vt 0.530018 0.574711
vt 0.544370 0.581586
vt 0.543760 0.585618
vt 0.539997 0.563868
vt 0.547430 0.576412
vt 0.554738 0.554126
vt 0.563149 0.567711
vt 0.573568 0.546744
vt 0.581355 0.561080
vt 0.586042 0.567168
vt 0.603760 0.551317
vt 0.607293 0.557535
vt 0.609740 0.562346
vt 0.588188 0.569682
vt 0.327658 0.358052
vt 0.338627 0.353253
vt 0.345138 0.403953
vt 0.334968 0.405804
vt 0.336710 0.452111
vt 0.353808 0.346486
vt 0.361993 0.397994
vt 0.325012 0.307749
vt 0.317526 0.311627
vt 0.628552 0.548564
vt 0.643656 0.540464
vt 0.642435 0.545145
vt 0.631102 0.553758
vt 0.637957 0.532175
vt 0.640728 0.527627
vt 0.624492 0.541465
vt 0.616140 0.528247
vt 0.628835 0.520200
vt 0.595313 0.537212
vt 0.589031 0.526468
vt 0.607873 0.516887
vt 0.568911 0.536378
vt 0.566415 0.530188
vt 0.583260 0.515692
vt 0.550589 0.545778
vt 0.546260 0.539217
vt 0.535750 0.525238
vt 0.555630 0.515445
vt 0.536118 0.555602
vt 0.531787 0.547436
vt 0.525584 0.548198
vt 0.521344 0.549129
vt 0.464199 0.472015
vt 0.495651 0.478759
vt 0.525013 0.512126
vt 0.644654 0.524358
vt 0.471789 0.344631
vt 0.484524 0.333969
vt 0.486587 0.316972
vt 0.495664 0.288915
vt 0.535579 0.287374
vt 0.513249 0.266946
vt 0.544599 0.266965
vt 0.516064 0.259230
vt 0.549009 0.253160
vt 0.515292 0.246217
vt 0.547327 0.241535
vt 0.597611 0.452238
vt 0.606317 0.465089
vt 0.592678 0.453942
vt 0.579439 0.451860
vt 0.576935 0.448704
vt 0.595208 0.290003
vt 0.584069 0.318135
vt 0.481158 0.260197
vt 0.481020 0.250693
vt 0.512652 0.515675
vt 0.510592 0.521686
vt 0.511931 0.476057
vt 0.383351 0.416304
vt 0.378856 0.363200
vt 0.381097 0.393831
vt 0.464440 0.327786
vt 0.421038 0.354445
vt 0.417239 0.393571
vt 0.412160 0.417558
vt 0.646967 0.074505
vt 0.648927 0.083508
vt 0.645580 0.085554
vt 0.644619 0.075082
vt 0.644921 0.054790
vt 0.650380 0.054891
vt 0.993887 0.047432
vt 0.993597 0.053944
vt 0.988222 0.044291
vt 0.989788 0.034568
vt 0.658358 0.069871
vt 0.650431 0.083988
vt 0.661687 0.090917
vt 0.651480 0.090279
vt 0.988433 0.058248
vt 0.976628 0.061089
vt 0.980169 0.051104
vt 0.919816 0.003612
vt 0.939326 0.003399
vt 0.929716 0.036788
vt 0.911312 0.023923
vt 0.894626 0.003868
vt 0.652205 0.096073
vt 0.652489 0.011567
vt 0.663499 0.010741
vt 0.747695 0.026806
vt 0.747526 0.010962
vt 0.761178 0.014605
vt 0.731089 0.038964
vt 0.723385 0.009400
vt 0.764091 0.043255
vt 0.739319 0.058574
vt 0.779248 0.017388
vt 0.773485 0.052576
vt 0.743967 0.077482
vt 0.800339 0.020118
vt 0.810420 0.025926
vt 0.781122 0.059718
vt 0.925242 0.048443
vt 0.901738 0.031490
vt 0.745077 0.081581
vt 0.886216 0.004513
vt 0.677100 0.116291
vt 0.670106 0.106328
vt 0.977863 0.065245
vt 0.990374 0.061122
vt 0.972150 0.005464
vt 0.978842 0.005745
vt 0.985558 0.005215
vt 0.644413 0.011623
vt 0.238932 0.490664
vt 0.226123 0.489331
vt 0.224933 0.460169
vt 0.239320 0.452578
vt 0.252568 0.454870
vt 0.247388 0.488505
vt 0.189653 0.469848
vt 0.179646 0.464617
vt 0.183127 0.461922
vt 0.258938 0.509318
vt 0.267970 0.507378
vt 0.271279 0.509903
vt 0.222983 0.529935
vt 0.212697 0.523468
vt 0.213455 0.518001
vt 0.229001 0.524707
vt 0.275322 0.502567
vt 0.277433 0.505952
vt 0.207631 0.518389
vt 0.206692 0.509892
vt 0.284749 0.497250
vt 0.285156 0.503065
vt 0.266555 0.502834
vt 0.273450 0.497386
vt 0.289341 0.485343
vt 0.286504 0.385327
vt 0.292955 0.362562
vt 0.305718 0.382459
vt 0.299437 0.393033
vt 0.318179 0.403601
vt 0.304584 0.409721
vt 0.287702 0.410519
vt 0.269545 0.492470
vt 0.291696 0.469627
vt 0.267913 0.488327
vt 0.275666 0.468582
vt 0.294137 0.476795
vt 0.303407 0.476123
vt 0.304812 0.484571
vt 0.217474 0.430789
vt 0.207525 0.439124
vt 0.250894 0.386911
vt 0.249859 0.382676
vt 0.267423 0.398130
vt 0.257626 0.404721
vt 0.266917 0.430600
vt 0.252103 0.427963
vt 0.236284 0.413521
vt 0.250100 0.394286
vt 0.279751 0.435645
vt 0.275024 0.410117
vt 0.291340 0.434627
vt 0.257766 0.490946
vt 0.264553 0.468855
vt 0.241822 0.513573
vt 0.233466 0.507872
vt 0.255295 0.501310
vt 0.251174 0.512143
vt 0.247818 0.505099
vt 0.198218 0.496912
vt 0.238842 0.522791
vt 0.232298 0.518493
vt 0.300746 0.498953
vt 0.303181 0.492603
vt 0.328320 0.485875
vt 0.329011 0.489555
vt 0.327557 0.481543
vt 0.340771 0.483711
vt 0.340546 0.488153
vt 0.188044 0.471950
vt 0.176458 0.466818
vt 0.326026 0.474266
vt 0.340441 0.478322
vt 0.321157 0.457280
vt 0.337085 0.459061
vt 0.309287 0.433019
vt 0.328924 0.427181
vt 0.273730 0.379173
vt 0.282377 0.356018
vt 0.971986 0.506625
vt 0.993573 0.507495
vt 0.992874 0.522913
vt 0.970266 0.522902
vt 0.943816 0.515970
vt 0.937029 0.523730
vt 0.933717 0.508299
vt 0.953559 0.528851
vt 0.978338 0.909860
vt 0.972476 0.908502
vt 0.992763 0.915927
vt 0.963076 0.515535
vt 0.962805 0.911055
vt 0.991069 0.981679
vt 0.983317 0.967471
vt 0.987863 0.971829
vt 0.992032 0.974036
vt 0.953583 0.915705
vt 0.964403 0.972418
vt 0.959865 0.975871
vt 0.967702 0.967962
vt 0.961658 0.982874
vt 0.914720 0.527338
vt 0.912353 0.511420
vt 0.949324 0.504829
vt 0.898887 0.818224
vt 0.935201 0.809789
vt 0.936486 0.847853
vt 0.914511 0.852957
vt 0.879375 0.829546
vt 0.901777 0.860346
vt 0.913098 0.879858
vt 0.925833 0.872469
vt 0.948234 0.903269
vt 0.928722 0.914591
vt 0.854032 0.856888
vt 0.886441 0.876891
vt 0.904128 0.780995
vt 0.900089 0.786515
vt 0.895308 0.777299
vt 0.903445 0.773080
vt 0.890536 0.768078
vt 0.897365 0.767963
vt 0.918083 0.645938
vt 0.920105 0.767588
vt 0.913263 0.767702
vt 0.911245 0.646051
vt 0.895365 0.646314
vt 0.888517 0.646426
vt 0.903306 0.646183
vt 0.905313 0.767833
vt 0.892989 0.637051
vt 0.897465 0.627684
vt 0.901687 0.633069
vt 0.901266 0.641004
vt 0.654072 0.371328
vt 0.945527 0.070399
vt 0.965714 0.136967
vt 0.990363 0.197012
vt 0.992896 0.326204
vt 0.649285 0.485404
vt 0.613141 0.430956
vt 0.583536 0.428138
vt 0.993906 0.400496
s 1
usemtl default
f 140/1/1 144/2/2 39/3/3 141/4/4
f 1/5/5 132/6/6 89/7/7 5/8/8
f 148/9/9 46/10/10 45/11/11 44/12/12
f 16/13/13 6/14/14 2074/15/15
f 7/16/16 1/5/5 5/8/8
f 7/16/16 5/8/8 93/17/17 8/18/18
f 107/19/19 108/20/20 7/21/16 96/22/21
f 15/23/22 16/24/13 132/25/6 9/26/23
f 9/26/23 3/27/24 15/23/22
f 149/28/25 48/29/26 46/10/10 148/9/9
f 2/30/27 10/31/28 91/32/29 84/33/30
f 11/34/31 128/35/32 131/36/33
f 118/37/34 119/38/35 12/39/36 13/40/37
f 13/40/37 117/41/38 118/37/34
f 149/28/25 151/42/39 150/43/40 48/29/26
f 3/44/24 112/45/41 113/46/42 2082/47/43
f 2082/48/43 14/49/44 15/50/22 3/51/24
f 22/52/45 123/53/46 78/54/47 77/55/48
f 153/56/49 152/57/50 151/42/39 149/28/25
f 19/58/51 126/59/52 127/60/53 4/61/54
f 22/52/45 20/62/55 21/63/56
f 23/64/57 16/13/13 2074/15/15
f 24/65/58 17/66/59 16/13/13 23/64/57
f 27/67/60 25/68/61 26/69/62 139/70/63
f 126/59/52 19/58/51 80/71/64 125/72/65
f 27/67/60 139/70/63 140/1/1 28/73/66
f 28/73/66 140/1/1 141/4/4 29/74/67
f 29/74/67 141/4/4 142/75/68 30/76/69
f 30/76/69 142/75/68 143/77/70 31/78/71
f 31/78/71 143/77/70 35/79/72 2092/80/73
f 35/79/72 34/81/74 2093/82/75 2092/80/73
f 34/81/74 33/83/76 32/84/77 2093/82/75
f 32/84/77 33/83/76 17/66/59 24/65/58
f 21/63/56 121/85/78 123/53/46 22/52/45
f 147/86/79 148/9/9 44/12/12
f 143/77/70 36/87/80 85/88/81 35/79/72
f 36/87/80 143/77/70 142/75/68 37/89/82
f 39/3/3 40/90/83 38/91/84 37/89/82
f 75/92/85 74/93/86 73/94/87 122/95/88
f 145/96/89 42/97/90 41/98/91 40/90/83
f 42/97/90 43/99/92 80/71/64 41/98/91
f 122/95/88 121/85/78 21/63/56 75/92/85
f 43/99/92 42/97/90 147/86/79 44/12/12
f 45/11/11 79/100/93 43/99/92 44/12/12
f 47/101/94 77/55/48 45/11/11 46/10/10
f 122/95/88 73/94/87 72/102/95 13/40/37
f 46/10/10 48/29/26 49/103/96 47/101/94
f 26/69/62 138/104/97 139/70/63
f 48/29/26 150/43/40 50/105/98 49/103/96
f 51/106/99 76/107/100 49/103/96 50/105/98
f 50/105/98 133/108/101 52/109/102 51/106/99
f 153/56/49 149/28/25 148/9/9 147/86/79
f 53/110/103 74/93/86 51/106/99 52/109/102
f 52/109/102 54/111/104 55/112/105 53/110/103
f 124/113/106 78/54/47 123/53/46 120/114/107
f 53/110/103 55/112/105 2116/115/108 56/116/109
f 2116/115/108 58/117/110 57/118/111 56/116/109
f 146/119/112 147/86/79 42/97/90 145/96/89
f 58/117/110 60/120/113 59/121/114 57/118/111
f 60/120/113 2119/122/115 61/123/116 59/121/114
f 2119/124/115 2121/125/117 62/126/118 61/127/116
f 122/95/88 13/40/37 12/39/36 121/85/78
f 62/126/118 2121/125/117 64/128/119 63/129/120
f 64/128/119 65/130/121 66/131/122 63/129/120
f 67/132/123 68/133/124 63/129/120 66/131/122
f 124/113/106 120/114/107 11/34/31 131/36/33
f 154/134/125 146/119/112 18/135/126 155/136/127
f 69/137/128 62/126/118 63/129/120 68/133/124
f 70/138/129 61/127/116 62/126/118 69/137/128
f 71/139/130 59/121/114 61/123/116 70/140/129
f 72/102/95 57/118/111 59/121/114 71/139/130
f 145/96/89 144/2/2 18/135/126 146/119/112
f 73/94/87 56/116/109 57/118/111 72/102/95
f 74/93/86 53/110/103 56/116/109 73/94/87
f 81/141/131 19/58/51 4/61/54 82/142/132
f 123/53/46 121/85/78 12/39/36 120/114/107
f 74/93/86 75/92/85 76/107/100 51/106/99
f 75/92/85 21/63/56 20/62/55 76/107/100
f 78/54/47 124/113/106 125/72/65 79/100/93
f 20/62/55 22/52/45 77/55/48 47/101/94
f 47/101/94 49/103/96 76/107/100 20/62/55
f 141/4/4 39/3/3 37/89/82 142/75/68
f 77/55/48 78/54/47 79/100/93 45/11/11
f 125/72/65 80/71/64 43/99/92 79/100/93
f 120/114/107 12/39/36 119/38/35 11/34/31
f 19/58/51 81/141/131 41/98/91 80/71/64
f 139/70/63 155/136/127 18/135/126
f 15/50/22 14/49/44 6/14/14 16/13/13
f 81/141/131 38/91/84 40/90/83 41/98/91
f 81/141/131 82/142/132 83/143/133 38/91/84
f 138/104/97 154/134/125 155/136/127 139/70/63
f 83/143/133 84/33/30 85/88/81 36/87/80
f 83/143/133 36/87/80 37/89/82 38/91/84
f 9/144/23 132/6/6 1/5/5 7/16/16
f 131/36/33 126/59/52 125/72/65 124/113/106
f 87/145/134 33/83/76 34/81/74 86/146/135
f 86/146/135 34/81/74 35/79/72 85/88/81
f 33/83/76 87/145/134 88/147/136 17/66/59
f 129/148/137 128/35/32 11/34/31 119/38/35
f 52/109/102 133/108/101 2190/149/138 54/111/104
f 130/150/139 129/148/137 119/38/35 118/37/34
f 4/61/54 127/60/53 2/30/27 82/142/132
f 94/151/140 130/150/139 118/37/34 117/41/38
f 9/152/23 7/21/16 108/20/20 3/44/24
f 16/24/13 89/7/7 132/25/6
f 16/24/13 17/66/59 88/147/136 89/7/7
f 128/35/32 127/60/53 126/59/52 131/36/33
f 144/2/2 145/96/89 40/90/83 39/3/3
f 130/150/139 94/151/140 92/153/141 10/31/28
f 97/154/142 95/155/143 94/151/140 117/41/38
f 87/145/134 90/156/144 93/17/17 88/147/136
f 86/146/135 91/32/29 90/156/144 87/145/134
f 91/32/29 86/146/135 85/88/81 84/33/30
f 152/57/50 153/56/49 154/134/125 138/104/97
f 90/156/144 92/153/141 8/18/18 93/17/17
f 138/104/97 26/69/62 136/157/145 152/57/50
f 90/156/144 91/32/29 10/31/28 92/153/141
f 5/8/8 89/7/7 88/147/136 93/17/17
f 8/18/18 92/153/141 94/151/140 95/155/143
f 96/158/21 7/16/16 8/18/18 95/155/143
f 95/155/143 97/154/142 98/159/146 96/158/21
f 96/22/21 98/160/146 99/161/147 107/19/19
f 146/119/112 154/134/125 153/56/49 147/86/79
f 13/40/37 72/102/95 71/139/130 116/162/148
f 99/161/147 100/163/149 102/164/150 101/165/151
f 100/163/149 69/137/128 68/133/124 102/164/150
f 137/166/152 136/157/145 26/69/62 25/68/61
f 102/164/150 103/167/153 104/168/154 101/165/151
f 2194/169/155 135/170/156 136/157/145 137/166/152
f 102/164/150 68/133/124 67/132/123 103/167/153
f 104/168/154 105/171/157 106/172/158 101/165/151
f 107/19/19 99/161/147 101/165/151 106/172/158
f 106/172/158 109/173/159 108/20/20 107/19/19
f 116/162/148 97/154/142 117/41/38 13/40/37
f 135/170/156 151/42/39 152/57/50 136/157/145
f 82/142/132 2/30/27 84/33/30 83/143/133
f 108/20/20 109/173/159 112/45/41 3/44/24
f 116/162/148 71/139/130 70/140/129 115/174/160
f 134/175/161 135/170/156 2194/169/155 2192/176/162
f 115/174/160 98/159/146 97/154/142 116/162/148
f 129/148/137 130/150/139 10/31/28 2/30/27
f 115/177/160 70/138/129 69/137/128 100/163/149
f 109/173/159 106/172/158 105/171/157 110/178/163
f 150/43/40 134/175/161 133/108/101 50/105/98
f 111/179/164 112/45/41 109/173/159 110/178/163
f 127/60/53 128/35/32 129/148/137 2/30/27
f 2190/149/138 133/108/101 134/175/161 2192/176/162
f 100/163/149 99/161/147 98/160/146 115/177/160
f 112/45/41 111/179/164 114/180/165 113/46/42
f 144/2/2 140/1/1 139/70/63 18/135/126
f 134/175/161 150/43/40 151/42/39 135/170/156
f 157/181/166 181/182/167 177/183/168 158/184/169
f 157/181/166 173/185/170 181/182/167
f 175/186/171 176/187/172 174/188/173 179/189/174
f 181/182/167 173/185/170 175/186/171 179/189/174
f 192/190/175 184/191/176 183/192/177 187/193/178
f 207/194/179 209/195/180 205/196/181 206/197/182
f 206/197/182 284/198/183 285/199/184 207/194/179
f 206/197/182 205/196/181 283/200/185 284/198/183
f 209/195/180 200/201/186 204/202/187 205/196/181
f 209/195/180 207/194/179 208/203/188 211/204/189
f 164/205/190 163/206/191 159/207/192
f 314/208/193 312/209/194 292/210/195 315/211/196
f 314/208/193 316/212/197 313/213/198 312/209/194
f 315/211/196 319/214/199 316/212/197 314/208/193
f 2389/215/200 331/216/201 322/217/202
f 2389/215/200 332/218/203 331/216/201
f 311/219/204 2367/220/205 2365/221/206
f 310/222/207 2363/223/208 2367/220/205 311/219/204
f 2047/224/209 2041/225/210 2066/226/211 2060/227/212
f 2062/228/213 4133/229/214 4131/230/215 2065/231/216
f 180/232/217 178/233/218 179/189/174 186/234/219
f 186/234/219 195/235/220 180/232/217
f 186/234/219 179/189/174 174/188/173
f 268/236/221 301/237/222 302/238/223 299/239/224
f 299/239/224 302/238/223 307/240/225
f 299/239/224 296/241/226 293/242/227
f 268/236/221 299/239/224 293/242/227 295/243/228
f 237/244/229 216/245/230 236/246/231
f 237/244/229 223/247/232 217/248/233 216/245/230
f 243/249/234 227/250/235 223/247/232 237/244/229
f 266/251/236 271/252/237 288/253/238 263/254/239
f 263/254/239 288/253/238 285/199/184 284/198/183
f 263/254/239 284/198/183 283/200/185 266/251/236
f 2057/255/240 2053/256/241 2058/257/242
f 2053/258/241 2052/259/243 2058/260/242
f 268/236/221 272/261/244 273/262/245 301/237/222
f 325/263/246 321/264/247 322/217/202 331/216/201
f 331/216/201 333/265/248 328/266/249 325/263/246
f 332/218/203 2392/267/250 333/265/248 331/216/201
f 333/265/248 334/268/251 2393/269/252 328/266/249
f 2392/267/250 334/268/251 333/265/248
f 163/206/191 164/205/190 214/270/253
f 163/206/191 162/271/254 161/272/255 159/207/192
f 166/273/256 191/274/257 193/275/258 170/276/259
f 178/233/218 180/232/217 191/274/257 166/273/256
f 166/273/256 170/276/259 203/277/260 159/207/192
f 220/278/261 222/279/262 226/280/263 2276/281/264
f 218/282/265 221/283/266 222/279/262 220/278/261
f 329/284/267 2387/285/268 2384/286/269 327/287/270
f 327/287/270 255/288/271 326/289/272 329/284/267
f 296/241/226 287/290/273 294/291/274
f 296/241/226 294/291/274 293/242/227
f 255/288/271 247/292/275 252/293/276 326/289/272
f 254/294/277 253/295/278 247/292/275 255/288/271
f 303/296/279 2353/297/280 277/298/281 276/299/282
f 258/300/283 275/301/284 276/299/282 277/298/281
f 258/302/283 259/303/285 256/304/286 167/305/287
f 167/305/287 256/304/286 183/192/177 182/306/288
f 259/303/285 267/307/289 257/308/290 256/304/286
f 256/304/286 257/308/290 187/193/178 183/192/177
f 267/307/289 281/309/291 260/310/292 257/308/290
f 260/310/292 197/311/293 187/193/178 257/308/290
f 197/311/293 194/312/294 192/190/175 187/193/178
f 197/311/293 260/310/292 262/313/295 172/314/296
f 197/311/293 172/314/296 193/275/258 194/312/294
f 172/314/296 262/313/295 261/315/297 171/316/298
f 171/316/298 170/276/259 193/275/258 172/314/296
f 171/316/298 261/315/297 264/317/299 168/318/300
f 168/318/300 203/277/260 170/276/259 171/316/298
f 264/317/299 261/315/297 270/319/301 273/262/245
f 2055/320/302 2058/257/242 2051/321/303
f 264/317/299 273/262/245 272/261/244 265/322/304
f 265/322/304 169/323/305 168/318/300 264/317/299
f 204/202/187 203/277/260 168/318/300 169/323/305
f 169/323/305 265/322/304 266/251/236 283/200/185
f 169/323/305 283/200/185 205/196/181 204/202/187
f 265/322/304 272/261/244 271/252/237 266/251/236
f 270/319/301 305/324/306 301/237/222 273/262/245
f 2058/260/242 2052/259/243 2051/321/303
f 2359/325/307 306/326/308 302/238/223 301/237/222
f 2068/327/309 2067/328/310 2048/329/311 2056/330/312
f 306/326/308 309/331/313 307/240/225 302/238/223
f 307/240/225 308/332/314 300/333/315 299/239/224
f 300/333/315 308/332/314 310/222/207 330/334/316
f 2041/225/210 2043/335/317 2063/336/318 2066/226/211
f 298/337/319 297/338/320 299/239/224 300/333/315
f 300/333/315 330/334/316 320/339/321 298/337/319
f 319/214/199 315/211/196 298/337/319 320/339/321
f 330/334/316 2389/215/200 322/217/202 320/339/321
f 320/339/321 322/217/202 321/264/247 319/214/199
f 318/340/322 316/212/197 319/214/199 321/264/247
f 321/264/247 325/263/246 323/341/323 318/340/322
f 323/341/323 249/342/324 317/343/325 318/340/322
f 323/341/323 324/344/326 251/345/327 249/342/324
f 247/346/275 244/347/328 246/348/329 252/349/276
f 252/349/276 246/348/329 250/350/330 251/345/327
f 253/351/278 230/352/331 229/353/332 228/354/333
f 253/351/278 228/354/333 244/347/328 247/346/275
f 224/355/334 229/353/332 230/352/331 225/356/335
f 229/353/332 224/355/334 2276/281/264 226/280/263
f 226/280/263 227/250/235 228/354/333 229/353/332
f 203/277/260 164/205/190 159/207/192
f 228/354/333 227/250/235 243/249/234 244/347/328
f 244/347/328 243/249/234 245/357/336 246/348/329
f 246/348/329 245/357/336 248/358/337 250/350/330
f 245/357/336 239/359/338 242/360/339 248/358/337
f 242/360/339 317/343/325 249/342/324 248/358/337
f 249/342/324 251/345/327 250/350/330 248/358/337
f 2057/255/240 2058/257/242 2050/361/340 2049/362/341
f 297/338/320 291/363/342 296/241/226 299/239/224
f 291/363/342 297/338/320 292/210/195 290/364/343
f 210/365/344 213/366/345 291/363/342 290/364/343
f 240/367/346 212/368/347 210/365/344 290/364/343
f 202/369/348 211/204/189 210/365/344 212/368/347
f 212/368/347 240/367/346 241/370/349 233/371/350
f 233/371/350 238/372/351 202/369/348 212/368/347
f 238/372/351 235/373/352 201/374/353 202/369/348
f 238/372/351 233/371/350 239/359/338 237/244/229
f 238/372/351 237/244/229 236/246/231 235/373/352
f 239/359/338 233/371/350 241/370/349 242/360/339
f 241/370/349 240/367/346 312/209/194 313/213/198
f 313/213/198 317/343/325 242/360/339 241/370/349
f 201/374/353 199/375/354 200/201/186 209/195/180
f 201/374/353 209/195/180 211/204/189 202/369/348
f 235/373/352 234/376/355 199/375/354 201/374/353
f 234/376/355 215/377/356 160/378/357 199/375/354
f 234/376/355 235/373/352 236/246/231
f 236/246/231 216/245/230 215/377/356 234/376/355
f 164/205/190 203/277/260 198/379/358 160/378/357
f 198/379/358 200/201/186 199/375/354 160/378/357
f 215/377/356 214/270/253 164/205/190 160/378/357
f 203/277/260 204/202/187 200/201/186 198/379/358
f 216/245/230 217/248/233 214/270/253 215/377/356
f 221/283/266 163/206/191 214/270/253 217/248/233
f 221/283/266 218/282/265 162/271/254 163/206/191
f 2054/380/359 2047/224/209 2060/227/212 2059/381/360
f 218/282/265 2271/382/361 2222/383/362 162/271/254
f 2222/383/362 2221/384/363 161/272/255 162/271/254
f 159/207/192 161/272/255 156/385/364 166/273/256
f 166/273/256 156/385/364 177/183/168 178/233/218
f 177/183/168 181/182/167 179/189/174 178/233/218
f 156/385/364 165/386/365 158/184/169 177/183/168
f 161/272/255 2221/384/363 165/386/365 156/385/364
f 290/364/343 292/210/195 312/209/194 240/367/346
f 208/203/188 286/387/366 287/290/273 213/366/345
f 213/366/345 287/290/273 296/241/226 291/363/342
f 213/366/345 210/365/344 211/204/189 208/203/188
f 285/199/184 288/253/238 289/388/367 286/387/366
f 289/388/367 294/291/274 287/290/273 286/387/366
f 286/387/366 208/203/188 207/194/179 285/199/184
f 289/388/367 288/253/238 271/252/237 295/243/228
f 295/243/228 293/242/227 294/291/274 289/388/367
f 239/359/338 245/357/336 243/249/234 237/244/229
f 251/389/327 324/390/326 326/289/272 252/293/276
f 324/390/326 328/391/249 329/284/267 326/289/272
f 324/344/326 323/341/323 325/263/246 328/266/249
f 317/343/325 313/213/198 316/212/197 318/340/322
f 298/337/319 315/211/196 292/210/195 297/338/320
f 4135/392/368 4133/393/214 2062/394/213 2061/395/369
f 308/332/314 307/240/225 309/331/313 2362/396/370
f 2362/396/370 2363/223/208 310/222/207 308/332/314
f 2359/325/307 301/237/222 305/324/306 2357/397/371
f 305/324/306 282/398/372 2356/399/373 2357/397/371
f 282/398/372 280/400/374 304/401/375 2356/399/373
f 304/401/375 280/400/374 279/402/376 2354/403/377
f 2354/403/377 279/402/376 278/404/378 2358/405/379
f 278/404/378 277/406/281 2353/407/280 2358/405/379
f 2043/335/317 2045/408/380 2064/409/381 2063/336/318
f 259/303/285 258/302/283 277/406/281 278/404/378
f 2061/395/369 2068/327/309 2056/330/312 4135/392/368
f 278/404/378 279/402/376 267/307/289 259/303/285
f 279/402/376 280/400/374 281/309/291 267/307/289
f 280/400/374 282/398/372 269/410/382 281/309/291
f 262/313/295 260/310/292 281/309/291 269/410/382
f 282/398/372 305/324/306 270/319/301 269/410/382
f 269/410/382 270/319/301 261/315/297 262/313/295
f 2065/231/216 4131/230/215 2054/380/359 2059/381/360
f 196/411/383 184/191/176 192/190/175 194/312/294
f 194/312/294 193/275/258 191/274/257 196/411/383
f 196/411/383 191/274/257 180/232/217 195/235/220
f 195/235/220 185/412/384 184/191/176 196/411/383
f 182/413/288 188/414/385 274/415/386 167/416/287
f 167/416/287 274/415/386 275/301/284 258/300/283
f 190/417/387 189/418/388 174/419/173 176/420/172
f 189/418/388 188/414/385 186/421/219 174/419/173
f 218/282/265 219/422/389 2271/382/361
f 253/295/278 254/294/277 231/423/390 230/424/331
f 2387/285/268 329/284/267 328/391/249 2393/425/252
f 221/283/266 217/248/233 223/247/232 222/279/262
f 222/279/262 223/247/232 227/250/235 226/280/263
f 219/422/389 218/282/265 220/278/261
f 272/261/244 268/236/221 295/243/228 271/252/237
f 185/426/384 186/421/219 188/414/385 182/413/288
f 185/412/384 195/235/220 186/234/219
f 182/306/288 183/192/177 184/191/176 185/412/384
f 2389/215/200 311/219/204 2365/221/206
f 2389/215/200 330/334/316 310/222/207 311/219/204
f 230/424/331 231/423/390 232/427/391 225/428/335
f 2040/429/392 2066/226/211 2063/336/318 2042/430/393
f 2048/329/311 2067/328/310 2064/431/381 2045/432/380
f 335/433/394 349/434/395 491/435/396
f 350/436/397 351/437/398 352/438/399 489/439/400
f 335/433/394 353/440/401 354/441/402
f 391/442/403 405/443/404 392/444/405
f 355/445/406 342/446/407 356/447/408 336/448/409
f 336/448/409 356/447/408 357/449/410 358/450/411
f 338/451/412 359/452/413 360/453/414 337/454/415
f 337/454/415 341/455/416 340/456/417 338/451/412
f 362/457/418 363/458/419 341/455/416 337/454/415
f 339/459/420 342/446/407 365/460/421 366/461/422
f 367/462/423 356/447/408 342/446/407 339/459/420
f 366/461/422 368/463/424 367/462/423 339/459/420
f 369/464/425 370/465/426 371/466/427 340/456/417
f 341/455/416 363/458/419 369/464/425 340/456/417
f 372/467/428 373/468/429 365/460/421 342/446/407
f 342/446/407 355/445/406 374/469/430 372/467/428
f 375/470/431 376/471/432 377/472/433 378/473/434
f 351/437/398 371/466/427 370/465/426 382/474/435
f 382/475/435 370/476/426 379/477/436 380/478/437
f 380/478/437 381/479/438 382/475/435
f 364/480/439 361/481/440 360/453/414
f 554/482/441 556/483/442 387/484/443 386/485/444
f 353/486/401 352/438/399 351/437/398 382/474/435
f 553/487/445 555/488/446 556/483/442 554/482/441
f 553/487/445 554/482/441 550/489/447 551/490/448
f 405/443/404 438/491/449 437/492/450
f 385/493/451 386/485/444 387/484/443
f 385/493/451 549/494/452 548/495/453 386/485/444
f 343/496/454 389/497/455 399/498/456
f 343/496/454 399/498/456 378/499/434 377/500/433
f 393/501/457 394/502/458 395/503/459 344/504/460
f 344/504/460 396/505/461 397/506/462 393/501/457
f 398/507/463 549/508/452 378/499/434 399/498/456
f 399/498/456 402/509/464 398/507/463
f 380/478/437 379/477/436 393/501/457 397/506/462
f 551/490/448 552/510/465 364/480/439 553/487/445
f 400/511/466 345/512/467 363/458/419 362/457/418
f 404/513/468 407/514/469 408/515/470
f 410/516/471 411/517/472 412/518/473
f 410/516/471 412/518/473 413/519/474 346/520/475
f 415/521/476 411/517/472 410/516/471
f 415/521/476 416/522/477 408/515/470 414/523/478
f 404/513/468 405/443/404 437/492/450
f 414/523/478 408/515/470 407/514/469 347/524/479
f 560/525/480 369/464/425 363/458/419 345/512/467
f 348/526/481 418/527/482 419/528/483
f 348/526/481 432/529/484 433/530/485
f 420/531/486 428/532/487 432/529/484 348/526/481
f 421/533/488 423/534/489 422/535/490
f 425/536/491 420/531/486 422/535/490 423/534/489
f 425/536/491 423/534/489 424/537/492
f 424/537/492 426/538/493 427/539/494 425/536/491
f 425/536/491 427/539/494 428/532/487 420/531/486
f 427/539/494 429/540/495 430/541/496 428/532/487
f 428/532/487 430/541/496 431/542/497 432/529/484
f 432/529/484 431/542/497 434/543/498 433/530/485
f 435/544/499 436/545/500 433/530/485 434/543/498
f 431/546/497 347/524/479 407/514/469 434/547/498
f 434/547/498 407/514/469 404/513/468 435/548/499
f 437/492/450 450/549/501 435/548/499 404/513/468
f 559/550/502 400/511/466 362/457/418 361/481/440
f 439/551/503 390/552/504 490/553/505 440/554/506
f 439/551/503 440/554/506 441/555/507 438/491/449
f 440/554/506 442/556/508 443/557/509 441/555/507
f 441/558/507 443/559/509 444/560/510 445/561/511
f 445/562/511 446/563/512 438/491/449 441/555/507
f 446/564/512 445/561/511 447/565/513 448/566/514
f 448/566/514 449/567/515 450/568/501 446/564/512
f 446/563/512 450/549/501 437/492/450 438/491/449
f 436/545/500 435/544/499 450/568/501 449/567/515
f 449/567/515 451/569/516 418/527/482 436/545/500
f 436/545/500 418/527/482 348/526/481 433/530/485
f 470/570/517 469/571/518 551/572/448 550/573/447
f 452/574/519 419/528/483 418/527/482 451/569/516
f 452/574/519 497/575/520 453/576/521 419/528/483
f 419/528/483 453/576/521 454/577/522 348/526/481
f 550/573/447 548/578/453 471/579/523 470/570/517
f 454/577/522 422/535/490 420/531/486 348/526/481
f 454/577/522 455/580/524 421/533/488 422/535/490
f 456/581/525 457/582/526 421/533/488 455/580/524
f 456/581/525 501/583/527 458/584/528 457/582/526
f 458/584/528 426/538/493 424/537/492 457/582/526
f 457/582/526 424/537/492 423/534/489 421/533/488
f 426/538/493 458/584/528 459/585/529 460/586/530
f 560/525/480 379/587/436 370/465/426 369/464/425
f 503/588/531 461/589/532 429/590/495 460/591/530
f 460/592/530 429/593/495 427/539/494 426/538/493
f 462/594/533 430/595/496 429/596/495 461/597/532
f 462/594/533 347/524/479 431/546/497 430/595/496
f 337/454/415 360/453/414 361/481/440
f 461/597/532 463/598/534 464/599/535 462/594/533
f 462/594/533 464/599/535 465/600/536 347/524/479
f 465/600/536 464/599/535 401/601/537 345/602/467
f 465/600/536 345/602/467 400/603/466 466/604/538
f 466/604/538 414/523/478 347/524/479 465/600/536
f 400/603/466 559/605/502 467/606/539 466/604/538
f 466/604/538 467/606/539 415/521/476 414/523/478
f 559/605/502 552/607/465 468/608/540 467/606/539
f 467/606/539 468/608/540 411/517/472 415/521/476
f 552/607/465 551/572/448 469/571/518 468/608/540
f 468/608/540 469/571/518 412/518/473 411/517/472
f 469/571/518 470/570/517 413/519/474 412/518/473
f 470/570/517 471/579/523 472/609/541 413/519/474
f 402/509/464 473/610/542 417/611/543 472/609/541
f 472/609/541 417/611/543 346/520/475 413/519/474
f 439/551/503 438/491/449 390/552/504
f 405/443/404 404/513/468 409/612/544
f 474/613/545 475/614/546 417/611/543 473/610/542
f 476/615/547 346/520/475 417/611/543 475/614/546
f 475/614/546 474/613/545 541/616/548 477/617/549
f 477/617/549 478/618/550 476/615/547 475/614/546
f 479/619/551 480/620/552 476/615/547 478/618/550
f 478/618/550 477/617/549 529/621/553 528/622/554
f 528/622/554 481/623/555 479/619/551 478/618/550
f 482/624/556 481/623/555 374/469/430 483/625/557
f 483/625/557 484/626/558 392/444/405 482/624/556
f 484/626/558 483/625/557 485/627/559 486/628/560
f 486/628/560 487/629/561 488/630/562 484/626/558
f 484/626/558 488/630/562 391/442/403 392/444/405
f 487/629/561 489/439/400 490/553/505 488/630/562
f 488/630/562 490/553/505 390/552/504 391/442/403
f 489/439/400 442/556/508 440/554/506 490/553/505
f 442/556/508 489/439/400 335/631/394 491/632/396
f 491/632/396 492/633/563 443/557/509 442/556/508
f 492/634/563 493/635/564 444/560/510 443/559/509
f 493/635/564 494/636/565 495/637/566 444/560/510
f 447/565/513 445/561/511 444/560/510 495/637/566
f 495/637/566 383/638/567 384/639/568 447/565/513
f 447/565/513 384/639/568 448/566/514
f 448/566/514 384/639/568 451/569/516 449/567/515
f 394/640/458 393/641/457 379/587/436 560/525/480
f 451/569/516 384/639/568 383/638/567 452/574/519
f 452/574/519 383/638/567 496/642/569 497/575/520
f 497/575/520 515/643/570 498/644/571 453/576/521
f 453/576/521 498/644/571 455/580/524 454/577/522
f 498/644/571 515/643/570 512/645/572 499/646/573
f 499/646/573 456/581/525 455/580/524 498/644/571
f 512/645/572 510/647/574 500/648/575 499/646/573
f 500/648/575 501/583/527 456/581/525 499/646/573
f 394/640/458 560/525/480 345/512/467 401/649/537
f 386/485/444 548/495/453 550/489/447 554/482/441
f 501/583/527 502/650/576 459/651/529 458/584/528
f 337/454/415 361/481/440 362/457/418
f 503/588/531 504/652/577 463/653/534 461/589/532
f 504/652/577 505/654/578 506/655/579 463/653/534
f 401/601/537 464/599/535 463/598/534 506/656/579
f 505/654/578 507/657/580 395/503/459 506/655/579
f 506/655/579 395/503/459 394/502/458 401/658/537
f 507/657/580 396/505/461 344/504/460 395/503/459
f 559/550/502 361/481/440 364/480/439 552/510/465
f 553/487/445 364/480/439 360/453/414 555/488/446
f 555/488/446 360/453/414 359/452/413 358/450/411
f 508/659/581 500/648/575 510/647/574 509/660/582
f 512/645/572 513/661/583 511/662/584 510/647/574
f 513/661/583 512/645/572 515/643/570 514/663/585
f 410/516/471 346/520/475 416/522/477 415/521/476
f 558/664/586 378/473/434 549/494/452 385/493/451
f 496/642/569 494/636/565 517/665/587 514/663/585
f 494/636/565 496/642/569 383/638/567 495/637/566
f 438/491/449 405/443/404 390/552/504
f 382/475/435 381/479/438 354/441/402 353/440/401
f 558/664/586 368/463/424 375/470/431 378/473/434
f 514/663/585 515/643/570 497/575/520 496/642/569
f 517/665/587 494/636/565 493/635/564 516/666/588
f 492/634/563 518/667/589 516/666/588 493/635/564
f 491/435/396 349/434/395 518/668/589 492/669/563
f 517/665/587 523/670/590 519/671/591
f 519/671/591 511/662/584 513/661/583 517/665/587
f 517/665/587 513/661/583 514/663/585
f 519/671/591 523/670/590 511/662/584
f 511/662/584 520/672/592 521/673/593
f 521/674/593 525/675/594 509/676/582
f 521/677/593 509/678/582 510/647/574 511/662/584
f 547/679/595 405/443/404 409/612/544
f 558/664/586 385/493/451 387/484/443 557/680/596
f 520/672/592 511/662/584 523/670/590 522/681/597
f 523/670/590 518/667/589 524/682/598 522/683/597
f 367/462/423 368/463/424 558/664/586 557/680/596
f 557/680/596 357/449/410 356/447/408 367/462/423
f 357/449/410 557/680/596 387/484/443 556/483/442
f 524/684/598 518/668/589 349/434/395
f 523/670/590 517/665/587 516/666/588 518/667/589
f 508/685/581 502/686/576 501/583/527 500/648/575
f 555/488/446 358/450/411 357/449/410 556/483/442
f 489/439/400 487/629/561 350/436/397
f 487/629/561 486/628/560 526/687/599 350/436/397
f 526/687/599 527/688/600 340/456/417 371/466/427
f 371/466/427 351/437/398 350/436/397 526/687/599
f 486/628/560 485/627/559 527/688/600 526/687/599
f 527/688/600 336/448/409 338/451/412 340/456/417
f 485/627/559 355/445/406 336/448/409 527/688/600
f 483/625/557 374/469/430 355/445/406 485/627/559
f 528/622/554 372/467/428 374/469/430 481/623/555
f 528/622/554 529/621/553 373/468/429 372/467/428
f 529/621/553 530/689/601 531/690/602 373/468/429
f 336/448/409 358/450/411 359/452/413 338/451/412
f 532/691/603 365/460/421 373/468/429 531/690/602
f 532/691/603 533/692/604 366/461/422 365/460/421
f 354/441/402 349/434/395 335/433/394
f 533/692/604 375/470/431 368/463/424 366/461/422
f 532/691/603 534/693/605 535/694/606 533/692/604
f 533/692/604 535/694/606 376/471/432 375/470/431
f 376/471/432 535/694/606 536/695/607 388/696/608
f 388/696/608 343/697/454 377/472/433 376/471/432
f 535/694/606 534/693/605 537/698/609 536/695/607
f 537/698/609 534/693/605 539/699/610 538/700/611
f 538/700/611 539/699/610 540/701/612 403/702/613
f 539/699/610 531/690/602 530/689/601 540/701/612
f 530/689/601 541/616/548 542/703/614 540/701/612
f 543/704/615 544/705/616 545/706/617 542/703/614
f 545/706/617 403/702/613 540/701/612 542/703/614
f 544/705/616 543/704/615 546/707/618 406/708/619
f 399/498/456 389/497/455 406/708/619 546/707/618
f 546/707/618 473/610/542 402/509/464 399/498/456
f 390/552/504 405/443/404 391/442/403
f 408/515/470 409/612/544 404/513/468
f 543/704/615 474/613/545 473/610/542 546/707/618
f 542/703/614 541/616/548 474/613/545 543/704/615
f 530/689/601 529/621/553 477/617/549 541/616/548
f 534/693/605 532/691/603 531/690/602 539/699/610
f 482/624/556 392/444/405 405/443/404 547/679/595
f 547/679/595 479/619/551 481/623/555 482/624/556
f 547/679/595 409/612/544 480/620/552 479/619/551
f 409/612/544 408/515/470 416/522/477 480/620/552
f 335/631/394 489/439/400 352/438/399 353/486/401
f 480/620/552 416/522/477 346/520/475 476/615/547
f 398/507/463 471/579/523 548/578/453 549/508/452
f 402/509/464 472/609/541 471/579/523 398/507/463
f 521/674/593 520/709/592 561/710/620
f 520/709/592 522/711/597 561/710/620
f 522/711/597 524/684/598 561/710/620
f 524/684/598 349/434/395 561/710/620
f 349/434/395 354/441/402 561/710/620
f 354/441/402 381/479/438 561/710/620
f 381/479/438 380/478/437 561/710/620
f 380/478/437 397/506/462 561/710/620
f 397/506/462 396/505/461 561/710/620
f 396/505/461 507/657/580 561/710/620
f 507/657/580 505/654/578 561/710/620
f 505/654/578 504/652/577 561/710/620
f 504/652/577 503/588/531 561/710/620
f 503/588/531 460/591/530 561/710/620
f 460/591/530 459/712/529 561/710/620
f 459/712/529 502/713/576 561/710/620
f 502/713/576 508/714/581 561/710/620
f 508/714/581 509/676/582 561/710/620
f 509/676/582 525/675/594 561/710/620
f 525/675/594 521/674/593 561/710/620
f 600/715/621 2662/716/622 2659/717/623 599/718/624
f 614/719/625 613/720/626 615/721/627 619/722/628
f 588/723/629 573/724/630 592/725/631 591/726/632
f 612/727/633 625/728/634 592/725/631 573/724/630
f 592/725/631 593/729/635 591/726/632
f 574/730/636 575/731/637 571/732/638 603/733/639
f 603/733/639 611/734/640 574/730/636
f 609/735/641 617/736/642 619/722/628 615/721/627
f 615/721/627 613/720/626 604/737/643 609/735/641
f 627/738/644 631/739/645 628/740/646 596/741/647
f 627/738/644 626/742/648 631/739/645
f 644/743/649 635/744/650 633/745/651 631/739/645
f 640/746/652 639/747/653 637/748/654 636/749/655
f 640/746/652 646/750/656 639/747/653
f 636/749/655 635/744/650 646/750/656 640/746/652
f 622/751/657 624/752/658 619/722/628 617/736/642
f 634/753/659 633/745/651 635/744/650 636/749/655
f 630/754/660 629/755/661 633/745/651 634/753/659
f 634/753/659 636/749/655 637/748/654 630/754/660
f 563/756/662 573/724/630 588/723/629 576/757/663
f 576/757/663 2624/758/664 2625/759/665 563/756/662
f 576/757/663 577/760/666 580/761/667 579/762/668
f 2704/763/669 2664/764/670 638/765/671 641/766/672
f 2712/767/673 2704/763/669 641/766/672 646/750/656
f 639/747/653 646/750/656 641/766/672 638/765/671
f 623/768/674 2686/769/675 624/752/658 622/751/657
f 622/751/657 617/736/642 618/770/676 623/768/674
f 591/726/632 577/760/666 588/723/629
f 2686/769/675 2709/771/677 621/772/678 624/752/658
f 620/773/679 619/722/628 624/752/658 621/772/678
f 577/760/666 576/757/663 588/723/629
f 620/773/679 642/774/680 632/775/681 616/776/682
f 616/776/682 632/775/681 625/728/634 612/727/633
f 642/774/680 644/743/649 631/739/645 632/775/681
f 631/739/645 626/742/648 625/728/634 632/775/681
f 643/777/683 645/778/684 644/743/649 642/774/680
f 645/778/684 646/750/656 635/744/650 644/743/649
f 2713/779/685 2712/767/673 646/750/656 645/778/684
f 645/778/684 643/777/683 2710/780/686 2713/779/685
f 643/777/683 621/772/678 2709/771/677 2710/780/686
f 621/772/678 643/777/683 642/774/680 620/773/679
f 573/724/630 572/781/687 610/782/688 612/727/633
f 612/727/633 610/782/688 614/719/625 616/776/682
f 572/781/687 574/730/636 611/734/640 610/782/688
f 610/782/688 611/734/640 613/720/626 614/719/625
f 572/781/687 568/783/689 575/731/637 574/730/636
f 566/784/690 2626/785/691 575/731/637 568/783/689
f 572/781/687 573/724/630 567/786/692 568/783/689
f 568/783/689 567/786/692 2629/787/693 566/784/690
f 567/786/692 564/788/694 565/789/695 2629/787/693
f 564/788/694 563/756/662 2625/759/665 565/789/695
f 564/788/694 567/786/692 573/724/630
f 564/788/694 573/724/630 563/756/662
f 2626/785/691 2621/790/696 571/732/638 575/731/637
f 2621/790/696 562/791/697 570/792/698 571/732/638
f 569/793/699 603/733/639 571/732/638 570/792/698
f 569/793/699 602/794/700 603/733/639
f 602/794/700 605/795/701 604/737/643 603/733/639
f 616/776/682 614/719/625 619/722/628 620/773/679
f 608/796/702 607/797/703 2671/798/704
f 608/796/702 618/770/676 617/736/642
f 608/796/702 617/736/642 607/797/703
f 600/715/621 599/718/624 601/799/705 638/765/671
f 638/765/671 601/799/705 637/748/654 639/747/653
f 2664/764/670 2662/716/622 600/715/621 638/765/671
f 601/799/705 599/718/624 598/800/706 597/801/707
f 601/799/705 597/801/707 630/754/660 637/748/654
f 597/801/707 598/800/706 587/802/708 595/803/709
f 597/801/707 595/803/709 629/755/661 630/754/660
f 587/802/708 585/804/710 594/805/711 595/803/709
f 595/803/709 594/805/711 628/740/646 629/755/661
f 585/804/710 584/806/712 590/807/713 594/805/711
f 594/805/711 590/807/713 596/741/647 628/740/646
f 584/806/712 582/808/714 589/809/715 590/807/713
f 589/809/715 593/729/635 596/741/647 590/807/713
f 582/808/714 580/761/667 577/760/666 589/809/715
f 589/809/715 577/760/666 591/726/632 593/729/635
f 2642/810/716 583/811/717 582/808/714 584/806/712
f 584/806/712 585/804/710 586/812/718 2642/810/716
f 586/812/718 585/804/710 587/802/708 2646/813/719
f 2646/813/719 587/802/708 598/800/706 2658/814/720
f 2658/814/720 598/800/706 599/718/624 2659/717/623
f 583/811/717 581/815/721 580/761/667 582/808/714
f 2624/758/664 576/757/663 579/762/668 578/816/722
f 609/735/641 604/737/643 605/795/701 606/817/723
f 606/817/723 607/797/703 617/736/642 609/735/641
f 628/740/646 631/739/645 633/745/651 629/755/661
f 613/720/626 611/734/640 603/733/639 604/737/643
f 579/762/668 580/761/667 581/815/721 578/816/722
f 627/738/644 596/741/647 593/729/635 626/742/648
f 626/742/648 593/729/635 592/725/631 625/728/634
f 663/818/724 664/819/725 660/820/726 661/821/727
f 663/818/724 661/821/727 662/822/728
f 665/823/729 666/824/730 667/825/731 668/826/732
f 665/823/729 668/826/732 669/827/733
f 670/828/734 671/829/735 672/830/736 647/831/737
f 647/831/737 673/832/738 657/833/739 670/828/734
f 672/830/736 674/834/740 673/832/738 647/831/737
f 676/835/741 677/836/742 678/837/743
f 676/835/741 678/837/743 679/838/744 675/839/745
f 656/840/746 680/841/747 681/842/748 648/843/749
f 652/844/750 684/845/751 685/846/752 649/847/753
f 649/847/753 686/848/754 687/849/755 652/844/750
f 685/846/752 688/850/756 686/848/754 649/847/753
f 650/851/757 690/852/758 691/853/759 689/854/760
f 671/829/735 692/855/761 682/856/762 651/857/763
f 693/858/764 672/830/736 671/829/735 651/857/763
f 688/850/756 685/846/752 693/859/764 651/860/763
f 694/861/765 695/862/766 684/845/751 652/844/750
f 696/863/767 697/864/768 694/861/765 652/844/750
f 653/865/769 702/866/770 669/827/733 668/826/732
f 653/865/769 668/826/732 667/825/731 703/867/771
f 703/867/771 654/868/772 702/866/770 653/865/769
f 704/869/773 705/870/774 706/871/775 654/868/772
f 654/868/772 706/871/775 662/822/728 702/866/770
f 676/835/741 675/839/745 704/869/773 654/868/772
f 655/872/776 694/861/765 697/864/768 707/873/777
f 707/873/777 708/874/778 709/875/779 655/872/776
f 655/872/776 709/875/779 695/862/766 694/861/765
f 648/843/749 711/876/780 710/877/781 656/840/746
f 673/832/738 704/869/773 675/839/745 657/833/739
f 712/878/782 745/879/783 744/880/784 658/881/785
f 709/875/779 713/882/786 695/862/766
f 663/818/724 662/822/728 706/871/775 709/883/779
f 706/871/775 705/870/774 713/884/786 709/883/779
f 656/840/746 710/877/781 714/885/787 659/886/788
f 715/887/789 731/888/790 656/840/746 659/886/788
f 659/886/788 714/885/787 716/889/791 715/887/789
f 717/890/792 723/891/793 727/892/794 716/889/791
f 716/889/791 727/892/794 729/893/795 715/887/789
f 716/889/791 714/885/787 718/894/796 717/890/792
f 718/894/796 679/838/744 719/895/797 717/890/792
f 714/885/787 710/877/781 657/833/739 718/894/796
f 718/894/796 657/833/739 675/839/745 679/838/744
f 719/895/797 720/896/798 721/897/799 722/898/800
f 722/898/800 723/891/793 717/890/792 719/895/797
f 719/895/797 679/838/744 678/837/743 720/896/798
f 723/891/793 722/898/800 724/899/801 725/900/802
f 725/900/802 726/901/803 727/892/794 723/891/793
f 727/892/794 726/901/803 728/902/804 729/893/795
f 728/902/804 759/903/805 730/904/806 729/893/795
f 730/904/806 731/888/790 715/887/789 729/893/795
f 730/904/806 735/905/807 732/906/808 731/888/790
f 731/888/790 732/906/808 680/841/747 656/840/746
f 735/905/807 736/907/809 733/908/810 732/906/808
f 732/906/808 733/908/810 734/909/811 680/841/747
f 683/910/812 681/842/748 680/841/747 734/909/811
f 736/907/809 698/911/813 699/912/814 733/908/810
f 735/905/807 737/913/815 738/914/816 736/907/809
f 736/907/809 738/914/816 700/915/817 698/911/813
f 738/914/816 737/913/815 739/916/818 740/917/819
f 740/917/819 701/918/820 700/915/817 738/914/816
f 741/919/821 687/849/755 701/918/820 740/917/819
f 740/917/819 739/916/818 742/920/822 741/919/821
f 743/921/823 696/863/767 741/919/821 742/920/822
f 739/916/818 744/880/784 745/879/783 742/920/822
f 745/879/783 746/922/824 743/921/823 742/920/822
f 746/922/824 747/923/825 748/924/826 743/921/823
f 746/922/824 749/925/827 750/926/828 747/923/825
f 750/926/828 751/927/829 689/854/760 747/923/825
f 751/927/829 752/928/830 650/851/757 689/854/760
f 751/927/829 754/929/831 755/930/832 752/928/830
f 752/928/830 755/930/832 756/931/833 753/932/834
f 756/931/833 660/820/726 664/819/725 753/932/834
f 756/931/833 755/930/832 757/933/835 666/824/730
f 666/824/730 665/823/729 660/820/726 756/931/833
f 755/930/832 754/929/831 721/897/799 757/933/835
f 757/933/835 721/897/799 720/896/798 758/934/836
f 758/934/836 667/825/731 666/824/730 757/933/835
f 720/896/798 678/837/743 677/836/742 758/934/836
f 677/836/742 703/867/771 667/825/731 758/934/836
f 754/929/831 751/927/829 750/926/828 724/899/801
f 754/929/831 724/899/801 722/898/800 721/897/799
f 664/819/725 708/935/778 690/936/758 753/932/834
f 753/932/834 690/936/758 650/937/757 752/938/830
f 708/939/778 664/819/725 663/818/724 709/883/779
f 749/925/827 725/900/802 724/899/801 750/926/828
f 712/878/782 726/901/803 725/900/802 749/925/827
f 746/922/824 745/879/783 712/878/782 749/925/827
f 748/924/826 691/853/759 707/873/777 697/864/768
f 748/924/826 697/864/768 696/863/767 743/921/823
f 748/924/826 747/923/825 689/854/760 691/853/759
f 744/880/784 739/916/818 737/913/815 759/903/805
f 759/903/805 737/913/815 735/905/807 730/904/806
f 696/863/767 652/844/750 687/849/755 741/919/821
f 728/902/804 658/881/785 744/880/784 759/903/805
f 726/901/803 712/878/782 658/881/785 728/902/804
f 705/870/774 674/834/740 760/940/837 713/884/786
f 760/941/837 684/845/751 695/862/766 713/882/786
f 760/940/837 674/834/740 672/830/736 693/858/764
f 760/941/837 693/859/764 685/846/752 684/845/751
f 670/828/734 657/833/739 710/877/781 711/876/780
f 648/843/749 681/842/748 692/855/761 711/876/780
f 711/876/780 692/855/761 671/829/735 670/828/734
f 708/874/778 707/873/777 691/853/759 690/852/758
f 705/870/774 704/869/773 673/832/738 674/834/740
f 654/868/772 703/867/771 677/836/742 676/835/741
f 662/822/728 661/821/727 669/827/733 702/866/770
f 692/855/761 681/842/748 683/910/812 682/856/762
f 661/821/727 660/820/726 665/823/729 669/827/733
f 779/942/838 780/943/839 781/944/840 778/945/841
f 778/945/841 902/946/842 906/947/843
f 777/948/844 761/949/845 779/942/838
f 762/950/846 783/951/847 777/948/844 784/952/848
f 762/950/846 785/953/849 786/954/850 763/955/851
f 779/942/838 778/945/841 782/956/852 777/948/844
f 857/957/853 858/958/854 790/959/855 767/960/856
f 857/957/853 767/960/856 789/961/857
f 809/962/858 922/963/859 791/964/860 792/965/861
f 764/966/862 928/967/863 929/968/864 793/969/865
f 794/970/866 927/971/867 928/967/863 764/966/862
f 764/972/862 793/973/865 795/974/868 794/975/866
f 799/976/869 800/977/870 796/978/871 765/979/872
f 788/980/873 811/981/874 789/961/857 767/960/856
f 871/982/875 863/983/876 798/984/877 768/985/878
f 801/986/879 802/987/880 796/978/871 800/977/870
f 800/977/870 803/988/881 804/989/882
f 769/990/883 795/974/868 793/973/865 805/991/884
f 769/990/883 806/992/885 807/993/886 795/974/868
f 805/991/884 808/994/887 806/992/885 769/990/883
f 836/995/888 803/996/881 824/997/889 950/998/890
f 774/999/891 809/962/858 792/965/861
f 811/981/874 772/1000/892 812/1001/893
f 788/980/873 813/1002/894 810/1003/895 811/981/874
f 812/1001/893 814/1004/896 789/961/857 811/981/874
f 816/1005/897 817/1006/898 818/1007/899 819/1008/900
f 819/1008/900 820/1009/901 816/1005/897
f 770/1010/902 840/1011/903 821/1012/904 822/1013/905
f 870/1014/906 869/1015/907 948/1016/908 771/1017/909
f 823/1018/910 798/984/877 870/1019/906 771/1020/909
f 773/1021/911 824/1022/889 825/1023/912 771/1020/909
f 948/1016/908 947/1024/913 773/1025/911 771/1017/909
f 828/1026/914 826/1027/915 827/1028/916
f 828/1026/914 827/1028/916 820/1009/901
f 772/1000/892 811/981/874 831/1029/917 832/1030/918
f 772/1000/892 832/1030/918 833/1031/919 812/1001/893
f 947/1024/913 950/998/890 824/997/889 773/1025/911
f 774/1032/891 834/1033/920 835/1034/921
f 775/1035/922 804/1036/882 803/996/881 836/995/888
f 775/1035/922 836/995/888 837/1037/923 838/1038/924
f 775/1035/922 838/1038/924 839/1039/925
f 840/1040/903 770/1041/902 841/1042/926 918/1043/927
f 840/1011/903 835/1034/921 834/1033/920
f 767/960/856 790/959/855 787/1044/928
f 843/1045/929 841/1042/926 839/1039/925 838/1038/924
f 787/1044/928 788/980/873 767/960/856
f 838/1038/924 776/1046/930 844/1047/931 843/1045/929
f 844/1047/931 847/1048/932 917/1049/933 843/1045/929
f 776/1046/930 952/1050/934 845/1051/935 844/1047/931
f 845/1051/935 846/1052/936 847/1048/932 844/1047/931
f 846/1052/936 845/1051/935 848/1053/937 849/1054/938
f 850/1055/939 851/1056/940 852/1057/941 849/1054/938
f 853/1058/942 854/1059/943 851/1056/940 850/1055/939
f 853/1058/942 939/1060/944 818/1007/899 854/1059/943
f 817/1006/898 855/1061/945 854/1059/943 818/1007/899
f 833/1031/919 851/1056/940 854/1059/943 855/1061/945
f 855/1061/945 814/1004/896 812/1001/893 833/1031/919
f 856/1062/946 814/1004/896 855/1061/945 817/1006/898
f 856/1062/946 857/957/853 789/961/857 814/1004/896
f 859/1063/947 860/1064/948 858/958/854 857/957/853
f 863/983/876 871/982/875 858/958/854 860/1064/948
f 860/1065/948 859/1066/947 826/1067/915 861/1068/949
f 860/1065/948 861/1068/949 862/1069/950 863/983/876
f 861/1068/949 864/1070/951 829/1071/952 862/1069/950
f 829/1072/952 864/1073/951 865/1074/953 830/1075/954
f 891/1076/955 775/1035/922 839/1039/925
f 830/1075/954 865/1074/953 866/1077/956 867/1078/957
f 867/1078/957 868/1079/958 830/1075/954
f 869/1015/907 829/1072/952 830/1075/954 868/1079/958
f 870/1014/906 862/1080/950 829/1072/952 869/1015/907
f 870/1019/906 798/984/877 863/983/876 862/1069/950
f 953/1081/959 816/1005/897 820/1009/901 827/1028/916
f 856/1062/946 817/1006/898 816/1005/897 953/1081/959
f 859/1063/947 953/1081/959 827/1028/916 826/1027/915
f 857/957/853 856/1062/946 953/1081/959 859/1063/947
f 872/1082/960 790/959/855 858/958/854 871/982/875
f 786/954/850 785/953/849 790/959/855 872/1082/960
f 768/985/878 873/1083/961 872/1082/960 871/982/875
f 873/1083/961 823/1018/910 874/1084/962 875/1085/963
f 875/1085/963 786/954/850 872/1082/960 873/1083/961
f 768/985/878 798/984/877 823/1018/910 873/1083/961
f 875/1085/963 874/1084/962 799/976/869 876/1086/964
f 875/1085/963 876/1086/964 763/955/851 786/954/850
f 876/1086/964 799/976/869 765/979/872 877/1087/965
f 877/1087/965 762/950/846 763/955/851 876/1086/964
f 877/1087/965 765/979/872 796/978/871 878/1088/966
f 877/1087/965 878/1088/966 783/951/847 762/950/846
f 878/1088/966 796/978/871 802/987/880 879/1089/967
f 879/1089/967 777/948/844 783/951/847 878/1088/966
f 879/1089/967 802/987/880 880/1090/968 881/1091/969
f 879/1089/967 881/1091/969 761/949/845 777/948/844
f 881/1091/969 880/1090/968 882/1092/970 780/943/839
f 780/943/839 779/942/838 761/949/845 881/1091/969
f 882/1092/970 883/1093/971 884/1094/972 885/1095/973
f 885/1095/973 781/944/840 780/943/839 882/1092/970
f 880/1090/968 887/1096/974 883/1093/971 882/1092/970
f 887/1096/974 888/1097/975 886/1098/976 883/1093/971
f 824/1022/889 803/988/881 800/977/870 825/1023/912
f 888/1097/975 887/1096/974 801/986/879 890/1099/977
f 890/1100/977 891/1076/955 889/1101/978 888/1102/975
f 891/1076/955 890/1100/977 804/1036/882 775/1035/922
f 891/1076/955 842/1103/979 892/1104/980 889/1101/978
f 892/1104/980 893/1105/981 894/1106/982 889/1101/978
f 895/1107/983 896/1108/984 886/1098/976 894/1109/982
f 894/1109/982 886/1098/976 888/1097/975 889/1110/978
f 896/1108/984 895/1107/983 766/1111/985 797/1112/986
f 797/1112/986 897/1113/987 884/1094/972 896/1108/984
f 896/1108/984 884/1094/972 883/1093/971 886/1098/976
f 897/1113/987 898/1114/988 885/1095/973 884/1094/972
f 898/1114/988 899/1115/989 781/944/840 885/1095/973
f 900/1116/990 778/945/841 781/944/840 899/1115/989
f 900/1116/990 901/1117/991 902/946/842 778/945/841
f 902/946/842 901/1117/991 903/1118/992 904/1119/993
f 904/1119/993 905/1120/994 906/947/843 902/946/842
f 905/1120/994 911/1121/995 907/1122/996 906/947/843
f 907/1122/996 782/956/852 778/945/841 906/947/843
f 907/1122/996 908/1123/997 909/1124/998 782/956/852
f 784/952/848 777/948/844 782/956/852 909/1124/998
f 908/1123/997 810/1003/895 813/1002/894 909/1124/998
f 909/1124/998 813/1002/894 910/1125/999 784/952/848
f 785/953/849 762/950/846 784/952/848 910/1125/999
f 813/1002/894 788/980/873 787/1044/928 910/1125/999
f 787/1044/928 790/959/855 785/953/849 910/1125/999
f 908/1123/997 907/1122/996 911/1121/995 912/1126/1000
f 912/1126/1000 913/1127/1001 810/1003/895 908/1123/997
f 913/1127/1001 912/1126/1000 916/1128/1002 914/1129/1003
f 913/1127/1001 914/1129/1003 915/1130/1004 831/1029/917
f 913/1127/1001 831/1029/917 811/981/874 810/1003/895
f 852/1057/941 832/1030/918 831/1029/917 915/1130/1004
f 851/1056/940 833/1031/919 832/1030/918 852/1057/941
f 915/1130/1004 914/1129/1003 847/1048/932 846/1052/936
f 846/1052/936 849/1054/938 852/1057/941 915/1130/1004
f 847/1048/932 914/1129/1003 916/1128/1002 917/1049/933
f 841/1042/926 843/1045/929 917/1049/933 918/1043/927
f 918/1043/927 920/1131/1005 919/1132/1006 840/1040/903
f 920/1131/1005 916/1128/1002 912/1126/1000 911/1121/995
f 920/1131/1005 918/1043/927 917/1049/933 916/1128/1002
f 911/1121/995 905/1120/994 919/1132/1006 920/1131/1005
f 905/1120/994 904/1119/993 921/1133/1007 919/1132/1006
f 921/1133/1007 815/1134/1008 774/999/891 835/1135/921
f 835/1135/921 840/1040/903 919/1132/1006 921/1133/1007
f 904/1119/993 903/1118/992 815/1134/1008 921/1133/1007
f 901/1117/991 922/963/859 809/962/858 903/1118/992
f 809/962/858 774/999/891 815/1134/1008 903/1118/992
f 922/963/859 924/1136/1009 923/1137/1010 791/964/860
f 924/1136/1009 922/963/859 901/1117/991 900/1116/990
f 900/1116/990 899/1115/989 925/1138/1011 924/1136/1009
f 925/1138/1011 927/971/867 794/970/866 926/1139/1012
f 926/1139/1012 923/1137/1010 924/1136/1009 925/1138/1011
f 925/1138/1011 899/1115/989 898/1114/988 927/971/867
f 898/1114/988 897/1113/987 928/967/863 927/971/867
f 928/967/863 897/1113/987 797/1112/986 929/968/864
f 929/968/864 797/1112/986 766/1111/985 930/1140/1013
f 930/1140/1013 805/1141/884 793/969/865 929/968/864
f 930/1140/1013 931/1142/1014 808/1143/887 805/1141/884
f 931/1142/1014 893/1144/981 932/1145/1015 808/1143/887
f 933/1146/1016 806/992/885 808/994/887 932/1147/1015
f 893/1105/981 892/1104/980 934/1148/1017 932/1147/1015
f 932/1147/1015 934/1148/1017 935/1149/1018 933/1146/1016
f 935/1149/1018 936/1150/1019 937/1151/1020 933/1146/1016
f 807/993/886 806/992/885 933/1146/1016 937/1151/1020
f 937/1151/1020 936/1150/1019 791/1152/860 923/1153/1010
f 923/1153/1010 926/1154/1012 807/993/886 937/1151/1020
f 935/1149/1018 821/1012/904 938/1155/1021 936/1150/1019
f 936/1150/1019 938/1155/1021 792/1156/861 791/1152/860
f 821/1012/904 840/1011/903 834/1033/920 938/1155/1021
f 834/1033/920 774/1032/891 792/1156/861 938/1155/1021
f 934/1148/1017 822/1013/905 821/1012/904 935/1149/1018
f 892/1104/980 842/1103/979 822/1157/905 934/1148/1017
f 842/1103/979 841/1042/926 770/1041/902 822/1157/905
f 930/1140/1013 766/1111/985 895/1107/983 931/1142/1014
f 931/1142/1014 895/1107/983 894/1109/982 893/1144/981
f 926/1154/1012 794/975/866 795/974/868 807/993/886
f 801/986/879 800/977/870 804/989/882 890/1099/977
f 887/1096/974 880/1090/968 802/987/880 801/986/879
f 874/1084/962 825/1023/912 800/977/870 799/976/869
f 823/1018/910 771/1020/909 825/1023/912 874/1084/962
f 942/1158/1022 850/1055/939 849/1054/938 848/1053/937
f 943/1159/1023 942/1158/1022 848/1053/937 951/1160/1024
f 951/1160/1024 848/1053/937 845/1051/935 952/1050/934
f 819/1008/900 818/1007/899 939/1060/944 940/1161/1025
f 940/1161/1025 828/1026/914 820/1009/901 819/1008/900
f 828/1026/914 940/1161/1025 865/1074/953 864/1073/951
f 842/1103/979 839/1039/925 841/1042/926
f 864/1070/951 861/1068/949 826/1067/915 828/1162/914
f 940/1161/1025 939/1060/944 866/1077/956 865/1074/953
f 842/1103/979 891/1076/955 839/1039/925
f 853/1058/942 941/1163/1026 866/1077/956 939/1060/944
f 941/1163/1026 853/1058/942 850/1055/939 942/1158/1022
f 941/1163/1026 942/1158/1022 943/1159/1023 944/1164/1027
f 941/1163/1026 944/1164/1027 867/1078/957 866/1077/956
f 776/1046/930 838/1038/924 837/1037/923 952/1050/934
f 943/1159/1023 945/1165/1028 946/1166/1029 944/1164/1027
f 946/1166/1029 868/1079/958 867/1078/957 944/1164/1027
f 945/1165/1028 947/1024/913 948/1016/908 946/1166/1029
f 948/1016/908 869/1015/907 868/1079/958 946/1166/1029
f 947/1024/913 945/1165/1028 949/1167/1030 950/998/890
f 950/998/890 949/1167/1030 837/1037/923 836/995/888
f 949/1167/1030 951/1160/1024 952/1050/934 837/1037/923
f 945/1165/1028 943/1159/1023 951/1160/1024 949/1167/1030
f 983/1168/1031 981/1169/1032 976/1170/1033 978/1171/1034
f 980/1172/1035 979/1173/1036 990/1174/1037
f 1012/1175/1038 1010/1176/1039 955/1177/1040
f 1032/1178/1041 1031/1179/1042 1037/1180/1043 1042/1181/1044
f 1042/1181/1044 1044/1182/1045 1034/1183/1046 1032/1178/1041
f 1023/1184/1047 1027/1185/1048 1026/1186/1049 1021/1187/1050
f 1027/1185/1048 1050/1188/1051 1028/1189/1052 1026/1186/1049
f 1049/1190/1053 1048/1191/1054 1028/1192/1052 1050/1193/1051
f 1050/1193/1051 1056/1194/1055 1055/1195/1056 1049/1190/1053
f 1049/1190/1053 1055/1195/1056 1051/1196/1057 1047/1197/1058
f 1046/1198/1059 1048/1191/1054 1049/1190/1053 1047/1197/1058
f 1047/1197/1058 1025/1199/1060 1024/1200/1061 1046/1198/1059
f 1019/1201/1062 1018/1202/1063 1024/1200/1061 1025/1199/1060
f 1018/1202/1063 1019/1201/1062 1014/1203/1064 1011/1204/1065
f 1014/1203/1064 954/1205/1066 1010/1176/1039 1011/1204/1065
f 954/1205/1066 1014/1203/1064 1013/1206/1067 959/1207/1068
f 959/1207/1068 1013/1206/1067 1017/1208/1069 957/1209/1070
f 967/1210/1071 966/1211/1072 963/1212/1073 964/1213/1074
f 964/1213/1074 998/1214/1075 970/1215/1076 967/1210/1071
f 967/1210/1071 970/1215/1076 968/1216/1077 960/1217/1078
f 968/1216/1077 1032/1178/1041 1023/1184/1047 1015/1218/1079
f 1015/1218/1079 1023/1184/1047 1021/1187/1050 1016/1219/1080
f 968/1216/1077 970/1215/1076 1031/1179/1042 1032/1178/1041
f 998/1214/1075 1006/1220/1081 1031/1179/1042 970/1215/1076
f 1007/1221/1082 1037/1180/1043 1031/1179/1042 1006/1220/1081
f 1009/1222/1083 1038/1223/1084 1037/1180/1043 1007/1221/1082
f 1038/1223/1084 1043/1224/1085 1042/1181/1044 1037/1180/1043
f 1044/1182/1045 1042/1181/1044 1043/1224/1085 1054/1225/1086
f 1054/1225/1086 1060/1226/1087 1057/1227/1088 1044/1182/1045
f 1056/1228/1055 1034/1183/1046 1044/1182/1045 1057/1227/1088
f 1057/1229/1088 1058/1230/1089 1055/1195/1056 1056/1194/1055
f 1058/1230/1089 1052/1231/1090 1051/1196/1057 1055/1195/1056
f 1058/1230/1089 1059/1232/1091 1053/1233/1092 1052/1231/1090
f 1058/1230/1089 1057/1229/1088 1060/1234/1087 1059/1232/1091
f 1041/1235/1093 1036/1236/1094 1040/1237/1095
f 1041/1235/1093 1040/1237/1095 1053/1233/1092
f 1036/1236/1094 1039/1238/1096 1035/1239/1097 1030/1240/1098
f 1039/1238/1096 1008/1241/1099 1005/1242/1100 1035/1239/1097
f 1035/1239/1097 1005/1242/1100 1000/1243/1101 999/1244/1102
f 999/1244/1102 1029/1245/1103 1030/1240/1098 1035/1239/1097
f 1022/1246/1104 1033/1247/1105 1030/1240/1098 1029/1245/1103
f 1029/1245/1103 1017/1208/1069 1013/1206/1067 1022/1246/1104
f 1022/1246/1104 1019/1201/1062 1025/1199/1060 1033/1247/1105
f 1013/1206/1067 1014/1203/1064 1019/1201/1062 1022/1246/1104
f 1029/1245/1103 999/1244/1102 969/1248/1106 1017/1208/1069
f 999/1244/1102 1000/1243/1101 962/1249/1107 969/1248/1106
f 962/1249/1107 961/1250/1108 965/1251/1109 969/1248/1106
f 969/1248/1106 965/1251/1109 957/1209/1070 1017/1208/1069
f 963/1212/1073 966/1211/1072 965/1251/1109 961/1250/1108
f 963/1212/1073 961/1250/1108 972/1252/1110 973/1253/1111
f 973/1253/1111 974/1254/1112 964/1213/1074 963/1212/1073
f 974/1254/1112 975/1255/1113 998/1214/1075 964/1213/1074
f 997/1256/1114 1006/1220/1081 998/1214/1075 975/1255/1113
f 997/1256/1114 1004/1257/1115 1007/1221/1082 1006/1220/1081
f 1003/1258/1116 1009/1259/1083 1007/1260/1082 1004/1261/1115
f 1002/1262/1117 1001/1263/1118 1005/1242/1100 1008/1241/1099
f 1005/1242/1100 1001/1263/1118 996/1264/1119 1000/1243/1101
f 1000/1243/1101 996/1264/1119 971/1265/1120 962/1249/1107
f 972/1252/1110 961/1250/1108 962/1249/1107 971/1265/1120
f 976/1170/1033 977/1266/1121 973/1253/1111 972/1252/1110
f 973/1253/1111 977/1266/1121 979/1173/1036 974/1254/1112
f 974/1254/1112 979/1173/1036 980/1172/1035 975/1255/1113
f 991/1267/1122 997/1256/1114 975/1255/1113 980/1172/1035
f 994/1268/1123 1004/1257/1115 997/1256/1114 991/1267/1122
f 995/1269/1124 1003/1258/1116 1004/1261/1115 994/1270/1123
f 987/1271/1125 988/1272/1126 1001/1263/1118 1002/1262/1117
f 1001/1263/1118 988/1272/1126 983/1168/1031 996/1264/1119
f 988/1272/1126 984/1273/1127 981/1169/1032 983/1168/1031
f 981/1169/1032 982/1274/1128 977/1266/1121 976/1170/1033
f 977/1266/1121 982/1274/1128 990/1174/1037 979/1173/1036
f 982/1274/1128 986/1275/1129 992/1276/1130 990/1174/1037
f 991/1267/1122 980/1172/1035 990/1174/1037 992/1276/1130
f 991/1267/1122 992/1276/1130 993/1277/1131 994/1268/1123
f 992/1276/1130 986/1275/1129 985/1278/1132 993/1277/1131
f 984/1273/1127 989/1279/1133 985/1278/1132 986/1275/1129
f 989/1279/1133 984/1273/1127 988/1272/1126 987/1271/1125
f 982/1274/1128 981/1169/1032 984/1273/1127 986/1275/1129
f 972/1252/1110 971/1265/1120 978/1171/1034 976/1170/1033
f 996/1264/1119 983/1168/1031 978/1171/1034 971/1265/1120
f 1050/1188/1051 1027/1185/1048 1034/1183/1046 1056/1228/1055
f 1047/1197/1058 1051/1196/1057 1033/1247/1105 1025/1199/1060
f 1023/1184/1047 1032/1178/1041 1034/1183/1046 1027/1185/1048
f 960/1217/1078 968/1216/1077 1015/1218/1079 956/1280/1134
f 1010/1176/1039 954/1205/1066 955/1177/1040
f 1012/1175/1038 955/1177/1040 956/1280/1134
f 959/1207/1068 955/1177/1040 954/1205/1066
f 965/1251/1109 966/1211/1072 958/1281/1135 957/1209/1070
f 958/1281/1135 955/1177/1040 959/1207/1068 957/1209/1070
f 955/1177/1040 958/1281/1135 960/1217/1078 956/1280/1134
f 958/1281/1135 966/1211/1072 967/1210/1071 960/1217/1078
f 993/1282/1131 995/1269/1124 994/1270/1123
f 1009/1259/1083 1003/1258/1116 1045/1283/1136
f 1003/1258/1116 995/1269/1124 1045/1283/1136
f 995/1269/1124 993/1282/1131 1045/1283/1136
f 993/1282/1131 985/1284/1132 1045/1283/1136
f 985/1284/1132 989/1285/1133 1045/1283/1136
f 989/1285/1133 987/1286/1125 1045/1283/1136
f 987/1286/1125 1002/1287/1117 1045/1283/1136
f 1002/1287/1117 1008/1288/1099 1045/1283/1136
f 1008/1288/1099 1039/1289/1096 1045/1283/1136
f 1039/1289/1096 1036/1290/1094 1045/1283/1136
f 1036/1290/1094 1041/1291/1093 1045/1283/1136
f 1041/1291/1093 1053/1292/1092 1045/1283/1136
f 1053/1292/1092 1059/1293/1091 1045/1283/1136
f 1059/1293/1091 1060/1294/1087 1045/1283/1136
f 1060/1294/1087 1054/1295/1086 1045/1283/1136
f 1054/1295/1086 1043/1296/1085 1045/1283/1136
f 1043/1296/1085 1038/1297/1084 1045/1283/1136
f 1038/1297/1084 1009/1259/1083 1045/1283/1136
f 1012/1175/1038 956/1280/1134 1015/1218/1079 1016/1219/1080
f 1036/1236/1094 1030/1240/1098 1040/1237/1095
f 1040/1237/1095 1030/1240/1098 1033/1247/1105
f 1040/1237/1095 1052/1231/1090 1053/1233/1092
f 1051/1196/1057 1052/1231/1090 1040/1237/1095 1033/1247/1105
f 1026/1298/1049 1028/1299/1052 1020/1300/1137
f 1028/1299/1052 1048/1301/1054 1020/1300/1137
f 1048/1301/1054 1046/1302/1059 1020/1300/1137
f 1046/1302/1059 1024/1303/1061 1020/1300/1137
f 1024/1303/1061 1018/1304/1063 1020/1300/1137
f 1018/1304/1063 1011/1305/1065 1020/1300/1137
f 1011/1305/1065 1010/1306/1039 1020/1300/1137
f 1010/1306/1039 1012/1307/1038 1020/1300/1137
f 1012/1307/1038 1016/1308/1080 1020/1300/1137
f 1016/1308/1080 1021/1309/1050 1020/1300/1137
f 1021/1309/1050 1026/1298/1049 1020/1300/1137
f 1066/1310/1138 1061/1311/1139 1062/1312/1140 1065/1313/1141
f 1062/1312/1140 1063/1314/1142 1067/1315/1143 1065/1313/1141
f 1076/1316/1144 1075/1317/1145 1073/1318/1146
f 1086/1319/1147 1084/1320/1148 1077/1321/1149 1076/1316/1144
f 1080/1322/1150 1085/1323/1151 1086/1319/1147 1076/1316/1144
f 1101/1324/1152 1086/1325/1147 1085/1326/1151 1099/1327/1153
f 1099/1327/1153 1085/1326/1151 1092/1328/1154
f 1089/1329/1155 1094/1330/1156 1090/1331/1157
f 1090/1331/1157 1088/1332/1158 1089/1329/1155
f 1101/1324/1152 1099/1327/1153 1102/1333/1159 1097/1334/1160
f 1109/1335/1161 1108/1336/1162 1107/1337/1163 1110/1338/1164
f 1122/1339/1165 1112/1340/1166 1117/1341/1167 1121/1342/1168
f 1104/1343/1169 1120/1344/1170 1121/1342/1168 1117/1341/1167
f 1117/1341/1167 1115/1345/1171 1098/1346/1172 1104/1343/1169
f 1101/1324/1152 1097/1334/1160 1104/1343/1169 1098/1346/1172
f 1115/1345/1171 1068/1347/1173 1084/1348/1148 1098/1346/1172
f 1084/1348/1148 1086/1325/1147 1101/1324/1152 1098/1346/1172
f 1068/1349/1173 1063/1314/1142 1077/1321/1149 1084/1320/1148
f 1063/1314/1142 1062/1312/1140 1070/1350/1174 1077/1321/1149
f 1075/1317/1145 1076/1316/1144 1077/1321/1149 1070/1350/1174
f 1070/1350/1174 1062/1312/1140 1061/1311/1139 1071/1351/1175
f 1071/1351/1175 1072/1352/1176 1075/1317/1145 1070/1350/1174
f 1072/1352/1176 1074/1353/1177 1073/1318/1146 1075/1317/1145
f 1074/1353/1177 1072/1352/1176 1081/1354/1178 1082/1355/1179
f 1082/1355/1179 1083/1356/1180 1078/1357/1181 1074/1353/1177
f 1082/1355/1179 1081/1354/1178 1089/1329/1155
f 1082/1355/1179 1089/1329/1155 1088/1332/1158 1083/1356/1180
f 1072/1352/1176 1071/1351/1175 1069/1358/1182 1081/1354/1178
f 1069/1358/1182 1087/1359/1183 1089/1329/1155 1081/1354/1178
f 1069/1358/1182 1064/1360/1184 1108/1336/1162 1087/1359/1183
f 1087/1359/1183 1108/1336/1162 1109/1335/1161 1116/1361/1185
f 1087/1359/1183 1116/1361/1185 1094/1330/1156 1089/1329/1155
f 1109/1335/1161 1114/1362/1186 1118/1363/1187 1116/1361/1185
f 1116/1361/1185 1118/1363/1187 1095/1364/1188 1094/1330/1156
f 1095/1364/1188 1096/1365/1189 1090/1331/1157 1094/1330/1156
f 1096/1365/1189 1095/1364/1188 1103/1366/1190 1100/1367/1191
f 1100/1367/1191 1093/1368/1192 1091/1369/1193 1096/1365/1189
f 1103/1366/1190 1102/1333/1159 1099/1327/1153 1100/1367/1191
f 1099/1327/1153 1092/1328/1154 1093/1368/1192 1100/1367/1191
f 1103/1366/1190 1095/1364/1188 1118/1363/1187 1119/1370/1194
f 1119/1370/1194 1120/1344/1170 1102/1333/1159 1103/1366/1190
f 1119/1370/1194 1118/1363/1187 1114/1362/1186 1122/1339/1165
f 1122/1339/1165 1121/1342/1168 1120/1344/1170 1119/1370/1194
f 1114/1362/1186 1109/1335/1161 1110/1338/1164 1113/1371/1195
f 1113/1371/1195 1112/1340/1166 1122/1339/1165 1114/1362/1186
f 1111/1372/1196 1115/1345/1171 1117/1341/1167 1112/1340/1166
f 1115/1345/1171 1111/1372/1196 1106/1373/1197 1068/1347/1173
f 1061/1311/1139 1064/1360/1184 1069/1358/1182 1071/1351/1175
f 1067/1315/1143 1063/1314/1142 1068/1349/1173 1106/1374/1197
f 1064/1360/1184 1061/1311/1139 1066/1310/1138 1105/1375/1198
f 1105/1375/1198 1107/1337/1163 1108/1336/1162 1064/1360/1184
f 1091/1369/1193 1088/1332/1158 1090/1331/1157 1096/1365/1189
f 1079/1376/1199 1073/1318/1146 1074/1353/1177 1078/1357/1181
f 1120/1344/1170 1104/1343/1169 1097/1334/1160 1102/1333/1159
f 1080/1322/1150 1076/1316/1144 1073/1318/1146 1079/1376/1199
f 1144/1377/1200 1145/1378/1201 1127/1379/1202 1123/1380/1203
f 1146/1381/1204 1147/1382/1205 1144/1377/1200 1123/1380/1203
f 1149/1383/1206 1132/1384/1207 1135/1385/1208 1148/1386/1209
f 1152/1387/1210 1136/1388/1211 1158/1389/1212 1124/1390/1213
f 1124/1391/1213 1153/1392/1214 1154/1393/1215 1155/1394/1216
f 1138/1395/1217 1156/1396/1218 1152/1387/1210 1124/1390/1213
f 1124/1390/1213 1158/1389/1212 1278/1397/1219 1153/1398/1214
f 1136/1388/1211 1152/1387/1210 1157/1399/1220
f 1125/1400/1221 1159/1401/1222 1226/1402/1223 1211/1403/1224
f 1211/1403/1224 1212/1404/1225 1134/1405/1226 1125/1400/1221
f 1125/1400/1221 1134/1405/1226 1140/1406/1227 1159/1401/1222
f 1126/1407/1228 1160/1408/1229 1127/1379/1202 1161/1409/1230
f 1161/1410/1230 1162/1411/1231 1163/1412/1232 1126/1413/1228
f 1163/1414/1232 1146/1381/1204 1160/1408/1229 1126/1407/1228
f 1164/1415/1233 1165/1416/1234 1161/1409/1230 1127/1379/1202
f 1127/1379/1202 1145/1378/1201 1166/1417/1235 1164/1415/1233
f 1167/1418/1236 1168/1419/1237 1169/1420/1238 1128/1421/1239
f 1169/1420/1238 1170/1422/1240 1171/1423/1241 1128/1421/1239
f 1128/1421/1239 1171/1424/1241 1172/1425/1242 1167/1418/1236
f 1173/1426/1243 1174/1427/1244 1175/1428/1245 1129/1429/1246
f 1236/1430/1247 1191/1431/1248 1143/1432/1249 1129/1429/1246
f 1176/1433/1250 1235/1434/1251 1236/1430/1247 1129/1429/1246
f 1175/1428/1245 1177/1435/1252 1176/1433/1250 1129/1429/1246
f 1143/1432/1249 1178/1436/1253 1173/1426/1243 1129/1429/1246
f 1130/1437/1254 1179/1438/1255 1180/1439/1256 1181/1440/1257
f 1137/1441/1258 1131/1442/1259 1182/1443/1260 1130/1437/1254
f 1181/1440/1257 1183/1444/1261 1137/1441/1258 1130/1437/1254
f 1186/1445/1262 1187/1446/1263 1184/1447/1264 1185/1448/1265
f 1186/1445/1262 1185/1448/1265 1188/1449/1266
f 1189/1450/1267 1190/1451/1268 1182/1452/1260 1131/1453/1259
f 1131/1442/1259 1137/1441/1258 1183/1444/1261 1191/1431/1248
f 1180/1439/1256 1142/1454/1269 1192/1455/1270
f 1192/1455/1270 1193/1456/1271 1181/1440/1257 1180/1439/1256
f 1194/1457/1272 1195/1458/1273 1135/1385/1208 1132/1384/1207
f 1132/1384/1207 1150/1459/1274 1196/1460/1275 1194/1457/1272
f 1148/1461/1209 1135/1462/1208 1195/1463/1273 1197/1464/1276
f 1133/1465/1277 1198/1466/1278 1199/1467/1279 1200/1468/1280
f 1201/1469/1281 1202/1470/1282 1198/1466/1278 1133/1465/1277
f 1133/1465/1277 1200/1468/1280 1203/1471/1283 1201/1469/1281
f 1134/1405/1226 1212/1404/1225 1204/1472/1284 1140/1406/1227
f 1136/1388/1211 1205/1473/1285 1206/1474/1286 1158/1389/1212
f 1207/1475/1287 1140/1406/1227 1156/1476/1218 1138/1477/1217
f 1138/1478/1217 1124/1479/1213 1155/1394/1216 1207/1475/1287
f 1139/1480/1288 1208/1481/1289 1199/1482/1279 1198/1483/1278
f 1198/1483/1278 1202/1484/1282 1209/1485/1290 1139/1480/1288
f 1139/1480/1288 1209/1485/1290 1210/1486/1291 1208/1481/1289
f 1204/1472/1284 1213/1487/1292 1156/1488/1218 1140/1406/1227
f 1214/1489/1293 1215/1490/1294 1179/1438/1255 1141/1491/1295
f 1216/1492/1296 1217/1493/1297 1214/1489/1293 1141/1491/1295
f 1218/1494/1298 1219/1495/1299 1216/1492/1296 1141/1491/1295
f 1220/1496/1300 1221/1497/1301 1218/1494/1298 1141/1491/1295
f 1179/1438/1255 1130/1437/1254 1220/1496/1300 1141/1491/1295
f 1142/1454/1269 1215/1490/1294 1222/1498/1302 1192/1455/1270
f 1142/1454/1269 1180/1439/1256 1179/1438/1255 1215/1490/1294
f 1191/1431/1248 1183/1444/1261 1178/1436/1253 1143/1432/1249
f 1183/1444/1261 1181/1440/1257 1193/1456/1271 1178/1436/1253
f 1215/1490/1294 1214/1489/1293 1223/1499/1303 1222/1498/1302
f 1223/1499/1303 1224/1500/1304 1225/1501/1305 1222/1498/1302
f 1222/1498/1302 1225/1501/1305 1193/1456/1271 1192/1455/1270
f 1225/1501/1305 1224/1500/1304 1174/1427/1244 1173/1426/1243
f 1173/1426/1243 1178/1436/1253 1193/1456/1271 1225/1501/1305
f 1224/1500/1304 1223/1499/1303 1212/1404/1225 1211/1403/1224
f 1211/1403/1224 1226/1402/1223 1174/1427/1244 1224/1500/1304
f 1226/1402/1223 1227/1502/1306 1175/1428/1245 1174/1427/1244
f 1227/1502/1306 1228/1503/1307 1177/1435/1252 1175/1428/1245
f 1228/1503/1307 1229/1504/1308 1230/1505/1309 1177/1435/1252
f 1229/1504/1308 1231/1506/1310 1232/1507/1311 1230/1505/1309
f 1232/1507/1311 1184/1447/1264 1233/1508/1312 1230/1505/1309
f 1230/1505/1309 1233/1508/1312 1176/1433/1250 1177/1435/1252
f 1184/1447/1264 1187/1446/1263 1234/1509/1313 1233/1508/1312
f 1233/1508/1312 1234/1509/1313 1235/1434/1251 1176/1433/1250
f 1234/1509/1313 1237/1510/1314 1238/1511/1315 1235/1434/1251
f 1235/1434/1251 1238/1511/1315 1239/1512/1316 1236/1430/1247
f 1239/1512/1316 1131/1442/1259 1191/1431/1248 1236/1430/1247
f 1238/1513/1315 1240/1514/1317 1241/1515/1318 1239/1516/1316
f 1241/1515/1318 1189/1450/1267 1131/1453/1259 1239/1516/1316
f 1240/1514/1317 1242/1517/1319 1243/1518/1320 1241/1515/1318
f 1243/1518/1320 1244/1519/1321 1189/1450/1267 1241/1515/1318
f 1244/1519/1321 1245/1520/1322 1190/1451/1268 1189/1450/1267
f 1243/1518/1320 1206/1474/1286 1205/1473/1285 1244/1519/1321
f 1244/1519/1321 1205/1473/1285 1246/1521/1323 1245/1520/1322
f 1247/1522/1324 1248/1523/1325 1245/1520/1322 1246/1521/1323
f 1205/1473/1285 1136/1388/1211 1249/1524/1326 1246/1521/1323
f 1249/1524/1326 1250/1525/1327 1247/1522/1324 1246/1521/1323
f 1250/1525/1327 1251/1526/1328 1252/1527/1329 1247/1522/1324
f 1250/1525/1327 1249/1524/1326 1253/1528/1330 1254/1529/1331
f 1254/1529/1331 1255/1530/1332 1251/1526/1328 1250/1525/1327
f 1255/1530/1332 1256/1531/1333 1257/1532/1334 1251/1526/1328
f 1255/1530/1332 1254/1529/1331 1258/1533/1335 1259/1534/1336
f 1259/1534/1336 1147/1535/1205 1256/1531/1333 1255/1530/1332
f 1258/1536/1335 1260/1537/1337 1261/1538/1338 1259/1539/1336
f 1259/1539/1336 1261/1538/1338 1144/1377/1200 1147/1382/1205
f 1260/1537/1337 1262/1540/1339 1263/1541/1340 1261/1538/1338
f 1261/1538/1338 1263/1541/1340 1145/1378/1201 1144/1377/1200
f 1262/1540/1339 1216/1492/1296 1219/1495/1299 1263/1541/1340
f 1263/1541/1340 1219/1495/1299 1166/1417/1235 1145/1378/1201
f 1262/1540/1339 1260/1537/1337 1264/1542/1341 1265/1543/1342
f 1265/1543/1342 1217/1493/1297 1216/1492/1296 1262/1540/1339
f 1264/1542/1341 1204/1472/1284 1212/1404/1225 1265/1543/1342
f 1265/1543/1342 1212/1404/1225 1217/1493/1297
f 1260/1537/1337 1258/1544/1335 1266/1545/1343 1264/1542/1341
f 1264/1542/1341 1266/1546/1343 1213/1547/1292 1204/1472/1284
f 1266/1548/1343 1258/1533/1335 1254/1529/1331 1253/1528/1330
f 1266/1548/1343 1253/1528/1330 1157/1399/1220 1213/1549/1292
f 1257/1532/1334 1162/1411/1231 1267/1550/1344 1268/1551/1345
f 1268/1551/1345 1252/1527/1329 1251/1526/1328 1257/1532/1334
f 1256/1531/1333 1163/1412/1232 1162/1411/1231 1257/1532/1334
f 1268/1551/1345 1267/1550/1344 1201/1469/1281 1203/1471/1283
f 1203/1471/1283 1269/1552/1346 1252/1527/1329 1268/1551/1345
f 1269/1552/1346 1203/1471/1283 1200/1468/1280 1270/1553/1347
f 1270/1553/1347 1271/1554/1348 1248/1523/1325 1269/1552/1346
f 1269/1552/1346 1248/1523/1325 1247/1522/1324 1252/1527/1329
f 1271/1554/1348 1270/1553/1347 1272/1555/1349 1273/1556/1350
f 1273/1556/1350 1182/1452/1260 1190/1451/1268 1271/1554/1348
f 1190/1451/1268 1245/1520/1322 1248/1523/1325 1271/1554/1348
f 1273/1557/1350 1272/1558/1349 1221/1497/1301 1220/1496/1300
f 1220/1496/1300 1130/1437/1254 1182/1443/1260 1273/1557/1350
f 1272/1558/1349 1199/1482/1279 1208/1481/1289 1221/1497/1301
f 1272/1555/1349 1270/1553/1347 1200/1468/1280 1199/1467/1279
f 1267/1550/1344 1165/1559/1234 1202/1470/1282 1201/1469/1281
f 1162/1411/1231 1161/1410/1230 1165/1559/1234 1267/1550/1344
f 1256/1531/1333 1147/1535/1205 1146/1560/1204 1163/1412/1232
f 1249/1524/1326 1136/1388/1211 1157/1399/1220 1253/1528/1330
f 1242/1517/1319 1274/1561/1351 1206/1474/1286 1243/1518/1320
f 1274/1561/1351 1242/1517/1319 1275/1562/1352 1276/1563/1353
f 1276/1563/1353 1277/1564/1354 1278/1397/1219 1274/1561/1351
f 1274/1561/1351 1278/1397/1219 1158/1389/1212 1206/1474/1286
f 1197/1464/1276 1195/1463/1273 1279/1565/1355 1277/1564/1354
f 1277/1564/1354 1279/1565/1355 1153/1398/1214 1278/1397/1219
f 1195/1458/1273 1194/1457/1272 1280/1566/1356 1279/1567/1355
f 1279/1568/1355 1280/1566/1356 1154/1393/1215 1153/1569/1214
f 1194/1457/1272 1196/1460/1275 1281/1570/1357 1280/1566/1356
f 1281/1570/1357 1282/1571/1358 1154/1393/1215 1280/1566/1356
f 1282/1571/1358 1283/1572/1359 1155/1394/1216 1154/1393/1215
f 1281/1570/1357 1231/1506/1310 1229/1504/1308 1282/1571/1358
f 1229/1504/1308 1228/1503/1307 1283/1572/1359 1282/1571/1358
f 1231/1506/1310 1281/1570/1357 1196/1460/1275 1284/1573/1360
f 1151/1574/1361 1285/1575/1362 1286/1576/1363 1284/1573/1360
f 1284/1573/1360 1286/1576/1363 1232/1507/1311 1231/1506/1310
f 1286/1576/1363 1285/1575/1362 1188/1449/1266 1185/1448/1265
f 1185/1448/1265 1184/1447/1264 1232/1507/1311 1286/1576/1363
f 1285/1575/1362 1151/1574/1361 1149/1383/1206 1287/1577/1364
f 1287/1577/1364 1170/1578/1240 1188/1449/1266 1285/1575/1362
f 1288/1579/1365 1171/1580/1241 1170/1578/1240 1287/1577/1364
f 1287/1577/1364 1149/1383/1206 1148/1386/1209 1288/1579/1365
f 1289/1581/1366 1172/1425/1242 1171/1424/1241 1288/1582/1365
f 1288/1582/1365 1148/1461/1209 1197/1464/1276 1289/1581/1366
f 1289/1581/1366 1276/1563/1353 1275/1562/1352 1172/1425/1242
f 1289/1581/1366 1197/1464/1276 1277/1564/1354 1276/1563/1353
f 1196/1460/1275 1150/1459/1274 1151/1574/1361 1284/1573/1360
f 1283/1572/1359 1290/1583/1367 1207/1475/1287 1155/1394/1216
f 1228/1503/1307 1227/1502/1306 1290/1583/1367 1283/1572/1359
f 1159/1401/1222 1140/1406/1227 1207/1475/1287 1290/1583/1367
f 1227/1502/1306 1226/1402/1223 1159/1401/1222 1290/1583/1367
f 1242/1517/1319 1240/1514/1317 1291/1584/1368 1275/1562/1352
f 1291/1584/1368 1167/1418/1236 1172/1425/1242 1275/1562/1352
f 1291/1584/1368 1240/1514/1317 1238/1513/1315 1237/1585/1314
f 1291/1584/1368 1237/1585/1314 1168/1419/1237 1167/1418/1236
f 1237/1510/1314 1234/1509/1313 1187/1446/1263 1168/1586/1237
f 1214/1489/1293 1217/1493/1297 1212/1404/1225 1223/1499/1303
f 1208/1481/1289 1210/1486/1291 1218/1494/1298 1221/1497/1301
f 1219/1495/1299 1218/1494/1298 1210/1486/1291 1166/1417/1235
f 1157/1399/1220 1152/1387/1210 1156/1396/1218 1213/1549/1292
f 1209/1485/1290 1164/1415/1233 1166/1417/1235 1210/1486/1291
f 1202/1484/1282 1165/1416/1234 1164/1415/1233 1209/1485/1290
f 1188/1449/1266 1170/1578/1240 1169/1587/1238 1186/1445/1262
f 1186/1445/1262 1169/1587/1238 1168/1586/1237 1187/1446/1263
f 1123/1380/1203 1127/1379/1202 1160/1408/1229 1146/1381/1204
f 1151/1574/1361 1150/1459/1274 1132/1384/1207 1149/1383/1206
f 1548/1588/1369 1324/1589/1370 1322/1590/1371
f 1305/1591/1372 1320/1592/1373 1306/1593/1374
f 1320/1592/1373 1305/1591/1372 1304/1594/1375 1319/1595/1376
f 1320/1592/1373 1325/1596/1377 1326/1597/1378
f 1331/1598/1379 1318/1599/1380 1313/1600/1381
f 1333/1601/1382 1318/1599/1380 1331/1598/1379 1332/1602/1383
f 1327/1603/1384 1332/1602/1383 1331/1598/1379 1313/1600/1381
f 1334/1604/1385 1335/1605/1386 1339/1606/1387 1336/1607/1388
f 1334/1608/1385 1336/1609/1388 1343/1610/1389 1337/1611/1390
f 1337/1611/1390 1338/1612/1391 1335/1613/1386 1334/1608/1385
f 1342/1614/1392 1344/1615/1393 1348/1616/1394 1349/1617/1395
f 1342/1614/1392 1345/1618/1396 1346/1619/1397 1344/1615/1393
f 1342/1614/1392 1349/1617/1395 1353/1620/1398 1345/1618/1396
f 1348/1616/1394 1347/1621/1399 1352/1622/1400 1349/1617/1395
f 1355/1623/1401 1350/1624/1402 1356/1625/1403 1360/1626/1404
f 1355/1627/1401 1360/1628/1404 1357/1629/1405 1359/1630/1406
f 1359/1630/1406 1352/1622/1400 1350/1631/1402 1355/1627/1401
f 1363/1632/1407 1364/1633/1408 1367/1634/1409 1402/1635/1410
f 1387/1636/1411 1380/1637/1412 1388/1638/1413 1389/1639/1414
f 1389/1639/1414 1395/1640/1415 1390/1641/1416 1387/1636/1411
f 1387/1636/1411 1390/1641/1416 1381/1642/1417 1380/1637/1412
f 1390/1643/1416 1395/1644/1415 1396/1645/1418 1391/1646/1419
f 1396/1645/1418 1399/1647/1420 1393/1648/1421 1391/1646/1419
f 1393/1648/1421 1381/1649/1417 1390/1643/1416 1391/1646/1419
f 1392/1650/1422 1389/1639/1414 1388/1638/1413 1394/1651/1423
f 1392/1650/1422 1397/1652/1424 1395/1640/1415 1389/1639/1414
f 1394/1651/1423 1400/1653/1425 1397/1652/1424 1392/1650/1422
f 1398/1654/1426 1397/1652/1424 1400/1653/1425 1401/1655/1427
f 1398/1656/1426 1401/1657/1427 1399/1647/1420 1396/1645/1418
f 1396/1645/1418 1395/1644/1415 1397/1658/1424 1398/1656/1426
f 1403/1659/1428 1368/1660/1429 1299/1661/1430 1313/1600/1381
f 1411/1662/1431 1408/1663/1432 1403/1659/1428 1313/1600/1381
f 1318/1599/1380 1412/1664/1433 1411/1662/1431 1313/1600/1381
f 1376/1665/1434 1421/1666/1435 1420/1667/1436 1417/1668/1437
f 1420/1667/1436 1450/1669/1438 1433/1670/1439 1417/1668/1437
f 1433/1670/1439 1416/1671/1440 1410/1672/1441 1417/1668/1437
f 1428/1673/1442 1425/1674/1443 1418/1675/1444 1427/1676/1445
f 1432/1677/1446 1428/1673/1442 1427/1676/1445 1415/1678/1447
f 1414/1679/1448 1415/1678/1447 1427/1676/1445 1418/1675/1444
f 1429/1680/1449 1419/1681/1450 1428/1673/1442 1432/1677/1446
f 1434/1682/1451 1430/1683/1452 1429/1680/1449 1432/1677/1446
f 1419/1684/1450 1429/1685/1449 1431/1686/1453 1420/1667/1436
f 1421/1666/1435 1426/1687/1454 1419/1684/1450 1420/1667/1436
f 1431/1686/1453 1456/1688/1455 1450/1669/1438 1420/1667/1436
f 1445/1689/1456 1448/1690/1457 1604/1691/1458 1606/1692/1459
f 1443/1693/1460 1448/1690/1457 1445/1689/1456 1441/1694/1461
f 1445/1689/1456 1606/1692/1459 1444/1695/1462 1441/1694/1461
f 1446/1696/1463 1621/1697/1464 1616/1698/1465 1451/1699/1466
f 1451/1699/1466 1434/1682/1451 1432/1677/1446 1446/1696/1463
f 1451/1699/1466 1616/1698/1465 1467/1700/1467 1453/1701/1468
f 1463/1702/1469 1464/1703/1470 1470/1704/1471 1471/1705/1472
f 1457/1706/1473 1464/1703/1470 1463/1702/1469 1455/1707/1474
f 1463/1702/1469 1471/1705/1472 1456/1688/1455 1455/1707/1474
f 1456/1688/1455 1468/1708/1475 1465/1709/1476 1450/1669/1438
f 1471/1705/1472 1473/1710/1477 1468/1708/1475 1456/1688/1455
f 1615/1711/1478 1472/1712/1479 1467/1700/1467 1616/1698/1465
f 1468/1708/1475 1614/1713/1480 1610/1714/1481 1465/1709/1476
f 1614/1713/1480 1468/1708/1475 1473/1710/1477 1615/1715/1478
f 1614/1713/1480 1621/1716/1464 1617/1717/1482 1610/1714/1481
f 1490/1718/1483 1492/1719/1484 1500/1720/1485 1501/1721/1486
f 1490/1718/1483 1493/1722/1487 1494/1723/1488 1492/1719/1484
f 1490/1718/1483 1501/1721/1486 1495/1724/1489 1493/1722/1487
f 1491/1725/1490 1493/1726/1487 1495/1727/1489 1496/1728/1491
f 1491/1729/1490 1497/1730/1492 1494/1723/1488 1493/1722/1487
f 1491/1725/1490 1496/1728/1491 1502/1731/1493 1497/1732/1492
f 1498/1733/1494 1503/1734/1495 1499/1735/1496 1504/1736/1497
f 1498/1733/1494 1495/1724/1489 1501/1721/1486 1503/1734/1495
f 1498/1737/1494 1504/1738/1497 1496/1728/1491 1495/1727/1489
f 1499/1735/1496 1503/1734/1495 1505/1739/1498 1506/1740/1499
f 1499/1741/1496 1506/1742/1499 1507/1743/1500 1504/1738/1497
f 1511/1744/1501 1513/1745/1502 1514/1746/1503 1515/1747/1504
f 1511/1744/1501 1515/1747/1504 1530/1748/1505 1529/1749/1506
f 1529/1749/1506 1536/1750/1507 1513/1745/1502 1511/1744/1501
f 1513/1751/1502 1536/1752/1507 1535/1753/1508 1512/1754/1509
f 1512/1754/1509 1516/1755/1510 1514/1756/1503 1513/1751/1502
f 1512/1754/1509 1535/1753/1508 1531/1757/1511 1516/1755/1510
f 1529/1749/1506 1530/1748/1505 1532/1758/1512 1536/1750/1507
f 1535/1753/1508 1536/1752/1507 1532/1759/1512 1531/1757/1511
f 1539/1760/1513 1538/1761/1514 1543/1762/1515 1544/1763/1516
f 1539/1764/1513 1542/1765/1517 1537/1766/1518 1538/1767/1514
f 1544/1763/1516 1545/1768/1519 1542/1769/1517 1539/1760/1513
f 1540/1770/1520 1545/1768/1519 1544/1763/1516 1541/1771/1521
f 1540/1772/1520 1655/1773/1522 1546/1774/1523 1545/1775/1519
f 1541/1771/1521 1656/1776/1524 1655/1777/1522 1540/1770/1520
f 1541/1771/1521 1544/1763/1516 1543/1762/1515 1656/1776/1524
f 1545/1775/1519 1546/1774/1523 1537/1766/1518 1542/1765/1517
f 1566/1778/1525 1567/1779/1526 1568/1780/1527 1556/1781/1528
f 1558/1782/1529 1567/1779/1526 1566/1778/1525
f 1566/1778/1525 1556/1781/1528 1551/1783/1530 1558/1782/1529
f 1560/1784/1531 1561/1785/1532 1572/1786/1533 1569/1787/1534
f 1569/1787/1534 1572/1786/1533 1573/1788/1535 1598/1789/1536
f 1598/1789/1536 1587/1790/1537 1601/1791/1538 1569/1787/1534
f 1585/1792/1539 1593/1793/1540 1659/1794/1541
f 1580/1795/1542 1581/1796/1543 1588/1797/1544
f 1601/1791/1538 1568/1780/1527 1569/1787/1534
f 1446/1696/1463 1447/1798/1545 1611/1799/1546 1621/1697/1464
f 1617/1717/1482 1621/1716/1464 1618/1800/1547 1619/1801/1548
f 1625/1802/1549 1613/1803/1550 1617/1717/1482 1619/1801/1548
f 1650/1804/1551 1626/1805/1552 1625/1802/1549 1619/1801/1548
f 1624/1806/1553 1622/1807/1554 1642/1808/1555 1627/1809/1556
f 1621/1697/1464 1611/1799/1546 1622/1807/1554 1624/1806/1553
f 1624/1806/1553 1627/1809/1556 1618/1810/1547 1621/1697/1464
f 1556/1781/1528 1586/1811/1557 1585/1812/1539
f 1586/1811/1557 1594/1813/1558 1593/1814/1540 1585/1812/1539
f 1593/1814/1540 1594/1813/1558 1590/1815/1559 1589/1816/1560
f 1589/1817/1560 1590/1818/1559 1588/1819/1544 1581/1820/1543
f 1594/1813/1558 1587/1790/1537 1592/1821/1561 1590/1815/1559
f 1590/1818/1559 1592/1822/1561 1591/1823/1562 1588/1819/1544
f 1584/1824/1563 1580/1825/1542 1588/1819/1544 1591/1823/1562
f 1584/1824/1563 1583/1826/1564 1580/1825/1542
f 1582/1827/1565 1553/1828/1566 1580/1825/1542 1583/1826/1564
f 1555/1829/1567 1552/1830/1568 1553/1828/1566 1582/1827/1565
f 1552/1830/1568 1555/1829/1567 1554/1831/1569 1547/1832/1570
f 1556/1833/1528 1585/1792/1539 1659/1794/1541
f 1551/1834/1530 1556/1833/1528 1659/1794/1541
f 1307/1835/1571 1551/1834/1530 1659/1794/1541
f 1306/1836/1374 1307/1835/1571 1659/1794/1541
f 1305/1837/1372 1306/1836/1374 1659/1794/1541
f 1303/1838/1572 1549/1839/1573 1548/1588/1369 1302/1840/1574
f 1302/1840/1574 1548/1588/1369 1319/1841/1376 1304/1842/1375
f 1547/1832/1570 1554/1831/1569 1549/1839/1573 1303/1838/1572
f 1582/1827/1565 1595/1843/1575 1565/1844/1576 1555/1829/1567
f 1565/1844/1576 1564/1845/1577 1554/1831/1569 1555/1829/1567
f 1564/1845/1577 1565/1844/1576 1570/1846/1578 1562/1847/1579
f 1562/1847/1579 1557/1848/1580 1550/1849/1581 1564/1845/1577
f 1564/1845/1577 1550/1849/1581 1549/1839/1573 1554/1831/1569
f 1550/1849/1581 1557/1848/1580 1324/1589/1370 1548/1588/1369
f 1550/1849/1581 1548/1588/1369 1549/1839/1573
f 1557/1848/1580 1332/1602/1383 1327/1603/1384 1324/1589/1370
f 1324/1589/1370 1327/1603/1384 1328/1850/1582 1322/1590/1371
f 1322/1590/1371 1328/1850/1582 1308/1851/1583 1323/1852/1584
f 1321/1853/1585 1320/1592/1373 1319/1595/1376 1323/1854/1584
f 1319/1841/1376 1548/1588/1369 1322/1590/1371 1323/1852/1584
f 1329/1855/1586 1325/1596/1377 1320/1592/1373 1321/1853/1585
f 1330/1856/1587 1559/1857/1588 1325/1596/1377 1329/1855/1586
f 1559/1857/1588 1330/1856/1587 1561/1785/1532 1560/1784/1531
f 1560/1784/1531 1567/1779/1526 1558/1782/1529 1559/1857/1588
f 1559/1857/1588 1558/1782/1529 1326/1597/1378 1325/1596/1377
f 1561/1785/1532 1444/1695/1462 1606/1692/1459 1572/1786/1533
f 1572/1786/1533 1606/1692/1459 1630/1858/1589 1573/1788/1535
f 1573/1788/1535 1630/1858/1589 1635/1859/1590 1577/1860/1591
f 1578/1861/1592 1599/1862/1593 1600/1863/1594 1577/1864/1591
f 1577/1860/1591 1600/1865/1594 1598/1789/1536 1573/1788/1535
f 1599/1862/1593 1591/1823/1562 1592/1822/1561 1600/1863/1594
f 1600/1865/1594 1592/1821/1561 1587/1790/1537 1598/1789/1536
f 1587/1790/1537 1594/1813/1558 1586/1811/1557 1601/1791/1538
f 1601/1791/1538 1586/1811/1557 1556/1781/1528 1568/1780/1527
f 1584/1824/1563 1597/1866/1595 1596/1867/1596 1583/1826/1564
f 1583/1826/1564 1596/1867/1596 1595/1843/1575 1582/1827/1565
f 1597/1866/1595 1579/1868/1597 1575/1869/1598 1596/1867/1596
f 1596/1867/1596 1575/1869/1598 1574/1870/1599 1595/1843/1575
f 1570/1846/1578 1565/1844/1576 1595/1843/1575 1574/1870/1599
f 1574/1870/1599 1576/1871/1600 1571/1872/1601 1570/1846/1578
f 1571/1872/1601 1563/1873/1602 1562/1847/1579 1570/1846/1578
f 1563/1873/1602 1571/1872/1601 1605/1874/1603 1602/1875/1604
f 1602/1875/1604 1333/1601/1382 1332/1602/1383 1563/1873/1602
f 1563/1873/1602 1332/1602/1383 1557/1848/1580 1562/1847/1579
f 1602/1875/1604 1605/1874/1603 1607/1876/1605 1603/1877/1606
f 1603/1877/1606 1440/1878/1607 1333/1601/1382 1602/1875/1604
f 1440/1878/1607 1603/1877/1606 1447/1798/1545 1415/1678/1447
f 1415/1678/1447 1414/1679/1448 1412/1664/1433 1440/1878/1607
f 1440/1878/1607 1412/1664/1433 1318/1599/1380 1333/1601/1382
f 1603/1877/1606 1607/1876/1605 1611/1799/1546 1447/1798/1545
f 1607/1876/1605 1608/1879/1608 1622/1807/1554 1611/1799/1546
f 1605/1874/1603 1629/1880/1609 1608/1879/1608 1607/1876/1605
f 1629/1880/1609 1631/1881/1610 1639/1882/1611 1608/1879/1608
f 1629/1880/1609 1605/1874/1603 1571/1872/1601 1576/1871/1600
f 1629/1880/1609 1576/1871/1600 1637/1883/1612 1631/1881/1610
f 1638/1884/1613 1632/1885/1614 1631/1881/1610 1637/1883/1612
f 1576/1871/1600 1574/1870/1599 1575/1869/1598 1637/1883/1612
f 1637/1883/1612 1575/1869/1598 1579/1868/1597 1638/1884/1613
f 1578/1861/1592 1636/1886/1615 1638/1884/1613 1579/1868/1597
f 1635/1859/1590 1633/1887/1616 1634/1888/1617 1636/1889/1615
f 1636/1886/1615 1634/1890/1617 1632/1885/1614 1638/1884/1613
f 1578/1861/1592 1577/1864/1591 1635/1891/1590 1636/1886/1615
f 1633/1887/1616 1623/1892/1618 1640/1893/1619 1634/1888/1617
f 1634/1890/1617 1640/1894/1619 1641/1895/1620 1632/1885/1614
f 1640/1894/1619 1643/1896/1621 1644/1897/1622 1641/1895/1620
f 1644/1897/1622 1642/1808/1555 1639/1882/1611 1641/1895/1620
f 1641/1895/1620 1639/1882/1611 1631/1881/1610 1632/1885/1614
f 1644/1897/1622 1643/1896/1621 1654/1898/1623 1628/1899/1624
f 1628/1899/1624 1627/1809/1556 1642/1808/1555 1644/1897/1622
f 1654/1898/1623 1653/1900/1625 1651/1901/1626 1628/1899/1624
f 1651/1901/1626 1652/1902/1627 1627/1809/1556 1628/1899/1624
f 1652/1902/1627 1651/1901/1626 1657/1903/1628 1648/1904/1629
f 1652/1902/1627 1648/1904/1629 1526/1905/1630 1645/1906/1631
f 1652/1902/1627 1645/1906/1631 1618/1810/1547 1627/1809/1556
f 1526/1907/1630 1527/1908/1632 1646/1909/1633 1645/1910/1631
f 1646/1909/1633 1619/1801/1548 1618/1800/1547 1645/1910/1631
f 1527/1908/1632 1649/1911/1634 1647/1912/1635 1646/1909/1633
f 1647/1912/1635 1650/1804/1551 1619/1801/1548 1646/1909/1633
f 1647/1912/1635 1649/1911/1634 1658/1913/1636 1653/1914/1625
f 1653/1914/1625 1654/1915/1623 1650/1804/1551 1647/1912/1635
f 1649/1911/1634 1546/1774/1523 1655/1773/1522 1658/1913/1636
f 1658/1916/1636 1655/1777/1522 1656/1776/1524 1657/1903/1628
f 1657/1903/1628 1651/1901/1626 1653/1900/1625 1658/1916/1636
f 1527/1908/1632 1537/1766/1518 1546/1774/1523 1649/1911/1634
f 1527/1908/1632 1526/1907/1630 1538/1767/1514 1537/1766/1518
f 1648/1904/1629 1543/1762/1515 1538/1761/1514 1526/1905/1630
f 1648/1904/1629 1657/1903/1628 1656/1776/1524 1543/1762/1515
f 1654/1915/1623 1643/1917/1621 1626/1805/1552 1650/1804/1551
f 1643/1917/1621 1640/1893/1619 1623/1892/1618 1626/1805/1552
f 1620/1918/1637 1625/1802/1549 1626/1805/1552 1623/1892/1618
f 1623/1892/1618 1633/1887/1616 1609/1919/1638 1620/1918/1637
f 1609/1919/1638 1604/1691/1458 1612/1920/1639 1620/1918/1637
f 1633/1887/1616 1635/1859/1590 1630/1858/1589 1609/1919/1638
f 1609/1919/1638 1630/1858/1589 1606/1692/1459 1604/1691/1458
f 1612/1920/1639 1449/1921/1640 1466/1922/1641 1613/1803/1550
f 1613/1803/1550 1625/1802/1549 1620/1918/1637 1612/1920/1639
f 1604/1691/1458 1448/1690/1457 1449/1921/1640 1612/1920/1639
f 1466/1922/1641 1452/1923/1642 1465/1709/1476 1610/1714/1481
f 1610/1714/1481 1617/1717/1482 1613/1803/1550 1466/1922/1641
f 1449/1921/1640 1442/1924/1643 1452/1923/1642 1466/1922/1641
f 1442/1924/1643 1416/1671/1440 1433/1670/1439 1452/1923/1642
f 1442/1924/1643 1449/1921/1640 1448/1690/1457 1443/1693/1460
f 1443/1693/1460 1413/1925/1644 1416/1671/1440 1442/1924/1643
f 1413/1925/1644 1409/1926/1645 1410/1672/1441 1416/1671/1440
f 1413/1925/1644 1443/1693/1460 1441/1694/1461 1402/1635/1410
f 1402/1635/1410 1367/1634/1409 1409/1926/1645 1413/1925/1644
f 1409/1926/1645 1404/1927/1646 1405/1928/1647 1410/1672/1441
f 1367/1634/1409 1369/1929/1648 1404/1927/1646 1409/1926/1645
f 1369/1929/1648 1367/1634/1409 1364/1633/1408 1365/1930/1649
f 1365/1931/1649 1362/1932/1650 1368/1660/1429 1369/1933/1648
f 1369/1933/1648 1368/1660/1429 1403/1659/1428 1404/1934/1646
f 1362/1932/1650 1365/1931/1649 1360/1626/1404 1356/1625/1403
f 1356/1625/1403 1354/1935/1651 1361/1936/1652 1362/1932/1650
f 1362/1932/1650 1361/1936/1652 1299/1661/1430 1368/1660/1429
f 1299/1661/1430 1361/1936/1652 1292/1937/1653 1298/1938/1654
f 1298/1938/1654 1309/1939/1655 1313/1600/1381 1299/1661/1430
f 1309/1939/1655 1298/1938/1654 1297/1940/1656 1312/1941/1657
f 1312/1941/1657 1308/1851/1583 1328/1850/1582 1309/1939/1655
f 1309/1939/1655 1328/1850/1582 1327/1603/1384 1313/1600/1381
f 1312/1942/1657 1297/1943/1656 1296/1944/1658 1310/1945/1659
f 1310/1945/1659 1315/1946/1660 1308/1947/1583 1312/1942/1657
f 1310/1945/1659 1311/1948/1661 1316/1949/1662 1315/1946/1660
f 1316/1949/1662 1329/1855/1586 1321/1853/1585 1315/1946/1660
f 1315/1946/1660 1321/1853/1585 1323/1854/1584 1308/1947/1583
f 1316/1949/1662 1311/1948/1661 1314/1950/1663 1317/1951/1664
f 1317/1951/1664 1330/1856/1587 1329/1855/1586 1316/1949/1662
f 1317/1951/1664 1314/1950/1663 1441/1694/1461 1444/1695/1462
f 1444/1695/1462 1561/1785/1532 1330/1856/1587 1317/1951/1664
f 1311/1948/1661 1300/1952/1665 1301/1953/1666 1314/1950/1663
f 1314/1950/1663 1301/1953/1666 1402/1635/1410 1441/1694/1461
f 1300/1952/1665 1295/1954/1667 1366/1955/1668 1301/1953/1666
f 1301/1953/1666 1366/1955/1668 1363/1632/1407 1402/1635/1410
f 1295/1954/1667 1340/1956/1669 1341/1957/1670 1366/1955/1668
f 1366/1955/1668 1341/1957/1670 1358/1958/1671 1363/1632/1407
f 1358/1958/1671 1341/1957/1670 1345/1618/1396 1353/1620/1398
f 1353/1620/1398 1359/1630/1406 1357/1629/1405 1358/1958/1671
f 1357/1629/1405 1364/1633/1408 1363/1632/1407 1358/1958/1671
f 1353/1620/1398 1349/1617/1395 1352/1622/1400 1359/1630/1406
f 1340/1956/1669 1346/1619/1397 1345/1618/1396 1341/1957/1670
f 1340/1956/1669 1338/1612/1391 1337/1611/1390 1346/1619/1397
f 1295/1954/1667 1293/1959/1672 1338/1612/1391 1340/1956/1669
f 1294/1960/1673 1335/1613/1386 1338/1612/1391 1293/1959/1672
f 1295/1954/1667 1300/1952/1665 1296/1944/1658 1293/1959/1672
f 1293/1959/1672 1296/1944/1658 1297/1943/1656 1294/1960/1673
f 1294/1961/1673 1292/1937/1653 1339/1606/1387 1335/1605/1386
f 1297/1940/1656 1298/1938/1654 1292/1937/1653 1294/1961/1673
f 1300/1952/1665 1311/1948/1661 1310/1945/1659 1296/1944/1658
f 1361/1936/1652 1354/1935/1651 1339/1606/1387 1292/1937/1653
f 1354/1935/1651 1351/1962/1674 1336/1607/1388 1339/1606/1387
f 1347/1963/1399 1343/1964/1389 1336/1607/1388 1351/1962/1674
f 1351/1962/1674 1350/1624/1402 1352/1965/1400 1347/1963/1399
f 1354/1935/1651 1356/1625/1403 1350/1624/1402 1351/1962/1674
f 1364/1633/1408 1357/1629/1405 1360/1628/1404 1365/1930/1649
f 1405/1966/1647 1408/1663/1432 1407/1967/1675 1370/1968/1676
f 1370/1969/1676 1417/1668/1437 1410/1672/1441 1405/1928/1647
f 1404/1934/1646 1403/1659/1428 1408/1663/1432 1405/1966/1647
f 1370/1968/1676 1407/1967/1675 1372/1970/1677 1373/1971/1678
f 1373/1972/1678 1376/1665/1434 1417/1668/1437 1370/1969/1676
f 1373/1971/1678 1372/1970/1677 1374/1973/1679 1375/1974/1680
f 1375/1975/1680 1382/1976/1681 1376/1665/1434 1373/1972/1678
f 1382/1976/1681 1375/1975/1680 1378/1977/1682 1383/1978/1683
f 1383/1978/1683 1385/1979/1684 1474/1980/1685 1382/1976/1681
f 1382/1976/1681 1474/1980/1685 1421/1666/1435 1376/1665/1434
f 1474/1980/1685 1385/1979/1684 1475/1981/1686 1424/1982/1687
f 1474/1980/1685 1424/1982/1687 1426/1687/1454 1421/1666/1435
f 1424/1983/1687 1475/1984/1686 1476/1985/1688 1423/1986/1689
f 1423/1986/1689 1425/1674/1443 1426/1987/1454 1424/1983/1687
f 1476/1985/1688 1386/1988/1690 1422/1989/1691 1423/1986/1689
f 1422/1989/1691 1418/1675/1444 1425/1674/1443 1423/1986/1689
f 1422/1989/1691 1386/1988/1690 1384/1990/1692 1377/1991/1693
f 1422/1989/1691 1377/1991/1693 1371/1992/1694 1418/1675/1444
f 1371/1992/1694 1377/1991/1693 1374/1973/1679 1372/1970/1677
f 1371/1992/1694 1372/1970/1677 1407/1967/1675 1406/1993/1695
f 1406/1993/1695 1414/1679/1448 1418/1675/1444 1371/1992/1694
f 1406/1993/1695 1407/1967/1675 1408/1663/1432 1411/1662/1431
f 1411/1662/1431 1412/1664/1433 1414/1679/1448 1406/1993/1695
f 1384/1990/1692 1379/1994/1696 1374/1973/1679 1377/1991/1693
f 1384/1990/1692 1388/1638/1413 1380/1637/1412 1379/1994/1696
f 1380/1637/1412 1381/1642/1417 1378/1995/1682 1379/1994/1696
f 1379/1994/1696 1378/1995/1682 1375/1974/1680 1374/1973/1679
f 1386/1988/1690 1394/1651/1423 1388/1638/1413 1384/1990/1692
f 1386/1988/1690 1476/1985/1688 1400/1653/1425 1394/1651/1423
f 1475/1984/1686 1401/1655/1427 1400/1653/1425 1476/1985/1688
f 1385/1979/1684 1399/1647/1420 1401/1657/1427 1475/1981/1686
f 1383/1978/1683 1393/1648/1421 1399/1647/1420 1385/1979/1684
f 1383/1978/1683 1378/1977/1682 1381/1649/1417 1393/1648/1421
f 1452/1923/1642 1433/1670/1439 1450/1669/1438 1465/1709/1476
f 1642/1808/1555 1622/1807/1554 1608/1879/1608 1639/1882/1611
f 1579/1868/1597 1597/1866/1595 1599/1862/1593 1578/1861/1592
f 1597/1866/1595 1584/1824/1563 1591/1823/1562 1599/1862/1593
f 1306/1593/1374 1320/1592/1373 1326/1597/1378 1307/1996/1571
f 1307/1996/1571 1326/1597/1378 1558/1782/1529 1551/1783/1530
f 1304/1997/1375 1305/1837/1372 1659/1794/1541
f 1446/1696/1463 1432/1677/1446 1415/1678/1447 1447/1798/1545
f 1569/1787/1534 1568/1780/1527 1567/1779/1526 1560/1784/1531
f 1530/1748/1505 1522/1998/1697 1533/1999/1698 1532/1758/1512
f 1533/2000/1698 1534/2001/1699 1531/1757/1511 1532/1759/1512
f 1533/2000/1698 1525/2002/1700 1524/2003/1701 1534/2001/1699
f 1524/2003/1701 1519/2004/1702 1528/2005/1703 1534/2001/1699
f 1528/2005/1703 1516/1755/1510 1531/1757/1511 1534/2001/1699
f 1519/2004/1702 1517/2006/1704 1520/2007/1705 1528/2005/1703
f 1520/2007/1705 1514/1756/1503 1516/1755/1510 1528/2005/1703
f 1520/2008/1705 1517/2009/1704 1518/2010/1706 1521/2011/1707
f 1521/2011/1707 1515/1747/1504 1514/1746/1503 1520/2008/1705
f 1521/2011/1707 1518/2010/1706 1523/2012/1708 1522/1998/1697
f 1522/1998/1697 1530/1748/1505 1515/1747/1504 1521/2011/1707
f 1518/2010/1706 1469/2013/1709 1472/1712/1479 1523/2012/1708
f 1472/1712/1479 1615/1711/1478 1525/2014/1700 1523/2012/1708
f 1525/2014/1700 1533/1999/1698 1522/1998/1697 1523/2012/1708
f 1470/2015/1471 1464/2016/1470 1462/2017/1710 1469/2013/1709
f 1469/2013/1709 1462/2017/1710 1467/1700/1467 1472/1712/1479
f 1469/2013/1709 1518/2010/1706 1517/2009/1704 1470/2015/1471
f 1462/2017/1710 1464/2016/1470 1457/2018/1473 1454/2019/1711
f 1462/2017/1710 1454/2019/1711 1453/1701/1468 1467/1700/1467
f 1454/2019/1711 1457/2018/1473 1460/2020/1712 1461/2021/1713
f 1454/2019/1711 1461/2021/1713 1459/2022/1714 1453/1701/1468
f 1461/2021/1713 1483/2023/1715 1482/2024/1716 1459/2022/1714
f 1482/2024/1716 1480/2025/1717 1458/2026/1718 1459/2022/1714
f 1459/2022/1714 1458/2026/1718 1451/1699/1466 1453/1701/1468
f 1480/2025/1717 1477/2027/1719 1435/2028/1720 1458/2026/1718
f 1458/2026/1718 1435/2028/1720 1434/1682/1451 1451/1699/1466
f 1435/2028/1720 1477/2027/1719 1478/2029/1721 1436/2030/1722
f 1435/2028/1720 1436/2030/1722 1430/1683/1452 1434/1682/1451
f 1478/2031/1721 1479/2032/1723 1437/2033/1724 1436/2034/1722
f 1436/2034/1722 1437/2033/1724 1438/2035/1725 1430/2036/1452
f 1438/2035/1725 1437/2033/1724 1439/2037/1726 1455/1707/1474
f 1455/1707/1474 1456/1688/1455 1431/1686/1453 1438/2035/1725
f 1438/2035/1725 1431/1686/1453 1429/1685/1449 1430/2036/1452
f 1437/2033/1724 1479/2032/1723 1481/2038/1727 1439/2037/1726
f 1439/2037/1726 1481/2038/1727 1484/2039/1728 1460/2040/1712
f 1460/2040/1712 1457/1706/1473 1455/1707/1474 1439/2037/1726
f 1484/2039/1728 1481/2038/1727 1508/2041/1729 1509/2042/1730
f 1509/2043/1730 1510/2044/1731 1483/2023/1715 1484/2045/1728
f 1484/2045/1728 1483/2023/1715 1461/2021/1713 1460/2020/1712
f 1510/2044/1731 1509/2043/1730 1506/1740/1499 1505/1739/1498
f 1505/1739/1498 1500/1720/1485 1487/2046/1732 1510/2044/1731
f 1510/2044/1731 1487/2046/1732 1482/2024/1716 1483/2023/1715
f 1500/1720/1485 1492/1719/1484 1488/2047/1733 1487/2046/1732
f 1487/2046/1732 1488/2047/1733 1480/2025/1717 1482/2024/1716
f 1492/1719/1484 1494/1723/1488 1485/2048/1734 1488/2047/1733
f 1488/2047/1733 1485/2048/1734 1477/2027/1719 1480/2025/1717
f 1494/1723/1488 1497/1730/1492 1486/2049/1735 1485/2048/1734
f 1485/2048/1734 1486/2049/1735 1478/2029/1721 1477/2027/1719
f 1497/1732/1492 1502/1731/1493 1489/2050/1736 1486/2051/1735
f 1486/2051/1735 1489/2050/1736 1479/2032/1723 1478/2031/1721
f 1502/1731/1493 1507/1743/1500 1508/2041/1729 1489/2050/1736
f 1489/2050/1736 1508/2041/1729 1481/2038/1727 1479/2032/1723
f 1508/2041/1729 1507/1743/1500 1506/1742/1499 1509/2042/1730
f 1517/2006/1704 1519/2004/1702 1471/1705/1472 1470/1704/1471
f 1519/2004/1702 1524/2003/1701 1473/1710/1477 1471/1705/1472
f 1524/2003/1701 1525/2002/1700 1615/1715/1478 1473/1710/1477
f 1502/1731/1493 1496/1728/1491 1504/1738/1497 1507/1743/1500
f 1503/1734/1495 1501/1721/1486 1500/1720/1485 1505/1739/1498
f 1425/1674/1443 1428/1673/1442 1419/1681/1450 1426/1987/1454
f 1348/1616/1394 1344/1615/1393 1343/1610/1389 1347/2052/1399
f 1346/1619/1397 1337/1611/1390 1343/1610/1389 1344/1615/1393
f 1614/1713/1480 1615/1715/1478 1616/2053/1465 1621/1716/1464
f 1302/2054/1574 1304/1997/1375 1659/1794/1541
f 1303/2055/1572 1302/2054/1574 1659/1794/1541
f 1547/2056/1570 1303/2055/1572 1659/1794/1541
f 1552/2057/1568 1547/2056/1570 1659/1794/1541
f 1553/2058/1566 1552/2057/1568 1659/1794/1541
f 1580/1795/1542 1553/2058/1566 1659/1794/1541
f 1581/1796/1543 1580/1795/1542 1659/1794/1541
f 1593/1793/1540 1589/2059/1560 1659/1794/1541
f 1589/2059/1560 1581/1796/1543 1659/1794/1541
f 1660/2060/1737 1669/2061/1738 1670/2062/1739 1671/2063/1740
f 1672/2064/1741 1666/2065/1742 1673/2066/1743 1661/2067/1744
f 1662/2068/1745 1681/2069/1746 1682/2070/1747 1666/2065/1742
f 1683/2071/1748 1684/2072/1749 1681/2069/1746 1662/2068/1745
f 1662/2068/1745 1666/2065/1742 1685/2073/1750 1683/2071/1748
f 1664/2074/1751 1688/2075/1752 1689/2076/1753 1690/2077/1754
f 1687/2078/1755 1731/2079/1756 1695/2080/1757 1665/2081/1758
f 1665/2081/1758 1695/2080/1757 1696/2082/1759 1697/2083/1760
f 1666/2065/1742 1672/2064/1741 1692/2084/1761 1685/2073/1750
f 1685/2073/1750 1692/2084/1761 1698/2085/1762 1667/2086/1763
f 1667/2086/1763 1668/2087/1764 1683/2071/1748 1685/2073/1750
f 1668/2087/1764 1699/2088/1765 1684/2072/1749 1683/2071/1748
f 1700/2089/1766 1694/2090/1767 1701/2091/1768 1702/2092/1769
f 1702/2092/1769 1678/2093/1770 1703/2094/1771 1700/2089/1766
f 1702/2092/1769 1701/2091/1768 1704/2095/1772 1699/2088/1765
f 1699/2088/1765 1668/2087/1764 1678/2093/1770 1702/2092/1769
f 1690/2077/1754 1689/2076/1753 1693/2096/1773 1694/2090/1767
f 1705/2097/1774 1706/2098/1775 1707/2099/1776 1704/2095/1772
f 1707/2099/1776 1684/2072/1749 1699/2088/1765 1704/2095/1772
f 1694/2090/1767 1700/2089/1766 1690/2077/1754
f 1705/2097/1774 1704/2095/1772 1701/2091/1768 1709/2100/1777
f 1709/2100/1777 1710/2101/1778 1708/2102/1779 1705/2097/1774
f 1710/2101/1778 1695/2103/1757 1731/2104/1756 1708/2102/1779
f 1710/2101/1778 1709/2100/1777 1693/2096/1773 1711/2105/1780
f 1711/2105/1780 1696/2106/1759 1695/2103/1757 1710/2101/1778
f 1712/2107/1781 1713/2108/1782 1696/2106/1759 1711/2105/1780
f 1711/2105/1780 1693/2096/1773 1689/2076/1753 1712/2107/1781
f 1714/2109/1783 1675/2110/1784 1677/2111/1785 1713/2108/1782
f 1713/2112/1782 1677/2113/1785 1697/2083/1760 1696/2082/1759
f 1713/2108/1782 1712/2107/1781 1715/2114/1786 1714/2109/1783
f 1715/2114/1786 1712/2107/1781 1689/2076/1753 1688/2075/1752
f 1688/2075/1752 1716/2115/1787 1717/2116/1788 1715/2114/1786
f 1715/2114/1786 1717/2116/1788 1718/2117/1789 1714/2109/1783
f 1718/2117/1789 1676/2118/1790 1675/2110/1784 1714/2109/1783
f 1718/2119/1789 1717/2120/1788 1719/2121/1791 1720/2122/1792
f 1720/2122/1792 1721/2123/1793 1676/2124/1790 1718/2119/1789
f 1721/2125/1793 1722/2126/1794 1674/2127/1795 1676/2128/1790
f 1720/2122/1792 1723/2129/1796 1724/2130/1797 1721/2123/1793
f 1724/2130/1797 1671/2131/1740 1722/2132/1794 1721/2123/1793
f 1724/2130/1797 1723/2129/1796 1725/2133/1798 1726/2134/1799
f 1726/2134/1799 1660/2135/1737 1671/2131/1740 1724/2130/1797
f 1726/2134/1799 1725/2133/1798 1727/2136/1800 1728/2137/1801
f 1728/2137/1801 1669/2138/1738 1660/2135/1737 1726/2134/1799
f 1728/2137/1801 1727/2136/1800 1706/2098/1775 1729/2139/1802
f 1729/2139/1802 1730/2140/1803 1669/2138/1738 1728/2137/1801
f 1730/2141/1803 1686/2142/1804 1670/2062/1739 1669/2061/1738
f 1730/2140/1803 1729/2139/1802 1708/2102/1779 1731/2104/1756
f 1730/2141/1803 1731/2079/1756 1687/2078/1755 1686/2142/1804
f 1680/2143/1805 1690/2077/1754 1700/2089/1766 1703/2094/1771
f 1706/2098/1775 1705/2097/1774 1708/2102/1779 1729/2139/1802
f 1725/2133/1798 1732/2144/1806 1733/2145/1807 1727/2136/1800
f 1727/2136/1800 1733/2145/1807 1707/2099/1776 1706/2098/1775
f 1733/2145/1807 1732/2144/1806 1682/2070/1747 1681/2069/1746
f 1733/2145/1807 1681/2069/1746 1684/2072/1749 1707/2099/1776
f 1725/2133/1798 1723/2129/1796 1734/2146/1808 1732/2144/1806
f 1734/2146/1808 1735/2147/1809 1682/2070/1747 1732/2144/1806
f 1735/2147/1809 1734/2146/1808 1719/2121/1791 1736/2148/1810
f 1735/2147/1809 1736/2148/1810 1737/2149/1811 1673/2066/1743
f 1673/2066/1743 1666/2065/1742 1682/2070/1747 1735/2147/1809
f 1737/2149/1811 1736/2148/1810 1716/2150/1787 1738/2151/1812
f 1738/2151/1812 1663/2152/1813 1691/2153/1814 1737/2149/1811
f 1691/2153/1814 1661/2067/1744 1673/2066/1743 1737/2149/1811
f 1736/2148/1810 1719/2121/1791 1717/2120/1788 1716/2150/1787
f 1734/2146/1808 1723/2129/1796 1720/2122/1792 1719/2121/1791
f 1709/2100/1777 1701/2091/1768 1694/2090/1767 1693/2096/1773
f 1690/2077/1754 1680/2143/1805 1679/2154/1815 1664/2074/1751
f 1664/2074/1751 1679/2154/1815 1663/2155/1813 1738/2156/1812
f 1738/2156/1812 1716/2115/1787 1688/2075/1752 1664/2074/1751
f 1674/2127/1795 1675/2157/1784 1676/2128/1790
f 1667/2086/1763 1678/2093/1770 1668/2087/1764
f 1670/2062/1739 1686/2142/1804 1739/2158/1816
f 1686/2142/1804 1687/2078/1755 1739/2158/1816
f 1687/2078/1755 1665/2081/1758 1739/2158/1816
f 1665/2081/1758 1697/2083/1760 1739/2158/1816
f 1697/2083/1760 1677/2113/1785 1739/2158/1816
f 1677/2113/1785 1675/2157/1784 1739/2158/1816
f 1675/2157/1784 1674/2127/1795 1739/2158/1816
f 1674/2127/1795 1722/2126/1794 1739/2158/1816
f 1722/2126/1794 1671/2063/1740 1739/2158/1816
f 1671/2063/1740 1670/2062/1739 1739/2158/1816
f 1691/2159/1814 1663/2160/1813 1740/2161/1817
f 1663/2160/1813 1679/2162/1815 1740/2161/1817
f 1679/2162/1815 1680/2163/1805 1740/2161/1817
f 1680/2163/1805 1703/2164/1771 1740/2161/1817
f 1703/2164/1771 1678/2165/1770 1740/2161/1817
f 1678/2165/1770 1667/2166/1763 1740/2161/1817
f 1667/2166/1763 1698/2167/1762 1740/2161/1817
f 1698/2167/1762 1692/2168/1761 1740/2161/1817
f 1692/2168/1761 1672/2169/1741 1740/2161/1817
f 1672/2169/1741 1661/2170/1744 1740/2161/1817
f 1661/2170/1744 1691/2159/1814 1740/2161/1817
f 1885/2171/1818 1880/2172/1819 1881/2173/1820 1886/2174/1821
f 1749/2175/1822 1746/2176/1823 1771/2177/1824 1762/2178/1825
f 1749/2175/1822 1762/2178/1825 1742/2179/1826 1752/2180/1827
f 1749/2175/1822 1752/2180/1827 1745/2181/1828 1746/2176/1823
f 1865/2182/1829 1864/2183/1830 1870/2184/1831 1869/2185/1832
f 1865/2182/1829 1850/2186/1833 1851/2187/1834 1864/2183/1830
f 1869/2185/1832 1861/2188/1835 1850/2186/1833 1865/2182/1829
f 1831/2189/1836 1885/2171/1818 1886/2174/1821 1891/2190/1837
f 1891/2190/1837 1887/2191/1838 1833/2192/1839 1831/2189/1836
f 1891/2190/1837 1886/2174/1821 1881/2173/1820 1892/2193/1840
f 1863/2194/1841 1854/2195/1842 1866/2196/1843 1867/2197/1844
f 1866/2196/1843 1871/2198/1845 1870/2199/1831 1867/2197/1844
f 1867/2197/1844 1870/2199/1831 1864/2200/1830 1863/2194/1841
f 1854/2195/1842 1868/2201/1846 1871/2198/1845 1866/2196/1843
f 1791/2202/1847 1804/2203/1848 1805/2204/1849 1781/2205/1850
f 1805/2204/1849 1803/2206/1851 1788/2207/1852 1781/2205/1850
f 1781/2205/1850 1788/2207/1852 1779/2208/1853 1780/2209/1854
f 1930/2210/1855 1922/2211/1856 1921/2212/1857 1925/2213/1858
f 1929/2214/1859 1920/2215/1860 1922/2211/1856 1930/2210/1855
f 1925/2213/1858 1923/2216/1861 1927/2217/1862 1930/2210/1855
f 1917/2218/1863 1920/2215/1860 1929/2214/1859 1928/2219/1864
f 1810/2220/1865 1812/2221/1866 1809/2222/1867 1808/2223/1868
f 1810/2220/1865 1808/2223/1868 1807/2224/1869 1813/2225/1870
f 1810/2220/1865 1813/2225/1870 1814/2226/1871 1812/2221/1866
f 1812/2227/1866 1814/2228/1871 1811/2229/1872 1809/2230/1867
f 1750/2231/1873 1773/2232/1874 1772/2233/1875 1748/2234/1876
f 1748/2234/1876 1747/2235/1877 1751/2236/1878 1750/2231/1873
f 1750/2231/1873 1751/2236/1878 1774/2237/1879 1773/2232/1874
f 1885/2171/1818 1829/2238/1880 1822/2239/1881
f 1831/2189/1836 1830/2240/1882 1829/2238/1880 1885/2171/1818
f 1883/2241/1883 1892/2193/1840 1881/2173/1820 1880/2172/1819
f 1896/2242/1884 1903/2243/1885 1898/2244/1886 1883/2241/1883
f 1898/2244/1886 1910/2245/1887 1892/2193/1840 1883/2241/1883
f 1781/2205/1850 1784/2246/1888 1782/2247/1889 1791/2202/1847
f 1928/2248/1864 1927/2249/1862 1926/2250/1890 1917/2251/1863
f 1903/2243/1885 1918/2252/1891 1910/2245/1887 1898/2244/1886
f 1918/2252/1891 1903/2243/1885 1904/2253/1892 1921/2212/1857
f 1918/2252/1891 1921/2212/1857 1922/2211/1856 1919/2254/1893
f 1918/2252/1891 1919/2254/1893 1911/2255/1894 1910/2245/1887
f 1911/2255/1894 1891/2190/1837 1892/2193/1840 1910/2245/1887
f 1919/2254/1893 1916/2256/1895 1913/2257/1896 1911/2255/1894
f 1911/2255/1894 1913/2257/1896 1887/2191/1838 1891/2190/1837
f 1916/2256/1895 1914/2258/1897 1894/2259/1898 1913/2257/1896
f 1913/2257/1896 1894/2259/1898 1888/2260/1899 1887/2191/1838
f 1835/2261/1900 1833/2192/1839 1887/2191/1838 1888/2260/1899
f 1894/2262/1898 1895/2263/1901 1889/2264/1902 1888/2265/1899
f 1888/2265/1899 1889/2264/1902 1834/2266/1903 1835/2267/1900
f 1834/2266/1903 1826/2268/1904 1827/2269/1905 1835/2267/1900
f 1889/2264/1902 1890/2270/1906 1832/2271/1907 1834/2266/1903
f 1832/2271/1907 1828/2272/1908 1826/2268/1904 1834/2266/1903
f 1828/2272/1908 1798/2273/1909 1801/2274/1910 1826/2268/1904
f 1828/2272/1908 1832/2271/1907 1823/2275/1911 1818/2276/1912
f 1818/2276/1912 1785/2277/1913 1798/2273/1909 1828/2272/1908
f 1785/2277/1913 1790/2278/1914 1793/2279/1915 1798/2273/1909
f 1785/2277/1913 1818/2276/1912 1816/2280/1916 1783/2281/1917
f 1783/2281/1917 1787/2282/1918 1790/2278/1914 1785/2277/1913
f 1787/2282/1918 1786/2283/1919 1789/2284/1920 1790/2278/1914
f 1787/2282/1918 1783/2281/1917 1761/2285/1921 1760/2286/1922
f 1760/2286/1922 1759/2287/1923 1786/2283/1919 1787/2282/1918
f 1755/2288/1924 1779/2208/1853 1786/2289/1919 1759/2290/1923
f 1760/2286/1922 1754/2291/1925 1744/2292/1926 1759/2287/1923
f 1759/2290/1923 1744/2293/1926 1743/2294/1927 1755/2288/1924
f 1743/2294/1927 1741/2295/1928 1756/2296/1929 1755/2288/1924
f 1744/2293/1926 1745/2181/1828 1752/2180/1827 1743/2294/1927
f 1752/2180/1827 1742/2179/1826 1741/2295/1928 1743/2294/1927
f 1756/2296/1929 1757/2297/1930 1758/2298/1931 1780/2209/1854
f 1780/2209/1854 1779/2208/1853 1755/2288/1924 1756/2296/1929
f 1741/2295/1928 1775/2299/1932 1757/2297/1930 1756/2296/1929
f 1775/2299/1932 1777/2300/1933 1778/2301/1934 1757/2297/1930
f 1775/2299/1932 1741/2295/1928 1742/2179/1826 1763/2302/1935
f 1763/2302/1935 1843/2303/1936 1777/2300/1933 1775/2299/1932
f 1843/2303/1936 1763/2302/1935 1767/2304/1937 1839/2305/1938
f 1767/2304/1937 1765/2306/1939 1836/2307/1940 1839/2305/1938
f 1839/2305/1938 1836/2307/1940 1845/2308/1941 1846/2309/1942
f 1836/2307/1940 1837/2310/1943 1841/2311/1944 1845/2308/1941
f 1841/2311/1944 1851/2187/1834 1850/2186/1833 1845/2308/1941
f 1845/2308/1941 1850/2186/1833 1861/2188/1835 1846/2309/1942
f 1837/2312/1943 1838/2313/1945 1849/2314/1946 1841/2315/1944
f 1849/2314/1946 1852/2316/1947 1851/2317/1834 1841/2315/1944
f 1849/2314/1946 1842/2318/1948 1853/2319/1949 1852/2316/1947
f 1853/2319/1949 1854/2195/1842 1863/2194/1841 1852/2316/1947
f 1863/2194/1841 1864/2200/1830 1851/2317/1834 1852/2316/1947
f 1842/2318/1948 1848/2320/1950 1855/2321/1951 1853/2319/1949
f 1855/2321/1951 1868/2201/1846 1854/2195/1842 1853/2319/1949
f 1855/2321/1951 1848/2320/1950 1859/2322/1952 1875/2323/1953
f 1875/2323/1953 1876/2324/1954 1868/2201/1846 1855/2321/1951
f 1876/2324/1954 1875/2323/1953 1897/2325/1955 1906/2326/1956
f 1906/2326/1956 1907/2327/1957 1877/2328/1958 1876/2324/1954
f 1877/2328/1958 1871/2198/1845 1868/2201/1846 1876/2324/1954
f 1907/2329/1957 1902/2330/1959 1878/2331/1960 1877/2332/1958
f 1878/2331/1960 1870/2184/1831 1871/2333/1845 1877/2332/1958
f 1902/2330/1959 1901/2334/1961 1874/2335/1962 1878/2331/1960
f 1878/2331/1960 1874/2335/1962 1869/2185/1832 1870/2184/1831
f 1901/2334/1961 1902/2330/1959 1905/2336/1963 1904/2253/1892
f 1901/2334/1961 1904/2253/1892 1903/2243/1885 1896/2242/1884
f 1905/2336/1963 1909/2337/1964 1923/2216/1861 1925/2213/1858
f 1925/2213/1858 1921/2212/1857 1904/2253/1892 1905/2336/1963
f 1902/2330/1959 1907/2329/1957 1909/2337/1964 1905/2336/1963
f 1908/2338/1965 1924/2339/1966 1923/2340/1861 1909/2341/1964
f 1907/2327/1957 1906/2326/1956 1908/2338/1965 1909/2341/1964
f 1912/2342/1967 1915/2343/1968 1926/2250/1890 1924/2339/1966
f 1924/2339/1966 1926/2250/1890 1927/2249/1862 1923/2340/1861
f 1924/2339/1966 1908/2338/1965 1900/2344/1969 1912/2342/1967
f 1899/2345/1970 1893/2346/1971 1912/2342/1967 1900/2344/1969
f 1900/2344/1969 1908/2338/1965 1906/2326/1956 1897/2325/1955
f 1897/2325/1955 1882/2347/1972 1899/2345/1970 1900/2344/1969
f 1882/2347/1972 1879/2348/1973 1884/2349/1974 1899/2345/1970
f 1882/2347/1972 1897/2325/1955 1875/2323/1953 1859/2322/1952
f 1859/2322/1952 1857/2350/1975 1879/2348/1973 1882/2347/1972
f 1856/2351/1976 1821/2352/1977 1879/2348/1973 1857/2350/1975
f 1844/2353/1978 1770/2354/1979 1856/2351/1976 1857/2350/1975
f 1770/2354/1979 1764/2355/1980 1776/2356/1981 1856/2351/1976
f 1770/2354/1979 1844/2353/1978 1840/2357/1982 1769/2358/1983
f 1769/2358/1983 1774/2237/1879 1764/2355/1980 1770/2354/1979
f 1769/2358/1983 1840/2357/1982 1838/2313/1945 1768/2359/1984
f 1768/2359/1984 1773/2232/1874 1774/2237/1879 1769/2358/1983
f 1768/2359/1984 1838/2313/1945 1837/2312/1943 1766/2360/1985
f 1766/2360/1985 1772/2233/1875 1773/2232/1874 1768/2359/1984
f 1837/2310/1943 1836/2307/1940 1765/2306/1939 1766/2361/1985
f 1766/2361/1985 1765/2306/1939 1771/2177/1824 1772/2362/1875
f 1840/2357/1982 1844/2353/1978 1848/2320/1950 1842/2318/1948
f 1842/2318/1948 1849/2314/1946 1838/2313/1945 1840/2357/1982
f 1776/2356/1981 1761/2285/1921 1783/2281/1917 1816/2280/1916
f 1776/2356/1981 1816/2280/1916 1821/2352/1977 1856/2351/1976
f 1764/2355/1980 1753/2363/1986 1761/2285/1921 1776/2356/1981
f 1754/2291/1925 1760/2286/1922 1761/2285/1921 1753/2363/1986
f 1764/2355/1980 1774/2237/1879 1751/2236/1878 1753/2363/1986
f 1753/2363/1986 1751/2236/1878 1747/2235/1877 1754/2291/1925
f 1816/2280/1916 1818/2276/1912 1823/2275/1911 1821/2352/1977
f 1823/2275/1911 1884/2349/1974 1879/2348/1973 1821/2352/1977
f 1884/2349/1974 1823/2275/1911 1832/2271/1907 1890/2270/1906
f 1890/2270/1906 1893/2346/1971 1899/2345/1970 1884/2349/1974
f 1890/2270/1906 1889/2264/1902 1895/2263/1901 1893/2346/1971
f 1893/2346/1971 1895/2263/1901 1915/2343/1968 1912/2342/1967
f 1895/2263/1901 1894/2262/1898 1914/2364/1897 1915/2343/1968
f 1915/2343/1968 1914/2364/1897 1917/2251/1863 1926/2250/1890
f 1765/2306/1939 1767/2304/1937 1762/2178/1825 1771/2177/1824
f 1763/2302/1935 1742/2179/1826 1762/2178/1825 1767/2304/1937
f 1819/2365/1987 1758/2298/1931 1757/2297/1930 1778/2301/1934
f 1815/2366/1988 1784/2246/1888 1758/2298/1931 1819/2365/1987
f 1817/2367/1989 1782/2247/1889 1784/2246/1888 1815/2366/1988
f 1824/2368/1990 1792/2369/1991 1782/2247/1889 1817/2367/1989
f 1792/2369/1991 1804/2203/1848 1791/2202/1847 1782/2247/1889
f 1792/2369/1991 1824/2368/1990 1797/2370/1992 1794/2371/1993
f 1794/2371/1993 1807/2224/1869 1804/2203/1848 1792/2369/1991
f 1794/2371/1993 1797/2370/1992 1799/2372/1994 1796/2373/1995
f 1796/2373/1995 1813/2225/1870 1807/2224/1869 1794/2371/1993
f 1796/2373/1995 1799/2372/1994 1802/2374/1996 1800/2375/1997
f 1800/2375/1997 1814/2226/1871 1813/2225/1870 1796/2373/1995
f 1800/2376/1997 1802/2377/1996 1801/2274/1910 1795/2378/1998
f 1795/2378/1998 1811/2229/1872 1814/2228/1871 1800/2376/1997
f 1795/2378/1998 1801/2274/1910 1798/2273/1909 1793/2279/1915
f 1795/2378/1998 1793/2279/1915 1806/2379/1999 1811/2229/1872
f 1803/2380/1851 1809/2230/1867 1811/2229/1872 1806/2379/1999
f 1806/2379/1999 1793/2279/1915 1790/2278/1914 1789/2284/1920
f 1806/2381/1999 1789/2382/1920 1788/2207/1852 1803/2206/1851
f 1799/2372/1994 1825/2383/2000 1827/2384/1905 1802/2374/1996
f 1802/2377/1996 1827/2269/1905 1826/2268/1904 1801/2274/1910
f 1825/2383/2000 1799/2372/1994 1797/2370/1992 1830/2240/1882
f 1830/2240/1882 1831/2189/1836 1833/2192/1839 1825/2383/2000
f 1825/2383/2000 1833/2192/1839 1835/2261/1900 1827/2384/1905
f 1824/2368/1990 1829/2238/1880 1830/2240/1882 1797/2370/1992
f 1784/2246/1888 1781/2205/1850 1780/2209/1854 1758/2298/1931
f 1754/2291/1925 1747/2235/1877 1745/2385/1828 1744/2292/1926
f 1786/2289/1919 1779/2208/1853 1788/2207/1852 1789/2382/1920
f 1914/2258/1897 1916/2256/1895 1920/2215/1860 1917/2218/1863
f 1916/2256/1895 1919/2254/1893 1922/2211/1856 1920/2215/1860
f 1747/2235/1877 1748/2234/1876 1746/2386/1823 1745/2385/1828
f 1748/2387/1876 1772/2362/1875 1771/2177/1824 1746/2176/1823
f 1807/2224/1869 1808/2223/1868 1805/2204/1849 1804/2203/1848
f 1809/2222/1867 1803/2206/1851 1805/2204/1849 1808/2223/1868
f 1930/2210/1855 1927/2217/1862 1928/2219/1864 1929/2214/1859
f 1862/2388/2001 1861/2188/1835 1869/2185/1832
f 1874/2335/1962 1873/2389/2002 1872/2390/2003
f 1859/2322/1952 1848/2320/1950 1844/2353/1978
f 1859/2322/1952 1844/2353/1978 1857/2350/1975
f 1885/2171/1818 1822/2239/1881 1880/2172/1819
f 1822/2239/1881 1820/2391/2004 1880/2172/1819
f 1820/2391/2004 1815/2366/1988 1819/2365/1987
f 1860/2392/2005 1883/2241/1883 1880/2172/1819
f 1820/2391/2004 1819/2365/1987 1880/2172/1819
f 1858/2393/2006 1860/2392/2005 1778/2301/1934 1777/2300/1933
f 1858/2393/2006 1872/2390/2003 1873/2389/2002 1860/2392/2005
f 1862/2388/2001 1872/2390/2003 1858/2393/2006 1847/2394/2007
f 1847/2394/2007 1858/2393/2006 1777/2300/1933 1843/2303/1936
f 1839/2305/1938 1846/2309/1942 1847/2394/2007 1843/2303/1936
f 1861/2188/1835 1862/2388/2001 1847/2394/2007 1846/2309/1942
f 1860/2392/2005 1873/2389/2002 1896/2242/1884 1883/2241/1883
f 1860/2392/2005 1880/2172/1819 1819/2365/1987 1778/2301/1934
f 1817/2367/1989 1815/2366/1988 1820/2391/2004 1822/2239/1881
f 1817/2367/1989 1822/2239/1881 1829/2238/1880 1824/2368/1990
f 1873/2389/2002 1874/2335/1962 1901/2334/1961 1896/2242/1884
f 1862/2388/2001 1869/2185/1832 1874/2335/1962 1872/2390/2003
f 1933/2395/2008 1934/2396/2009 1932/2397/2010 1931/2398/2011
f 1931/2398/2011 1935/2399/2012 1936/2400/2013 1933/2395/2008
f 1931/2401/2011 1932/2402/2010 1939/2403/2014 1935/2404/2012
f 1933/2395/2008 1936/2400/2013 1942/2405/2015 1934/2396/2009
f 1941/2406/2016 1942/2405/2015 1945/2407/2017 1940/2408/2018
f 1941/2406/2016 1940/2408/2018 1934/2396/2009
f 1934/2396/2009 1942/2405/2015 1941/2406/2016
f 1938/2409/2019 1948/2410/2020 1944/2411/2021 1939/2403/2014
f 4023/2412/2022 4015/2413/2023 1955/2414/2024 1959/2415/2025
f 1959/2415/2025 1957/2416/2026 4023/2412/2022
f 1940/2408/2018 1937/2417/2027 1932/2397/2010 1934/2396/2009
f 1936/2400/2013 1946/2418/2028 1950/2419/2029 1942/2405/2015
f 1960/2420/2030 4025/2421/2031 4027/2422/2032
f 1960/2420/2030 1951/2423/2033 1952/2424/2034 4025/2421/2031
f 1951/2423/2033 1942/2405/2015 1950/2419/2029 1952/2424/2034
f 1960/2420/2030 1961/2425/2035 1958/2426/2036 1951/2423/2033
f 4027/2422/2032 4030/2427/2037 1961/2425/2035 1960/2420/2030
f 1962/2428/2038 1954/2429/2039 1958/2426/2036 1961/2425/2035
f 4030/2427/2037 4031/2430/2040 1962/2428/2038 1961/2425/2035
f 4031/2430/2040 4028/2431/2041 1956/2432/2042 1962/2428/2038
f 1959/2415/2025 1955/2414/2024 1953/2433/2043 1956/2434/2042
f 1956/2432/2042 1953/2435/2043 1954/2429/2039 1962/2428/2038
f 1956/2434/2042 4028/2436/2041 1957/2416/2026 1959/2415/2025
f 1955/2414/2024 1944/2411/2021 1948/2410/2020 1953/2433/2043
f 1948/2437/2020 1943/2438/2044 1954/2429/2039 1953/2435/2043
f 1943/2438/2044 1945/2407/2017 1958/2426/2036 1954/2429/2039
f 1942/2405/2015 1951/2423/2033 1958/2426/2036 1945/2407/2017
f 1945/2407/2017 1943/2438/2044 1937/2417/2027 1940/2408/2018
f 1943/2439/2044 1948/2410/2020 1938/2409/2019 1937/2440/2027
f 1949/2441/2045 1947/2442/2046 1939/2403/2014 1944/2411/2021
f 1949/2441/2045 1944/2411/2021 1955/2414/2024 4015/2413/2023
f 1947/2442/2046 4013/2443/2047 1935/2404/2012 1939/2403/2014
f 1946/2418/2028 1936/2400/2013 1935/2399/2012 4013/2444/2047
f 1938/2409/2019 1939/2403/2014 1932/2402/2010 1937/2440/2027
f 1999/2445/2048 2000/2446/2049 1970/2447/2050 1963/2448/2051
f 1963/2448/2051 1997/2449/2052 1986/2450/2053 1999/2445/2048
f 1971/2451/2054 4042/2452/2055 4040/2453/2056
f 2016/2454/2057 1973/2455/2058 1972/2456/2059
f 2016/2457/2057 1972/2458/2059 1976/2459/2060 1985/2460/2061
f 1972/2456/2059 1973/2455/2058 1965/2461/2062 1964/2462/2063
f 1976/2459/2060 1972/2458/2059 1964/2463/2063 1975/2464/2064
f 1965/2461/2062 1974/2465/2065 1975/2466/2064 1964/2462/2063
f 1965/2461/2062 1973/2455/2058 1977/2467/2066 1978/2468/2067
f 1978/2468/2067 1979/2469/2068 1974/2465/2065 1965/2461/2062
f 2012/2470/2069 2013/2471/2070 1980/2472/2071 1966/2473/2072
f 1966/2473/2072 1980/2472/2071 1981/2474/2073 1982/2475/2074
f 1966/2473/2072 1982/2475/2074 2011/2476/2075 2012/2470/2069
f 1967/2477/2076 1989/2478/2077 1979/2469/2068 1978/2468/2067
f 1967/2477/2076 1978/2468/2067 1977/2467/2066
f 1967/2477/2076 1968/2479/2078 1986/2480/2053 1989/2478/2077
f 1969/2481/2079 1987/2482/2080 1988/2483/2081 1979/2469/2068
f 1989/2478/2077 1987/2482/2080 1969/2481/2079
f 1969/2481/2079 1979/2469/2068 1989/2478/2077
f 4060/2484/2082 1963/2448/2051 1970/2447/2050 4059/2485/2083
f 1977/2467/2066 1973/2455/2058 2016/2454/2057
f 1991/2486/2084 2014/2487/2085 1995/2488/2086 1990/2489/2087
f 1990/2489/2087 1995/2488/2086 1996/2490/2088 1992/2491/2089
f 1993/2492/2090 1994/2493/2091 1990/2489/2087 1992/2491/2089
f 1992/2491/2089 1963/2448/2051 4060/2484/2082 1993/2492/2090
f 1992/2491/2089 1996/2490/2088 1997/2449/2052 1963/2448/2051
f 1997/2494/2052 1996/2495/2088 2011/2476/2075 2010/2496/2092
f 1997/2494/2052 2010/2496/2092 1989/2478/2077 1986/2480/2053
f 1968/2479/2078 1998/2497/2093 1999/2498/2048 1986/2480/2053
f 1999/2445/2048 1998/2499/2093 1983/2500/2094 2000/2446/2049
f 2015/2501/2095 1967/2477/2076 1977/2467/2066 2016/2454/2057
f 2015/2501/2095 2016/2454/2057 1985/2502/2061 1984/2503/2096
f 1998/2497/2093 1968/2479/2078 1967/2477/2076 2015/2501/2095
f 1991/2486/2084 1990/2489/2087 1994/2493/2091
f 4059/2485/2083 1970/2447/2050 1971/2451/2054 4040/2453/2056
f 2000/2446/2049 2001/2504/2097 1971/2451/2054 1970/2447/2050
f 1998/2499/2093 2015/2505/2095 1984/2506/2096 1983/2500/2094
f 2000/2446/2049 1983/2500/2094 1975/2464/2064 2001/2504/2097
f 1984/2506/2096 1985/2460/2061 1976/2459/2060
f 1976/2459/2060 1975/2464/2064 1983/2500/2094 1984/2506/2096
f 2001/2507/2097 1975/2466/2064 1974/2465/2065 2002/2508/2098
f 2002/2508/2098 1974/2465/2065 1979/2469/2068 1988/2483/2081
f 2002/2508/2098 2003/2509/2099 1971/2510/2054 2001/2507/2097
f 2003/2509/2099 2002/2508/2098 1988/2483/2081 2004/2511/2100
f 2003/2509/2099 2004/2511/2100 2005/2512/2101 4073/2513/2102
f 2003/2514/2099 4073/2515/2102 4042/2452/2055 1971/2451/2054
f 2004/2511/2100 2006/2516/2103 4075/2517/2104 2005/2512/2101
f 2006/2516/2103 2007/2518/2105 4077/2519/2106 4075/2517/2104
f 2007/2518/2105 2008/2520/2107 2009/2521/2108 4077/2519/2106
f 2009/2521/2108 2008/2520/2107 1982/2475/2074 1981/2474/2073
f 2010/2496/2092 2011/2476/2075 1982/2475/2074 2008/2520/2107
f 2007/2518/2105 1989/2478/2077 2010/2496/2092 2008/2520/2107
f 2007/2518/2105 2006/2516/2103 1987/2482/2080 1989/2478/2077
f 2006/2516/2103 2004/2511/2100 1988/2483/2081 1987/2482/2080
f 2012/2470/2069 2011/2476/2075 1996/2495/2088 1995/2522/2086
f 2013/2471/2070 2012/2470/2069 1995/2522/2086 2014/2523/2085
f 2024/2524/2109 2025/2525/2110 4092/2526/2111 2021/2527/2112
f 2027/2528/2113 2034/2529/2114 2035/2530/2115
f 2027/2528/2113 2026/2531/2116 2034/2529/2114
f 2026/2531/2116 2021/2527/2112 2018/2532/2117 2017/2533/2118
f 4092/2526/2111 4086/2534/2119 2018/2532/2117 2021/2527/2112
f 2024/2524/2109 2021/2527/2112 2027/2535/2113
f 2026/2531/2116 2017/2533/2118 2032/2536/2120 2034/2529/2114
f 2021/2527/2112 2026/2531/2116 2027/2535/2113
f 4090/2537/2121 2020/2538/2122 2019/2539/2123 4088/2540/2124
f 2018/2532/2117 2019/2539/2123 2020/2538/2122 2017/2533/2118
f 4086/2534/2119 4088/2540/2124 2019/2539/2123 2018/2532/2117
f 4111/2541/2125 2032/2536/2120 2033/2542/2126 4110/2543/2127
f 2033/2542/2126 2020/2544/2122 4090/2545/2121 4110/2543/2127
f 2032/2536/2120 2017/2533/2118 2020/2544/2122 2033/2542/2126
f 4113/2546/2128 2034/2529/2114 2032/2536/2120 4111/2541/2125
f 4116/2547/2129 2035/2530/2115 2034/2529/2114 4113/2546/2128
f 2024/2548/2109 2027/2528/2113 2035/2530/2115
f 4096/2549/2130 4122/2550/2131 2038/2551/2132 2022/2552/2133
f 4097/2553/2134 4096/2549/2130 2022/2552/2133 2023/2554/2135
f 2039/2555/2136 2038/2556/2132 4122/2557/2131 4123/2558/2137
f 2023/2554/2135 2022/2552/2133 2038/2556/2132 2039/2555/2136
f 4123/2559/2137 4097/2553/2134 2023/2554/2135 2039/2560/2136
f 2028/2561/2138 4098/2562/2139 4105/2563/2140 2030/2564/2141
f 4105/2563/2140 4120/2565/2142 2036/2566/2143 2030/2564/2141
f 4099/2567/2144 4098/2568/2139 2028/2569/2138 2029/2570/2145
f 2037/2571/2146 2036/2566/2143 4120/2565/2142 4121/2572/2147
f 2031/2573/2148 2030/2574/2141 2036/2566/2143 2037/2571/2146
f 2029/2570/2145 2028/2569/2138 2030/2574/2141 2031/2573/2148
f 4107/2575/2149 4099/2576/2144 2029/2577/2145 2031/2578/2148
f 2037/2571/2146 4121/2572/2147 4107/2575/2149 2031/2578/2148
f 2059/381/360 2060/227/212 2046/2579/2150 2055/320/302
f 2055/320/302 2046/2579/2150 2050/361/340 2058/257/242
f 2061/395/369 2062/394/213 2052/2580/243 2053/2581/241
f 2068/327/309 2057/2582/240 2049/2583/341 2067/328/310
f 2063/336/318 2064/409/381 2044/2584/2151 2042/430/393
f 2049/362/341 2050/361/340 2042/2585/393 2044/2586/2151
f 2053/2581/241 2057/2582/240 2068/327/309 2061/395/369
f 2051/321/303 2065/231/216 2059/381/360 2055/320/302
f 2050/361/340 2046/2579/2150 2040/429/392 2042/2585/393
f 2060/227/212 2066/226/211 2040/429/392 2046/2579/2150
f 2052/259/243 2062/228/213 2065/231/216 2051/321/303
f 2067/328/310 2049/2583/341 2044/2587/2151 2064/431/381
f 2198/1/2152 2199/4/2153 2100/3/2154 2202/2/2155
f 2069/5/2156 2073/8/2157 2147/7/2158 2188/6/2159
f 2206/9/2160 2105/12/2161 2106/11/2162 2107/10/2163
f 2084/13/2164 2074/15/15 6/14/14
f 2075/16/2165 2073/8/2157 2069/5/2156
f 2075/16/2165 2076/18/2166 2151/17/2167 2073/8/2157
f 2165/19/2168 2154/22/2169 2075/21/2165 2166/20/2170
f 2083/23/2171 2077/26/2172 2188/25/2159 2084/24/2164
f 2077/26/2172 2083/23/2171 2071/27/2173
f 2207/28/2174 2206/9/2160 2107/10/2163 2109/29/2175
f 2070/30/2176 2142/33/2177 2149/32/2178 2078/31/2179
f 2079/34/2180 2187/36/2181 2184/35/2182
f 2174/37/2183 2081/40/2184 2080/39/2185 2175/38/2186
f 2081/40/2184 2174/37/2183 2173/41/2187
f 2207/28/2174 2109/29/2175 2208/43/2188 2209/42/2189
f 2071/44/2173 2082/47/43 113/46/42 2170/45/2190
f 2082/48/43 2071/51/2173 2083/50/2171 14/49/44
f 2090/52/2191 2135/55/2192 2136/54/2193 2179/53/2194
f 2211/56/2195 2207/28/2174 2209/42/2189 2210/57/2196
f 2087/58/2197 2072/61/2198 2183/60/2199 2182/59/2200
f 2090/52/2191 2089/63/2201 2088/62/2202
f 23/64/57 2074/15/15 2084/13/2164
f 24/65/58 23/64/57 2084/13/2164 2085/66/2203
f 27/67/60 2197/70/2204 2091/69/2205 25/68/61
f 2182/59/2200 2181/72/2206 2138/71/2207 2087/58/2197
f 27/67/60 28/73/66 2198/1/2152 2197/70/2204
f 28/73/66 29/74/67 2199/4/2153 2198/1/2152
f 29/74/67 30/76/69 2200/75/2208 2199/4/2153
f 30/76/69 31/78/71 2201/77/2209 2200/75/2208
f 31/78/71 2092/80/73 2096/79/2210 2201/77/2209
f 2096/79/2210 2092/80/73 2093/82/75 2095/81/2211
f 2095/81/2211 2093/82/75 32/84/77 2094/83/2212
f 32/84/77 24/65/58 2085/66/2203 2094/83/2212
f 2089/63/2201 2090/52/2191 2179/53/2194 2177/85/2213
f 2205/86/2214 2105/12/2161 2206/9/2160
f 2201/77/2209 2096/79/2210 2143/88/2215 2097/87/2216
f 2097/87/2216 2098/89/2217 2200/75/2208 2201/77/2209
f 2100/3/2154 2098/89/2217 2099/91/2218 2101/90/2219
f 2133/92/2220 2178/95/2221 2131/94/2222 2132/93/2223
f 2203/96/2224 2101/90/2219 2102/98/2225 2103/97/2226
f 2103/97/2226 2102/98/2225 2138/71/2207 2104/99/2227
f 2178/95/2221 2133/92/2220 2089/63/2201 2177/85/2213
f 2104/99/2227 2105/12/2161 2205/86/2214 2103/97/2226
f 2106/11/2162 2105/12/2161 2104/99/2227 2137/100/2228
f 2108/101/2229 2107/10/2163 2106/11/2162 2135/55/2192
f 2178/95/2221 2081/40/2184 2130/102/2230 2131/94/2222
f 2107/10/2163 2108/101/2229 2110/103/2231 2109/29/2175
f 2091/69/2205 2197/70/2204 2196/104/2232
f 2109/29/2175 2110/103/2231 2111/105/2233 2208/43/2188
f 2112/106/2234 2111/105/2233 2110/103/2231 2134/107/2235
f 2111/105/2233 2112/106/2234 2113/109/2236 2189/108/2237
f 2211/56/2195 2205/86/2214 2206/9/2160 2207/28/2174
f 2114/110/2238 2113/109/2236 2112/106/2234 2132/93/2223
f 2113/109/2236 2114/110/2238 55/112/105 54/111/104
f 2180/113/2239 2176/114/2240 2179/53/2194 2136/54/2193
f 2114/110/2238 2115/116/2241 2116/115/108 55/112/105
f 2116/115/108 2115/116/2241 2117/118/2242 58/117/110
f 2204/119/2243 2203/96/2224 2103/97/2226 2205/86/2214
f 58/117/110 2117/118/2242 2118/121/2244 60/120/113
f 60/120/113 2118/121/2244 2120/123/2245 2119/122/115
f 2119/124/115 2120/127/2245 2122/126/2246 2121/125/117
f 2178/95/2221 2177/85/2213 2080/39/2185 2081/40/2184
f 2122/126/2246 2123/129/2247 64/128/119 2121/125/117
f 64/128/119 2123/129/2247 2124/131/2248 65/130/121
f 2125/132/2249 2124/131/2248 2123/129/2247 2126/133/2250
f 2180/113/2239 2187/36/2181 2079/34/2180 2176/114/2240
f 2212/134/2251 2213/136/2252 2086/135/2253 2204/119/2243
f 2127/137/2254 2126/133/2250 2123/129/2247 2122/126/2246
f 2128/138/2255 2127/137/2254 2122/126/2246 2120/127/2245
f 2129/139/2256 2128/140/2255 2120/123/2245 2118/121/2244
f 2130/102/2230 2129/139/2256 2118/121/2244 2117/118/2242
f 2203/96/2224 2204/119/2243 2086/135/2253 2202/2/2155
f 2131/94/2222 2130/102/2230 2117/118/2242 2115/116/2241
f 2132/93/2223 2131/94/2222 2115/116/2241 2114/110/2238
f 2139/141/2257 2140/142/2258 2072/61/2198 2087/58/2197
f 2179/53/2194 2176/114/2240 2080/39/2185 2177/85/2213
f 2132/93/2223 2112/106/2234 2134/107/2235 2133/92/2220
f 2133/92/2220 2134/107/2235 2088/62/2202 2089/63/2201
f 2136/54/2193 2137/100/2228 2181/72/2206 2180/113/2239
f 2088/62/2202 2108/101/2229 2135/55/2192 2090/52/2191
f 2108/101/2229 2088/62/2202 2134/107/2235 2110/103/2231
f 2199/4/2153 2200/75/2208 2098/89/2217 2100/3/2154
f 2135/55/2192 2106/11/2162 2137/100/2228 2136/54/2193
f 2181/72/2206 2137/100/2228 2104/99/2227 2138/71/2207
f 2176/114/2240 2079/34/2180 2175/38/2186 2080/39/2185
f 2087/58/2197 2138/71/2207 2102/98/2225 2139/141/2257
f 2197/70/2204 2086/135/2253 2213/136/2252
f 2083/50/2171 2084/13/2164 6/14/14 14/49/44
f 2139/141/2257 2102/98/2225 2101/90/2219 2099/91/2218
f 2139/141/2257 2099/91/2218 2141/143/2259 2140/142/2258
f 2196/104/2232 2197/70/2204 2213/136/2252 2212/134/2251
f 2141/143/2259 2097/87/2216 2143/88/2215 2142/33/2177
f 2141/143/2259 2099/91/2218 2098/89/2217 2097/87/2216
f 2077/144/2172 2075/16/2165 2069/5/2156 2188/6/2159
f 2187/36/2181 2180/113/2239 2181/72/2206 2182/59/2200
f 2145/145/2260 2144/146/2261 2095/81/2211 2094/83/2212
f 2144/146/2261 2143/88/2215 2096/79/2210 2095/81/2211
f 2094/83/2212 2085/66/2203 2146/147/2262 2145/145/2260
f 2185/148/2263 2175/38/2186 2079/34/2180 2184/35/2182
f 2113/109/2236 54/111/104 2190/149/138 2189/108/2237
f 2186/150/2264 2174/37/2183 2175/38/2186 2185/148/2263
f 2072/61/2198 2140/142/2258 2070/30/2176 2183/60/2199
f 2152/151/2265 2173/41/2187 2174/37/2183 2186/150/2264
f 2077/152/2172 2071/44/2173 2166/20/2170 2075/21/2165
f 2084/24/2164 2188/25/2159 2147/7/2158
f 2084/24/2164 2147/7/2158 2146/147/2262 2085/66/2203
f 2184/35/2182 2187/36/2181 2182/59/2200 2183/60/2199
f 2202/2/2155 2100/3/2154 2101/90/2219 2203/96/2224
f 2186/150/2264 2078/31/2179 2150/153/2266 2152/151/2265
f 2155/154/2267 2173/41/2187 2152/151/2265 2153/155/2268
f 2145/145/2260 2146/147/2262 2151/17/2167 2148/156/2269
f 2144/146/2261 2145/145/2260 2148/156/2269 2149/32/2178
f 2149/32/2178 2142/33/2177 2143/88/2215 2144/146/2261
f 2210/57/2196 2196/104/2232 2212/134/2251 2211/56/2195
f 2148/156/2269 2151/17/2167 2076/18/2166 2150/153/2266
f 2196/104/2232 2210/57/2196 2195/157/2270 2091/69/2205
f 2148/156/2269 2150/153/2266 2078/31/2179 2149/32/2178
f 2073/8/2157 2151/17/2167 2146/147/2262 2147/7/2158
f 2076/18/2166 2153/155/2268 2152/151/2265 2150/153/2266
f 2154/158/2169 2153/155/2268 2076/18/2166 2075/16/2165
f 2153/155/2268 2154/158/2169 2156/159/2271 2155/154/2267
f 2154/22/2169 2165/19/2168 2157/161/2272 2156/160/2271
f 2204/119/2243 2205/86/2214 2211/56/2195 2212/134/2251
f 2081/40/2184 2172/162/2273 2129/139/2256 2130/102/2230
f 2157/161/2272 2159/165/2274 2160/164/2275 2158/163/2276
f 2158/163/2276 2160/164/2275 2126/133/2250 2127/137/2254
f 137/166/152 25/68/61 2091/69/2205 2195/157/2270
f 2160/164/2275 2159/165/2274 2162/168/2277 2161/167/2278
f 2194/169/155 137/166/152 2195/157/2270 2193/170/2279
f 2160/164/2275 2161/167/2278 2125/132/2249 2126/133/2250
f 2162/168/2277 2159/165/2274 2164/172/2280 2163/171/2281
f 2165/19/2168 2164/172/2280 2159/165/2274 2157/161/2272
f 2164/172/2280 2165/19/2168 2166/20/2170 2167/173/2282
f 2172/162/2273 2081/40/2184 2173/41/2187 2155/154/2267
f 2193/170/2279 2195/157/2270 2210/57/2196 2209/42/2189
f 2140/142/2258 2141/143/2259 2142/33/2177 2070/30/2176
f 2166/20/2170 2071/44/2173 2170/45/2190 2167/173/2282
f 2172/162/2273 2171/174/2283 2128/140/2255 2129/139/2256
f 2191/175/2284 2192/176/162 2194/169/155 2193/170/2279
f 2171/174/2283 2172/162/2273 2155/154/2267 2156/159/2271
f 2185/148/2263 2070/30/2176 2078/31/2179 2186/150/2264
f 2171/177/2283 2158/163/2276 2127/137/2254 2128/138/2255
f 2167/173/2282 2168/178/2285 2163/171/2281 2164/172/2280
f 2208/43/2188 2111/105/2233 2189/108/2237 2191/175/2284
f 2169/179/2286 2168/178/2285 2167/173/2282 2170/45/2190
f 2183/60/2199 2070/30/2176 2185/148/2263 2184/35/2182
f 2190/149/138 2192/176/162 2191/175/2284 2189/108/2237
f 2158/163/2276 2171/177/2283 2156/160/2271 2157/161/2272
f 2170/45/2190 113/46/42 114/180/165 2169/179/2286
f 2202/2/2155 2086/135/2253 2197/70/2204 2198/1/2152
f 2191/175/2284 2193/170/2279 2209/42/2189 2208/43/2188
f 157/181/166 158/184/169 2231/183/2287 2235/182/2288
f 157/181/166 2235/182/2288 173/185/170
f 175/186/171 2233/189/2289 2230/188/2290 176/187/172
f 2235/182/2288 2233/189/2289 175/186/171 173/185/170
f 2245/190/2291 2241/193/2292 2237/192/2293 2238/191/2294
f 2260/194/2295 2259/197/2296 2258/196/2297 2262/195/2298
f 2259/197/2296 2260/194/2295 2335/199/2299 2334/198/2300
f 2259/197/2296 2334/198/2300 2333/200/2301 2258/196/2297
f 2262/195/2298 2258/196/2297 2257/202/2302 2253/201/2303
f 2262/195/2298 2264/204/2304 2261/203/2305 2260/194/2295
f 2220/205/2306 2215/207/2307 2219/206/2308
f 2370/208/2309 2371/211/2310 2342/210/2311 2368/209/2312
f 2370/208/2309 2368/209/2312 2369/213/2313 2372/212/2314
f 2371/211/2310 2370/208/2309 2372/212/2314 2375/214/2315
f 2389/215/200 2378/217/2316 2390/216/2317
f 2389/215/200 2390/216/2317 332/218/203
f 2366/219/2318 2365/221/206 2367/220/205
f 2364/222/2319 2366/219/2318 2367/220/205 2363/223/208
f 2047/224/209 4140/227/2320 4146/226/2321 2041/225/210
f 4142/228/2322 4145/231/2323 4131/230/215 4133/229/214
f 2234/232/2324 2240/234/2325 2233/189/2289 2232/233/2326
f 2240/234/2325 2234/232/2324 2248/235/2327
f 2240/234/2325 2230/188/2290 2233/189/2289
f 2318/236/2328 2349/239/2329 2352/238/2330 2351/237/2331
f 2349/239/2329 2360/240/2332 2352/238/2330
f 2349/239/2329 2343/242/2333 2346/241/2334
f 2318/236/2328 2345/243/2335 2343/242/2333 2349/239/2329
f 2287/244/2336 2286/246/2337 2269/245/2338
f 2287/244/2336 2269/245/2338 2270/248/2339 2275/247/2340
f 2293/249/2341 2287/244/2336 2275/247/2340 2278/250/2342
f 2316/251/2343 2313/254/2344 2338/253/2345 2321/252/2346
f 2313/254/2344 2334/198/2300 2335/199/2299 2338/253/2345
f 2313/254/2344 2316/251/2343 2333/200/2301 2334/198/2300
f 4137/255/2347 4138/257/2348 4134/256/2349
f 4134/258/2349 4138/260/2348 4132/259/2350
f 2318/236/2328 2351/237/2331 2323/262/2351 2322/261/2352
f 2381/263/2353 2390/216/2317 2378/217/2316 2377/264/2354
f 2390/216/2317 2381/263/2353 2385/266/2355 2391/265/2356
f 332/218/203 2390/216/2317 2391/265/2356 2392/267/250
f 2391/265/2356 2385/266/2355 2393/269/252 334/268/251
f 2392/267/250 2391/265/2356 334/268/251
f 2219/206/2308 2267/270/2357 2220/205/2306
f 2219/206/2308 2215/207/2307 2217/272/2358 2218/271/2359
f 2223/273/2360 2227/276/2361 2246/275/2362 2244/274/2363
f 2232/233/2326 2223/273/2360 2244/274/2363 2234/232/2324
f 2223/273/2360 2215/207/2307 2256/277/2364 2227/276/2361
f 220/278/261 2276/281/264 2277/280/2365 2274/279/2366
f 2272/282/2367 220/278/261 2274/279/2366 2273/283/2368
f 2386/284/2369 2383/287/2370 2384/286/269 2387/285/268
f 2383/287/2370 2386/284/2369 2382/289/2371 2305/288/2372
f 2346/241/2334 2344/291/2373 2337/290/2374
f 2346/241/2334 2343/242/2333 2344/291/2373
f 2305/288/2372 2382/289/2371 2302/293/2375 2297/292/2376
f 2304/294/2377 2305/288/2372 2297/292/2376 2303/295/2378
f 303/296/279 2326/299/2379 2327/298/2380 2353/297/280
f 2308/300/2381 2327/298/2380 2326/299/2379 2325/301/2382
f 2308/302/2381 2224/305/2383 2306/304/2384 2309/303/2385
f 2224/305/2383 2236/306/2386 2237/192/2293 2306/304/2384
f 2309/303/2385 2306/304/2384 2307/308/2387 2317/307/2388
f 2306/304/2384 2237/192/2293 2241/193/2292 2307/308/2387
f 2317/307/2388 2307/308/2387 2310/310/2389 2331/309/2390
f 2310/310/2389 2307/308/2387 2241/193/2292 2250/311/2391
f 2250/311/2391 2241/193/2292 2245/190/2291 2247/312/2392
f 2250/311/2391 2229/314/2393 2312/313/2394 2310/310/2389
f 2250/311/2391 2247/312/2392 2246/275/2362 2229/314/2393
f 2229/314/2393 2228/316/2395 2311/315/2396 2312/313/2394
f 2228/316/2395 2229/314/2393 2246/275/2362 2227/276/2361
f 2228/316/2395 2225/318/2397 2314/317/2398 2311/315/2396
f 2225/318/2397 2228/316/2395 2227/276/2361 2256/277/2364
f 2314/317/2398 2323/262/2351 2320/319/2399 2311/315/2396
f 4136/320/2400 4130/321/2401 4138/257/2348
f 2314/317/2398 2315/322/2402 2322/261/2352 2323/262/2351
f 2315/322/2402 2314/317/2398 2225/318/2397 2226/323/2403
f 2257/202/2302 2226/323/2403 2225/318/2397 2256/277/2364
f 2226/323/2403 2333/200/2301 2316/251/2343 2315/322/2402
f 2226/323/2403 2257/202/2302 2258/196/2297 2333/200/2301
f 2315/322/2402 2316/251/2343 2321/252/2346 2322/261/2352
f 2320/319/2399 2323/262/2351 2351/237/2331 2355/324/2404
f 4138/260/2348 4130/321/2401 4132/259/2350
f 2359/325/307 2351/237/2331 2352/238/2330 306/326/308
f 4148/327/2405 2056/330/312 2048/329/311 4147/328/2406
f 306/326/308 2352/238/2330 2360/240/2332 309/331/313
f 2360/240/2332 2349/239/2329 2350/333/2407 2361/332/2408
f 2350/333/2407 2388/334/2409 2364/222/2319 2361/332/2408
f 2041/225/210 4146/226/2321 4143/336/2410 2043/335/317
f 2348/337/2411 2350/333/2407 2349/239/2329 2347/338/2412
f 2350/333/2407 2348/337/2411 2376/339/2413 2388/334/2409
f 2375/214/2315 2376/339/2413 2348/337/2411 2371/211/2310
f 2388/334/2409 2376/339/2413 2378/217/2316 2389/215/200
f 2376/339/2413 2375/214/2315 2377/264/2354 2378/217/2316
f 2374/340/2414 2377/264/2354 2375/214/2315 2372/212/2314
f 2377/264/2354 2374/340/2414 2379/341/2415 2381/263/2353
f 2379/341/2415 2374/340/2414 2373/343/2416 2299/342/2417
f 2379/341/2415 2299/342/2417 2301/345/2418 2380/344/2419
f 2297/346/2376 2302/349/2375 2296/348/2420 2294/347/2421
f 2302/349/2375 2301/345/2418 2300/350/2422 2296/348/2420
f 2303/351/2378 2279/354/2423 2280/353/2424 2281/352/2425
f 2303/351/2378 2297/346/2376 2294/347/2421 2279/354/2423
f 224/355/334 225/356/335 2281/352/2425 2280/353/2424
f 2280/353/2424 2277/280/2365 2276/281/264 224/355/334
f 2277/280/2365 2280/353/2424 2279/354/2423 2278/250/2342
f 2256/277/2364 2215/207/2307 2220/205/2306
f 2279/354/2423 2294/347/2421 2293/249/2341 2278/250/2342
f 2294/347/2421 2296/348/2420 2295/357/2426 2293/249/2341
f 2296/348/2420 2300/350/2422 2298/358/2427 2295/357/2426
f 2295/357/2426 2298/358/2427 2292/360/2428 2289/359/2429
f 2292/360/2428 2298/358/2427 2299/342/2417 2373/343/2416
f 2299/342/2417 2298/358/2427 2300/350/2422 2301/345/2418
f 4137/255/2347 4128/362/2430 4129/361/2431 4138/257/2348
f 2347/338/2412 2349/239/2329 2346/241/2334 2341/363/2432
f 2341/363/2432 2340/364/2433 2342/210/2311 2347/338/2412
f 2263/365/2434 2340/364/2433 2341/363/2432 2266/366/2435
f 2290/367/2436 2340/364/2433 2263/365/2434 2265/368/2437
f 2255/369/2438 2265/368/2437 2263/365/2434 2264/204/2304
f 2265/368/2437 2283/371/2439 2291/370/2440 2290/367/2436
f 2283/371/2439 2265/368/2437 2255/369/2438 2288/372/2441
f 2288/372/2441 2255/369/2438 2254/374/2442 2285/373/2443
f 2288/372/2441 2287/244/2336 2289/359/2429 2283/371/2439
f 2288/372/2441 2285/373/2443 2286/246/2337 2287/244/2336
f 2289/359/2429 2292/360/2428 2291/370/2440 2283/371/2439
f 2291/370/2440 2369/213/2313 2368/209/2312 2290/367/2436
f 2369/213/2313 2291/370/2440 2292/360/2428 2373/343/2416
f 2254/374/2442 2262/195/2298 2253/201/2303 2252/375/2444
f 2254/374/2442 2255/369/2438 2264/204/2304 2262/195/2298
f 2285/373/2443 2254/374/2442 2252/375/2444 2284/376/2445
f 2284/376/2445 2252/375/2444 2216/378/2446 2268/377/2447
f 2284/376/2445 2286/246/2337 2285/373/2443
f 2286/246/2337 2284/376/2445 2268/377/2447 2269/245/2338
f 2220/205/2306 2216/378/2446 2251/379/2448 2256/277/2364
f 2251/379/2448 2216/378/2446 2252/375/2444 2253/201/2303
f 2268/377/2447 2216/378/2446 2220/205/2306 2267/270/2357
f 2256/277/2364 2251/379/2448 2253/201/2303 2257/202/2302
f 2269/245/2338 2268/377/2447 2267/270/2357 2270/248/2339
f 2273/283/2368 2270/248/2339 2267/270/2357 2219/206/2308
f 2273/283/2368 2219/206/2308 2218/271/2359 2272/282/2367
f 2054/380/359 4139/381/2449 4140/227/2320 2047/224/209
f 2272/282/2367 2218/271/2359 2222/383/362 2271/382/361
f 2222/383/362 2218/271/2359 2217/272/2358 2221/384/363
f 2215/207/2307 2223/273/2360 2214/385/2450 2217/272/2358
f 2223/273/2360 2232/233/2326 2231/183/2287 2214/385/2450
f 2231/183/2287 2232/233/2326 2233/189/2289 2235/182/2288
f 2214/385/2450 2231/183/2287 158/184/169 165/386/365
f 2217/272/2358 2214/385/2450 165/386/365 2221/384/363
f 2340/364/2433 2290/367/2436 2368/209/2312 2342/210/2311
f 2261/203/2305 2266/366/2435 2337/290/2374 2336/387/2451
f 2266/366/2435 2341/363/2432 2346/241/2334 2337/290/2374
f 2266/366/2435 2261/203/2305 2264/204/2304 2263/365/2434
f 2335/199/2299 2336/387/2451 2339/388/2452 2338/253/2345
f 2339/388/2452 2336/387/2451 2337/290/2374 2344/291/2373
f 2336/387/2451 2335/199/2299 2260/194/2295 2261/203/2305
f 2339/388/2452 2345/243/2335 2321/252/2346 2338/253/2345
f 2345/243/2335 2339/388/2452 2344/291/2373 2343/242/2333
f 2289/359/2429 2287/244/2336 2293/249/2341 2295/357/2426
f 2301/389/2418 2302/293/2375 2382/289/2371 2380/390/2419
f 2380/390/2419 2382/289/2371 2386/284/2369 2385/391/2355
f 2380/344/2419 2385/266/2355 2381/263/2353 2379/341/2415
f 2373/343/2416 2374/340/2414 2372/212/2314 2369/213/2313
f 2348/337/2411 2347/338/2412 2342/210/2311 2371/211/2310
f 4135/392/368 4141/395/2453 4142/394/2322 4133/393/214
f 2361/332/2408 2362/396/370 309/331/313 2360/240/2332
f 2362/396/370 2361/332/2408 2364/222/2319 2363/223/208
f 2359/325/307 2357/397/371 2355/324/2404 2351/237/2331
f 2355/324/2404 2357/397/371 2356/399/373 2332/398/2454
f 2332/398/2454 2356/399/373 304/401/375 2330/400/2455
f 304/401/375 2354/403/377 2329/402/2456 2330/400/2455
f 2354/403/377 2358/405/379 2328/404/2457 2329/402/2456
f 2328/404/2457 2358/405/379 2353/407/280 2327/406/2380
f 2043/335/317 4143/336/2410 4144/409/2458 2045/408/380
f 2309/303/2385 2328/404/2457 2327/406/2380 2308/302/2381
f 4141/395/2453 4135/392/368 2056/330/312 4148/327/2405
f 2328/404/2457 2309/303/2385 2317/307/2388 2329/402/2456
f 2329/402/2456 2317/307/2388 2331/309/2390 2330/400/2455
f 2330/400/2455 2331/309/2390 2319/410/2459 2332/398/2454
f 2312/313/2394 2319/410/2459 2331/309/2390 2310/310/2389
f 2332/398/2454 2319/410/2459 2320/319/2399 2355/324/2404
f 2319/410/2459 2312/313/2394 2311/315/2396 2320/319/2399
f 4145/231/2323 4139/381/2449 2054/380/359 4131/230/215
f 2249/411/2460 2247/312/2392 2245/190/2291 2238/191/2294
f 2247/312/2392 2249/411/2460 2244/274/2363 2246/275/2362
f 2249/411/2460 2248/235/2327 2234/232/2324 2244/274/2363
f 2248/235/2327 2249/411/2460 2238/191/2294 2239/412/2461
f 2236/413/2386 2224/416/2383 2324/415/2462 2242/414/2463
f 2224/416/2383 2308/300/2381 2325/301/2382 2324/415/2462
f 190/417/387 176/420/172 2230/419/2290 2243/418/2464
f 2243/418/2464 2230/419/2290 2240/421/2325 2242/414/2463
f 2272/282/2367 2271/382/361 219/422/389
f 2303/295/2378 2281/424/2425 2282/423/2465 2304/294/2377
f 2387/285/268 2393/425/252 2385/391/2355 2386/284/2369
f 2273/283/2368 2274/279/2366 2275/247/2340 2270/248/2339
f 2274/279/2366 2277/280/2365 2278/250/2342 2275/247/2340
f 219/422/389 220/278/261 2272/282/2367
f 2322/261/2352 2321/252/2346 2345/243/2335 2318/236/2328
f 2239/426/2461 2236/413/2386 2242/414/2463 2240/421/2325
f 2239/412/2461 2240/234/2325 2248/235/2327
f 2236/306/2386 2239/412/2461 2238/191/2294 2237/192/2293
f 2389/215/200 2365/221/206 2366/219/2318
f 2389/215/200 2366/219/2318 2364/222/2319 2388/334/2409
f 2281/424/2425 225/428/335 232/427/391 2282/423/2465
f 4124/429/2466 4125/430/2467 4143/336/2410 4146/226/2321
f 2048/329/311 2045/432/380 4144/431/2458 4147/328/2406
f 2394/433/2468 2550/435/2469 2408/434/2470
f 2409/436/2471 2548/439/2472 2411/438/2473 2410/437/2474
f 2394/433/2468 2413/441/2475 2412/440/2476
f 2450/442/2477 2451/444/2478 2464/443/2479
f 2414/445/2480 2395/448/2481 2415/447/2482 2401/446/2483
f 2395/448/2481 2417/450/2484 2416/449/2485 2415/447/2482
f 2397/451/2486 2396/454/2487 2419/453/2488 2418/452/2489
f 2396/454/2487 2397/451/2486 2399/456/2490 2400/455/2491
f 2421/457/2492 2396/454/2487 2400/455/2491 2422/458/2493
f 2398/459/2494 2425/461/2495 2424/460/2496 2401/446/2483
f 2426/462/2497 2398/459/2494 2401/446/2483 2415/447/2482
f 2425/461/2495 2398/459/2494 2426/462/2497 2427/463/2498
f 2428/464/2499 2399/456/2490 2430/466/2500 2429/465/2501
f 2400/455/2491 2399/456/2490 2428/464/2499 2422/458/2493
f 2431/467/2502 2401/446/2483 2424/460/2496 2432/468/2503
f 2401/446/2483 2431/467/2502 2433/469/2504 2414/445/2480
f 2434/470/2505 2437/473/2506 2436/472/2507 2435/471/2508
f 2410/437/2474 2441/474/2509 2429/465/2501 2430/466/2500
f 2441/475/2509 2439/478/2510 2438/477/2511 2429/476/2501
f 2439/478/2510 2441/475/2509 2440/479/2512
f 2423/480/2513 2419/453/2488 2420/481/2514
f 2613/482/2515 2445/485/2516 2446/484/2517 2615/483/2518
f 2412/486/2476 2441/474/2509 2410/437/2474 2411/438/2473
f 2612/487/2519 2613/482/2515 2615/483/2518 2614/488/2520
f 2612/487/2519 2610/490/2521 2609/489/2522 2613/482/2515
f 2464/443/2479 2496/492/2523 2497/491/2524
f 2444/493/2525 2446/484/2517 2445/485/2516
f 2444/493/2525 2445/485/2516 2607/495/2526 2608/494/2527
f 2402/496/2528 2458/498/2529 2448/497/2530
f 2402/496/2528 2436/500/2507 2437/499/2506 2458/498/2529
f 2452/501/2531 2403/504/2532 2454/503/2533 2453/502/2534
f 2403/504/2532 2452/501/2531 2456/506/2535 2455/505/2536
f 2457/507/2537 2458/498/2529 2437/499/2506 2608/508/2527
f 2458/498/2529 2457/507/2537 2461/509/2538
f 2439/478/2510 2456/506/2535 2452/501/2531 2438/477/2511
f 2610/490/2521 2612/487/2519 2423/480/2513 2611/510/2539
f 2459/511/2540 2421/457/2492 2422/458/2493 2404/512/2541
f 2463/513/2542 2467/515/2543 2466/514/2544
f 2469/516/2545 2471/518/2546 2470/517/2547
f 2469/516/2545 2405/520/2548 2472/519/2549 2471/518/2546
f 2474/521/2550 2469/516/2545 2470/517/2547
f 2474/521/2550 2473/523/2551 2467/515/2543 2475/522/2552
f 2463/513/2542 2496/492/2523 2464/443/2479
f 2473/523/2551 2406/524/2553 2466/514/2544 2467/515/2543
f 2619/525/2554 2404/512/2541 2422/458/2493 2428/464/2499
f 2407/526/2555 2478/528/2556 2477/527/2557
f 2407/526/2555 2492/530/2558 2491/529/2559
f 2479/531/2560 2407/526/2555 2491/529/2559 2487/532/2561
f 2480/533/2562 2481/535/2563 2482/534/2564
f 2484/536/2565 2482/534/2564 2481/535/2563 2479/531/2560
f 2484/536/2565 2483/537/2566 2482/534/2564
f 2483/537/2566 2484/536/2565 2486/539/2567 2485/538/2568
f 2484/536/2565 2479/531/2560 2487/532/2561 2486/539/2567
f 2486/539/2567 2487/532/2561 2489/541/2569 2488/540/2570
f 2487/532/2561 2491/529/2559 2490/542/2571 2489/541/2569
f 2491/529/2559 2492/530/2558 2493/543/2572 2490/542/2571
f 2494/544/2573 2493/543/2572 2492/530/2558 2495/545/2574
f 2490/546/2571 2493/547/2572 2466/514/2544 2406/524/2553
f 2493/547/2572 2494/548/2573 2463/513/2542 2466/514/2544
f 2496/492/2523 2463/513/2542 2494/548/2573 2509/549/2575
f 2618/550/2576 2420/481/2514 2421/457/2492 2459/511/2540
f 2498/551/2577 2499/554/2578 2549/553/2579 2449/552/2580
f 2498/551/2577 2497/491/2524 2500/555/2581 2499/554/2578
f 2499/554/2578 2500/555/2581 2502/557/2582 2501/556/2583
f 2500/558/2581 2504/561/2584 2503/560/2585 2502/559/2582
f 2504/562/2584 2500/555/2581 2497/491/2524 2505/563/2586
f 2505/564/2586 2507/566/2587 2506/565/2588 2504/561/2584
f 2507/566/2587 2505/564/2586 2509/568/2575 2508/567/2589
f 2505/563/2586 2497/491/2524 2496/492/2523 2509/549/2575
f 2495/545/2574 2508/567/2589 2509/568/2575 2494/544/2573
f 2508/567/2589 2495/545/2574 2477/527/2557 2510/569/2590
f 2495/545/2574 2492/530/2558 2407/526/2555 2477/527/2557
f 2529/570/2591 2609/573/2522 2610/572/2521 2528/571/2592
f 2511/574/2593 2510/569/2590 2477/527/2557 2478/528/2556
f 2511/574/2593 2478/528/2556 2512/576/2594 2556/575/2595
f 2478/528/2556 2407/526/2555 2513/577/2596 2512/576/2594
f 2609/573/2522 2529/570/2591 2530/579/2597 2607/578/2526
f 2513/577/2596 2407/526/2555 2479/531/2560 2481/535/2563
f 2513/577/2596 2481/535/2563 2480/533/2562 2514/580/2598
f 2515/581/2599 2514/580/2598 2480/533/2562 2516/582/2600
f 2515/581/2599 2516/582/2600 2517/584/2601 2560/583/2602
f 2517/584/2601 2516/582/2600 2483/537/2566 2485/538/2568
f 2516/582/2600 2480/533/2562 2482/534/2564 2483/537/2566
f 2485/538/2568 2519/586/2603 2518/585/2604 2517/584/2601
f 2619/525/2554 2428/464/2499 2429/465/2501 2438/587/2511
f 2562/588/2605 2519/591/2603 2488/590/2570 2520/589/2606
f 2519/592/2603 2485/538/2568 2486/539/2567 2488/593/2570
f 2521/594/2607 2520/597/2606 2488/596/2570 2489/595/2569
f 2521/594/2607 2489/595/2569 2490/546/2571 2406/524/2553
f 2396/454/2487 2420/481/2514 2419/453/2488
f 2520/597/2606 2521/594/2607 2523/599/2608 2522/598/2609
f 2521/594/2607 2406/524/2553 2524/600/2610 2523/599/2608
f 2524/600/2610 2404/602/2541 2460/601/2611 2523/599/2608
f 2524/600/2610 2525/604/2612 2459/603/2540 2404/602/2541
f 2525/604/2612 2524/600/2610 2406/524/2553 2473/523/2551
f 2459/603/2540 2525/604/2612 2526/606/2613 2618/605/2576
f 2525/604/2612 2473/523/2551 2474/521/2550 2526/606/2613
f 2618/605/2576 2526/606/2613 2527/608/2614 2611/607/2539
f 2526/606/2613 2474/521/2550 2470/517/2547 2527/608/2614
f 2611/607/2539 2527/608/2614 2528/571/2592 2610/572/2521
f 2527/608/2614 2470/517/2547 2471/518/2546 2528/571/2592
f 2528/571/2592 2471/518/2546 2472/519/2549 2529/570/2591
f 2529/570/2591 2472/519/2549 2531/609/2615 2530/579/2597
f 2461/509/2538 2531/609/2615 2476/611/2616 2532/610/2617
f 2531/609/2615 2472/519/2549 2405/520/2548 2476/611/2616
f 2498/551/2577 2449/552/2580 2497/491/2524
f 2464/443/2479 2468/612/2618 2463/513/2542
f 2533/613/2619 2532/610/2617 2476/611/2616 2534/614/2620
f 2535/615/2621 2534/614/2620 2476/611/2616 2405/520/2548
f 2534/614/2620 2536/617/2622 2600/616/2623 2533/613/2619
f 2536/617/2622 2534/614/2620 2535/615/2621 2537/618/2624
f 2538/619/2625 2537/618/2624 2535/615/2621 2539/620/2626
f 2537/618/2624 2587/622/2627 2588/621/2628 2536/617/2622
f 2587/622/2627 2537/618/2624 2538/619/2625 2540/623/2629
f 2541/624/2630 2542/625/2631 2433/469/2504 2540/623/2629
f 2542/625/2631 2541/624/2630 2451/444/2478 2543/626/2632
f 2543/626/2632 2545/628/2633 2544/627/2634 2542/625/2631
f 2545/628/2633 2543/626/2632 2547/630/2635 2546/629/2636
f 2543/626/2632 2451/444/2478 2450/442/2477 2547/630/2635
f 2546/629/2636 2547/630/2635 2549/553/2579 2548/439/2472
f 2547/630/2635 2450/442/2477 2449/552/2580 2549/553/2579
f 2548/439/2472 2549/553/2579 2499/554/2578 2501/556/2583
f 2501/556/2583 2550/632/2469 2394/631/2468 2548/439/2472
f 2550/632/2469 2501/556/2583 2502/557/2582 2551/633/2637
f 2551/634/2637 2502/559/2582 2503/560/2585 2552/635/2638
f 2552/635/2638 2503/560/2585 2554/637/2639 2553/636/2640
f 2506/565/2588 2554/637/2639 2503/560/2585 2504/561/2584
f 2554/637/2639 2506/565/2588 2443/639/2641 2442/638/2642
f 2506/565/2588 2507/566/2587 2443/639/2641
f 2507/566/2587 2508/567/2589 2510/569/2590 2443/639/2641
f 2453/640/2534 2619/525/2554 2438/587/2511 2452/641/2531
f 2510/569/2590 2511/574/2593 2442/638/2642 2443/639/2641
f 2511/574/2593 2556/575/2595 2555/642/2643 2442/638/2642
f 2556/575/2595 2512/576/2594 2557/644/2644 2574/643/2645
f 2512/576/2594 2513/577/2596 2514/580/2598 2557/644/2644
f 2557/644/2644 2558/646/2646 2571/645/2647 2574/643/2645
f 2558/646/2646 2557/644/2644 2514/580/2598 2515/581/2599
f 2571/645/2647 2558/646/2646 2559/648/2648 2569/647/2649
f 2559/648/2648 2558/646/2646 2515/581/2599 2560/583/2602
f 2453/640/2534 2460/649/2611 2404/512/2541 2619/525/2554
f 2445/485/2516 2613/482/2515 2609/489/2522 2607/495/2526
f 2560/583/2602 2517/584/2601 2518/651/2604 2561/650/2650
f 2396/454/2487 2421/457/2492 2420/481/2514
f 2562/588/2605 2520/589/2606 2522/653/2609 2563/652/2651
f 2563/652/2651 2522/653/2609 2565/655/2652 2564/654/2653
f 2460/601/2611 2565/656/2652 2522/598/2609 2523/599/2608
f 2564/654/2653 2565/655/2652 2454/503/2533 2566/657/2654
f 2565/655/2652 2460/658/2611 2453/502/2534 2454/503/2533
f 2566/657/2654 2454/503/2533 2403/504/2532 2455/505/2536
f 2618/550/2576 2611/510/2539 2423/480/2513 2420/481/2514
f 2612/487/2519 2614/488/2520 2419/453/2488 2423/480/2513
f 2614/488/2520 2417/450/2484 2418/452/2489 2419/453/2488
f 2567/659/2655 2568/660/2656 2569/647/2649 2559/648/2648
f 2571/645/2647 2569/647/2649 2570/662/2657 2572/661/2658
f 2572/661/2658 2573/663/2659 2574/643/2645 2571/645/2647
f 2469/516/2545 2474/521/2550 2475/522/2552 2405/520/2548
f 2617/664/2660 2444/493/2525 2608/494/2527 2437/473/2506
f 2555/642/2643 2573/663/2659 2576/665/2661 2553/636/2640
f 2553/636/2640 2554/637/2639 2442/638/2642 2555/642/2643
f 2497/491/2524 2449/552/2580 2464/443/2479
f 2441/475/2509 2412/440/2476 2413/441/2475 2440/479/2512
f 2617/664/2660 2437/473/2506 2434/470/2505 2427/463/2498
f 2573/663/2659 2555/642/2643 2556/575/2595 2574/643/2645
f 2576/665/2661 2575/666/2662 2552/635/2638 2553/636/2640
f 2551/634/2637 2552/635/2638 2575/666/2662 2577/667/2663
f 2550/435/2469 2551/669/2637 2577/668/2663 2408/434/2470
f 2576/665/2661 2578/671/2664 2582/670/2665
f 2578/671/2664 2576/665/2661 2572/661/2658 2570/662/2657
f 2576/665/2661 2573/663/2659 2572/661/2658
f 2578/671/2664 2570/662/2657 2582/670/2665
f 2570/662/2657 2580/673/2666 2579/672/2667
f 2580/674/2666 2568/676/2656 2584/675/2668
f 2580/677/2666 2570/662/2657 2569/647/2649 2568/678/2656
f 2606/679/2669 2468/612/2618 2464/443/2479
f 2617/664/2660 2616/680/2670 2446/484/2517 2444/493/2525
f 2579/672/2667 2581/681/2671 2582/670/2665 2570/662/2657
f 2582/670/2665 2581/683/2671 2583/682/2672 2577/667/2663
f 2426/462/2497 2616/680/2670 2617/664/2660 2427/463/2498
f 2616/680/2670 2426/462/2497 2415/447/2482 2416/449/2485
f 2416/449/2485 2615/483/2518 2446/484/2517 2616/680/2670
f 2583/684/2672 2408/434/2470 2577/668/2663
f 2582/670/2665 2577/667/2663 2575/666/2662 2576/665/2661
f 2567/685/2655 2559/648/2648 2560/583/2602 2561/686/2650
f 2614/488/2520 2615/483/2518 2416/449/2485 2417/450/2484
f 2548/439/2472 2409/436/2471 2546/629/2636
f 2546/629/2636 2409/436/2471 2585/687/2673 2545/628/2633
f 2585/687/2673 2430/466/2500 2399/456/2490 2586/688/2674
f 2430/466/2500 2585/687/2673 2409/436/2471 2410/437/2474
f 2545/628/2633 2585/687/2673 2586/688/2674 2544/627/2634
f 2586/688/2674 2399/456/2490 2397/451/2486 2395/448/2481
f 2544/627/2634 2586/688/2674 2395/448/2481 2414/445/2480
f 2542/625/2631 2544/627/2634 2414/445/2480 2433/469/2504
f 2587/622/2627 2540/623/2629 2433/469/2504 2431/467/2502
f 2587/622/2627 2431/467/2502 2432/468/2503 2588/621/2628
f 2588/621/2628 2432/468/2503 2590/690/2675 2589/689/2676
f 2395/448/2481 2397/451/2486 2418/452/2489 2417/450/2484
f 2591/691/2677 2590/690/2675 2432/468/2503 2424/460/2496
f 2591/691/2677 2424/460/2496 2425/461/2495 2592/692/2678
f 2413/441/2475 2394/433/2468 2408/434/2470
f 2592/692/2678 2425/461/2495 2427/463/2498 2434/470/2505
f 2591/691/2677 2592/692/2678 2594/694/2679 2593/693/2680
f 2592/692/2678 2434/470/2505 2435/471/2508 2594/694/2679
f 2435/471/2508 2447/696/2681 2595/695/2682 2594/694/2679
f 2447/696/2681 2435/471/2508 2436/472/2507 2402/697/2528
f 2594/694/2679 2595/695/2682 2596/698/2683 2593/693/2680
f 2596/698/2683 2597/700/2684 2598/699/2685 2593/693/2680
f 2597/700/2684 2462/702/2686 2599/701/2687 2598/699/2685
f 2598/699/2685 2599/701/2687 2589/689/2676 2590/690/2675
f 2589/689/2676 2599/701/2687 2601/703/2688 2600/616/2623
f 2602/704/2689 2601/703/2688 2604/706/2690 2603/705/2691
f 2604/706/2690 2601/703/2688 2599/701/2687 2462/702/2686
f 2603/705/2691 2465/708/2692 2605/707/2693 2602/704/2689
f 2458/498/2529 2605/707/2693 2465/708/2692 2448/497/2530
f 2605/707/2693 2458/498/2529 2461/509/2538 2532/610/2617
f 2449/552/2580 2450/442/2477 2464/443/2479
f 2467/515/2543 2463/513/2542 2468/612/2618
f 2602/704/2689 2605/707/2693 2532/610/2617 2533/613/2619
f 2601/703/2688 2602/704/2689 2533/613/2619 2600/616/2623
f 2589/689/2676 2600/616/2623 2536/617/2622 2588/621/2628
f 2593/693/2680 2598/699/2685 2590/690/2675 2591/691/2677
f 2541/624/2630 2606/679/2669 2464/443/2479 2451/444/2478
f 2606/679/2669 2541/624/2630 2540/623/2629 2538/619/2625
f 2606/679/2669 2538/619/2625 2539/620/2626 2468/612/2618
f 2468/612/2618 2539/620/2626 2475/522/2552 2467/515/2543
f 2394/631/2468 2412/486/2476 2411/438/2473 2548/439/2472
f 2539/620/2626 2535/615/2621 2405/520/2548 2475/522/2552
f 2457/507/2537 2608/508/2527 2607/578/2526 2530/579/2597
f 2461/509/2538 2457/507/2537 2530/579/2597 2531/609/2615
f 2580/674/2666 2620/710/2694 2579/709/2667
f 2579/709/2667 2620/710/2694 2581/711/2671
f 2581/711/2671 2620/710/2694 2583/684/2672
f 2583/684/2672 2620/710/2694 2408/434/2470
f 2408/434/2470 2620/710/2694 2413/441/2475
f 2413/441/2475 2620/710/2694 2440/479/2512
f 2440/479/2512 2620/710/2694 2439/478/2510
f 2439/478/2510 2620/710/2694 2456/506/2535
f 2456/506/2535 2620/710/2694 2455/505/2536
f 2455/505/2536 2620/710/2694 2566/657/2654
f 2566/657/2654 2620/710/2694 2564/654/2653
f 2564/654/2653 2620/710/2694 2563/652/2651
f 2563/652/2651 2620/710/2694 2562/588/2605
f 2562/588/2605 2620/710/2694 2519/591/2603
f 2519/591/2603 2620/710/2694 2518/712/2604
f 2518/712/2604 2620/710/2694 2561/713/2650
f 2561/713/2650 2620/710/2694 2567/714/2655
f 2567/714/2655 2620/710/2694 2568/676/2656
f 2568/676/2656 2620/710/2694 2584/675/2668
f 2584/675/2668 2620/710/2694 2580/674/2666
f 2661/715/2695 2660/718/2696 2659/717/623 2662/716/622
f 2677/719/2697 2681/722/2698 2678/721/2699 2676/720/2700
f 2647/723/2701 2650/726/2702 2651/725/2703 2634/724/2704
f 2675/727/2705 2634/724/2704 2651/725/2703 2687/728/2706
f 2651/725/2703 2650/726/2702 2652/729/2707
f 2635/730/2708 2666/733/2709 2632/732/2710 2636/731/2711
f 2666/733/2709 2635/730/2708 2674/734/2712
f 2672/735/2713 2678/721/2699 2681/722/2698 2680/736/2714
f 2678/721/2699 2672/735/2713 2667/737/2715 2676/720/2700
f 2689/738/2716 2655/741/2717 2690/740/2718 2693/739/2719
f 2689/738/2716 2693/739/2719 2688/742/2720
f 2707/743/2721 2693/739/2719 2695/745/2722 2697/744/2723
f 2702/746/2724 2698/749/2725 2699/748/2726 2701/747/2727
f 2702/746/2724 2701/747/2727 2711/750/2728
f 2698/749/2725 2702/746/2724 2711/750/2728 2697/744/2723
f 2684/751/2729 2680/736/2714 2681/722/2698 2685/752/2730
f 2696/753/2731 2698/749/2725 2697/744/2723 2695/745/2722
f 2692/754/2732 2696/753/2731 2695/745/2722 2691/755/2733
f 2696/753/2731 2692/754/2732 2699/748/2726 2698/749/2725
f 2622/756/2734 2637/757/2735 2647/723/2701 2634/724/2704
f 2637/757/2735 2622/756/2734 2625/759/665 2624/758/664
f 2637/757/2735 2639/762/2736 2640/761/2737 2638/760/2738
f 2704/763/669 2703/766/2739 2700/765/2740 2664/764/670
f 2712/767/673 2711/750/2728 2703/766/2739 2704/763/669
f 2701/747/2727 2700/765/2740 2703/766/2739 2711/750/2728
f 623/768/674 2684/751/2729 2685/752/2730 2686/769/675
f 2684/751/2729 623/768/674 618/770/676 2680/736/2714
f 2650/726/2702 2647/723/2701 2638/760/2738
f 2686/769/675 2685/752/2730 2683/772/2741 2709/771/677
f 2682/773/2742 2683/772/2741 2685/752/2730 2681/722/2698
f 2638/760/2738 2647/723/2701 2637/757/2735
f 2682/773/2742 2679/776/2743 2694/775/2744 2705/774/2745
f 2679/776/2743 2675/727/2705 2687/728/2706 2694/775/2744
f 2705/774/2745 2694/775/2744 2693/739/2719 2707/743/2721
f 2693/739/2719 2694/775/2744 2687/728/2706 2688/742/2720
f 2706/777/2746 2705/774/2745 2707/743/2721 2708/778/2747
f 2708/778/2747 2707/743/2721 2697/744/2723 2711/750/2728
f 2713/779/685 2708/778/2747 2711/750/2728 2712/767/673
f 2708/778/2747 2713/779/685 2710/780/686 2706/777/2746
f 2706/777/2746 2710/780/686 2709/771/677 2683/772/2741
f 2683/772/2741 2682/773/2742 2705/774/2745 2706/777/2746
f 2634/724/2704 2675/727/2705 2673/782/2748 2633/781/2749
f 2675/727/2705 2679/776/2743 2677/719/2697 2673/782/2748
f 2633/781/2749 2673/782/2748 2674/734/2712 2635/730/2708
f 2673/782/2748 2677/719/2697 2676/720/2700 2674/734/2712
f 2633/781/2749 2635/730/2708 2636/731/2711 2628/783/2750
f 566/784/690 2628/783/2750 2636/731/2711 2626/785/691
f 2633/781/2749 2628/783/2750 2627/786/2751 2634/724/2704
f 2628/783/2750 566/784/690 2629/787/693 2627/786/2751
f 2627/786/2751 2629/787/693 565/789/695 2623/788/2752
f 2623/788/2752 565/789/695 2625/759/665 2622/756/2734
f 2623/788/2752 2634/724/2704 2627/786/2751
f 2623/788/2752 2622/756/2734 2634/724/2704
f 2626/785/691 2636/731/2711 2632/732/2710 2621/790/696
f 2621/790/696 2632/732/2710 2631/792/2753 562/791/697
f 2630/793/2754 2631/792/2753 2632/732/2710 2666/733/2709
f 2630/793/2754 2666/733/2709 2665/794/2755
f 2665/794/2755 2666/733/2709 2667/737/2715 2668/795/2756
f 2679/776/2743 2682/773/2742 2681/722/2698 2677/719/2697
f 608/796/702 2671/798/704 2670/797/2757
f 608/796/702 2680/736/2714 618/770/676
f 608/796/702 2670/797/2757 2680/736/2714
f 2661/715/2695 2700/765/2740 2663/799/2758 2660/718/2696
f 2700/765/2740 2701/747/2727 2699/748/2726 2663/799/2758
f 2664/764/670 2700/765/2740 2661/715/2695 2662/716/622
f 2663/799/2758 2656/801/2759 2657/800/2760 2660/718/2696
f 2663/799/2758 2699/748/2726 2692/754/2732 2656/801/2759
f 2656/801/2759 2654/803/2761 2645/802/2762 2657/800/2760
f 2656/801/2759 2692/754/2732 2691/755/2733 2654/803/2761
f 2645/802/2762 2654/803/2761 2653/805/2763 2644/804/2764
f 2654/803/2761 2691/755/2733 2690/740/2718 2653/805/2763
f 2644/804/2764 2653/805/2763 2649/807/2765 2643/806/2766
f 2653/805/2763 2690/740/2718 2655/741/2717 2649/807/2765
f 2643/806/2766 2649/807/2765 2648/809/2767 2641/808/2768
f 2648/809/2767 2649/807/2765 2655/741/2717 2652/729/2707
f 2641/808/2768 2648/809/2767 2638/760/2738 2640/761/2737
f 2648/809/2767 2652/729/2707 2650/726/2702 2638/760/2738
f 2642/810/716 2643/806/2766 2641/808/2768 583/811/717
f 2643/806/2766 2642/810/716 586/812/718 2644/804/2764
f 586/812/718 2646/813/719 2645/802/2762 2644/804/2764
f 2646/813/719 2658/814/720 2657/800/2760 2645/802/2762
f 2658/814/720 2659/717/623 2660/718/2696 2657/800/2760
f 583/811/717 2641/808/2768 2640/761/2737 581/815/721
f 2624/758/664 578/816/722 2639/762/2736 2637/757/2735
f 2672/735/2713 2669/817/2769 2668/795/2756 2667/737/2715
f 2669/817/2769 2672/735/2713 2680/736/2714 2670/797/2757
f 2690/740/2718 2691/755/2733 2695/745/2722 2693/739/2719
f 2676/720/2700 2667/737/2715 2666/733/2709 2674/734/2712
f 2639/762/2736 578/816/722 581/815/721 2640/761/2737
f 2689/738/2716 2688/742/2720 2652/729/2707 2655/741/2717
f 2688/742/2720 2687/728/2706 2651/725/2703 2652/729/2707
f 2730/818/2770 2728/821/2771 2727/820/2772 2731/819/2773
f 2730/818/2770 2729/822/2774 2728/821/2771
f 2732/823/2775 2735/826/2776 2734/825/2777 2733/824/2778
f 2732/823/2775 2736/827/2779 2735/826/2776
f 2737/828/2780 2714/831/2781 2739/830/2782 2738/829/2783
f 2714/831/2781 2737/828/2780 2724/833/2784 2740/832/2785
f 2739/830/2782 2714/831/2781 2740/832/2785 2741/834/2786
f 2743/835/2787 2745/837/2788 2744/836/2789
f 2743/835/2787 2742/839/2790 2746/838/2791 2745/837/2788
f 2723/840/2792 2715/843/2793 2748/842/2794 2747/841/2795
f 2719/844/2796 2716/847/2797 2752/846/2798 2751/845/2799
f 2716/847/2797 2719/844/2796 2754/849/2800 2753/848/2801
f 2752/846/2798 2716/847/2797 2753/848/2801 2755/850/2802
f 2717/851/2803 2756/854/2804 2758/853/2805 2757/852/2806
f 2738/829/2783 2718/857/2807 2749/856/2808 2759/855/2809
f 2760/858/2810 2718/857/2807 2738/829/2783 2739/830/2782
f 2755/850/2802 2718/860/2807 2760/859/2810 2752/846/2798
f 2761/861/2811 2719/844/2796 2751/845/2799 2762/862/2812
f 2763/863/2813 2719/844/2796 2761/861/2811 2764/864/2814
f 2720/865/2815 2735/826/2776 2736/827/2779 2769/866/2816
f 2720/865/2815 2770/867/2817 2734/825/2777 2735/826/2776
f 2770/867/2817 2720/865/2815 2769/866/2816 2721/868/2818
f 2771/869/2819 2721/868/2818 2773/871/2820 2772/870/2821
f 2721/868/2818 2769/866/2816 2729/822/2774 2773/871/2820
f 2743/835/2787 2721/868/2818 2771/869/2819 2742/839/2790
f 2722/872/2822 2774/873/2823 2764/864/2814 2761/861/2811
f 2774/873/2823 2722/872/2822 2776/875/2824 2775/874/2825
f 2722/872/2822 2761/861/2811 2762/862/2812 2776/875/2824
f 2715/843/2793 2723/840/2792 2777/877/2826 2778/876/2827
f 2740/832/2785 2724/833/2784 2742/839/2790 2771/869/2819
f 2779/878/2828 2725/881/2829 2811/880/2830 2812/879/2831
f 2776/875/2824 2762/862/2812 2780/882/2832
f 2730/818/2770 2776/883/2824 2773/871/2820 2729/822/2774
f 2773/871/2820 2776/883/2824 2780/884/2832 2772/870/2821
f 2723/840/2792 2726/886/2833 2781/885/2834 2777/877/2826
f 2782/887/2835 2726/886/2833 2723/840/2792 2798/888/2836
f 2726/886/2833 2782/887/2835 2783/889/2837 2781/885/2834
f 2784/890/2838 2783/889/2837 2794/892/2839 2790/891/2840
f 2783/889/2837 2782/887/2835 2796/893/2841 2794/892/2839
f 2783/889/2837 2784/890/2838 2785/894/2842 2781/885/2834
f 2785/894/2842 2784/890/2838 2786/895/2843 2746/838/2791
f 2781/885/2834 2785/894/2842 2724/833/2784 2777/877/2826
f 2785/894/2842 2746/838/2791 2742/839/2790 2724/833/2784
f 2786/895/2843 2789/898/2844 2788/897/2845 2787/896/2846
f 2789/898/2844 2786/895/2843 2784/890/2838 2790/891/2840
f 2786/895/2843 2787/896/2846 2745/837/2788 2746/838/2791
f 2790/891/2840 2792/900/2847 2791/899/2848 2789/898/2844
f 2792/900/2847 2790/891/2840 2794/892/2839 2793/901/2849
f 2794/892/2839 2796/893/2841 2795/902/2850 2793/901/2849
f 2795/902/2850 2796/893/2841 2797/904/2851 2826/903/2852
f 2797/904/2851 2796/893/2841 2782/887/2835 2798/888/2836
f 2797/904/2851 2798/888/2836 2799/906/2853 2802/905/2854
f 2798/888/2836 2723/840/2792 2747/841/2795 2799/906/2853
f 2802/905/2854 2799/906/2853 2800/908/2855 2803/907/2856
f 2799/906/2853 2747/841/2795 2801/909/2857 2800/908/2855
f 2750/910/2858 2801/909/2857 2747/841/2795 2748/842/2794
f 2803/907/2856 2800/908/2855 2766/912/2859 2765/911/2860
f 2802/905/2854 2803/907/2856 2805/914/2861 2804/913/2862
f 2803/907/2856 2765/911/2860 2767/915/2863 2805/914/2861
f 2805/914/2861 2807/917/2864 2806/916/2865 2804/913/2862
f 2807/917/2864 2805/914/2861 2767/915/2863 2768/918/2866
f 2808/919/2867 2807/917/2864 2768/918/2866 2754/849/2800
f 2807/917/2864 2808/919/2867 2809/920/2868 2806/916/2865
f 2810/921/2869 2809/920/2868 2808/919/2867 2763/863/2813
f 2806/916/2865 2809/920/2868 2812/879/2831 2811/880/2830
f 2812/879/2831 2809/920/2868 2810/921/2869 2813/922/2870
f 2813/922/2870 2810/921/2869 2815/924/2871 2814/923/2872
f 2813/922/2870 2814/923/2872 2817/926/2873 2816/925/2874
f 2817/926/2873 2814/923/2872 2756/854/2804 2818/927/2875
f 2818/927/2875 2756/854/2804 2717/851/2803 2819/928/2876
f 2818/927/2875 2819/928/2876 2822/930/2877 2821/929/2878
f 2819/928/2876 2820/932/2879 2823/931/2880 2822/930/2877
f 2823/931/2880 2820/932/2879 2731/819/2773 2727/820/2772
f 2823/931/2880 2733/824/2778 2824/933/2881 2822/930/2877
f 2733/824/2778 2823/931/2880 2727/820/2772 2732/823/2775
f 2822/930/2877 2824/933/2881 2788/897/2845 2821/929/2878
f 2824/933/2881 2825/934/2882 2787/896/2846 2788/897/2845
f 2825/934/2882 2824/933/2881 2733/824/2778 2734/825/2777
f 2787/896/2846 2825/934/2882 2744/836/2789 2745/837/2788
f 2744/836/2789 2825/934/2882 2734/825/2777 2770/867/2817
f 2821/929/2878 2791/899/2848 2817/926/2873 2818/927/2875
f 2821/929/2878 2788/897/2845 2789/898/2844 2791/899/2848
f 2731/819/2773 2820/932/2879 2757/936/2806 2775/935/2825
f 2820/932/2879 2819/938/2876 2717/937/2803 2757/936/2806
f 2775/939/2825 2776/883/2824 2730/818/2770 2731/819/2773
f 2816/925/2874 2817/926/2873 2791/899/2848 2792/900/2847
f 2779/878/2828 2816/925/2874 2792/900/2847 2793/901/2849
f 2813/922/2870 2816/925/2874 2779/878/2828 2812/879/2831
f 2815/924/2871 2764/864/2814 2774/873/2823 2758/853/2805
f 2815/924/2871 2810/921/2869 2763/863/2813 2764/864/2814
f 2815/924/2871 2758/853/2805 2756/854/2804 2814/923/2872
f 2811/880/2830 2826/903/2852 2804/913/2862 2806/916/2865
f 2826/903/2852 2797/904/2851 2802/905/2854 2804/913/2862
f 2763/863/2813 2808/919/2867 2754/849/2800 2719/844/2796
f 2795/902/2850 2826/903/2852 2811/880/2830 2725/881/2829
f 2793/901/2849 2795/902/2850 2725/881/2829 2779/878/2828
f 2772/870/2821 2780/884/2832 2827/940/2883 2741/834/2786
f 2827/941/2883 2780/882/2832 2762/862/2812 2751/845/2799
f 2827/940/2883 2760/858/2810 2739/830/2782 2741/834/2786
f 2827/941/2883 2751/845/2799 2752/846/2798 2760/859/2810
f 2737/828/2780 2778/876/2827 2777/877/2826 2724/833/2784
f 2715/843/2793 2778/876/2827 2759/855/2809 2748/842/2794
f 2778/876/2827 2737/828/2780 2738/829/2783 2759/855/2809
f 2775/874/2825 2757/852/2806 2758/853/2805 2774/873/2823
f 2772/870/2821 2741/834/2786 2740/832/2785 2771/869/2819
f 2721/868/2818 2743/835/2787 2744/836/2789 2770/867/2817
f 2729/822/2774 2769/866/2816 2736/827/2779 2728/821/2771
f 2759/855/2809 2749/856/2808 2750/910/2858 2748/842/2794
f 2728/821/2771 2736/827/2779 2732/823/2775 2727/820/2772
f 2846/942/2884 2845/945/2885 2848/944/2886 2847/943/2887
f 2845/945/2885 2973/947/2888 2969/946/2889
f 2844/948/2890 2846/942/2884 2828/949/2891
f 2829/950/2892 2851/952/2893 2844/948/2890 2850/951/2894
f 2829/950/2892 2830/955/2895 2853/954/2896 2852/953/2897
f 2846/942/2884 2844/948/2890 2849/956/2898 2845/945/2885
f 2924/957/2899 2834/960/2900 2857/959/2901 2925/958/2902
f 2924/957/2899 2856/961/2903 2834/960/2900
f 2876/962/2904 2859/965/2905 2858/964/2906 2989/963/2907
f 2831/966/2908 2860/969/2909 2996/968/2910 2995/967/2911
f 2861/970/2912 2831/966/2908 2995/967/2911 2994/971/2913
f 2831/972/2908 2861/975/2912 2862/974/2914 2860/973/2909
f 2866/976/2915 2832/979/2916 2863/978/2917 2867/977/2918
f 2855/980/2919 2834/960/2900 2856/961/2903 2878/981/2920
f 2938/982/2921 2835/985/2922 2865/984/2923 2930/983/2924
f 2868/986/2925 2867/977/2918 2863/978/2917 2869/987/2926
f 2867/977/2918 2871/989/2927 2870/988/2928
f 2836/990/2929 2872/991/2930 2860/973/2909 2862/974/2914
f 2836/990/2929 2862/974/2914 2874/993/2931 2873/992/2932
f 2872/991/2930 2836/990/2929 2873/992/2932 2875/994/2933
f 2903/995/2934 3017/998/2935 2891/997/2936 2870/996/2928
f 2841/999/2937 2859/965/2905 2876/962/2904
f 2878/981/2920 2879/1001/2938 2839/1000/2939
f 2855/980/2919 2878/981/2920 2877/1003/2940 2880/1002/2941
f 2879/1001/2938 2878/981/2920 2856/961/2903 2881/1004/2942
f 2883/1005/2943 2886/1008/2944 2885/1007/2945 2884/1006/2946
f 2886/1008/2944 2883/1005/2943 2887/1009/2947
f 2837/1010/2948 2889/1013/2949 2888/1012/2950 2907/1011/2951
f 2937/1014/2952 2838/1017/2953 3015/1016/2954 2936/1015/2955
f 2890/1018/2956 2838/1020/2953 2937/1019/2952 2865/984/2923
f 2840/1021/2957 2838/1020/2953 2892/1023/2958 2891/1022/2936
f 3015/1016/2954 2838/1017/2953 2840/1025/2957 3014/1024/2959
f 2895/1026/2960 2894/1028/2961 2893/1027/2962
f 2895/1026/2960 2887/1009/2947 2894/1028/2961
f 2839/1000/2939 2899/1030/2963 2898/1029/2964 2878/981/2920
f 2839/1000/2939 2879/1001/2938 2900/1031/2965 2899/1030/2963
f 3014/1024/2959 2840/1025/2957 2891/997/2936 3017/998/2935
f 2841/1032/2937 2902/1034/2966 2901/1033/2967
f 2842/1035/2968 2903/995/2934 2870/996/2928 2871/1036/2927
f 2842/1035/2968 2905/1038/2969 2904/1037/2970 2903/995/2934
f 2842/1035/2968 2906/1039/2971 2905/1038/2969
f 2907/1040/2951 2985/1043/2972 2908/1042/2973 2837/1041/2948
f 2907/1011/2951 2901/1033/2967 2902/1034/2966
f 2834/960/2900 2854/1044/2974 2857/959/2901
f 2910/1045/2975 2905/1038/2969 2906/1039/2971 2908/1042/2973
f 2854/1044/2974 2834/960/2900 2855/980/2919
f 2905/1038/2969 2910/1045/2975 2911/1047/2976 2843/1046/2977
f 2911/1047/2976 2910/1045/2975 2984/1049/2978 2914/1048/2979
f 2843/1046/2977 2911/1047/2976 2912/1051/2980 3019/1050/2981
f 2912/1051/2980 2911/1047/2976 2914/1048/2979 2913/1052/2982
f 2913/1052/2982 2916/1054/2983 2915/1053/2984 2912/1051/2980
f 2917/1055/2985 2916/1054/2983 2919/1057/2986 2918/1056/2987
f 2920/1058/2988 2917/1055/2985 2918/1056/2987 2921/1059/2989
f 2920/1058/2988 2921/1059/2989 2885/1007/2945 3006/1060/2990
f 2884/1006/2946 2885/1007/2945 2921/1059/2989 2922/1061/2991
f 2900/1031/2965 2922/1061/2991 2921/1059/2989 2918/1056/2987
f 2922/1061/2991 2900/1031/2965 2879/1001/2938 2881/1004/2942
f 2923/1062/2992 2884/1006/2946 2922/1061/2991 2881/1004/2942
f 2923/1062/2992 2881/1004/2942 2856/961/2903 2924/957/2899
f 2926/1063/2993 2924/957/2899 2925/958/2902 2927/1064/2994
f 2930/983/2924 2927/1064/2994 2925/958/2902 2938/982/2921
f 2927/1065/2994 2928/1068/2995 2893/1067/2962 2926/1066/2993
f 2927/1065/2994 2930/983/2924 2929/1069/2996 2928/1068/2995
f 2928/1068/2995 2929/1069/2996 2896/1071/2997 2931/1070/2998
f 2896/1072/2997 2897/1075/2999 2932/1074/3000 2931/1073/2998
f 2958/1076/3001 2906/1039/2971 2842/1035/2968
f 2897/1075/2999 2934/1078/3002 2933/1077/3003 2932/1074/3000
f 2934/1078/3002 2897/1075/2999 2935/1079/3004
f 2936/1015/2955 2935/1079/3004 2897/1075/2999 2896/1072/2997
f 2937/1014/2952 2936/1015/2955 2896/1072/2997 2929/1080/2996
f 2937/1019/2952 2929/1069/2996 2930/983/2924 2865/984/2923
f 3020/1081/3005 2894/1028/2961 2887/1009/2947 2883/1005/2943
f 2923/1062/2992 3020/1081/3005 2883/1005/2943 2884/1006/2946
f 2926/1063/2993 2893/1027/2962 2894/1028/2961 3020/1081/3005
f 2924/957/2899 2926/1063/2993 3020/1081/3005 2923/1062/2992
f 2939/1082/3006 2938/982/2921 2925/958/2902 2857/959/2901
f 2853/954/2896 2939/1082/3006 2857/959/2901 2852/953/2897
f 2835/985/2922 2938/982/2921 2939/1082/3006 2940/1083/3007
f 2940/1083/3007 2942/1085/3008 2941/1084/3009 2890/1018/2956
f 2942/1085/3008 2940/1083/3007 2939/1082/3006 2853/954/2896
f 2835/985/2922 2940/1083/3007 2890/1018/2956 2865/984/2923
f 2942/1085/3008 2943/1086/3010 2866/976/2915 2941/1084/3009
f 2942/1085/3008 2853/954/2896 2830/955/2895 2943/1086/3010
f 2943/1086/3010 2944/1087/3011 2832/979/2916 2866/976/2915
f 2944/1087/3011 2943/1086/3010 2830/955/2895 2829/950/2892
f 2944/1087/3011 2945/1088/3012 2863/978/2917 2832/979/2916
f 2944/1087/3011 2829/950/2892 2850/951/2894 2945/1088/3012
f 2945/1088/3012 2946/1089/3013 2869/987/2926 2863/978/2917
f 2946/1089/3013 2945/1088/3012 2850/951/2894 2844/948/2890
f 2946/1089/3013 2948/1091/3014 2947/1090/3015 2869/987/2926
f 2946/1089/3013 2844/948/2890 2828/949/2891 2948/1091/3014
f 2948/1091/3014 2847/943/2887 2949/1092/3016 2947/1090/3015
f 2847/943/2887 2948/1091/3014 2828/949/2891 2846/942/2884
f 2949/1092/3016 2952/1095/3017 2951/1094/3018 2950/1093/3019
f 2952/1095/3017 2949/1092/3016 2847/943/2887 2848/944/2886
f 2947/1090/3015 2949/1092/3016 2950/1093/3019 2954/1096/3020
f 2954/1096/3020 2950/1093/3019 2953/1098/3021 2955/1097/3022
f 2891/1022/2936 2892/1023/2958 2867/977/2918 2870/988/2928
f 2955/1097/3022 2957/1099/3023 2868/986/2925 2954/1096/3020
f 2957/1100/3023 2955/1102/3022 2956/1101/3024 2958/1076/3001
f 2958/1076/3001 2842/1035/2968 2871/1036/2927 2957/1100/3023
f 2958/1076/3001 2956/1101/3024 2959/1104/3025 2909/1103/3026
f 2959/1104/3025 2956/1101/3024 2961/1106/3027 2960/1105/3028
f 2962/1107/3029 2961/1109/3027 2953/1098/3021 2963/1108/3030
f 2961/1109/3027 2956/1110/3024 2955/1097/3022 2953/1098/3021
f 2963/1108/3030 2864/1112/3031 2833/1111/3032 2962/1107/3029
f 2864/1112/3031 2963/1108/3030 2951/1094/3018 2964/1113/3033
f 2963/1108/3030 2953/1098/3021 2950/1093/3019 2951/1094/3018
f 2964/1113/3033 2951/1094/3018 2952/1095/3017 2965/1114/3034
f 2965/1114/3034 2952/1095/3017 2848/944/2886 2966/1115/3035
f 2967/1116/3036 2966/1115/3035 2848/944/2886 2845/945/2885
f 2967/1116/3036 2845/945/2885 2969/946/2889 2968/1117/3037
f 2969/946/2889 2971/1119/3038 2970/1118/3039 2968/1117/3037
f 2971/1119/3038 2969/946/2889 2973/947/2888 2972/1120/3040
f 2972/1120/3040 2973/947/2888 2974/1122/3041 2978/1121/3042
f 2974/1122/3041 2973/947/2888 2845/945/2885 2849/956/2898
f 2974/1122/3041 2849/956/2898 2976/1124/3043 2975/1123/3044
f 2851/952/2893 2976/1124/3043 2849/956/2898 2844/948/2890
f 2975/1123/3044 2976/1124/3043 2880/1002/2941 2877/1003/2940
f 2976/1124/3043 2851/952/2893 2977/1125/3045 2880/1002/2941
f 2852/953/2897 2977/1125/3045 2851/952/2893 2829/950/2892
f 2880/1002/2941 2977/1125/3045 2854/1044/2974 2855/980/2919
f 2854/1044/2974 2977/1125/3045 2852/953/2897 2857/959/2901
f 2975/1123/3044 2979/1126/3046 2978/1121/3042 2974/1122/3041
f 2979/1126/3046 2975/1123/3044 2877/1003/2940 2980/1127/3047
f 2980/1127/3047 2981/1129/3048 2983/1128/3049 2979/1126/3046
f 2980/1127/3047 2898/1029/2964 2982/1130/3050 2981/1129/3048
f 2980/1127/3047 2877/1003/2940 2878/981/2920 2898/1029/2964
f 2919/1057/2986 2982/1130/3050 2898/1029/2964 2899/1030/2963
f 2918/1056/2987 2919/1057/2986 2899/1030/2963 2900/1031/2965
f 2982/1130/3050 2913/1052/2982 2914/1048/2979 2981/1129/3048
f 2913/1052/2982 2982/1130/3050 2919/1057/2986 2916/1054/2983
f 2914/1048/2979 2984/1049/2978 2983/1128/3049 2981/1129/3048
f 2908/1042/2973 2985/1043/2972 2984/1049/2978 2910/1045/2975
f 2985/1043/2972 2907/1040/2951 2986/1132/3051 2987/1131/3052
f 2987/1131/3052 2978/1121/3042 2979/1126/3046 2983/1128/3049
f 2987/1131/3052 2983/1128/3049 2984/1049/2978 2985/1043/2972
f 2978/1121/3042 2987/1131/3052 2986/1132/3051 2972/1120/3040
f 2972/1120/3040 2986/1132/3051 2988/1133/3053 2971/1119/3038
f 2988/1133/3053 2902/1135/2966 2841/999/2937 2882/1134/3054
f 2902/1135/2966 2988/1133/3053 2986/1132/3051 2907/1040/2951
f 2971/1119/3038 2988/1133/3053 2882/1134/3054 2970/1118/3039
f 2968/1117/3037 2970/1118/3039 2876/962/2904 2989/963/2907
f 2876/962/2904 2970/1118/3039 2882/1134/3054 2841/999/2937
f 2989/963/2907 2858/964/2906 2990/1137/3055 2991/1136/3056
f 2991/1136/3056 2967/1116/3036 2968/1117/3037 2989/963/2907
f 2967/1116/3036 2991/1136/3056 2992/1138/3057 2966/1115/3035
f 2992/1138/3057 2993/1139/3058 2861/970/2912 2994/971/2913
f 2993/1139/3058 2992/1138/3057 2991/1136/3056 2990/1137/3055
f 2992/1138/3057 2994/971/2913 2965/1114/3034 2966/1115/3035
f 2965/1114/3034 2994/971/2913 2995/967/2911 2964/1113/3033
f 2995/967/2911 2996/968/2910 2864/1112/3031 2964/1113/3033
f 2996/968/2910 2997/1140/3059 2833/1111/3032 2864/1112/3031
f 2997/1140/3059 2996/968/2910 2860/969/2909 2872/1141/2930
f 2997/1140/3059 2872/1141/2930 2875/1143/2933 2998/1142/3060
f 2998/1142/3060 2875/1143/2933 2999/1145/3061 2960/1144/3028
f 3000/1146/3062 2999/1147/3061 2875/994/2933 2873/992/2932
f 2960/1105/3028 2999/1147/3061 3001/1148/3063 2959/1104/3025
f 2999/1147/3061 3000/1146/3062 3002/1149/3064 3001/1148/3063
f 3002/1149/3064 3000/1146/3062 3004/1151/3065 3003/1150/3066
f 2874/993/2931 3004/1151/3065 3000/1146/3062 2873/992/2932
f 3004/1151/3065 2990/1153/3055 2858/1152/2906 3003/1150/3066
f 2990/1153/3055 3004/1151/3065 2874/993/2931 2993/1154/3058
f 3002/1149/3064 3003/1150/3066 3005/1155/3067 2888/1012/2950
f 3003/1150/3066 2858/1152/2906 2859/1156/2905 3005/1155/3067
f 2888/1012/2950 3005/1155/3067 2901/1033/2967 2907/1011/2951
f 2901/1033/2967 3005/1155/3067 2859/1156/2905 2841/1032/2937
f 3001/1148/3063 3002/1149/3064 2888/1012/2950 2889/1013/2949
f 2959/1104/3025 3001/1148/3063 2889/1157/2949 2909/1103/3026
f 2909/1103/3026 2889/1157/2949 2837/1041/2948 2908/1042/2973
f 2997/1140/3059 2998/1142/3060 2962/1107/3029 2833/1111/3032
f 2998/1142/3060 2960/1144/3028 2961/1109/3027 2962/1107/3029
f 2993/1154/3058 2874/993/2931 2862/974/2914 2861/975/2912
f 2868/986/2925 2957/1099/3023 2871/989/2927 2867/977/2918
f 2954/1096/3020 2868/986/2925 2869/987/2926 2947/1090/3015
f 2941/1084/3009 2866/976/2915 2867/977/2918 2892/1023/2958
f 2890/1018/2956 2941/1084/3009 2892/1023/2958 2838/1020/2953
f 3009/1158/3068 2915/1053/2984 2916/1054/2983 2917/1055/2985
f 3010/1159/3069 3018/1160/3070 2915/1053/2984 3009/1158/3068
f 3018/1160/3070 3019/1050/2981 2912/1051/2980 2915/1053/2984
f 2886/1008/2944 3007/1161/3071 3006/1060/2990 2885/1007/2945
f 3007/1161/3071 2886/1008/2944 2887/1009/2947 2895/1026/2960
f 2895/1026/2960 2931/1073/2998 2932/1074/3000 3007/1161/3071
f 2909/1103/3026 2908/1042/2973 2906/1039/2971
f 2931/1070/2998 2895/1162/2960 2893/1067/2962 2928/1068/2995
f 3007/1161/3071 2932/1074/3000 2933/1077/3003 3006/1060/2990
f 2909/1103/3026 2906/1039/2971 2958/1076/3001
f 2920/1058/2988 3006/1060/2990 2933/1077/3003 3008/1163/3072
f 3008/1163/3072 3009/1158/3068 2917/1055/2985 2920/1058/2988
f 3008/1163/3072 3011/1164/3073 3010/1159/3069 3009/1158/3068
f 3008/1163/3072 2933/1077/3003 2934/1078/3002 3011/1164/3073
f 2843/1046/2977 3019/1050/2981 2904/1037/2970 2905/1038/2969
f 3010/1159/3069 3011/1164/3073 3013/1166/3074 3012/1165/3075
f 3013/1166/3074 3011/1164/3073 2934/1078/3002 2935/1079/3004
f 3012/1165/3075 3013/1166/3074 3015/1016/2954 3014/1024/2959
f 3015/1016/2954 3013/1166/3074 2935/1079/3004 2936/1015/2955
f 3014/1024/2959 3017/998/2935 3016/1167/3076 3012/1165/3075
f 3017/998/2935 2903/995/2934 2904/1037/2970 3016/1167/3076
f 3016/1167/3076 2904/1037/2970 3019/1050/2981 3018/1160/3070
f 3012/1165/3075 3016/1167/3076 3018/1160/3070 3010/1159/3069
f 3050/1168/3077 3045/1171/3078 3043/1170/3079 3048/1169/3080
f 3047/1172/3081 3057/1174/3082 3046/1173/3083
f 3079/1175/3084 3022/1177/3085 3077/1176/3086
f 3099/1178/3087 3109/1181/3088 3104/1180/3089 3098/1179/3090
f 3109/1181/3088 3099/1178/3087 3101/1183/3091 3111/1182/3092
f 3090/1184/3093 3088/1187/3094 3093/1186/3095 3094/1185/3096
f 3094/1185/3096 3093/1186/3095 3095/1189/3097 3117/1188/3098
f 3116/1190/3099 3117/1193/3098 3095/1192/3097 3115/1191/3100
f 3117/1193/3098 3116/1190/3099 3122/1195/3101 3123/1194/3102
f 3116/1190/3099 3114/1197/3103 3118/1196/3104 3122/1195/3101
f 3113/1198/3105 3114/1197/3103 3116/1190/3099 3115/1191/3100
f 3114/1197/3103 3113/1198/3105 3091/1200/3106 3092/1199/3107
f 3086/1201/3108 3092/1199/3107 3091/1200/3106 3085/1202/3109
f 3085/1202/3109 3078/1204/3110 3081/1203/3111 3086/1201/3108
f 3081/1203/3111 3078/1204/3110 3077/1176/3086 3021/1205/3112
f 3021/1205/3112 3026/1207/3113 3080/1206/3114 3081/1203/3111
f 3026/1207/3113 3024/1209/3115 3084/1208/3116 3080/1206/3114
f 3034/1210/3117 3031/1213/3118 3030/1212/3119 3033/1211/3120
f 3031/1213/3118 3034/1210/3117 3037/1215/3121 3065/1214/3122
f 3034/1210/3117 3027/1217/3123 3035/1216/3124 3037/1215/3121
f 3035/1216/3124 3082/1218/3125 3090/1184/3093 3099/1178/3087
f 3082/1218/3125 3083/1219/3126 3088/1187/3094 3090/1184/3093
f 3035/1216/3124 3099/1178/3087 3098/1179/3090 3037/1215/3121
f 3065/1214/3122 3037/1215/3121 3098/1179/3090 3073/1220/3127
f 3074/1221/3128 3073/1220/3127 3098/1179/3090 3104/1180/3089
f 3076/1222/3129 3074/1221/3128 3104/1180/3089 3105/1223/3130
f 3105/1223/3130 3104/1180/3089 3109/1181/3088 3110/1224/3131
f 3111/1182/3092 3121/1225/3132 3110/1224/3131 3109/1181/3088
f 3121/1225/3132 3111/1182/3092 3124/1227/3133 3127/1226/3134
f 3123/1228/3102 3124/1227/3133 3111/1182/3092 3101/1183/3091
f 3124/1229/3133 3123/1194/3102 3122/1195/3101 3125/1230/3135
f 3125/1230/3135 3122/1195/3101 3118/1196/3104 3119/1231/3136
f 3125/1230/3135 3119/1231/3136 3120/1233/3137 3126/1232/3138
f 3125/1230/3135 3126/1232/3138 3127/1234/3134 3124/1229/3133
f 3108/1235/3139 3107/1237/3140 3103/1236/3141
f 3108/1235/3139 3120/1233/3137 3107/1237/3140
f 3103/1236/3141 3097/1240/3142 3102/1239/3143 3106/1238/3144
f 3106/1238/3144 3102/1239/3143 3072/1242/3145 3075/1241/3146
f 3102/1239/3143 3066/1244/3147 3067/1243/3148 3072/1242/3145
f 3066/1244/3147 3102/1239/3143 3097/1240/3142 3096/1245/3149
f 3089/1246/3150 3096/1245/3149 3097/1240/3142 3100/1247/3151
f 3096/1245/3149 3089/1246/3150 3080/1206/3114 3084/1208/3116
f 3089/1246/3150 3100/1247/3151 3092/1199/3107 3086/1201/3108
f 3080/1206/3114 3089/1246/3150 3086/1201/3108 3081/1203/3111
f 3096/1245/3149 3084/1208/3116 3036/1248/3152 3066/1244/3147
f 3066/1244/3147 3036/1248/3152 3029/1249/3153 3067/1243/3148
f 3029/1249/3153 3036/1248/3152 3032/1251/3154 3028/1250/3155
f 3036/1248/3152 3084/1208/3116 3024/1209/3115 3032/1251/3154
f 3030/1212/3119 3028/1250/3155 3032/1251/3154 3033/1211/3120
f 3030/1212/3119 3040/1253/3156 3039/1252/3157 3028/1250/3155
f 3040/1253/3156 3030/1212/3119 3031/1213/3118 3041/1254/3158
f 3041/1254/3158 3031/1213/3118 3065/1214/3122 3042/1255/3159
f 3064/1256/3160 3042/1255/3159 3065/1214/3122 3073/1220/3127
f 3064/1256/3160 3073/1220/3127 3074/1221/3128 3071/1257/3161
f 3070/1258/3162 3071/1261/3161 3074/1260/3128 3076/1259/3129
f 3069/1262/3163 3075/1241/3146 3072/1242/3145 3068/1263/3164
f 3072/1242/3145 3067/1243/3148 3063/1264/3165 3068/1263/3164
f 3067/1243/3148 3029/1249/3153 3038/1265/3166 3063/1264/3165
f 3039/1252/3157 3038/1265/3166 3029/1249/3153 3028/1250/3155
f 3043/1170/3079 3039/1252/3157 3040/1253/3156 3044/1266/3167
f 3040/1253/3156 3041/1254/3158 3046/1173/3083 3044/1266/3167
f 3041/1254/3158 3042/1255/3159 3047/1172/3081 3046/1173/3083
f 3058/1267/3168 3047/1172/3081 3042/1255/3159 3064/1256/3160
f 3061/1268/3169 3058/1267/3168 3064/1256/3160 3071/1257/3161
f 3062/1269/3170 3061/1270/3169 3071/1261/3161 3070/1258/3162
f 3054/1271/3171 3069/1262/3163 3068/1263/3164 3055/1272/3172
f 3068/1263/3164 3063/1264/3165 3050/1168/3077 3055/1272/3172
f 3055/1272/3172 3050/1168/3077 3048/1169/3080 3051/1273/3173
f 3048/1169/3080 3043/1170/3079 3044/1266/3167 3049/1274/3174
f 3044/1266/3167 3046/1173/3083 3057/1174/3082 3049/1274/3174
f 3049/1274/3174 3057/1174/3082 3059/1276/3175 3053/1275/3176
f 3058/1267/3168 3059/1276/3175 3057/1174/3082 3047/1172/3081
f 3058/1267/3168 3061/1268/3169 3060/1277/3177 3059/1276/3175
f 3059/1276/3175 3060/1277/3177 3052/1278/3178 3053/1275/3176
f 3051/1273/3173 3053/1275/3176 3052/1278/3178 3056/1279/3179
f 3056/1279/3179 3054/1271/3171 3055/1272/3172 3051/1273/3173
f 3049/1274/3174 3053/1275/3176 3051/1273/3173 3048/1169/3080
f 3039/1252/3157 3043/1170/3079 3045/1171/3078 3038/1265/3166
f 3063/1264/3165 3038/1265/3166 3045/1171/3078 3050/1168/3077
f 3117/1188/3098 3123/1228/3102 3101/1183/3091 3094/1185/3096
f 3114/1197/3103 3092/1199/3107 3100/1247/3151 3118/1196/3104
f 3090/1184/3093 3094/1185/3096 3101/1183/3091 3099/1178/3087
f 3027/1217/3123 3023/1280/3180 3082/1218/3125 3035/1216/3124
f 3077/1176/3086 3022/1177/3085 3021/1205/3112
f 3079/1175/3084 3023/1280/3180 3022/1177/3085
f 3026/1207/3113 3021/1205/3112 3022/1177/3085
f 3032/1251/3154 3024/1209/3115 3025/1281/3181 3033/1211/3120
f 3025/1281/3181 3024/1209/3115 3026/1207/3113 3022/1177/3085
f 3022/1177/3085 3023/1280/3180 3027/1217/3123 3025/1281/3181
f 3025/1281/3181 3027/1217/3123 3034/1210/3117 3033/1211/3120
f 3060/1282/3177 3061/1270/3169 3062/1269/3170
f 3076/1259/3129 3112/1283/3182 3070/1258/3162
f 3070/1258/3162 3112/1283/3182 3062/1269/3170
f 3062/1269/3170 3112/1283/3182 3060/1282/3177
f 3060/1282/3177 3112/1283/3182 3052/1284/3178
f 3052/1284/3178 3112/1283/3182 3056/1285/3179
f 3056/1285/3179 3112/1283/3182 3054/1286/3171
f 3054/1286/3171 3112/1283/3182 3069/1287/3163
f 3069/1287/3163 3112/1283/3182 3075/1288/3146
f 3075/1288/3146 3112/1283/3182 3106/1289/3144
f 3106/1289/3144 3112/1283/3182 3103/1290/3141
f 3103/1290/3141 3112/1283/3182 3108/1291/3139
f 3108/1291/3139 3112/1283/3182 3120/1292/3137
f 3120/1292/3137 3112/1283/3182 3126/1293/3138
f 3126/1293/3138 3112/1283/3182 3127/1294/3134
f 3127/1294/3134 3112/1283/3182 3121/1295/3132
f 3121/1295/3132 3112/1283/3182 3110/1296/3131
f 3110/1296/3131 3112/1283/3182 3105/1297/3130
f 3105/1297/3130 3112/1283/3182 3076/1259/3129
f 3079/1175/3084 3083/1219/3126 3082/1218/3125 3023/1280/3180
f 3103/1236/3141 3107/1237/3140 3097/1240/3142
f 3107/1237/3140 3100/1247/3151 3097/1240/3142
f 3107/1237/3140 3120/1233/3137 3119/1231/3136
f 3118/1196/3104 3100/1247/3151 3107/1237/3140 3119/1231/3136
f 3093/1298/3095 3087/1300/3183 3095/1299/3097
f 3095/1299/3097 3087/1300/3183 3115/1301/3100
f 3115/1301/3100 3087/1300/3183 3113/1302/3105
f 3113/1302/3105 3087/1300/3183 3091/1303/3106
f 3091/1303/3106 3087/1300/3183 3085/1304/3109
f 3085/1304/3109 3087/1300/3183 3078/1305/3110
f 3078/1305/3110 3087/1300/3183 3077/1306/3086
f 3077/1306/3086 3087/1300/3183 3079/1307/3084
f 3079/1307/3084 3087/1300/3183 3083/1308/3126
f 3083/1308/3126 3087/1300/3183 3088/1309/3094
f 3088/1309/3094 3087/1300/3183 3093/1298/3095
f 3133/1310/3184 3132/1313/3185 3129/1312/3186 3128/1311/3187
f 3129/1312/3186 3132/1313/3185 3134/1315/3188 3130/1314/3189
f 3143/1316/3190 3140/1318/3191 3142/1317/3192
f 3153/1319/3193 3143/1316/3190 3144/1321/3194 3151/1320/3195
f 3147/1322/3196 3143/1316/3190 3153/1319/3193 3152/1323/3197
f 3168/1324/3198 3166/1327/3199 3152/1326/3197 3153/1325/3193
f 3166/1327/3199 3159/1328/3200 3152/1326/3197
f 3156/1329/3201 3157/1331/3202 3161/1330/3203
f 3157/1331/3202 3156/1329/3201 3155/1332/3204
f 3168/1324/3198 3164/1334/3205 3169/1333/3206 3166/1327/3199
f 3176/1335/3207 3177/1338/3208 3174/1337/3209 3175/1336/3210
f 3189/1339/3211 3188/1342/3212 3184/1341/3213 3179/1340/3214
f 3171/1343/3215 3184/1341/3213 3188/1342/3212 3187/1344/3216
f 3184/1341/3213 3171/1343/3215 3165/1346/3217 3182/1345/3218
f 3168/1324/3198 3165/1346/3217 3171/1343/3215 3164/1334/3205
f 3182/1345/3218 3165/1346/3217 3151/1348/3195 3135/1347/3219
f 3151/1348/3195 3165/1346/3217 3168/1324/3198 3153/1325/3193
f 3135/1349/3219 3151/1320/3195 3144/1321/3194 3130/1314/3189
f 3130/1314/3189 3144/1321/3194 3137/1350/3220 3129/1312/3186
f 3142/1317/3192 3137/1350/3220 3144/1321/3194 3143/1316/3190
f 3137/1350/3220 3138/1351/3221 3128/1311/3187 3129/1312/3186
f 3138/1351/3221 3137/1350/3220 3142/1317/3192 3139/1352/3222
f 3139/1352/3222 3142/1317/3192 3140/1318/3191 3141/1353/3223
f 3141/1353/3223 3149/1355/3224 3148/1354/3225 3139/1352/3222
f 3149/1355/3224 3141/1353/3223 3145/1357/3226 3150/1356/3227
f 3149/1355/3224 3156/1329/3201 3148/1354/3225
f 3149/1355/3224 3150/1356/3227 3155/1332/3204 3156/1329/3201
f 3139/1352/3222 3148/1354/3225 3136/1358/3228 3138/1351/3221
f 3136/1358/3228 3148/1354/3225 3156/1329/3201 3154/1359/3229
f 3136/1358/3228 3154/1359/3229 3175/1336/3210 3131/1360/3230
f 3154/1359/3229 3183/1361/3231 3176/1335/3207 3175/1336/3210
f 3154/1359/3229 3156/1329/3201 3161/1330/3203 3183/1361/3231
f 3176/1335/3207 3183/1361/3231 3185/1363/3232 3181/1362/3233
f 3183/1361/3231 3161/1330/3203 3162/1364/3234 3185/1363/3232
f 3162/1364/3234 3161/1330/3203 3157/1331/3202 3163/1365/3235
f 3163/1365/3235 3167/1367/3236 3170/1366/3237 3162/1364/3234
f 3167/1367/3236 3163/1365/3235 3158/1369/3238 3160/1368/3239
f 3170/1366/3237 3167/1367/3236 3166/1327/3199 3169/1333/3206
f 3166/1327/3199 3167/1367/3236 3160/1368/3239 3159/1328/3200
f 3170/1366/3237 3186/1370/3240 3185/1363/3232 3162/1364/3234
f 3186/1370/3240 3170/1366/3237 3169/1333/3206 3187/1344/3216
f 3186/1370/3240 3189/1339/3211 3181/1362/3233 3185/1363/3232
f 3189/1339/3211 3186/1370/3240 3187/1344/3216 3188/1342/3212
f 3181/1362/3233 3180/1371/3241 3177/1338/3208 3176/1335/3207
f 3180/1371/3241 3181/1362/3233 3189/1339/3211 3179/1340/3214
f 3178/1372/3242 3179/1340/3214 3184/1341/3213 3182/1345/3218
f 3182/1345/3218 3135/1347/3219 3173/1373/3243 3178/1372/3242
f 3128/1311/3187 3138/1351/3221 3136/1358/3228 3131/1360/3230
f 3134/1315/3188 3173/1374/3243 3135/1349/3219 3130/1314/3189
f 3131/1360/3230 3172/1375/3244 3133/1310/3184 3128/1311/3187
f 3172/1375/3244 3131/1360/3230 3175/1336/3210 3174/1337/3209
f 3158/1369/3238 3163/1365/3235 3157/1331/3202 3155/1332/3204
f 3146/1376/3245 3145/1357/3226 3141/1353/3223 3140/1318/3191
f 3187/1344/3216 3169/1333/3206 3164/1334/3205 3171/1343/3215
f 3147/1322/3196 3146/1376/3245 3140/1318/3191 3143/1316/3190
f 3211/1377/3246 3190/1380/3247 3194/1379/3248 3212/1378/3249
f 3213/1381/3250 3190/1380/3247 3211/1377/3246 3214/1382/3251
f 3216/1383/3252 3215/1386/3253 3202/1385/3254 3199/1384/3255
f 3219/1387/3256 3191/1390/3257 3225/1389/3258 3203/1388/3259
f 3191/1391/3257 3222/1394/3260 3221/1393/3261 3220/1392/3262
f 3205/1395/3263 3191/1390/3257 3219/1387/3256 3223/1396/3264
f 3191/1390/3257 3220/1398/3262 3345/1397/3265 3225/1389/3258
f 3203/1388/3259 3224/1399/3266 3219/1387/3256
f 3192/1400/3267 3278/1403/3268 3293/1402/3269 3226/1401/3270
f 3278/1403/3268 3192/1400/3267 3201/1405/3271 3279/1404/3272
f 3192/1400/3267 3226/1401/3270 3207/1406/3273 3201/1405/3271
f 3193/1407/3274 3228/1409/3275 3194/1379/3248 3227/1408/3276
f 3228/1410/3275 3193/1413/3274 3230/1412/3277 3229/1411/3278
f 3230/1414/3277 3193/1407/3274 3227/1408/3276 3213/1381/3250
f 3231/1415/3279 3194/1379/3248 3228/1409/3275 3232/1416/3280
f 3194/1379/3248 3231/1415/3279 3233/1417/3281 3212/1378/3249
f 3234/1418/3282 3195/1421/3283 3236/1420/3284 3235/1419/3285
f 3236/1420/3284 3195/1421/3283 3238/1423/3286 3237/1422/3287
f 3195/1421/3283 3234/1418/3282 3239/1425/3288 3238/1424/3286
f 3240/1426/3289 3196/1429/3290 3242/1428/3291 3241/1427/3292
f 3303/1430/3293 3196/1429/3290 3210/1432/3294 3258/1431/3295
f 3243/1433/3296 3196/1429/3290 3303/1430/3293 3302/1434/3297
f 3242/1428/3291 3196/1429/3290 3243/1433/3296 3244/1435/3298
f 3210/1432/3294 3196/1429/3290 3240/1426/3289 3245/1436/3299
f 3197/1437/3300 3248/1440/3301 3247/1439/3302 3246/1438/3303
f 3204/1441/3304 3197/1437/3300 3249/1443/3305 3198/1442/3306
f 3248/1440/3301 3197/1437/3300 3204/1441/3304 3250/1444/3307
f 3253/1445/3308 3252/1448/3309 3251/1447/3310 3254/1446/3311
f 3253/1445/3308 3255/1449/3312 3252/1448/3309
f 3256/1450/3313 3198/1453/3306 3249/1452/3305 3257/1451/3314
f 3198/1442/3306 3258/1431/3295 3250/1444/3307 3204/1441/3304
f 3247/1439/3302 3259/1455/3315 3209/1454/3316
f 3259/1455/3315 3247/1439/3302 3248/1440/3301 3260/1456/3317
f 3261/1457/3318 3199/1384/3255 3202/1385/3254 3262/1458/3319
f 3199/1384/3255 3261/1457/3318 3263/1460/3320 3217/1459/3321
f 3215/1461/3253 3264/1464/3322 3262/1463/3319 3202/1462/3254
f 3200/1465/3323 3267/1468/3324 3266/1467/3325 3265/1466/3326
f 3268/1469/3327 3200/1465/3323 3265/1466/3326 3269/1470/3328
f 3200/1465/3323 3268/1469/3327 3270/1471/3329 3267/1468/3324
f 3201/1405/3271 3207/1406/3273 3271/1472/3330 3279/1404/3272
f 3203/1388/3259 3225/1389/3258 3273/1474/3331 3272/1473/3332
f 3274/1475/3333 3205/1477/3263 3223/1476/3264 3207/1406/3273
f 3205/1478/3263 3274/1475/3333 3222/1394/3260 3191/1479/3257
f 3206/1480/3334 3265/1483/3326 3266/1482/3325 3275/1481/3335
f 3265/1483/3326 3206/1480/3334 3276/1485/3336 3269/1484/3328
f 3206/1480/3334 3275/1481/3335 3277/1486/3337 3276/1485/3336
f 3271/1472/3330 3207/1406/3273 3223/1488/3264 3280/1487/3338
f 3281/1489/3339 3208/1491/3340 3246/1438/3303 3282/1490/3341
f 3283/1492/3342 3208/1491/3340 3281/1489/3339 3284/1493/3343
f 3285/1494/3344 3208/1491/3340 3283/1492/3342 3286/1495/3345
f 3287/1496/3346 3208/1491/3340 3285/1494/3344 3288/1497/3347
f 3246/1438/3303 3208/1491/3340 3287/1496/3346 3197/1437/3300
f 3209/1454/3316 3259/1455/3315 3289/1498/3348 3282/1490/3341
f 3209/1454/3316 3282/1490/3341 3246/1438/3303 3247/1439/3302
f 3258/1431/3295 3210/1432/3294 3245/1436/3299 3250/1444/3307
f 3250/1444/3307 3245/1436/3299 3260/1456/3317 3248/1440/3301
f 3282/1490/3341 3289/1498/3348 3290/1499/3349 3281/1489/3339
f 3290/1499/3349 3289/1498/3348 3292/1501/3350 3291/1500/3351
f 3289/1498/3348 3259/1455/3315 3260/1456/3317 3292/1501/3350
f 3292/1501/3350 3240/1426/3289 3241/1427/3292 3291/1500/3351
f 3240/1426/3289 3292/1501/3350 3260/1456/3317 3245/1436/3299
f 3291/1500/3351 3278/1403/3268 3279/1404/3272 3290/1499/3349
f 3278/1403/3268 3291/1500/3351 3241/1427/3292 3293/1402/3269
f 3293/1402/3269 3241/1427/3292 3242/1428/3291 3294/1502/3352
f 3294/1502/3352 3242/1428/3291 3244/1435/3298 3295/1503/3353
f 3295/1503/3353 3244/1435/3298 3297/1505/3354 3296/1504/3355
f 3296/1504/3355 3297/1505/3354 3299/1507/3356 3298/1506/3357
f 3299/1507/3356 3297/1505/3354 3300/1508/3358 3251/1447/3310
f 3297/1505/3354 3244/1435/3298 3243/1433/3296 3300/1508/3358
f 3251/1447/3310 3300/1508/3358 3301/1509/3359 3254/1446/3311
f 3300/1508/3358 3243/1433/3296 3302/1434/3297 3301/1509/3359
f 3301/1509/3359 3302/1434/3297 3305/1511/3360 3304/1510/3361
f 3302/1434/3297 3303/1430/3293 3306/1512/3362 3305/1511/3360
f 3306/1512/3362 3303/1430/3293 3258/1431/3295 3198/1442/3306
f 3305/1513/3360 3306/1516/3362 3308/1515/3363 3307/1514/3364
f 3308/1515/3363 3306/1516/3362 3198/1453/3306 3256/1450/3313
f 3307/1514/3364 3308/1515/3363 3310/1518/3365 3309/1517/3366
f 3310/1518/3365 3308/1515/3363 3256/1450/3313 3311/1519/3367
f 3311/1519/3367 3256/1450/3313 3257/1451/3314 3312/1520/3368
f 3310/1518/3365 3311/1519/3367 3272/1473/3332 3273/1474/3331
f 3311/1519/3367 3312/1520/3368 3313/1521/3369 3272/1473/3332
f 3314/1522/3370 3313/1521/3369 3312/1520/3368 3315/1523/3371
f 3272/1473/3332 3313/1521/3369 3316/1524/3372 3203/1388/3259
f 3316/1524/3372 3313/1521/3369 3314/1522/3370 3317/1525/3373
f 3317/1525/3373 3314/1522/3370 3319/1527/3374 3318/1526/3375
f 3317/1525/3373 3321/1529/3376 3320/1528/3377 3316/1524/3372
f 3321/1529/3376 3317/1525/3373 3318/1526/3375 3322/1530/3378
f 3322/1530/3378 3318/1526/3375 3324/1532/3379 3323/1531/3380
f 3322/1530/3378 3326/1534/3381 3325/1533/3382 3321/1529/3376
f 3326/1534/3381 3322/1530/3378 3323/1531/3380 3214/1535/3251
f 3325/1536/3382 3326/1539/3381 3328/1538/3383 3327/1537/3384
f 3326/1539/3381 3214/1382/3251 3211/1377/3246 3328/1538/3383
f 3327/1537/3384 3328/1538/3383 3330/1541/3385 3329/1540/3386
f 3328/1538/3383 3211/1377/3246 3212/1378/3249 3330/1541/3385
f 3329/1540/3386 3330/1541/3385 3286/1495/3345 3283/1492/3342
f 3330/1541/3385 3212/1378/3249 3233/1417/3281 3286/1495/3345
f 3329/1540/3386 3332/1543/3387 3331/1542/3388 3327/1537/3384
f 3332/1543/3387 3329/1540/3386 3283/1492/3342 3284/1493/3343
f 3331/1542/3388 3332/1543/3387 3279/1404/3272 3271/1472/3330
f 3332/1543/3387 3284/1493/3343 3279/1404/3272
f 3327/1537/3384 3331/1542/3388 3333/1545/3389 3325/1544/3382
f 3331/1542/3388 3271/1472/3330 3280/1547/3338 3333/1546/3389
f 3333/1548/3389 3320/1528/3377 3321/1529/3376 3325/1533/3382
f 3333/1548/3389 3280/1549/3338 3224/1399/3266 3320/1528/3377
f 3324/1532/3379 3335/1551/3390 3334/1550/3391 3229/1411/3278
f 3335/1551/3390 3324/1532/3379 3318/1526/3375 3319/1527/3374
f 3323/1531/3380 3324/1532/3379 3229/1411/3278 3230/1412/3277
f 3335/1551/3390 3270/1471/3329 3268/1469/3327 3334/1550/3391
f 3270/1471/3329 3335/1551/3390 3319/1527/3374 3336/1552/3392
f 3336/1552/3392 3337/1553/3393 3267/1468/3324 3270/1471/3329
f 3337/1553/3393 3336/1552/3392 3315/1523/3371 3338/1554/3394
f 3336/1552/3392 3319/1527/3374 3314/1522/3370 3315/1523/3371
f 3338/1554/3394 3340/1556/3395 3339/1555/3396 3337/1553/3393
f 3340/1556/3395 3338/1554/3394 3257/1451/3314 3249/1452/3305
f 3257/1451/3314 3338/1554/3394 3315/1523/3371 3312/1520/3368
f 3340/1557/3395 3287/1496/3346 3288/1497/3347 3339/1558/3396
f 3287/1496/3346 3340/1557/3395 3249/1443/3305 3197/1437/3300
f 3339/1558/3396 3288/1497/3347 3275/1481/3335 3266/1482/3325
f 3339/1555/3396 3266/1467/3325 3267/1468/3324 3337/1553/3393
f 3334/1550/3391 3268/1469/3327 3269/1470/3328 3232/1559/3280
f 3229/1411/3278 3334/1550/3391 3232/1559/3280 3228/1410/3275
f 3323/1531/3380 3230/1412/3277 3213/1560/3250 3214/1535/3251
f 3316/1524/3372 3320/1528/3377 3224/1399/3266 3203/1388/3259
f 3309/1517/3366 3310/1518/3365 3273/1474/3331 3341/1561/3397
f 3341/1561/3397 3343/1563/3398 3342/1562/3399 3309/1517/3366
f 3343/1563/3398 3341/1561/3397 3345/1397/3265 3344/1564/3400
f 3341/1561/3397 3273/1474/3331 3225/1389/3258 3345/1397/3265
f 3264/1464/3322 3344/1564/3400 3346/1565/3401 3262/1463/3319
f 3344/1564/3400 3345/1397/3265 3220/1398/3262 3346/1565/3401
f 3262/1458/3319 3346/1567/3401 3347/1566/3402 3261/1457/3318
f 3346/1568/3401 3220/1569/3262 3221/1393/3261 3347/1566/3402
f 3261/1457/3318 3347/1566/3402 3348/1570/3403 3263/1460/3320
f 3348/1570/3403 3347/1566/3402 3221/1393/3261 3349/1571/3404
f 3349/1571/3404 3221/1393/3261 3222/1394/3260 3350/1572/3405
f 3348/1570/3403 3349/1571/3404 3296/1504/3355 3298/1506/3357
f 3296/1504/3355 3349/1571/3404 3350/1572/3405 3295/1503/3353
f 3298/1506/3357 3351/1573/3406 3263/1460/3320 3348/1570/3403
f 3218/1574/3407 3351/1573/3406 3353/1576/3408 3352/1575/3409
f 3351/1573/3406 3298/1506/3357 3299/1507/3356 3353/1576/3408
f 3353/1576/3408 3252/1448/3309 3255/1449/3312 3352/1575/3409
f 3252/1448/3309 3353/1576/3408 3299/1507/3356 3251/1447/3310
f 3352/1575/3409 3354/1577/3410 3216/1383/3252 3218/1574/3407
f 3354/1577/3410 3352/1575/3409 3255/1449/3312 3237/1578/3287
f 3355/1579/3411 3354/1577/3410 3237/1578/3287 3238/1580/3286
f 3354/1577/3410 3355/1579/3411 3215/1386/3253 3216/1383/3252
f 3356/1581/3412 3355/1582/3411 3238/1424/3286 3239/1425/3288
f 3355/1582/3411 3356/1581/3412 3264/1464/3322 3215/1461/3253
f 3356/1581/3412 3239/1425/3288 3342/1562/3399 3343/1563/3398
f 3356/1581/3412 3343/1563/3398 3344/1564/3400 3264/1464/3322
f 3263/1460/3320 3351/1573/3406 3218/1574/3407 3217/1459/3321
f 3350/1572/3405 3222/1394/3260 3274/1475/3333 3357/1583/3413
f 3295/1503/3353 3350/1572/3405 3357/1583/3413 3294/1502/3352
f 3226/1401/3270 3357/1583/3413 3274/1475/3333 3207/1406/3273
f 3294/1502/3352 3357/1583/3413 3226/1401/3270 3293/1402/3269
f 3309/1517/3366 3342/1562/3399 3358/1584/3414 3307/1514/3364
f 3358/1584/3414 3342/1562/3399 3239/1425/3288 3234/1418/3282
f 3358/1584/3414 3304/1585/3361 3305/1513/3360 3307/1514/3364
f 3358/1584/3414 3234/1418/3282 3235/1419/3285 3304/1585/3361
f 3304/1510/3361 3235/1586/3285 3254/1446/3311 3301/1509/3359
f 3281/1489/3339 3290/1499/3349 3279/1404/3272 3284/1493/3343
f 3275/1481/3335 3288/1497/3347 3285/1494/3344 3277/1486/3337
f 3286/1495/3345 3233/1417/3281 3277/1486/3337 3285/1494/3344
f 3224/1399/3266 3280/1549/3338 3223/1396/3264 3219/1387/3256
f 3276/1485/3336 3277/1486/3337 3233/1417/3281 3231/1415/3279
f 3269/1484/3328 3276/1485/3336 3231/1415/3279 3232/1416/3280
f 3255/1449/3312 3253/1445/3308 3236/1587/3284 3237/1578/3287
f 3253/1445/3308 3254/1446/3311 3235/1586/3285 3236/1587/3284
f 3190/1380/3247 3213/1381/3250 3227/1408/3276 3194/1379/3248
f 3218/1574/3407 3216/1383/3252 3199/1384/3255 3217/1459/3321
f 3615/1588/3415 3389/1590/3416 3391/1589/3417
f 3372/1591/3418 3373/1593/3419 3387/1592/3420
f 3387/1592/3420 3386/1595/3421 3371/1594/3422 3372/1591/3418
f 3387/1592/3420 3393/1597/3423 3392/1596/3424
f 3398/1598/3425 3380/1600/3426 3385/1599/3427
f 3400/1601/3428 3399/1602/3429 3398/1598/3425 3385/1599/3427
f 3394/1603/3430 3380/1600/3426 3398/1598/3425 3399/1602/3429
f 3401/1604/3431 3403/1607/3432 3406/1606/3433 3402/1605/3434
f 3401/1608/3431 3404/1611/3435 3410/1610/3436 3403/1609/3432
f 3404/1611/3435 3401/1608/3431 3402/1613/3434 3405/1612/3437
f 3409/1614/3438 3416/1617/3439 3415/1616/3440 3411/1615/3441
f 3409/1614/3438 3411/1615/3441 3413/1619/3442 3412/1618/3443
f 3409/1614/3438 3412/1618/3443 3420/1620/3444 3416/1617/3439
f 3415/1616/3440 3416/1617/3439 3419/1622/3445 3414/1621/3446
f 3422/1623/3447 3427/1626/3448 3423/1625/3449 3417/1624/3450
f 3422/1627/3447 3426/1630/3451 3424/1629/3452 3427/1628/3448
f 3426/1630/3451 3422/1627/3447 3417/1631/3450 3419/1622/3445
f 3430/1632/3453 3469/1635/3454 3434/1634/3455 3431/1633/3456
f 3454/1636/3457 3456/1639/3458 3455/1638/3459 3447/1637/3460
f 3456/1639/3458 3454/1636/3457 3457/1641/3461 3462/1640/3462
f 3454/1636/3457 3447/1637/3460 3448/1642/3463 3457/1641/3461
f 3457/1643/3461 3458/1646/3464 3463/1645/3465 3462/1644/3462
f 3463/1645/3465 3458/1646/3464 3460/1648/3466 3466/1647/3467
f 3460/1648/3466 3458/1646/3464 3457/1643/3461 3448/1649/3463
f 3459/1650/3468 3461/1651/3469 3455/1638/3459 3456/1639/3458
f 3459/1650/3468 3456/1639/3458 3462/1640/3462 3464/1652/3470
f 3461/1651/3469 3459/1650/3468 3464/1652/3470 3467/1653/3471
f 3465/1654/3472 3468/1655/3473 3467/1653/3471 3464/1652/3470
f 3465/1656/3472 3463/1645/3465 3466/1647/3467 3468/1657/3473
f 3463/1645/3465 3465/1656/3472 3464/1658/3470 3462/1644/3462
f 3470/1659/3474 3380/1600/3426 3366/1661/3475 3435/1660/3476
f 3478/1662/3477 3380/1600/3426 3470/1659/3474 3475/1663/3478
f 3385/1599/3427 3380/1600/3426 3478/1662/3477 3479/1664/3479
f 3443/1665/3480 3484/1668/3481 3487/1667/3482 3488/1666/3483
f 3487/1667/3482 3484/1668/3481 3500/1670/3484 3517/1669/3485
f 3500/1670/3484 3484/1668/3481 3477/1672/3486 3483/1671/3487
f 3495/1673/3488 3494/1676/3489 3485/1675/3490 3492/1674/3491
f 3499/1677/3492 3482/1678/3493 3494/1676/3489 3495/1673/3488
f 3481/1679/3494 3485/1675/3490 3494/1676/3489 3482/1678/3493
f 3496/1680/3495 3499/1677/3492 3495/1673/3488 3486/1681/3496
f 3501/1682/3497 3499/1677/3492 3496/1680/3495 3497/1683/3498
f 3486/1684/3496 3487/1667/3482 3498/1686/3499 3496/1685/3495
f 3488/1666/3483 3487/1667/3482 3486/1684/3496 3493/1687/3500
f 3498/1686/3499 3487/1667/3482 3517/1669/3485 3523/1688/3501
f 3512/1689/3502 3673/1692/3503 3671/1691/3504 3515/1690/3505
f 3510/1693/3506 3508/1694/3507 3512/1689/3502 3515/1690/3505
f 3512/1689/3502 3508/1694/3507 3511/1695/3508 3673/1692/3503
f 3513/1696/3509 3518/1699/3510 3683/1698/3511 3688/1697/3512
f 3518/1699/3510 3513/1696/3509 3499/1677/3492 3501/1682/3497
f 3518/1699/3510 3520/1701/3513 3534/1700/3514 3683/1698/3511
f 3530/1702/3515 3538/1705/3516 3537/1704/3517 3531/1703/3518
f 3524/1706/3519 3522/1707/3520 3530/1702/3515 3531/1703/3518
f 3530/1702/3515 3522/1707/3520 3523/1688/3501 3538/1705/3516
f 3523/1688/3501 3517/1669/3485 3532/1709/3521 3535/1708/3522
f 3538/1705/3516 3523/1688/3501 3535/1708/3522 3540/1710/3523
f 3682/1711/3524 3683/1698/3511 3534/1700/3514 3539/1712/3525
f 3535/1708/3522 3532/1709/3521 3677/1714/3526 3681/1713/3527
f 3681/1713/3527 3682/1715/3524 3540/1710/3523 3535/1708/3522
f 3681/1713/3527 3677/1714/3526 3684/1717/3528 3688/1716/3512
f 3557/1718/3529 3568/1721/3530 3567/1720/3531 3559/1719/3532
f 3557/1718/3529 3559/1719/3532 3561/1723/3533 3560/1722/3534
f 3557/1718/3529 3560/1722/3534 3562/1724/3535 3568/1721/3530
f 3558/1725/3536 3563/1728/3537 3562/1727/3535 3560/1726/3534
f 3558/1729/3536 3560/1722/3534 3561/1723/3533 3564/1730/3538
f 3558/1725/3536 3564/1732/3538 3569/1731/3539 3563/1728/3537
f 3565/1733/3540 3571/1736/3541 3566/1735/3542 3570/1734/3543
f 3565/1733/3540 3570/1734/3543 3568/1721/3530 3562/1724/3535
f 3565/1737/3540 3562/1727/3535 3563/1728/3537 3571/1738/3541
f 3566/1735/3542 3573/1740/3544 3572/1739/3545 3570/1734/3543
f 3566/1741/3542 3571/1738/3541 3574/1743/3546 3573/1742/3544
f 3578/1744/3547 3582/1747/3548 3581/1746/3549 3580/1745/3550
f 3578/1744/3547 3596/1749/3551 3597/1748/3552 3582/1747/3548
f 3596/1749/3551 3578/1744/3547 3580/1745/3550 3603/1750/3553
f 3580/1751/3550 3579/1754/3554 3602/1753/3555 3603/1752/3553
f 3579/1754/3554 3580/1751/3550 3581/1756/3549 3583/1755/3556
f 3579/1754/3554 3583/1755/3556 3598/1757/3557 3602/1753/3555
f 3596/1749/3551 3603/1750/3553 3599/1758/3558 3597/1748/3552
f 3602/1753/3555 3598/1757/3557 3599/1759/3558 3603/1752/3553
f 3606/1760/3559 3611/1763/3560 3610/1762/3561 3605/1761/3562
f 3606/1764/3559 3605/1767/3562 3604/1766/3563 3609/1765/3564
f 3611/1763/3560 3606/1760/3559 3609/1769/3564 3612/1768/3565
f 3607/1770/3566 3608/1771/3567 3611/1763/3560 3612/1768/3565
f 3607/1772/3566 3612/1775/3565 3613/1774/3568 3722/1773/3569
f 3608/1771/3567 3607/1770/3566 3722/1777/3569 3723/1776/3570
f 3608/1771/3567 3723/1776/3570 3610/1762/3561 3611/1763/3560
f 3612/1775/3565 3609/1765/3564 3604/1766/3563 3613/1774/3568
f 3633/1778/3571 3623/1781/3572 3635/1780/3573 3634/1779/3574
f 3625/1782/3575 3633/1778/3571 3634/1779/3574
f 3633/1778/3571 3625/1782/3575 3618/1783/3576 3623/1781/3572
f 3627/1784/3577 3636/1787/3578 3639/1786/3579 3628/1785/3580
f 3636/1787/3578 3665/1789/3581 3640/1788/3582 3639/1786/3579
f 3665/1789/3581 3636/1787/3578 3668/1791/3583 3654/1790/3584
f 3652/1792/3585 3726/1794/3586 3660/1793/3587
f 3647/1795/3588 3655/1797/3589 3648/1796/3590
f 3668/1791/3583 3636/1787/3578 3635/1780/3573
f 3513/1696/3509 3688/1697/3512 3678/1799/3591 3514/1798/3592
f 3684/1717/3528 3686/1801/3593 3685/1800/3594 3688/1716/3512
f 3692/1802/3595 3686/1801/3593 3684/1717/3528 3680/1803/3596
f 3717/1804/3597 3686/1801/3593 3692/1802/3595 3693/1805/3598
f 3691/1806/3599 3694/1809/3600 3709/1808/3601 3689/1807/3602
f 3688/1697/3512 3691/1806/3599 3689/1807/3602 3678/1799/3591
f 3691/1806/3599 3688/1697/3512 3685/1810/3594 3694/1809/3600
f 3623/1781/3572 3652/1812/3585 3653/1811/3603
f 3653/1811/3603 3652/1812/3585 3660/1814/3587 3661/1813/3604
f 3660/1814/3587 3656/1816/3605 3657/1815/3606 3661/1813/3604
f 3656/1817/3605 3648/1820/3590 3655/1819/3589 3657/1818/3606
f 3661/1813/3604 3657/1815/3606 3659/1821/3607 3654/1790/3584
f 3657/1818/3606 3655/1819/3589 3658/1823/3608 3659/1822/3607
f 3651/1824/3609 3658/1823/3608 3655/1819/3589 3647/1825/3588
f 3651/1824/3609 3647/1825/3588 3650/1826/3610
f 3649/1827/3611 3650/1826/3610 3647/1825/3588 3620/1828/3612
f 3622/1829/3613 3649/1827/3611 3620/1828/3612 3619/1830/3614
f 3619/1830/3614 3614/1832/3615 3621/1831/3616 3622/1829/3613
f 3623/1833/3572 3726/1794/3586 3652/1792/3585
f 3618/1834/3576 3726/1794/3586 3623/1833/3572
f 3374/1835/3617 3726/1794/3586 3618/1834/3576
f 3373/1836/3419 3726/1794/3586 3374/1835/3617
f 3372/1837/3418 3726/1794/3586 3373/1836/3419
f 3370/1838/3618 3369/1840/3619 3615/1588/3415 3616/1839/3620
f 3369/1840/3619 3371/1842/3422 3386/1841/3421 3615/1588/3415
f 3614/1832/3615 3370/1838/3618 3616/1839/3620 3621/1831/3616
f 3649/1827/3611 3622/1829/3613 3632/1844/3621 3662/1843/3622
f 3632/1844/3621 3622/1829/3613 3621/1831/3616 3631/1845/3623
f 3631/1845/3623 3629/1847/3624 3637/1846/3625 3632/1844/3621
f 3629/1847/3624 3631/1845/3623 3617/1849/3626 3624/1848/3627
f 3631/1845/3623 3621/1831/3616 3616/1839/3620 3617/1849/3626
f 3617/1849/3626 3615/1588/3415 3391/1589/3417 3624/1848/3627
f 3617/1849/3626 3616/1839/3620 3615/1588/3415
f 3624/1848/3627 3391/1589/3417 3394/1603/3430 3399/1602/3429
f 3391/1589/3417 3389/1590/3416 3395/1850/3628 3394/1603/3430
f 3389/1590/3416 3390/1852/3629 3375/1851/3630 3395/1850/3628
f 3388/1853/3631 3390/1854/3629 3386/1595/3421 3387/1592/3420
f 3386/1841/3421 3390/1852/3629 3389/1590/3416 3615/1588/3415
f 3396/1855/3632 3388/1853/3631 3387/1592/3420 3392/1596/3424
f 3397/1856/3633 3396/1855/3632 3392/1596/3424 3626/1857/3634
f 3626/1857/3634 3627/1784/3577 3628/1785/3580 3397/1856/3633
f 3627/1784/3577 3626/1857/3634 3625/1782/3575 3634/1779/3574
f 3626/1857/3634 3392/1596/3424 3393/1597/3423 3625/1782/3575
f 3628/1785/3580 3639/1786/3579 3673/1692/3503 3511/1695/3508
f 3639/1786/3579 3640/1788/3582 3697/1858/3635 3673/1692/3503
f 3640/1788/3582 3644/1860/3636 3702/1859/3637 3697/1858/3635
f 3645/1861/3638 3644/1864/3636 3667/1863/3639 3666/1862/3640
f 3644/1860/3636 3640/1788/3582 3665/1789/3581 3667/1865/3639
f 3666/1862/3640 3667/1863/3639 3659/1822/3607 3658/1823/3608
f 3667/1865/3639 3665/1789/3581 3654/1790/3584 3659/1821/3607
f 3654/1790/3584 3668/1791/3583 3653/1811/3603 3661/1813/3604
f 3668/1791/3583 3635/1780/3573 3623/1781/3572 3653/1811/3603
f 3651/1824/3609 3650/1826/3610 3663/1867/3641 3664/1866/3642
f 3650/1826/3610 3649/1827/3611 3662/1843/3622 3663/1867/3641
f 3664/1866/3642 3663/1867/3641 3642/1869/3643 3646/1868/3644
f 3663/1867/3641 3662/1843/3622 3641/1870/3645 3642/1869/3643
f 3637/1846/3625 3641/1870/3645 3662/1843/3622 3632/1844/3621
f 3641/1870/3645 3637/1846/3625 3638/1872/3646 3643/1871/3647
f 3638/1872/3646 3637/1846/3625 3629/1847/3624 3630/1873/3648
f 3630/1873/3648 3669/1875/3649 3672/1874/3650 3638/1872/3646
f 3669/1875/3649 3630/1873/3648 3399/1602/3429 3400/1601/3428
f 3630/1873/3648 3629/1847/3624 3624/1848/3627 3399/1602/3429
f 3669/1875/3649 3670/1877/3651 3674/1876/3652 3672/1874/3650
f 3670/1877/3651 3669/1875/3649 3400/1601/3428 3507/1878/3653
f 3507/1878/3653 3482/1678/3493 3514/1798/3592 3670/1877/3651
f 3482/1678/3493 3507/1878/3653 3479/1664/3479 3481/1679/3494
f 3507/1878/3653 3400/1601/3428 3385/1599/3427 3479/1664/3479
f 3670/1877/3651 3514/1798/3592 3678/1799/3591 3674/1876/3652
f 3674/1876/3652 3678/1799/3591 3689/1807/3602 3675/1879/3654
f 3672/1874/3650 3674/1876/3652 3675/1879/3654 3696/1880/3655
f 3696/1880/3655 3675/1879/3654 3706/1882/3656 3698/1881/3657
f 3696/1880/3655 3643/1871/3647 3638/1872/3646 3672/1874/3650
f 3696/1880/3655 3698/1881/3657 3704/1883/3658 3643/1871/3647
f 3705/1884/3659 3704/1883/3658 3698/1881/3657 3699/1885/3660
f 3643/1871/3647 3704/1883/3658 3642/1869/3643 3641/1870/3645
f 3704/1883/3658 3705/1884/3659 3646/1868/3644 3642/1869/3643
f 3645/1861/3638 3646/1868/3644 3705/1884/3659 3703/1886/3661
f 3702/1859/3637 3703/1889/3661 3701/1888/3662 3700/1887/3663
f 3703/1886/3661 3705/1884/3659 3699/1885/3660 3701/1890/3662
f 3645/1861/3638 3703/1886/3661 3702/1891/3637 3644/1864/3636
f 3700/1887/3663 3701/1888/3662 3707/1893/3664 3690/1892/3665
f 3701/1890/3662 3699/1885/3660 3708/1895/3666 3707/1894/3664
f 3707/1894/3664 3708/1895/3666 3711/1897/3667 3710/1896/3668
f 3711/1897/3667 3708/1895/3666 3706/1882/3656 3709/1808/3601
f 3708/1895/3666 3699/1885/3660 3698/1881/3657 3706/1882/3656
f 3711/1897/3667 3695/1899/3669 3721/1898/3670 3710/1896/3668
f 3695/1899/3669 3711/1897/3667 3709/1808/3601 3694/1809/3600
f 3721/1898/3670 3695/1899/3669 3718/1901/3671 3720/1900/3672
f 3718/1901/3671 3695/1899/3669 3694/1809/3600 3719/1902/3673
f 3719/1902/3673 3715/1904/3674 3724/1903/3675 3718/1901/3671
f 3719/1902/3673 3712/1906/3676 3593/1905/3677 3715/1904/3674
f 3719/1902/3673 3694/1809/3600 3685/1810/3594 3712/1906/3676
f 3593/1907/3677 3712/1910/3676 3713/1909/3678 3594/1908/3679
f 3713/1909/3678 3712/1910/3676 3685/1800/3594 3686/1801/3593
f 3594/1908/3679 3713/1909/3678 3714/1912/3680 3716/1911/3681
f 3714/1912/3680 3713/1909/3678 3686/1801/3593 3717/1804/3597
f 3714/1912/3680 3720/1914/3672 3725/1913/3682 3716/1911/3681
f 3720/1914/3672 3714/1912/3680 3717/1804/3597 3721/1915/3670
f 3716/1911/3681 3725/1913/3682 3722/1773/3569 3613/1774/3568
f 3725/1916/3682 3724/1903/3675 3723/1776/3570 3722/1777/3569
f 3724/1903/3675 3725/1916/3682 3720/1900/3672 3718/1901/3671
f 3594/1908/3679 3716/1911/3681 3613/1774/3568 3604/1766/3563
f 3594/1908/3679 3604/1766/3563 3605/1767/3562 3593/1907/3677
f 3715/1904/3674 3593/1905/3677 3605/1761/3562 3610/1762/3561
f 3715/1904/3674 3610/1762/3561 3723/1776/3570 3724/1903/3675
f 3721/1915/3670 3717/1804/3597 3693/1805/3598 3710/1917/3668
f 3710/1917/3668 3693/1805/3598 3690/1892/3665 3707/1893/3664
f 3687/1918/3683 3690/1892/3665 3693/1805/3598 3692/1802/3595
f 3690/1892/3665 3687/1918/3683 3676/1919/3684 3700/1887/3663
f 3676/1919/3684 3687/1918/3683 3679/1920/3685 3671/1691/3504
f 3700/1887/3663 3676/1919/3684 3697/1858/3635 3702/1859/3637
f 3676/1919/3684 3671/1691/3504 3673/1692/3503 3697/1858/3635
f 3679/1920/3685 3680/1803/3596 3533/1922/3686 3516/1921/3687
f 3680/1803/3596 3679/1920/3685 3687/1918/3683 3692/1802/3595
f 3671/1691/3504 3679/1920/3685 3516/1921/3687 3515/1690/3505
f 3533/1922/3686 3677/1714/3526 3532/1709/3521 3519/1923/3688
f 3677/1714/3526 3533/1922/3686 3680/1803/3596 3684/1717/3528
f 3516/1921/3687 3533/1922/3686 3519/1923/3688 3509/1924/3689
f 3509/1924/3689 3519/1923/3688 3500/1670/3484 3483/1671/3487
f 3509/1924/3689 3510/1693/3506 3515/1690/3505 3516/1921/3687
f 3510/1693/3506 3509/1924/3689 3483/1671/3487 3480/1925/3690
f 3480/1925/3690 3483/1671/3487 3477/1672/3486 3476/1926/3691
f 3480/1925/3690 3469/1635/3454 3508/1694/3507 3510/1693/3506
f 3469/1635/3454 3480/1925/3690 3476/1926/3691 3434/1634/3455
f 3476/1926/3691 3477/1672/3486 3472/1928/3692 3471/1927/3693
f 3434/1634/3455 3476/1926/3691 3471/1927/3693 3436/1929/3694
f 3436/1929/3694 3432/1930/3695 3431/1633/3456 3434/1634/3455
f 3432/1931/3695 3436/1933/3694 3435/1660/3476 3429/1932/3696
f 3436/1933/3694 3471/1934/3693 3470/1659/3474 3435/1660/3476
f 3429/1932/3696 3423/1625/3449 3427/1626/3448 3432/1931/3695
f 3423/1625/3449 3429/1932/3696 3428/1936/3697 3421/1935/3698
f 3429/1932/3696 3435/1660/3476 3366/1661/3475 3428/1936/3697
f 3366/1661/3475 3365/1938/3699 3359/1937/3700 3428/1936/3697
f 3365/1938/3699 3366/1661/3475 3380/1600/3426 3376/1939/3701
f 3376/1939/3701 3379/1941/3702 3364/1940/3703 3365/1938/3699
f 3379/1941/3702 3376/1939/3701 3395/1850/3628 3375/1851/3630
f 3376/1939/3701 3380/1600/3426 3394/1603/3430 3395/1850/3628
f 3379/1942/3702 3377/1945/3704 3363/1944/3705 3364/1943/3703
f 3377/1945/3704 3379/1942/3702 3375/1947/3630 3382/1946/3706
f 3377/1945/3704 3382/1946/3706 3383/1949/3707 3378/1948/3708
f 3383/1949/3707 3382/1946/3706 3388/1853/3631 3396/1855/3632
f 3382/1946/3706 3375/1947/3630 3390/1854/3629 3388/1853/3631
f 3383/1949/3707 3384/1951/3709 3381/1950/3710 3378/1948/3708
f 3384/1951/3709 3383/1949/3707 3396/1855/3632 3397/1856/3633
f 3384/1951/3709 3511/1695/3508 3508/1694/3507 3381/1950/3710
f 3511/1695/3508 3384/1951/3709 3397/1856/3633 3628/1785/3580
f 3378/1948/3708 3381/1950/3710 3368/1953/3711 3367/1952/3712
f 3381/1950/3710 3508/1694/3507 3469/1635/3454 3368/1953/3711
f 3367/1952/3712 3368/1953/3711 3433/1955/3713 3362/1954/3714
f 3368/1953/3711 3469/1635/3454 3430/1632/3453 3433/1955/3713
f 3362/1954/3714 3433/1955/3713 3408/1957/3715 3407/1956/3716
f 3433/1955/3713 3430/1632/3453 3425/1958/3717 3408/1957/3715
f 3425/1958/3717 3420/1620/3444 3412/1618/3443 3408/1957/3715
f 3420/1620/3444 3425/1958/3717 3424/1629/3452 3426/1630/3451
f 3424/1629/3452 3425/1958/3717 3430/1632/3453 3431/1633/3456
f 3420/1620/3444 3426/1630/3451 3419/1622/3445 3416/1617/3439
f 3407/1956/3716 3408/1957/3715 3412/1618/3443 3413/1619/3442
f 3407/1956/3716 3413/1619/3442 3404/1611/3435 3405/1612/3437
f 3362/1954/3714 3407/1956/3716 3405/1612/3437 3360/1959/3718
f 3361/1960/3719 3360/1959/3718 3405/1612/3437 3402/1613/3434
f 3362/1954/3714 3360/1959/3718 3363/1944/3705 3367/1952/3712
f 3360/1959/3718 3361/1960/3719 3364/1943/3703 3363/1944/3705
f 3361/1961/3719 3402/1605/3434 3406/1606/3433 3359/1937/3700
f 3364/1940/3703 3361/1961/3719 3359/1937/3700 3365/1938/3699
f 3367/1952/3712 3363/1944/3705 3377/1945/3704 3378/1948/3708
f 3428/1936/3697 3359/1937/3700 3406/1606/3433 3421/1935/3698
f 3421/1935/3698 3406/1606/3433 3403/1607/3432 3418/1962/3720
f 3414/1963/3446 3418/1962/3720 3403/1607/3432 3410/1964/3436
f 3418/1962/3720 3414/1963/3446 3419/1965/3445 3417/1624/3450
f 3421/1935/3698 3418/1962/3720 3417/1624/3450 3423/1625/3449
f 3431/1633/3456 3432/1930/3695 3427/1628/3448 3424/1629/3452
f 3472/1966/3692 3437/1968/3721 3474/1967/3722 3475/1663/3478
f 3437/1969/3721 3472/1928/3692 3477/1672/3486 3484/1668/3481
f 3471/1934/3693 3472/1966/3692 3475/1663/3478 3470/1659/3474
f 3437/1968/3721 3440/1971/3723 3439/1970/3724 3474/1967/3722
f 3440/1972/3723 3437/1969/3721 3484/1668/3481 3443/1665/3480
f 3440/1971/3723 3442/1974/3725 3441/1973/3726 3439/1970/3724
f 3442/1975/3725 3440/1972/3723 3443/1665/3480 3449/1976/3727
f 3449/1976/3727 3450/1978/3728 3445/1977/3729 3442/1975/3725
f 3450/1978/3728 3449/1976/3727 3541/1980/3730 3452/1979/3731
f 3449/1976/3727 3443/1665/3480 3488/1666/3483 3541/1980/3730
f 3541/1980/3730 3491/1982/3732 3542/1981/3733 3452/1979/3731
f 3541/1980/3730 3488/1666/3483 3493/1687/3500 3491/1982/3732
f 3491/1983/3732 3490/1986/3734 3543/1985/3735 3542/1984/3733
f 3490/1986/3734 3491/1983/3732 3493/1987/3500 3492/1674/3491
f 3543/1985/3735 3490/1986/3734 3489/1989/3736 3453/1988/3737
f 3489/1989/3736 3490/1986/3734 3492/1674/3491 3485/1675/3490
f 3489/1989/3736 3444/1991/3738 3451/1990/3739 3453/1988/3737
f 3489/1989/3736 3485/1675/3490 3438/1992/3740 3444/1991/3738
f 3438/1992/3740 3439/1970/3724 3441/1973/3726 3444/1991/3738
f 3438/1992/3740 3473/1993/3741 3474/1967/3722 3439/1970/3724
f 3473/1993/3741 3438/1992/3740 3485/1675/3490 3481/1679/3494
f 3473/1993/3741 3478/1662/3477 3475/1663/3478 3474/1967/3722
f 3478/1662/3477 3473/1993/3741 3481/1679/3494 3479/1664/3479
f 3451/1990/3739 3444/1991/3738 3441/1973/3726 3446/1994/3742
f 3451/1990/3739 3446/1994/3742 3447/1637/3460 3455/1638/3459
f 3447/1637/3460 3446/1994/3742 3445/1995/3729 3448/1642/3463
f 3446/1994/3742 3441/1973/3726 3442/1974/3725 3445/1995/3729
f 3453/1988/3737 3451/1990/3739 3455/1638/3459 3461/1651/3469
f 3453/1988/3737 3461/1651/3469 3467/1653/3471 3543/1985/3735
f 3542/1984/3733 3543/1985/3735 3467/1653/3471 3468/1655/3473
f 3452/1979/3731 3542/1981/3733 3468/1657/3473 3466/1647/3467
f 3450/1978/3728 3452/1979/3731 3466/1647/3467 3460/1648/3466
f 3450/1978/3728 3460/1648/3466 3448/1649/3463 3445/1977/3729
f 3519/1923/3688 3532/1709/3521 3517/1669/3485 3500/1670/3484
f 3709/1808/3601 3706/1882/3656 3675/1879/3654 3689/1807/3602
f 3646/1868/3644 3645/1861/3638 3666/1862/3640 3664/1866/3642
f 3664/1866/3642 3666/1862/3640 3658/1823/3608 3651/1824/3609
f 3373/1593/3419 3374/1996/3617 3393/1597/3423 3387/1592/3420
f 3374/1996/3617 3618/1783/3576 3625/1782/3575 3393/1597/3423
f 3371/1997/3422 3726/1794/3586 3372/1837/3418
f 3513/1696/3509 3514/1798/3592 3482/1678/3493 3499/1677/3492
f 3636/1787/3578 3627/1784/3577 3634/1779/3574 3635/1780/3573
f 3597/1748/3552 3599/1758/3558 3600/1999/3743 3589/1998/3744
f 3600/2000/3743 3599/1759/3558 3598/1757/3557 3601/2001/3745
f 3600/2000/3743 3601/2001/3745 3591/2003/3746 3592/2002/3747
f 3591/2003/3746 3601/2001/3745 3595/2005/3748 3586/2004/3749
f 3595/2005/3748 3601/2001/3745 3598/1757/3557 3583/1755/3556
f 3586/2004/3749 3595/2005/3748 3587/2007/3750 3584/2006/3751
f 3587/2007/3750 3595/2005/3748 3583/1755/3556 3581/1756/3549
f 3587/2008/3750 3588/2011/3752 3585/2010/3753 3584/2009/3751
f 3588/2011/3752 3587/2008/3750 3581/1746/3549 3582/1747/3548
f 3588/2011/3752 3589/1998/3744 3590/2012/3754 3585/2010/3753
f 3589/1998/3744 3588/2011/3752 3582/1747/3548 3597/1748/3552
f 3585/2010/3753 3590/2012/3754 3539/1712/3525 3536/2013/3755
f 3539/1712/3525 3590/2012/3754 3592/2014/3747 3682/1711/3524
f 3592/2014/3747 3590/2012/3754 3589/1998/3744 3600/1999/3743
f 3537/2015/3517 3536/2013/3755 3529/2017/3756 3531/2016/3518
f 3536/2013/3755 3539/1712/3525 3534/1700/3514 3529/2017/3756
f 3536/2013/3755 3537/2015/3517 3584/2009/3751 3585/2010/3753
f 3529/2017/3756 3521/2019/3757 3524/2018/3519 3531/2016/3518
f 3529/2017/3756 3534/1700/3514 3520/1701/3513 3521/2019/3757
f 3521/2019/3757 3528/2021/3758 3527/2020/3759 3524/2018/3519
f 3521/2019/3757 3520/1701/3513 3526/2022/3760 3528/2021/3758
f 3528/2021/3758 3526/2022/3760 3549/2024/3761 3550/2023/3762
f 3549/2024/3761 3526/2022/3760 3525/2026/3763 3547/2025/3764
f 3526/2022/3760 3520/1701/3513 3518/1699/3510 3525/2026/3763
f 3547/2025/3764 3525/2026/3763 3502/2028/3765 3544/2027/3766
f 3525/2026/3763 3518/1699/3510 3501/1682/3497 3502/2028/3765
f 3502/2028/3765 3503/2030/3767 3545/2029/3768 3544/2027/3766
f 3502/2028/3765 3501/1682/3497 3497/1683/3498 3503/2030/3767
f 3545/2031/3768 3503/2034/3767 3504/2033/3769 3546/2032/3770
f 3503/2034/3767 3497/2036/3498 3505/2035/3771 3504/2033/3769
f 3505/2035/3771 3522/1707/3520 3506/2037/3772 3504/2033/3769
f 3522/1707/3520 3505/2035/3771 3498/1686/3499 3523/1688/3501
f 3505/2035/3771 3497/2036/3498 3496/1685/3495 3498/1686/3499
f 3504/2033/3769 3506/2037/3772 3548/2038/3773 3546/2032/3770
f 3506/2037/3772 3527/2040/3759 3551/2039/3774 3548/2038/3773
f 3527/2040/3759 3506/2037/3772 3522/1707/3520 3524/1706/3519
f 3551/2039/3774 3576/2042/3775 3575/2041/3776 3548/2038/3773
f 3576/2043/3775 3551/2045/3774 3550/2023/3762 3577/2044/3777
f 3551/2045/3774 3527/2020/3759 3528/2021/3758 3550/2023/3762
f 3577/2044/3777 3572/1739/3545 3573/1740/3544 3576/2043/3775
f 3572/1739/3545 3577/2044/3777 3554/2046/3778 3567/1720/3531
f 3577/2044/3777 3550/2023/3762 3549/2024/3761 3554/2046/3778
f 3567/1720/3531 3554/2046/3778 3555/2047/3779 3559/1719/3532
f 3554/2046/3778 3549/2024/3761 3547/2025/3764 3555/2047/3779
f 3559/1719/3532 3555/2047/3779 3552/2048/3780 3561/1723/3533
f 3555/2047/3779 3547/2025/3764 3544/2027/3766 3552/2048/3780
f 3561/1723/3533 3552/2048/3780 3553/2049/3781 3564/1730/3538
f 3552/2048/3780 3544/2027/3766 3545/2029/3768 3553/2049/3781
f 3564/1732/3538 3553/2051/3781 3556/2050/3782 3569/1731/3539
f 3553/2051/3781 3545/2031/3768 3546/2032/3770 3556/2050/3782
f 3569/1731/3539 3556/2050/3782 3575/2041/3776 3574/1743/3546
f 3556/2050/3782 3546/2032/3770 3548/2038/3773 3575/2041/3776
f 3575/2041/3776 3576/2042/3775 3573/1742/3544 3574/1743/3546
f 3584/2006/3751 3537/1704/3517 3538/1705/3516 3586/2004/3749
f 3586/2004/3749 3538/1705/3516 3540/1710/3523 3591/2003/3746
f 3591/2003/3746 3540/1710/3523 3682/1715/3524 3592/2002/3747
f 3569/1731/3539 3574/1743/3546 3571/1738/3541 3563/1728/3537
f 3570/1734/3543 3572/1739/3545 3567/1720/3531 3568/1721/3530
f 3492/1674/3491 3493/1987/3500 3486/1681/3496 3495/1673/3488
f 3415/1616/3440 3414/2052/3446 3410/1610/3436 3411/1615/3441
f 3413/1619/3442 3411/1615/3441 3410/1610/3436 3404/1611/3435
f 3681/1713/3527 3688/1716/3512 3683/2053/3511 3682/1715/3524
f 3369/2054/3619 3726/1794/3586 3371/1997/3422
f 3370/2055/3618 3726/1794/3586 3369/2054/3619
f 3614/2056/3615 3726/1794/3586 3370/2055/3618
f 3619/2057/3614 3726/1794/3586 3614/2056/3615
f 3620/2058/3612 3726/1794/3586 3619/2057/3614
f 3647/1795/3588 3726/1794/3586 3620/2058/3612
f 3648/1796/3590 3726/1794/3586 3647/1795/3588
f 3660/1793/3587 3726/1794/3586 3656/2059/3605
f 3656/2059/3605 3726/1794/3586 3648/1796/3590
f 3727/2060/3783 3738/2063/3784 3737/2062/3785 3736/2061/3786
f 3739/2064/3787 3728/2067/3788 3740/2066/3789 3733/2065/3790
f 3729/2068/3791 3733/2065/3790 3749/2070/3792 3748/2069/3793
f 3750/2071/3794 3729/2068/3791 3748/2069/3793 3751/2072/3795
f 3729/2068/3791 3750/2071/3794 3752/2073/3796 3733/2065/3790
f 3731/2074/3797 3757/2077/3798 3756/2076/3799 3755/2075/3800
f 3754/2078/3801 3732/2081/3802 3762/2080/3803 3798/2079/3804
f 3732/2081/3802 3764/2083/3805 3763/2082/3806 3762/2080/3803
f 3733/2065/3790 3752/2073/3796 3759/2084/3807 3739/2064/3787
f 3752/2073/3796 3734/2086/3808 3765/2085/3809 3759/2084/3807
f 3734/2086/3808 3752/2073/3796 3750/2071/3794 3735/2087/3810
f 3735/2087/3810 3750/2071/3794 3751/2072/3795 3766/2088/3811
f 3767/2089/3812 3769/2092/3813 3768/2091/3814 3761/2090/3815
f 3769/2092/3813 3767/2089/3812 3770/2094/3816 3745/2093/3817
f 3769/2092/3813 3766/2088/3811 3771/2095/3818 3768/2091/3814
f 3766/2088/3811 3769/2092/3813 3745/2093/3817 3735/2087/3810
f 3757/2077/3798 3761/2090/3815 3760/2096/3819 3756/2076/3799
f 3772/2097/3820 3771/2095/3818 3774/2099/3821 3773/2098/3822
f 3774/2099/3821 3771/2095/3818 3766/2088/3811 3751/2072/3795
f 3761/2090/3815 3757/2077/3798 3767/2089/3812
f 3772/2097/3820 3776/2100/3823 3768/2091/3814 3771/2095/3818
f 3776/2100/3823 3772/2097/3820 3775/2102/3824 3777/2101/3825
f 3777/2101/3825 3775/2102/3824 3798/2104/3804 3762/2103/3803
f 3777/2101/3825 3778/2105/3826 3760/2096/3819 3776/2100/3823
f 3778/2105/3826 3777/2101/3825 3762/2103/3803 3763/2106/3806
f 3779/2107/3827 3778/2105/3826 3763/2106/3806 3780/2108/3828
f 3778/2105/3826 3779/2107/3827 3756/2076/3799 3760/2096/3819
f 3781/2109/3829 3780/2108/3828 3744/2111/3830 3742/2110/3831
f 3780/2112/3828 3763/2082/3806 3764/2083/3805 3744/2113/3830
f 3780/2108/3828 3781/2109/3829 3782/2114/3832 3779/2107/3827
f 3782/2114/3832 3755/2075/3800 3756/2076/3799 3779/2107/3827
f 3755/2075/3800 3782/2114/3832 3784/2116/3833 3783/2115/3834
f 3782/2114/3832 3781/2109/3829 3785/2117/3835 3784/2116/3833
f 3785/2117/3835 3781/2109/3829 3742/2110/3831 3743/2118/3836
f 3785/2119/3835 3787/2122/3837 3786/2121/3838 3784/2120/3833
f 3787/2122/3837 3785/2119/3835 3743/2124/3836 3788/2123/3839
f 3788/2125/3839 3743/2128/3836 3741/2127/3840 3789/2126/3841
f 3787/2122/3837 3788/2123/3839 3791/2130/3842 3790/2129/3843
f 3791/2130/3842 3788/2123/3839 3789/2132/3841 3738/2131/3784
f 3791/2130/3842 3793/2134/3844 3792/2133/3845 3790/2129/3843
f 3793/2134/3844 3791/2130/3842 3738/2131/3784 3727/2135/3783
f 3793/2134/3844 3795/2137/3846 3794/2136/3847 3792/2133/3845
f 3795/2137/3846 3793/2134/3844 3727/2135/3783 3736/2138/3786
f 3795/2137/3846 3796/2139/3848 3773/2098/3822 3794/2136/3847
f 3796/2139/3848 3795/2137/3846 3736/2138/3786 3797/2140/3849
f 3797/2141/3849 3736/2061/3786 3737/2062/3785 3753/2142/3850
f 3797/2140/3849 3798/2104/3804 3775/2102/3824 3796/2139/3848
f 3797/2141/3849 3753/2142/3850 3754/2078/3801 3798/2079/3804
f 3747/2143/3851 3770/2094/3816 3767/2089/3812 3757/2077/3798
f 3773/2098/3822 3796/2139/3848 3775/2102/3824 3772/2097/3820
f 3792/2133/3845 3794/2136/3847 3800/2145/3852 3799/2144/3853
f 3794/2136/3847 3773/2098/3822 3774/2099/3821 3800/2145/3852
f 3800/2145/3852 3748/2069/3793 3749/2070/3792 3799/2144/3853
f 3800/2145/3852 3774/2099/3821 3751/2072/3795 3748/2069/3793
f 3792/2133/3845 3799/2144/3853 3801/2146/3854 3790/2129/3843
f 3801/2146/3854 3799/2144/3853 3749/2070/3792 3802/2147/3855
f 3802/2147/3855 3803/2148/3856 3786/2121/3838 3801/2146/3854
f 3802/2147/3855 3740/2066/3789 3804/2149/3857 3803/2148/3856
f 3740/2066/3789 3802/2147/3855 3749/2070/3792 3733/2065/3790
f 3804/2149/3857 3805/2151/3858 3783/2150/3834 3803/2148/3856
f 3805/2151/3858 3804/2149/3857 3758/2153/3859 3730/2152/3860
f 3758/2153/3859 3804/2149/3857 3740/2066/3789 3728/2067/3788
f 3803/2148/3856 3783/2150/3834 3784/2120/3833 3786/2121/3838
f 3801/2146/3854 3786/2121/3838 3787/2122/3837 3790/2129/3843
f 3776/2100/3823 3760/2096/3819 3761/2090/3815 3768/2091/3814
f 3757/2077/3798 3731/2074/3797 3746/2154/3861 3747/2143/3851
f 3731/2074/3797 3805/2156/3858 3730/2155/3860 3746/2154/3861
f 3805/2156/3858 3731/2074/3797 3755/2075/3800 3783/2115/3834
f 3741/2127/3840 3743/2128/3836 3742/2157/3831
f 3734/2086/3808 3735/2087/3810 3745/2093/3817
f 3737/2062/3785 3806/2158/3862 3753/2142/3850
f 3753/2142/3850 3806/2158/3862 3754/2078/3801
f 3754/2078/3801 3806/2158/3862 3732/2081/3802
f 3732/2081/3802 3806/2158/3862 3764/2083/3805
f 3764/2083/3805 3806/2158/3862 3744/2113/3830
f 3744/2113/3830 3806/2158/3862 3742/2157/3831
f 3742/2157/3831 3806/2158/3862 3741/2127/3840
f 3741/2127/3840 3806/2158/3862 3789/2126/3841
f 3789/2126/3841 3806/2158/3862 3738/2063/3784
f 3738/2063/3784 3806/2158/3862 3737/2062/3785
f 3758/2159/3859 3807/2161/3863 3730/2160/3860
f 3730/2160/3860 3807/2161/3863 3746/2162/3861
f 3746/2162/3861 3807/2161/3863 3747/2163/3851
f 3747/2163/3851 3807/2161/3863 3770/2164/3816
f 3770/2164/3816 3807/2161/3863 3745/2165/3817
f 3745/2165/3817 3807/2161/3863 3734/2166/3808
f 3734/2166/3808 3807/2161/3863 3765/2167/3809
f 3765/2167/3809 3807/2161/3863 3759/2168/3807
f 3759/2168/3807 3807/2161/3863 3739/2169/3787
f 3739/2169/3787 3807/2161/3863 3728/2170/3788
f 3728/2170/3788 3807/2161/3863 3758/2159/3859
f 3952/2171/3864 3953/2174/3865 3948/2173/3866 3947/2172/3867
f 3816/2175/3868 3829/2178/3869 3838/2177/3870 3813/2176/3871
f 3816/2175/3868 3819/2180/3872 3809/2179/3873 3829/2178/3869
f 3816/2175/3868 3813/2176/3871 3812/2181/3874 3819/2180/3872
f 3932/2182/3875 3936/2185/3876 3937/2184/3877 3931/2183/3878
f 3932/2182/3875 3931/2183/3878 3918/2187/3879 3917/2186/3880
f 3936/2185/3876 3932/2182/3875 3917/2186/3880 3928/2188/3881
f 3898/2189/3882 3958/2190/3883 3953/2174/3865 3952/2171/3864
f 3958/2190/3883 3898/2189/3882 3900/2192/3884 3954/2191/3885
f 3958/2190/3883 3959/2193/3886 3948/2173/3866 3953/2174/3865
f 3930/2194/3887 3934/2197/3888 3933/2196/3889 3921/2195/3890
f 3933/2196/3889 3934/2197/3888 3937/2199/3877 3938/2198/3891
f 3934/2197/3888 3930/2194/3887 3931/2200/3878 3937/2199/3877
f 3921/2195/3890 3933/2196/3889 3938/2198/3891 3935/2201/3892
f 3858/2202/3893 3848/2205/3894 3872/2204/3895 3871/2203/3896
f 3872/2204/3895 3848/2205/3894 3855/2207/3897 3870/2206/3898
f 3848/2205/3894 3847/2209/3899 3846/2208/3900 3855/2207/3897
f 3997/2210/3901 3992/2213/3902 3988/2212/3903 3989/2211/3904
f 3996/2214/3905 3997/2210/3901 3989/2211/3904 3987/2215/3906
f 3992/2213/3902 3997/2210/3901 3994/2217/3907 3990/2216/3908
f 3984/2218/3909 3995/2219/3910 3996/2214/3905 3987/2215/3906
f 3877/2220/3911 3875/2223/3912 3876/2222/3913 3879/2221/3914
f 3877/2220/3911 3880/2225/3915 3874/2224/3916 3875/2223/3912
f 3877/2220/3911 3879/2221/3914 3881/2226/3917 3880/2225/3915
f 3879/2227/3914 3876/2230/3913 3878/2229/3918 3881/2228/3917
f 3817/2231/3919 3815/2234/3920 3839/2233/3921 3840/2232/3922
f 3815/2234/3920 3817/2231/3919 3818/2236/3923 3814/2235/3924
f 3817/2231/3919 3840/2232/3922 3841/2237/3925 3818/2236/3923
f 3952/2171/3864 3889/2239/3926 3896/2238/3927
f 3898/2189/3882 3952/2171/3864 3896/2238/3927 3897/2240/3928
f 3950/2241/3929 3947/2172/3867 3948/2173/3866 3959/2193/3886
f 3963/2242/3930 3950/2241/3929 3965/2244/3931 3970/2243/3932
f 3965/2244/3931 3950/2241/3929 3959/2193/3886 3977/2245/3933
f 3848/2205/3894 3858/2202/3893 3849/2247/3934 3851/2246/3935
f 3995/2248/3910 3984/2251/3909 3993/2250/3936 3994/2249/3907
f 3970/2243/3932 3965/2244/3931 3977/2245/3933 3985/2252/3937
f 3985/2252/3937 3988/2212/3903 3971/2253/3938 3970/2243/3932
f 3985/2252/3937 3986/2254/3939 3989/2211/3904 3988/2212/3903
f 3985/2252/3937 3977/2245/3933 3978/2255/3940 3986/2254/3939
f 3978/2255/3940 3977/2245/3933 3959/2193/3886 3958/2190/3883
f 3986/2254/3939 3978/2255/3940 3980/2257/3941 3983/2256/3942
f 3978/2255/3940 3958/2190/3883 3954/2191/3885 3980/2257/3941
f 3983/2256/3942 3980/2257/3941 3961/2259/3943 3981/2258/3944
f 3980/2257/3941 3954/2191/3885 3955/2260/3945 3961/2259/3943
f 3902/2261/3946 3955/2260/3945 3954/2191/3885 3900/2192/3884
f 3961/2262/3943 3955/2265/3945 3956/2264/3947 3962/2263/3948
f 3955/2265/3945 3902/2267/3946 3901/2266/3949 3956/2264/3947
f 3901/2266/3949 3902/2267/3946 3894/2269/3950 3893/2268/3951
f 3956/2264/3947 3901/2266/3949 3899/2271/3952 3957/2270/3953
f 3899/2271/3952 3901/2266/3949 3893/2268/3951 3895/2272/3954
f 3895/2272/3954 3893/2268/3951 3868/2274/3955 3865/2273/3956
f 3895/2272/3954 3885/2276/3957 3890/2275/3958 3899/2271/3952
f 3885/2276/3957 3895/2272/3954 3865/2273/3956 3852/2277/3959
f 3852/2277/3959 3865/2273/3956 3860/2279/3960 3857/2278/3961
f 3852/2277/3959 3850/2281/3962 3883/2280/3963 3885/2276/3957
f 3850/2281/3962 3852/2277/3959 3857/2278/3961 3854/2282/3964
f 3854/2282/3964 3857/2278/3961 3856/2284/3965 3853/2283/3966
f 3854/2282/3964 3827/2286/3967 3828/2285/3968 3850/2281/3962
f 3827/2286/3967 3854/2282/3964 3853/2283/3966 3826/2287/3969
f 3822/2288/3970 3826/2290/3969 3853/2289/3966 3846/2208/3900
f 3827/2286/3967 3826/2287/3969 3811/2292/3971 3821/2291/3972
f 3826/2290/3969 3822/2288/3970 3810/2294/3973 3811/2293/3971
f 3810/2294/3973 3822/2288/3970 3823/2296/3974 3808/2295/3975
f 3811/2293/3971 3810/2294/3973 3819/2180/3872 3812/2181/3874
f 3819/2180/3872 3810/2294/3973 3808/2295/3975 3809/2179/3873
f 3823/2296/3974 3847/2209/3899 3825/2298/3976 3824/2297/3977
f 3847/2209/3899 3823/2296/3974 3822/2288/3970 3846/2208/3900
f 3808/2295/3975 3823/2296/3974 3824/2297/3977 3842/2299/3978
f 3842/2299/3978 3824/2297/3977 3845/2301/3979 3844/2300/3980
f 3842/2299/3978 3830/2302/3981 3809/2179/3873 3808/2295/3975
f 3830/2302/3981 3842/2299/3978 3844/2300/3980 3910/2303/3982
f 3910/2303/3982 3906/2305/3983 3834/2304/3984 3830/2302/3981
f 3834/2304/3984 3906/2305/3983 3903/2307/3985 3832/2306/3986
f 3906/2305/3983 3913/2309/3987 3912/2308/3988 3903/2307/3985
f 3903/2307/3985 3912/2308/3988 3908/2311/3989 3904/2310/3990
f 3908/2311/3989 3912/2308/3988 3917/2186/3880 3918/2187/3879
f 3912/2308/3988 3913/2309/3987 3928/2188/3881 3917/2186/3880
f 3904/2312/3990 3908/2315/3989 3916/2314/3991 3905/2313/3992
f 3916/2314/3991 3908/2315/3989 3918/2317/3879 3919/2316/3993
f 3916/2314/3991 3919/2316/3993 3920/2319/3994 3909/2318/3995
f 3920/2319/3994 3919/2316/3993 3930/2194/3887 3921/2195/3890
f 3930/2194/3887 3919/2316/3993 3918/2317/3879 3931/2200/3878
f 3909/2318/3995 3920/2319/3994 3922/2321/3996 3915/2320/3997
f 3922/2321/3996 3920/2319/3994 3921/2195/3890 3935/2201/3892
f 3922/2321/3996 3942/2323/3998 3926/2322/3999 3915/2320/3997
f 3942/2323/3998 3922/2321/3996 3935/2201/3892 3943/2324/4000
f 3943/2324/4000 3973/2326/4001 3964/2325/4002 3942/2323/3998
f 3973/2326/4001 3943/2324/4000 3944/2328/4003 3974/2327/4004
f 3944/2328/4003 3943/2324/4000 3935/2201/3892 3938/2198/3891
f 3974/2329/4004 3944/2332/4003 3945/2331/4005 3969/2330/4006
f 3945/2331/4005 3944/2332/4003 3938/2333/3891 3937/2184/3877
f 3969/2330/4006 3945/2331/4005 3941/2335/4007 3968/2334/4008
f 3945/2331/4005 3937/2184/3877 3936/2185/3876 3941/2335/4007
f 3968/2334/4008 3971/2253/3938 3972/2336/4009 3969/2330/4006
f 3968/2334/4008 3963/2242/3930 3970/2243/3932 3971/2253/3938
f 3972/2336/4009 3992/2213/3902 3990/2216/3908 3976/2337/4010
f 3992/2213/3902 3972/2336/4009 3971/2253/3938 3988/2212/3903
f 3969/2330/4006 3972/2336/4009 3976/2337/4010 3974/2329/4004
f 3975/2338/4011 3976/2341/4010 3990/2340/3908 3991/2339/4012
f 3974/2327/4004 3976/2341/4010 3975/2338/4011 3973/2326/4001
f 3979/2342/4013 3991/2339/4012 3993/2250/3936 3982/2343/4014
f 3991/2339/4012 3990/2340/3908 3994/2249/3907 3993/2250/3936
f 3991/2339/4012 3979/2342/4013 3967/2344/4015 3975/2338/4011
f 3966/2345/4016 3967/2344/4015 3979/2342/4013 3960/2346/4017
f 3967/2344/4015 3964/2325/4002 3973/2326/4001 3975/2338/4011
f 3964/2325/4002 3967/2344/4015 3966/2345/4016 3949/2347/4018
f 3949/2347/4018 3966/2345/4016 3951/2349/4019 3946/2348/4020
f 3949/2347/4018 3926/2322/3999 3942/2323/3998 3964/2325/4002
f 3926/2322/3999 3949/2347/4018 3946/2348/4020 3924/2350/4021
f 3923/2351/4022 3924/2350/4021 3946/2348/4020 3888/2352/4023
f 3911/2353/4024 3924/2350/4021 3923/2351/4022 3837/2354/4025
f 3837/2354/4025 3923/2351/4022 3843/2356/4026 3831/2355/4027
f 3837/2354/4025 3836/2358/4028 3907/2357/4029 3911/2353/4024
f 3836/2358/4028 3837/2354/4025 3831/2355/4027 3841/2237/3925
f 3836/2358/4028 3835/2359/4030 3905/2313/3992 3907/2357/4029
f 3835/2359/4030 3836/2358/4028 3841/2237/3925 3840/2232/3922
f 3835/2359/4030 3833/2360/4031 3904/2312/3990 3905/2313/3992
f 3833/2360/4031 3835/2359/4030 3840/2232/3922 3839/2233/3921
f 3904/2310/3990 3833/2361/4031 3832/2306/3986 3903/2307/3985
f 3833/2361/4031 3839/2362/3921 3838/2177/3870 3832/2306/3986
f 3907/2357/4029 3909/2318/3995 3915/2320/3997 3911/2353/4024
f 3909/2318/3995 3907/2357/4029 3905/2313/3992 3916/2314/3991
f 3843/2356/4026 3883/2280/3963 3850/2281/3962 3828/2285/3968
f 3843/2356/4026 3923/2351/4022 3888/2352/4023 3883/2280/3963
f 3831/2355/4027 3843/2356/4026 3828/2285/3968 3820/2363/4032
f 3821/2291/3972 3820/2363/4032 3828/2285/3968 3827/2286/3967
f 3831/2355/4027 3820/2363/4032 3818/2236/3923 3841/2237/3925
f 3820/2363/4032 3821/2291/3972 3814/2235/3924 3818/2236/3923
f 3883/2280/3963 3888/2352/4023 3890/2275/3958 3885/2276/3957
f 3890/2275/3958 3888/2352/4023 3946/2348/4020 3951/2349/4019
f 3951/2349/4019 3957/2270/3953 3899/2271/3952 3890/2275/3958
f 3957/2270/3953 3951/2349/4019 3966/2345/4016 3960/2346/4017
f 3957/2270/3953 3960/2346/4017 3962/2263/3948 3956/2264/3947
f 3960/2346/4017 3979/2342/4013 3982/2343/4014 3962/2263/3948
f 3962/2263/3948 3982/2343/4014 3981/2364/3944 3961/2262/3943
f 3982/2343/4014 3993/2250/3936 3984/2251/3909 3981/2364/3944
f 3832/2306/3986 3838/2177/3870 3829/2178/3869 3834/2304/3984
f 3830/2302/3981 3834/2304/3984 3829/2178/3869 3809/2179/3873
f 3886/2365/4033 3845/2301/3979 3824/2297/3977 3825/2298/3976
f 3882/2366/4034 3886/2365/4033 3825/2298/3976 3851/2246/3935
f 3884/2367/4035 3882/2366/4034 3851/2246/3935 3849/2247/3934
f 3891/2368/4036 3884/2367/4035 3849/2247/3934 3859/2369/4037
f 3859/2369/4037 3849/2247/3934 3858/2202/3893 3871/2203/3896
f 3859/2369/4037 3861/2371/4038 3864/2370/4039 3891/2368/4036
f 3861/2371/4038 3859/2369/4037 3871/2203/3896 3874/2224/3916
f 3861/2371/4038 3863/2373/4040 3866/2372/4041 3864/2370/4039
f 3863/2373/4040 3861/2371/4038 3874/2224/3916 3880/2225/3915
f 3863/2373/4040 3867/2375/4042 3869/2374/4043 3866/2372/4041
f 3867/2375/4042 3863/2373/4040 3880/2225/3915 3881/2226/3917
f 3867/2376/4042 3862/2378/4044 3868/2274/3955 3869/2377/4043
f 3862/2378/4044 3867/2376/4042 3881/2228/3917 3878/2229/3918
f 3862/2378/4044 3860/2279/3960 3865/2273/3956 3868/2274/3955
f 3862/2378/4044 3878/2229/3918 3873/2379/4045 3860/2279/3960
f 3870/2380/3898 3873/2379/4045 3878/2229/3918 3876/2230/3913
f 3873/2379/4045 3856/2284/3965 3857/2278/3961 3860/2279/3960
f 3873/2381/4045 3870/2206/3898 3855/2207/3897 3856/2382/3965
f 3866/2372/4041 3869/2374/4043 3894/2384/3950 3892/2383/4046
f 3869/2377/4043 3868/2274/3955 3893/2268/3951 3894/2269/3950
f 3892/2383/4046 3897/2240/3928 3864/2370/4039 3866/2372/4041
f 3897/2240/3928 3892/2383/4046 3900/2192/3884 3898/2189/3882
f 3892/2383/4046 3894/2384/3950 3902/2261/3946 3900/2192/3884
f 3891/2368/4036 3864/2370/4039 3897/2240/3928 3896/2238/3927
f 3851/2246/3935 3825/2298/3976 3847/2209/3899 3848/2205/3894
f 3821/2291/3972 3811/2292/3971 3812/2385/3874 3814/2235/3924
f 3853/2289/3966 3856/2382/3965 3855/2207/3897 3846/2208/3900
f 3981/2258/3944 3984/2218/3909 3987/2215/3906 3983/2256/3942
f 3983/2256/3942 3987/2215/3906 3989/2211/3904 3986/2254/3939
f 3814/2235/3924 3812/2385/3874 3813/2386/3871 3815/2234/3920
f 3815/2387/3920 3813/2176/3871 3838/2177/3870 3839/2362/3921
f 3874/2224/3916 3871/2203/3896 3872/2204/3895 3875/2223/3912
f 3876/2222/3913 3875/2223/3912 3872/2204/3895 3870/2206/3898
f 3997/2210/3901 3996/2214/3905 3995/2219/3910 3994/2217/3907
f 3929/2388/4047 3936/2185/3876 3928/2188/3881
f 3941/2335/4007 3939/2390/4048 3940/2389/4049
f 3926/2322/3999 3911/2353/4024 3915/2320/3997
f 3926/2322/3999 3924/2350/4021 3911/2353/4024
f 3952/2171/3864 3947/2172/3867 3889/2239/3926
f 3889/2239/3926 3947/2172/3867 3887/2391/4050
f 3887/2391/4050 3886/2365/4033 3882/2366/4034
f 3927/2392/4051 3947/2172/3867 3950/2241/3929
f 3887/2391/4050 3947/2172/3867 3886/2365/4033
f 3925/2393/4052 3844/2300/3980 3845/2301/3979 3927/2392/4051
f 3925/2393/4052 3927/2392/4051 3940/2389/4049 3939/2390/4048
f 3929/2388/4047 3914/2394/4053 3925/2393/4052 3939/2390/4048
f 3914/2394/4053 3910/2303/3982 3844/2300/3980 3925/2393/4052
f 3906/2305/3983 3910/2303/3982 3914/2394/4053 3913/2309/3987
f 3928/2188/3881 3913/2309/3987 3914/2394/4053 3929/2388/4047
f 3927/2392/4051 3950/2241/3929 3963/2242/3930 3940/2389/4049
f 3927/2392/4051 3845/2301/3979 3886/2365/4033 3947/2172/3867
f 3884/2367/4035 3889/2239/3926 3887/2391/4050 3882/2366/4034
f 3884/2367/4035 3891/2368/4036 3896/2238/3927 3889/2239/3926
f 3940/2389/4049 3963/2242/3930 3968/2334/4008 3941/2335/4007
f 3929/2388/4047 3939/2390/4048 3941/2335/4007 3936/2185/3876
f 4000/2395/4054 3998/2398/4055 3999/2397/4056 4001/2396/4057
f 3998/2398/4055 4000/2395/4054 4003/2400/4058 4002/2399/4059
f 3998/2401/4055 4002/2404/4059 4006/2403/4060 3999/2402/4056
f 4000/2395/4054 4001/2396/4057 4009/2405/4061 4003/2400/4058
f 4008/2406/4062 4007/2408/4063 4012/2407/4064 4009/2405/4061
f 4008/2406/4062 4001/2396/4057 4007/2408/4063
f 4001/2396/4057 4008/2406/4062 4009/2405/4061
f 4005/2409/4065 4006/2403/4060 4011/2411/4066 4014/2410/4067
f 4023/2412/2022 4022/2415/4068 4019/2414/4069 4015/2413/2023
f 4022/2415/4068 4023/2412/2022 1957/2416/2026
f 4007/2408/4063 4001/2396/4057 3999/2397/4056 4004/2417/4070
f 4003/2400/4058 4009/2405/4061 1950/2419/2029 1946/2418/2028
f 4024/2420/4071 4027/2422/2032 4025/2421/2031
f 4024/2420/4071 4025/2421/2031 1952/2424/2034 4016/2423/4072
f 4016/2423/4072 1952/2424/2034 1950/2419/2029 4009/2405/4061
f 4024/2420/4071 4016/2423/4072 4021/2426/4073 4026/2425/4074
f 4027/2422/2032 4024/2420/4071 4026/2425/4074 4030/2427/2037
f 4029/2428/4075 4026/2425/4074 4021/2426/4073 4018/2429/4076
f 4030/2427/2037 4026/2425/4074 4029/2428/4075 4031/2430/2040
f 4031/2430/2040 4029/2428/4075 4020/2432/4077 4028/2431/2041
f 4022/2415/4068 4020/2434/4077 4017/2433/4078 4019/2414/4069
f 4020/2432/4077 4029/2428/4075 4018/2429/4076 4017/2435/4078
f 4020/2434/4077 4022/2415/4068 1957/2416/2026 4028/2436/2041
f 4019/2414/4069 4017/2433/4078 4014/2410/4067 4011/2411/4066
f 4014/2437/4067 4017/2435/4078 4018/2429/4076 4010/2438/4079
f 4010/2438/4079 4018/2429/4076 4021/2426/4073 4012/2407/4064
f 4009/2405/4061 4012/2407/4064 4021/2426/4073 4016/2423/4072
f 4012/2407/4064 4007/2408/4063 4004/2417/4070 4010/2438/4079
f 4010/2439/4079 4004/2440/4070 4005/2409/4065 4014/2410/4067
f 1949/2441/2045 4011/2411/4066 4006/2403/4060 1947/2442/2046
f 1949/2441/2045 4015/2413/2023 4019/2414/4069 4011/2411/4066
f 1947/2442/2046 4006/2403/4060 4002/2404/4059 4013/2443/2047
f 1946/2418/2028 4013/2444/2047 4002/2399/4059 4003/2400/4058
f 4005/2409/4065 4004/2440/4070 3999/2402/4056 4006/2403/4060
f 4067/2445/4080 4032/2448/4081 4039/2447/4082 4068/2446/4083
f 4032/2448/4081 4067/2445/4080 4055/2450/4084 4065/2449/4085
f 4041/2451/4086 4040/2453/2056 4042/2452/2055
f 4083/2454/4087 4043/2456/4088 4044/2455/4089
f 4083/2457/4087 4054/2460/4090 4047/2459/4091 4043/2458/4088
f 4043/2456/4088 4033/2462/4092 4034/2461/4093 4044/2455/4089
f 4047/2459/4091 4046/2464/4094 4033/2463/4092 4043/2458/4088
f 4034/2461/4093 4033/2462/4092 4046/2466/4094 4045/2465/4095
f 4034/2461/4093 4049/2468/4096 4048/2467/4097 4044/2455/4089
f 4049/2468/4096 4034/2461/4093 4045/2465/4095 4050/2469/4098
f 4081/2470/4099 4035/2473/4100 1980/2472/2071 2013/2471/2070
f 4035/2473/4100 4051/2475/4101 1981/2474/2073 1980/2472/2071
f 4035/2473/4100 4081/2470/4099 4080/2476/4102 4051/2475/4101
f 4036/2477/4103 4049/2468/4096 4050/2469/4098 4058/2478/4104
f 4036/2477/4103 4048/2467/4097 4049/2468/4096
f 4036/2477/4103 4058/2478/4104 4055/2480/4084 4037/2479/4105
f 4038/2481/4106 4050/2469/4098 4057/2483/4107 4056/2482/4108
f 4058/2478/4104 4038/2481/4106 4056/2482/4108
f 4038/2481/4106 4058/2478/4104 4050/2469/4098
f 4060/2484/2082 4059/2485/2083 4039/2447/4082 4032/2448/4081
f 4048/2467/4097 4083/2454/4087 4044/2455/4089
f 1991/2486/2084 4061/2489/4109 4063/2488/4110 2014/2487/2085
f 4061/2489/4109 4062/2491/4111 4064/2490/4112 4063/2488/4110
f 1993/2492/2090 4062/2491/4111 4061/2489/4109 1994/2493/2091
f 4062/2491/4111 1993/2492/2090 4060/2484/2082 4032/2448/4081
f 4062/2491/4111 4032/2448/4081 4065/2449/4085 4064/2490/4112
f 4065/2494/4085 4079/2496/4113 4080/2476/4102 4064/2495/4112
f 4065/2494/4085 4055/2480/4084 4058/2478/4104 4079/2496/4113
f 4037/2479/4105 4055/2480/4084 4067/2498/4080 4066/2497/4114
f 4067/2445/4080 4068/2446/4083 4052/2500/4115 4066/2499/4114
f 4082/2501/4116 4083/2454/4087 4048/2467/4097 4036/2477/4103
f 4082/2501/4116 4053/2503/4117 4054/2502/4090 4083/2454/4087
f 4066/2497/4114 4082/2501/4116 4036/2477/4103 4037/2479/4105
f 1991/2486/2084 1994/2493/2091 4061/2489/4109
f 4059/2485/2083 4040/2453/2056 4041/2451/4086 4039/2447/4082
f 4068/2446/4083 4039/2447/4082 4041/2451/4086 4069/2504/4118
f 4066/2499/4114 4052/2500/4115 4053/2506/4117 4082/2505/4116
f 4068/2446/4083 4069/2504/4118 4046/2464/4094 4052/2500/4115
f 4053/2506/4117 4047/2459/4091 4054/2460/4090
f 4047/2459/4091 4053/2506/4117 4052/2500/4115 4046/2464/4094
f 4069/2507/4118 4070/2508/4119 4045/2465/4095 4046/2466/4094
f 4070/2508/4119 4057/2483/4107 4050/2469/4098 4045/2465/4095
f 4070/2508/4119 4069/2507/4118 4041/2510/4086 4071/2509/4120
f 4071/2509/4120 4072/2511/4121 4057/2483/4107 4070/2508/4119
f 4071/2509/4120 4073/2513/2102 2005/2512/2101 4072/2511/4121
f 4071/2514/4120 4041/2451/4086 4042/2452/2055 4073/2515/2102
f 4072/2511/4121 2005/2512/2101 4075/2517/2104 4074/2516/4122
f 4074/2516/4122 4075/2517/2104 4077/2519/2106 4076/2518/4123
f 4076/2518/4123 4077/2519/2106 2009/2521/2108 4078/2520/4124
f 2009/2521/2108 1981/2474/2073 4051/2475/4101 4078/2520/4124
f 4079/2496/4113 4078/2520/4124 4051/2475/4101 4080/2476/4102
f 4076/2518/4123 4078/2520/4124 4079/2496/4113 4058/2478/4104
f 4076/2518/4123 4058/2478/4104 4056/2482/4108 4074/2516/4122
f 4074/2516/4122 4056/2482/4108 4057/2483/4107 4072/2511/4121
f 4081/2470/4099 4063/2522/4110 4064/2495/4112 4080/2476/4102
f 2013/2471/2070 2014/2523/2085 4063/2522/4110 4081/2470/4099
f 4095/2524/4125 4091/2527/4126 4092/2526/2111 4098/2525/4127
f 4101/2528/4128 4114/2530/4129 4112/2529/4130
f 4101/2528/4128 4112/2529/4130 4100/2531/4131
f 4100/2531/4131 4084/2533/4132 4085/2532/4133 4091/2527/4126
f 4092/2526/2111 4091/2527/4126 4085/2532/4133 4086/2534/2119
f 4095/2524/4125 4101/2535/4128 4091/2527/4126
f 4100/2531/4131 4112/2529/4130 4108/2536/4134 4084/2533/4132
f 4091/2527/4126 4101/2535/4128 4100/2531/4131
f 4090/2537/2121 4088/2540/2124 4087/2539/4135 4089/2538/4136
f 4085/2532/4133 4084/2533/4132 4089/2538/4136 4087/2539/4135
f 4086/2534/2119 4085/2532/4133 4087/2539/4135 4088/2540/2124
f 4111/2541/2125 4110/2543/2127 4109/2542/4137 4108/2536/4134
f 4109/2542/4137 4110/2543/2127 4090/2545/2121 4089/2544/4136
f 4108/2536/4134 4109/2542/4137 4089/2544/4136 4084/2533/4132
f 4113/2546/2128 4111/2541/2125 4108/2536/4134 4112/2529/4130
f 4116/2547/2129 4113/2546/2128 4112/2529/4130 4114/2530/4129
f 4095/2548/4125 4114/2530/4129 4101/2528/4128
f 4096/2549/2130 4093/2552/4138 4118/2551/4139 4122/2550/2131
f 4097/2553/2134 4094/2554/4140 4093/2552/4138 4096/2549/2130
f 4119/2555/4141 4123/2558/2137 4122/2557/2131 4118/2556/4139
f 4094/2554/4140 4119/2555/4141 4118/2556/4139 4093/2552/4138
f 4123/2559/2137 4119/2560/4141 4094/2554/4140 4097/2553/2134
f 4102/2561/4142 4104/2564/4143 4105/2563/2140 4098/2562/2139
f 4105/2563/2140 4104/2564/4143 4115/2566/4144 4120/2565/2142
f 4099/2567/2144 4103/2570/4145 4102/2569/4142 4098/2568/2139
f 4117/2571/4146 4121/2572/2147 4120/2565/2142 4115/2566/4144
f 4106/2573/4147 4117/2571/4146 4115/2566/4144 4104/2574/4143
f 4103/2570/4145 4106/2573/4147 4104/2574/4143 4102/2569/4142
f 4107/2575/2149 4106/2578/4147 4103/2577/4145 4099/2576/2144
f 4117/2571/4146 4106/2578/4147 4107/2575/2149 4121/2572/2147
f 4139/381/2449 4136/320/2400 4127/2579/4148 4140/227/2320
f 4136/320/2400 4138/257/2348 4129/361/2431 4127/2579/4148
f 4141/395/2453 4134/2581/2349 4132/2580/2350 4142/394/2322
f 4148/327/2405 4147/328/2406 4128/2583/2430 4137/2582/2347
f 4143/336/2410 4125/430/2467 4126/2584/4149 4144/409/2458
f 4128/362/2430 4126/2586/4149 4125/2585/2467 4129/361/2431
f 4134/2581/2349 4141/395/2453 4148/327/2405 4137/2582/2347
f 4130/321/2401 4136/320/2400 4139/381/2449 4145/231/2323
f 4129/361/2431 4125/2585/2467 4124/429/2466 4127/2579/4148
f 4140/227/2320 4127/2579/4148 4124/429/2466 4146/226/2321
f 4132/259/2350 4130/321/2401 4145/231/2323 4142/228/2322
f 4147/328/2406 4144/431/2458 4126/2587/4149 4128/2583/2430
