# Blender 5.1.2
# www.blender.org
mtllib pilars.mtl
o _25ea6248_dds
v -2.004035 0.088314 -1.320823
v -1.956810 0.088288 -1.503729
v -1.951330 0.088327 -1.310263
v -1.514711 0.088407 -1.368817
v 0.187979 0.088476 -2.731672
v 0.187979 0.088476 -2.731672
v 0.187979 0.088476 -2.731672
v 0.188666 0.088486 -2.680108
v 0.188666 0.088486 -2.680108
v 0.150771 0.088466 -2.735611
v 0.150771 0.088466 -2.735611
v 0.150771 0.088466 -2.735611
v 0.111520 0.088469 -2.681407
v 0.108534 0.088456 -2.746543
v 0.142125 0.088433 -2.891091
v 0.142125 0.088433 -2.891091
v 0.142125 0.088433 -2.891091
v 0.102578 0.088423 -2.888447
v 0.054259 0.088443 -2.746636
v 0.040548 0.088413 -2.887393
v 0.191581 0.135030 -2.578927
v 0.191581 0.135030 -2.578927
v 0.191581 0.135030 -2.578927
v 0.187970 0.134997 -2.731680
v 0.187970 0.134997 -2.731680
v 0.187970 0.134997 -2.731680
v 0.239256 0.135043 -2.574191
v 0.239256 0.135043 -2.574191
v 0.183976 0.134964 -2.887537
v 0.183976 0.134964 -2.887537
v 0.183976 0.134964 -2.887537
v 0.150761 0.134990 -2.735624
v 0.150761 0.134990 -2.735624
v 0.150761 0.134990 -2.735624
v 0.142115 0.134953 -2.891100
v 0.142115 0.134953 -2.891100
v 0.142115 0.134953 -2.891100
v 0.859309 0.088675 -2.441674
v 0.859309 0.088675 -2.441674
v 0.859309 0.088675 -2.441674
v 1.006468 0.088721 -2.353027
v 1.006468 0.088721 -2.353027
v 0.825858 0.088681 -2.379316
v 0.825858 0.088681 -2.379316
v 0.825858 0.088681 -2.379316
v 0.823010 0.088741 -2.079248
v 0.723961 0.088698 -2.189526
v 0.805908 0.088744 -2.053691
v 0.688955 0.088707 -2.124066
v 1.813550 0.084040 -1.434736
v 1.529241 0.084000 -1.349164
v 1.752212 0.089032 -1.606980
v 1.477933 0.089002 -1.493864
v 1.674188 0.088982 -1.772267
v 1.312159 0.088949 -1.579443
v 1.372798 0.088986 -1.450625
v 1.048343 0.088823 -1.911763
v 1.082906 0.088823 -1.946208
v 1.143141 0.088863 -1.807310
v 1.156302 0.088823 -2.019352
v 1.156302 0.088823 -2.019352
v 1.156302 0.088823 -2.019352
v 1.261161 0.088866 -1.903637
v 1.261161 0.088866 -1.903637
v 1.261161 0.088866 -1.903637
v 1.239101 0.088909 -1.701691
v 1.189422 0.088903 -1.668826
v 1.108201 0.088863 -1.778685
v 1.071641 0.135298 -2.161790
v 1.071641 0.135298 -2.161790
v 1.071641 0.135298 -2.161790
v 1.122146 0.135298 -2.223346
v 1.122146 0.135298 -2.223346
v 1.122146 0.135298 -2.223346
v 1.190468 0.135347 -2.053419
v 1.190468 0.135347 -2.053419
v 1.190468 0.135347 -2.053419
v 1.247165 0.135344 -2.109923
v 1.360147 0.135397 -1.984504
v 1.360147 0.135397 -1.984504
v 1.360147 0.135397 -1.984504
v 1.261151 0.135391 -1.903650
v 1.261151 0.135391 -1.903650
v 1.261151 0.135391 -1.903650
v 1.156293 0.135344 -2.019361
v 1.156293 0.135344 -2.019361
v 1.156293 0.135344 -2.019361
v -1.733052 0.088417 -1.098594
v -1.939656 0.088370 -1.113687
v -1.724784 0.088400 -1.172240
v -1.929825 0.088357 -1.192755
v -1.594747 0.088410 -1.269321
v -1.616256 0.088427 -1.160032
v -1.546303 0.088423 -1.259545
v -1.978270 0.088344 -1.200594
v -1.171386 0.088264 -2.397529
v -1.002414 0.088350 -2.143686
v -1.263776 0.088258 -2.325582
v -1.070352 0.088350 -2.089142
v -1.462305 0.088221 -2.301501
v -1.331861 0.088228 -2.408666
v -1.066410 0.088387 -1.904207
v -1.166619 0.088390 -1.794278
v -1.101238 0.088373 -1.939161
v -1.242882 0.088360 -1.857217
v -1.599802 0.088228 -2.150931
v -1.008071 0.088377 -2.012657
v -1.393253 0.088370 -1.660923
v -1.436631 0.088357 -1.684260
v -1.315143 0.088364 -1.767015
v -1.698879 0.088231 -2.024332
v 0.934902 0.088780 -1.995704
v 0.974918 0.088780 -2.044092
v 1.071651 0.088777 -2.161782
v 1.071651 0.088777 -2.161782
v 1.071651 0.088777 -2.161782
v 1.122155 0.088774 -2.223337
v 1.122155 0.088774 -2.223337
v 1.122155 0.088774 -2.223337
v 1.360156 0.088873 -1.984492
v 1.360156 0.088873 -1.984492
v 1.360156 0.088873 -1.984492
v 1.410051 0.088896 -1.916950
v 1.410051 0.088896 -1.916950
v 1.410051 0.088896 -1.916950
v 1.580647 0.088933 -1.929058
v 1.410041 0.135417 -1.916959
v 1.410041 0.135417 -1.916959
v 1.410041 0.135417 -1.916959
v 1.811795 0.135440 -2.213613
v 1.811795 0.135440 -2.213613
v 1.811795 0.135440 -2.213613
v 1.747206 0.135407 -2.300957
v 1.747206 0.135407 -2.300957
v 1.747206 0.135407 -2.300957
v 1.644828 0.135347 -2.506222
v 1.644828 0.135347 -2.506222
v 1.794567 0.135410 -2.340029
v 1.794567 0.135410 -2.340029
v 1.794567 0.135410 -2.340029
v 1.479167 0.135281 -2.656543
v 1.479167 0.135281 -2.656543
v 1.208181 0.135225 -2.653529
v 1.208181 0.135225 -2.653529
v 1.208181 0.135225 -2.653529
v 1.299909 0.135215 -2.790223
v 1.299909 0.135215 -2.790223
v 1.299909 0.135215 -2.790223
v 0.100343 0.088413 -2.941564
v 0.183304 0.088430 -2.941032
v 0.183304 0.088430 -2.941032
v 0.183986 0.088443 -2.887528
v 0.183986 0.088443 -2.887528
v 0.183986 0.088443 -2.887528
v 0.352808 0.135066 -2.553056
v 0.352808 0.135066 -2.553056
v 0.352808 0.135066 -2.553056
v 0.284210 0.135050 -2.565583
v 0.284210 0.135050 -2.565583
v 0.359465 0.135063 -2.591817
v 0.359465 0.135063 -2.591817
v 0.359465 0.135063 -2.591817
v 0.325636 0.134974 -2.978787
v 0.325636 0.134974 -2.978787
v 0.246569 0.134957 -2.989780
v 0.246569 0.134957 -2.989780
v 0.182999 0.134944 -2.994154
v 0.182999 0.134944 -2.994154
v 0.182999 0.134944 -2.994154
v 1.863935 0.089002 -1.873123
v 1.759568 0.088942 -2.048152
v 1.811805 0.088919 -2.213605
v 1.811805 0.088919 -2.213605
v 1.811805 0.088919 -2.213605
v 1.876394 0.088952 -2.125873
v 0.535798 0.088585 -2.553504
v 0.535798 0.088585 -2.553504
v 0.535798 0.088585 -2.553504
v 0.522931 0.088588 -2.511658
v 0.522931 0.088588 -2.511658
v 0.522931 0.088588 -2.511658
v 0.428074 0.088555 -2.580830
v 0.428074 0.088555 -2.580830
v 0.419864 0.088562 -2.540912
v 0.359475 0.088542 -2.591805
v 0.359475 0.088542 -2.591805
v 0.359475 0.088542 -2.591805
v 0.352818 0.088546 -2.553048
v 0.352818 0.088546 -2.553048
v 0.352818 0.088546 -2.553048
v 0.404218 0.088579 -2.461851
v 0.275941 0.088546 -2.485336
v 0.284219 0.088529 -2.565574
v 0.284219 0.088529 -2.565574
v 0.238419 0.088526 -2.533862
v 0.237189 0.088535 -2.493546
v 0.522921 0.135113 -2.511667
v 0.522921 0.135113 -2.511667
v 0.522921 0.135113 -2.511667
v 0.535789 0.135106 -2.553513
v 0.535789 0.135106 -2.553513
v 0.535789 0.135106 -2.553513
v 0.676719 0.135159 -2.450144
v 0.676719 0.135159 -2.450144
v 0.838279 0.135109 -2.839098
v 0.838279 0.135109 -2.839098
v 0.644180 0.135053 -2.908836
v 0.644180 0.135053 -2.908836
v 0.428065 0.135079 -2.580840
v 0.428065 0.135079 -2.580840
v 0.501584 0.135016 -2.948238
v 0.501584 0.135016 -2.948238
v 0.496030 0.088602 -2.423699
v 0.643251 0.088645 -2.370329
v 0.676729 0.088635 -2.450135
v 0.676729 0.088635 -2.450135
v 0.593810 0.088661 -2.251395
v 1.190478 0.088823 -2.053410
v 1.190478 0.088823 -2.053410
v 1.190478 0.088823 -2.053410
v 0.192297 0.088516 -2.538597
v 0.191590 0.088506 -2.578918
v 0.191590 0.088506 -2.578918
v 0.191590 0.088506 -2.578918
v 0.239266 0.088516 -2.574182
v 0.239266 0.088516 -2.574182
v 0.825849 0.135202 -2.379325
v 0.825849 0.135202 -2.379325
v 0.825849 0.135202 -2.379325
v 0.859300 0.135198 -2.441685
v 0.859300 0.135198 -2.441685
v 0.859300 0.135198 -2.441685
v 1.024983 0.135169 -2.750381
v 1.024983 0.135169 -2.750381
v 1.006458 0.135248 -2.353035
v 1.006458 0.135248 -2.353035
v -1.800311 0.088241 -1.879514
v -1.506666 0.088374 -1.536674
v -1.887857 0.088261 -1.695513
v -1.461341 0.088387 -1.517986
v 1.747216 0.088886 -2.300949
v 1.747216 0.088886 -2.300949
v 1.794577 0.088890 -2.340021
v 1.794577 0.088890 -2.340021
v 0.183009 0.088420 -2.994145
v 1.299918 0.088691 -2.790211
v 1.299918 0.088691 -2.790211
v 1.208190 0.088704 -2.653517
v 1.208190 0.088704 -2.653517
v 1.644838 0.088823 -2.506210
v 1.479177 0.088761 -2.656535
v 1.024992 0.088645 -2.750372
v 0.838289 0.088588 -2.839089
v 0.644189 0.088532 -2.908823
v 0.501593 0.088496 -2.948230
v 0.325646 0.088453 -2.978777
v 0.246579 0.088436 -2.989768
vn -0.6856 0.6966 -0.2113
vn -0.6935 0.5745 0.4348
vn -0.3509 0.9095 0.2227
vn 0.6659 0.7143 0.2151
vn -0.8998 0.2968 0.3199
vn -0.6000 0.5838 0.5469
vn -0.3374 0.8851 0.3205
vn -0.5673 0.5807 0.5838
vn -0.3031 0.8989 0.3163
vn -0.2724 0.9204 -0.2805
vn -0.3059 0.9073 -0.2884
vn -0.5467 0.5827 0.6013
vn -0.6117 0.5730 -0.5455
vn -0.3366 0.8898 0.3080
vn -0.5939 0.5845 0.5528
vn -0.1002 0.7175 0.6893
vn -0.2738 0.9155 -0.2948
vn -0.5871 0.5863 0.5582
vn -0.5724 0.5701 -0.5894
vn -0.4711 0.6749 0.5679
vn 0.2167 0.5750 0.7889
vn 0.1367 0.8989 0.4164
vn 0.0697 0.9106 0.4073
vn -0.3940 0.9100 0.1294
vn 0.1775 0.5801 0.7950
vn -0.7854 0.5799 0.2164
vn -0.3668 0.5702 0.7351
vn 0.7337 0.5664 0.3753
vn 0.6641 0.6996 -0.2638
vn -0.1590 0.9092 0.3847
vn 0.4156 0.8990 0.1379
vn -0.6142 0.7183 0.3268
vn -0.2949 0.5801 0.7593
vn -0.4138 0.9103 0.0096
vn -0.8146 0.5796 -0.0205
vn -0.4128 0.9103 -0.0307
vn -0.4382 0.8988 -0.0114
vn -0.0330 0.8986 0.4376
vn -0.0923 0.9099 0.4044
vn -0.1418 0.5803 0.8020
vn -0.8085 0.5798 -0.1008
vn -0.4641 0.8857 0.0094
vn -0.8125 0.5800 0.0586
vn -0.4145 0.9100 0.0090
vn -0.0002 1.0000 -0.0002
vn -0.0518 0.9103 0.4108
vn -0.0610 0.5803 0.8121
vn -0.8146 0.5797 -0.0208
vn -0.6327 0.5747 0.5190
vn 0.5206 0.5797 0.6269
vn 0.2657 0.9047 0.3331
vn -0.3486 0.9002 0.2610
vn 0.2359 0.9052 0.3534
vn 0.4805 0.5820 0.6560
vn 0.4216 0.5820 0.6953
vn -0.6833 0.5732 0.4522
vn 0.8034 0.5823 0.1242
vn 0.1311 0.5734 -0.8087
vn 0.0479 0.9015 -0.4301
vn 0.4221 0.9054 0.0445
vn -0.4976 0.6911 -0.5242
vn 0.0799 0.5771 -0.8128
vn 0.0576 0.5801 0.8125
vn 0.8144 0.5801 -0.0182
vn 0.3962 0.9178 0.0235
vn 0.0431 0.9063 0.4203
vn -0.5465 0.6984 -0.4622
vn 0.8121 0.5767 0.0893
vn 0.1288 0.9105 0.3929
vn 0.1779 0.5853 0.7910
vn 0.5569 0.7119 0.4278
vn -0.5731 0.7010 -0.4245
vn 0.0968 0.5802 0.8087
vn 0.0295 0.9099 0.4138
vn -0.4383 0.8983 0.0314
vn -0.8103 0.5858 0.0167
vn -0.0636 0.9046 0.4215
vn -0.1020 0.5750 0.8118
vn -0.1215 0.5775 0.8073
vn 0.8074 0.5775 0.1210
vn 0.4360 0.8984 0.0534
vn 0.5085 0.6959 -0.5071
vn 0.8157 0.5753 0.0602
vn 0.4560 0.6964 -0.5542
vn -0.1105 0.8919 -0.4385
vn -0.1382 0.5746 -0.8067
vn -0.5890 0.5746 -0.5683
vn -0.9048 0.3071 -0.2951
vn -0.5587 0.5721 -0.6005
vn -0.1303 0.7062 0.6959
vn 0.4679 0.5770 0.6694
vn 0.2495 0.9033 0.3489
vn 0.1096 0.7032 -0.7025
vn 0.0736 0.6992 -0.7111
vn -0.5612 0.5735 -0.5968
vn 0.7881 0.5750 0.2199
vn 0.4275 0.8988 0.0968
vn 0.9070 0.3004 -0.2950
vn 0.8057 0.5751 0.1419
vn -0.7357 0.5640 0.3751
vn -0.7135 0.5747 0.4009
vn -0.1450 0.6972 0.7020
vn 0.2118 0.9140 0.3460
vn 0.4748 0.5782 0.6636
vn 0.2426 0.9059 0.3472
vn 0.4588 0.5784 0.6746
vn -0.1377 0.7041 0.6966
vn -0.1300 0.7082 0.6940
vn -0.3343 0.8960 0.2922
vn -0.6366 0.5873 0.4998
vn -0.3610 0.9103 0.2026
vn -0.7339 0.5817 0.3507
vn -0.2804 0.7143 0.6412
vn 0.2756 0.6961 -0.6630
vn 0.2162 0.6986 -0.6821
vn -0.1410 0.7174 0.6822
vn 0.1570 0.6961 -0.7005
vn -0.7357 0.5640 0.3750
vn -0.7289 0.5800 0.3638
vn -0.3799 0.9099 0.1669
vn -0.2860 0.7002 0.6542
vn -0.7606 0.5799 0.2919
vn -0.8182 0.5747 0.0180
vn -0.9089 0.2740 0.3145
vn -0.5980 0.5839 0.5491
vn -0.1031 0.6972 0.7094
vn 0.2543 0.5801 0.7738
vn 0.1094 0.9104 0.3989
vn 0.3190 0.7022 -0.6365
vn -0.4279 0.7423 0.5156
vn -0.6266 0.6886 -0.3651
vn 0.3854 0.9106 -0.1490
vn -0.6629 0.6959 -0.2761
vn 0.7444 0.5800 -0.3309
vn -0.0637 0.9046 0.4215
vn -0.5871 0.5863 0.5581
vn -0.3374 0.8851 0.3206
vn -0.3367 0.8898 0.3081
vn -0.6001 0.5838 0.5469
vn -0.4384 0.8982 0.0315
vn -0.4146 0.9100 0.0090
vn -0.8146 0.5796 -0.0209
vn -0.0331 0.8986 0.4376
vn -0.2738 0.9155 -0.2949
vn -0.5586 0.5722 -0.6005
vn -0.5723 0.5701 -0.5894
vn -0.2723 0.9204 -0.2805
vn 0.9925 0.0003 0.1219
vn 0.4361 0.8983 0.0533
vn 0.9071 0.3004 -0.2950
vn 0.8073 0.5775 0.1211
vn 0.9973 0.0003 0.0738
vn 0.7084 -0.0000 -0.7059
vn 0.5085 0.6960 -0.5070
vn 0.6356 -0.0000 -0.7720
vn 0.4559 0.6965 -0.5541
vn -0.1687 -0.0002 -0.9857
vn -0.6845 -0.0003 -0.7291
vn 0.1033 -0.0002 -0.9947
vn 0.1544 -0.0002 -0.9880
vn 0.1570 0.6962 -0.7005
vn 0.2190 -0.0001 -0.9757
vn 0.2162 0.6987 -0.6820
vn 0.3025 -0.0002 -0.9532
vn 0.2756 0.6961 -0.6629
vn 0.3841 -0.0001 -0.9233
vn 0.3190 0.7023 -0.6364
vn 0.4484 -0.0001 -0.8938
vn -0.2442 -0.0003 -0.9697
vn -0.1300 0.7082 0.6939
vn 0.2425 0.9059 0.3472
vn 0.4678 0.5771 0.6694
vn -0.1303 0.7063 0.6958
vn -0.9089 0.2739 0.3144
vn -0.5940 0.5845 0.5527
vn -0.1450 0.6973 0.7020
vn -0.7135 0.5747 0.4008
vn -0.3611 0.9103 0.2026
vn -0.1410 0.7175 0.6822
vn 0.4747 0.5782 0.6636
vn 0.2494 0.9033 0.3489
vn -0.2803 0.7144 0.6412
vn -0.7356 0.5640 0.3751
vn -0.2861 0.7002 0.6541
vn 0.2542 0.5802 0.7738
vn 0.1366 0.8989 0.4164
vn -0.4711 0.6750 0.5678
vn -0.8103 0.5858 0.0166
vn -0.4278 0.7424 0.5156
vn 0.4679 0.5770 0.6695
vn 0.2426 0.9058 0.3472
vn 0.2496 0.9033 0.3490
vn -0.5724 0.5700 -0.5895
vn -0.2724 0.9204 -0.2806
vn -0.5871 0.5864 0.5581
vn -0.1381 0.5746 -0.8067
vn -0.1106 0.8919 -0.4386
vn -0.6000 0.5839 0.5469
vn -0.6844 -0.0002 -0.7291
vn -0.9048 0.3070 -0.2951
vn -0.2739 0.9154 -0.2949
vn 0.9926 0.0002 0.1218
vn 0.9973 0.0003 0.0737
vn 0.4361 0.8983 0.0534
vn -0.0637 0.9045 0.4216
vn 0.9071 0.3005 -0.2949
vn 0.8074 0.5775 0.1211
vn -0.3610 0.9103 0.2025
vn -0.7339 0.5818 0.3507
vn -0.4640 0.8858 0.0093
vn 0.2542 0.5801 0.7738
vn 0.1367 0.8988 0.4164
vn 0.1095 0.9104 0.3990
vn 0.2167 0.5750 0.7890
vn -0.0331 0.8985 0.4377
vn -0.0517 0.9102 0.4108
vn -0.1021 0.5750 0.8118
vn -0.4145 0.9100 0.0089
vn -0.8181 0.5748 0.0180
vt 0.203100 -6.125000
vt 0.000000 -7.066400
vt 0.218800 -7.117200
vt 2.027300 -6.765600
vt 9.039100 -0.496100
vt 9.035200 -0.253900
vt 8.882800 -0.234400
vt 8.722700 -0.492200
vt 8.707000 -0.179700
vt 8.847700 0.507800
vt 8.683600 0.496100
vt 8.484400 -0.183600
vt 8.425800 0.488300
vt 9.050800 -0.980500
vt 9.250000 -1.003900
vt 9.019500 0.492200
vt 12.414100 -2.050800
vt 11.804700 -1.628900
vt 11.668000 -1.925800
vt 11.656300 -3.359400
vt 11.250000 -2.832000
vt 11.589800 -3.480500
vt 11.105500 -3.144500
vt 14.574200 -6.832000
vt 15.746100 -6.421900
vt 15.492200 -5.601600
vt 14.363300 -6.144500
vt 15.168000 -4.812500
vt 13.679700 -5.734400
vt 13.929700 -6.351600
vt 12.730500 -3.988300
vt 12.589800 -4.152300
vt 12.980500 -4.652300
vt 13.035200 -3.640600
vt 13.464800 -4.191400
vt 13.375000 -5.152300
vt 13.171900 -5.312500
vt 12.835900 -4.789100
vt 12.890600 -2.668000
vt 12.683600 -2.960900
vt 13.171900 -3.476600
vt 13.406300 -3.207000
vt 13.871100 -3.804700
vt 0.277300 -9.000000
vt 1.128900 -9.000000
vt 1.164100 -8.175800
vt 0.316400 -8.078100
vt 1.668000 -7.453100
vt 1.570300 -8.222700
vt 1.867200 -7.496100
vt 0.097700 -8.054700
vt 4.132800 -3.066400
vt 3.433600 -1.855500
vt 3.054700 -2.199200
vt 3.851600 -3.324200
vt 2.234400 -2.316400
vt 2.773400 -1.804700
vt 3.460900 -4.734400
vt 3.871100 -4.207000
vt 3.726600 -4.039100
vt 3.144500 -4.433600
vt 1.671900 -3.035200
vt 4.113300 -3.691400
vt 2.347700 -5.257800
vt 2.527300 -5.371100
vt 2.847700 -4.863300
vt 1.261700 -3.640600
vt 12.121100 -3.753900
vt 12.285200 -3.523400
vt 14.078100 -4.125000
vt 14.781300 -4.066400
vt 15.734400 -2.707000
vt 15.464800 -2.293000
vt 15.043000 -1.316400
vt 15.660200 -2.105500
vt 14.359400 -0.597700
vt 13.242200 -0.617200
vt 13.617200 0.035200
vt 8.671900 0.750000
vt 9.015600 0.746100
vt 9.433600 -1.043000
vt 9.718800 -1.101600
vt 9.746100 -0.918000
vt 9.601600 0.925800
vt 9.277300 0.980500
vt 9.011700 1.000000
vt 15.949200 -4.332000
vt 15.519500 -3.496100
vt 16.000000 -3.125000
vt 10.418000 -1.296900
vt 10.472700 -1.097700
vt 10.027300 -0.968800
vt 9.992200 -1.160200
vt 9.929700 -1.535200
vt 9.402300 -1.425800
vt 9.246100 -1.195300
vt 9.242200 -1.386700
vt 11.050800 -1.589800
vt 11.714800 0.265600
vt 10.914100 0.597700
vt 10.328100 0.781200
vt 10.308600 -1.718800
vt 10.914100 -1.968800
vt 10.710900 -2.539100
vt 9.054700 -1.171900
vt 12.484400 -0.156300
vt 0.847700 -4.332000
vt 2.058600 -5.960900
vt 0.488300 -5.210900
vt 2.246100 -6.050800
vt 5.722700 0.332000
vt 5.722700 0.668000
vt 6.003900 0.332000
vt 6.003900 0.668000
vt 0.269500 0.332000
vt 0.269500 0.668000
vt 0.410200 0.332000
vt 0.410200 0.668000
vt 4.425800 0.332000
vt 4.425800 0.668000
vt 5.011700 0.332000
vt 5.011700 0.668000
vt 4.941400 0.332000
vt 4.941400 0.668000
vt 5.488300 0.332000
vt 5.488300 0.668000
vt 0.164100 0.332000
vt 0.164100 0.668000
vt 0.007800 0.332000
vt 0.007800 0.668000
vt 6.636700 0.668000
vt 6.636700 0.332000
vt 7.000000 0.668000
vt 7.000000 0.332000
vt 6.750000 0.332000
vt 6.750000 0.668000
vt 5.964800 0.668000
vt 5.964800 0.332000
vt 5.148400 0.668000
vt 5.148400 0.332000
vt 4.304700 0.668000
vt 4.304700 0.332000
vt 0.000000 0.668000
vt 0.000000 0.332000
vt 0.234400 0.332000
vt 0.234400 0.668000
vt 0.535200 0.332000
vt 0.535200 0.668000
vt 1.210900 0.332000
vt 1.210900 0.668000
vt 1.781300 0.332000
vt 1.781300 0.668000
vt 2.582000 0.332000
vt 2.582000 0.668000
vt 3.378900 0.332000
vt 3.378900 0.668000
vt 4.179700 0.332000
vt 4.179700 0.668000
vt 1.003900 0.668000
vt 1.265600 0.668000
vt 1.265600 0.332000
vt 1.003900 0.332000
vt 0.828100 0.668000
vt 0.828100 0.332000
vt 0.652300 0.668000
vt 0.652300 0.332000
vt 1.496100 0.668000
vt 1.921900 0.668000
vt 1.921900 0.332000
vt 1.496100 0.332000
vt 1.234400 0.668000
vt 1.234400 0.332000
vt 1.937500 0.332000
vt 1.937500 0.668000
vt 3.218800 0.332000
vt 3.218800 0.668000
vt 3.906300 0.668000
vt 4.515600 0.668000
vt 4.515600 0.332000
vt 3.906300 0.332000
vt 3.246100 0.668000
vt 3.246100 0.332000
vt 2.000000 1.000000
vt 2.000000 0.668000
vt 1.824200 1.000000
vt 1.824200 0.668000
vt 0.468800 1.000000
vt 0.468800 0.668000
vt 1.171900 1.000000
vt 1.171900 0.668000
vt 0.918000 0.668000
vt 1.539100 0.668000
vt 0.918000 1.000000
vt 1.539100 1.000000
vt 1.191400 1.000000
vt 1.191400 0.668000
vt 1.425800 0.668000
vt 1.882800 1.000000
vt 1.882800 0.668000
vt 0.000000 1.000000
vt 0.242200 0.668000
vt 0.484400 1.000000
vt 0.484400 0.668000
vt 0.238300 0.668000
vt 0.238300 0.332000
vt 2.140600 0.668000
vt 0.191400 0.668000
vt 2.140600 0.332000
vt 0.191400 0.332000
vt 3.875000 0.332000
vt 3.875000 0.668000
vt 4.000000 0.332000
vt 4.000000 0.668000
vt 2.523400 0.332000
vt 2.523400 0.668000
vt 2.816400 0.332000
vt 2.816400 0.668000
vt 3.226600 0.332000
vt 3.226600 0.668000
vt 2.992200 0.332000
vt 2.992200 0.668000
vt 2.675800 0.332000
vt 2.675800 0.668000
vt 2.179700 0.332000
vt 2.179700 0.668000
vt 2.621100 0.332000
vt 2.621100 0.668000
vt 2.804700 0.332000
vt 2.804700 0.668000
s 1
usemtl 25ea6248_dds
f 2/1/1 1/2/2 3/3/3
f 4/4/4 2/1/1 3/3/3
f 8/5/5 5/6/6 10/7/7
f 13/8/8 8/5/5 10/7/7
f 14/9/9 13/8/8 10/7/7
f 14/9/9 10/7/7 15/10/10
f 14/9/9 15/10/10 18/11/11
f 19/12/12 14/9/9 18/11/11
f 19/12/12 18/11/11 20/13/13
f 24/6/14 21/14/15 27/15/16
f 24/6/14 27/15/16 29/16/17
f 32/7/18 24/6/14 29/16/17
f 32/7/18 29/16/17 35/10/19
f 41/17/20 38/18/21 43/19/22
f 46/20/23 41/17/20 43/19/22
f 46/20/23 43/19/22 47/21/24
f 48/22/25 46/20/23 47/21/24
f 48/22/25 47/21/24 49/23/26
f 51/24/27 50/25/28 52/26/29
f 53/27/30 51/24/27 52/26/29
f 53/27/30 52/26/29 54/28/31
f 53/27/30 54/28/31 55/29/32
f 56/30/33 53/27/30 55/29/32
f 58/31/34 57/32/35 59/33/36
f 60/34/37 58/31/34 59/33/36
f 63/35/38 60/34/37 59/33/36
f 66/36/39 63/35/38 59/33/36
f 67/37/40 66/36/39 59/33/36
f 67/37/40 59/33/36 68/38/41
f 72/39/42 69/40/43 75/41/44
f 78/42/45 72/39/42 75/41/44
f 79/43/46 78/42/45 75/41/44
f 82/35/47 79/43/46 75/41/44
f 82/35/47 75/41/44 85/34/48
f 89/44/49 88/45/50 90/46/51
f 91/47/52 89/44/49 90/46/51
f 92/48/53 91/47/52 90/46/51
f 92/48/53 90/46/51 93/49/54
f 92/48/53 94/50/55 4/4/4
f 92/48/53 4/4/4 3/3/3
f 91/47/52 92/48/53 3/3/3
f 91/47/52 3/3/3 95/51/56
f 97/52/57 96/53/58 98/54/59
f 99/55/60 97/52/57 98/54/59
f 100/56/61 99/55/60 98/54/59
f 100/56/61 98/54/59 101/57/62
f 103/58/63 102/59/64 104/60/65
f 105/61/66 103/58/63 104/60/65
f 106/62/67 105/61/66 104/60/65
f 100/56/61 106/62/67 104/60/65
f 99/55/60 100/56/61 104/60/65
f 99/55/60 104/60/65 107/63/68
f 109/64/69 108/65/70 110/66/71
f 111/67/72 109/64/69 110/66/71
f 106/62/67 111/67/72 110/66/71
f 106/62/67 110/66/71 105/61/66
f 46/20/23 112/68/73 113/69/74
f 41/17/20 46/20/23 113/69/74
f 41/17/20 113/69/74 114/40/75
f 117/39/76 41/17/20 114/40/75
f 123/70/77 120/43/78 63/35/38
f 123/70/77 63/35/38 66/36/39
f 126/71/45 123/70/77 66/36/39
f 54/28/31 126/71/45 66/36/39
f 54/28/31 66/36/39 55/29/32
f 79/43/46 127/70/79 130/72/80
f 79/43/46 130/72/80 133/73/81
f 78/42/45 79/43/46 133/73/81
f 136/74/82 78/42/45 133/73/81
f 136/74/82 133/73/81 138/75/83
f 72/39/42 78/42/45 136/74/82
f 72/39/42 136/74/82 141/76/84
f 143/77/85 72/39/42 141/76/84
f 143/77/85 141/76/84 146/78/86
f 149/79/87 18/11/11 15/10/10
f 150/80/88 149/79/87 15/10/10
f 150/80/88 15/10/10 152/16/89
f 158/81/90 155/82/91 160/83/92
f 158/81/90 160/83/92 163/84/93
f 27/15/16 158/81/90 163/84/93
f 27/15/16 163/84/93 165/85/94
f 29/16/17 27/15/16 165/85/94
f 29/16/17 165/85/94 167/86/95
f 126/71/45 54/28/31 170/87/96
f 126/71/45 170/87/96 171/88/97
f 123/70/77 126/71/45 171/88/97
f 172/72/98 123/70/77 171/88/97
f 172/72/98 171/88/97 175/89/99
f 179/90/100 176/91/101 182/92/102
f 184/93/103 179/90/100 182/92/102
f 184/93/103 182/92/102 185/83/104
f 184/93/103 185/83/104 188/82/105
f 191/94/106 184/93/103 188/82/105
f 192/95/107 191/94/106 188/82/105
f 192/95/107 188/82/105 193/81/108
f 192/95/107 193/81/108 195/96/109
f 196/97/110 192/95/107 195/96/109
f 200/91/111 197/90/112 203/98/113
f 200/91/111 203/98/113 205/99/114
f 200/91/111 205/99/114 207/100/115
f 209/92/116 200/91/111 207/100/115
f 209/92/116 207/100/115 211/101/117
f 160/83/92 209/92/116 211/101/117
f 160/83/92 211/101/117 163/84/93
f 179/90/118 213/102/119 214/103/120
f 215/98/121 179/90/118 214/103/120
f 43/19/22 215/98/121 214/103/120
f 47/21/24 43/19/22 214/103/120
f 47/21/24 214/103/120 217/104/122
f 60/34/37 218/41/123 114/40/75
f 58/31/34 60/34/37 114/40/75
f 58/31/34 114/40/75 113/69/74
f 222/14/124 221/105/125 195/96/109
f 225/15/126 222/14/124 195/96/109
f 225/15/126 195/96/109 193/81/108
f 203/98/113 227/19/127 230/18/128
f 205/99/114 203/98/113 230/18/128
f 233/106/129 205/99/114 230/18/128
f 233/106/129 230/18/128 235/17/130
f 143/77/85 233/106/129 235/17/130
f 143/77/85 235/17/130 72/39/42
f 109/64/69 111/67/72 237/107/131
f 238/108/132 109/64/69 237/107/131
f 238/108/132 237/107/131 239/109/133
f 238/108/132 239/109/133 2/1/1
f 238/108/132 2/1/1 4/4/4
f 240/110/134 238/108/132 4/4/4
f 80/111/46 121/112/78 128/113/79
f 128/113/79 121/112/78 124/114/135
f 33/115/136 11/116/137 25/117/138
f 25/117/138 11/116/137 6/118/139
f 70/119/43 115/120/140 76/121/141
f 76/121/141 115/120/140 219/122/123
f 86/123/142 61/124/37 83/125/47
f 83/125/47 61/124/37 64/126/143
f 30/127/144 153/128/145 36/129/146
f 36/129/146 153/128/145 16/130/147
f 241/131/148 134/132/149 173/133/150
f 173/133/150 134/132/149 131/134/151
f 139/135/83 243/136/152 250/137/153
f 137/138/154 139/135/83 250/137/153
f 137/138/154 250/137/153 251/139/155
f 142/140/156 137/138/154 251/139/155
f 142/140/156 251/139/155 246/141/157
f 147/142/86 142/140/156 246/141/157
f 245/143/158 168/144/95 166/145/94
f 257/146/159 245/143/158 166/145/94
f 257/146/159 166/145/94 164/147/93
f 256/148/160 257/146/159 164/147/93
f 256/148/160 164/147/93 212/149/161
f 255/150/162 256/148/160 212/149/161
f 255/150/162 212/149/161 208/151/163
f 254/152/164 255/150/162 208/151/163
f 254/152/164 208/151/163 206/153/165
f 253/154/166 254/152/164 206/153/165
f 253/154/166 206/153/165 234/155/167
f 252/156/168 253/154/166 234/155/167
f 252/156/168 234/155/167 144/157/85
f 248/158/169 252/156/168 144/157/85
f 194/159/170 189/160/171 156/161/172
f 194/159/170 156/161/172 159/162/173
f 226/163/126 194/159/170 159/162/173
f 226/163/126 159/162/173 28/164/16
f 223/165/174 226/163/126 28/164/16
f 223/165/174 28/164/16 22/166/175
f 183/167/176 177/168/177 201/169/178
f 183/167/176 201/169/178 210/170/179
f 186/171/180 183/167/176 210/170/179
f 186/171/180 210/170/179 161/172/181
f 204/153/182 198/173/112 180/174/183
f 204/153/182 180/174/183 216/154/184
f 228/175/185 204/153/182 216/154/184
f 228/175/185 216/154/184 44/176/186
f 42/177/187 118/178/188 73/179/42
f 42/177/187 73/179/42 236/180/189
f 39/181/21 42/177/187 236/180/189
f 39/181/21 236/180/189 231/182/128
f 157/183/190 190/184/191 162/185/192
f 162/185/192 190/184/191 187/186/180
f 37/187/193 17/188/194 34/189/195
f 34/189/195 17/188/194 12/190/7
f 247/191/157 249/192/169 148/193/196
f 148/193/196 249/192/169 145/194/197
f 26/195/138 7/196/198 9/197/5
f 23/198/175 26/195/138 9/197/5
f 23/198/175 9/197/5 224/199/174
f 169/200/95 245/143/199 151/201/200
f 31/202/201 169/200/95 151/201/200
f 31/202/201 151/201/200 154/203/89
f 242/204/202 244/143/203 135/205/204
f 135/205/204 244/143/203 140/144/83
f 125/206/205 174/207/206 129/208/79
f 129/208/79 174/207/206 132/209/207
f 202/210/208 178/211/177 199/212/209
f 199/212/209 178/211/177 181/213/100
f 74/214/210 119/215/188 71/216/43
f 71/216/43 119/215/188 116/217/75
f 229/218/211 45/219/212 232/220/213
f 232/220/213 45/219/212 40/221/214
f 84/222/47 65/223/215 81/224/216
f 81/224/216 65/223/215 122/225/217
f 77/226/218 220/227/219 87/228/48
f 87/228/48 220/227/219 62/229/37
o _3d590d6a_dds
v 1.572441 2.712689 -2.428956
v 1.649098 2.657279 -2.363292
v 1.605622 2.660376 -2.331192
v 1.917868 2.139772 -2.366982
v 1.890761 1.988568 -2.366610
v 1.808247 1.992082 -2.179500
v 1.833406 2.144059 -2.173674
v 1.903504 2.271970 -2.371298
v 1.824495 2.276254 -2.191937
v 1.760855 2.405296 -2.395225
v 1.714926 2.408025 -2.290240
v 1.670895 2.655721 -2.413265
v 1.622540 2.413445 -2.222559
v 1.894972 2.140883 -2.576372
v 1.868240 1.989299 -2.569796
v 1.882133 2.273088 -2.566341
v 1.748259 2.406047 -2.509227
v 1.665173 2.656098 -2.467164
v 1.666509 2.284773 -2.075908
v 1.770437 2.146639 -2.746400
v 1.770437 2.146639 -2.746400
v 1.747573 1.994277 -2.734775
v 1.747573 1.994277 -2.734775
v 1.766104 2.279235 -2.724335
v 1.766104 2.279235 -2.724335
v 1.680577 2.409891 -2.601614
v 1.680577 2.409891 -2.601614
v 1.633073 2.658020 -2.511029
v 1.633073 2.658020 -2.511029
v 1.663387 2.151801 -2.049135
v 1.577521 2.155499 -2.831639
v 1.560473 2.001585 -2.817292
v 1.586751 2.288481 -2.803351
v 1.575986 2.416061 -2.647934
v 1.583487 2.661494 -2.532826
v 1.583487 2.661494 -2.532826
v 1.643665 1.998658 -2.058444
v 1.368139 2.165540 -2.808358
v 1.357291 2.009691 -2.794775
v 1.392487 2.298915 -2.781980
v 1.462374 2.422631 -2.635337
v 1.529592 2.665362 -2.527106
v 1.529592 2.665362 -2.527106
v 1.551723 2.663857 -2.325083
v 1.198508 2.173675 -2.683821
v 1.192707 2.016271 -2.674107
v 1.234501 2.307434 -2.665950
v 1.369992 2.428054 -2.567655
v 1.485728 2.668458 -2.495007
v 1.485728 2.668458 -2.495007
v 1.508933 2.420018 -2.209965
v 1.113658 2.177572 -2.490511
v 1.110583 2.019398 -2.486995
v 1.155491 2.311722 -2.486590
v 1.324063 2.430783 -2.462674
v 1.463931 2.670016 -2.445033
v 1.471857 2.295204 -2.054541
v 1.136554 2.176845 -2.281123
v 1.132713 2.018670 -2.283422
v 1.176862 2.310604 -2.291546
v 1.336268 2.430032 -2.348669
v 1.469653 2.669643 -2.391134
v 1.454003 2.161845 -2.026243
v 1.261089 2.171092 -2.111095
v 1.253381 2.014075 -2.118832
v 1.292892 2.304457 -2.133554
v 1.403951 2.426188 -2.256282
v 1.501754 2.667330 -2.347268
v 1.440484 2.006767 -2.036312
v -1.886523 1.487536 -1.514753
v -1.900597 1.452657 -1.443822
v -1.933126 1.451095 -1.462874
v -1.765976 1.168553 -1.243094
v -1.765976 1.168553 -1.243094
v -1.756253 1.079382 -1.251202
v -1.896974 1.073153 -1.251831
v -1.896974 1.073153 -1.251831
v -1.910962 1.161543 -1.243733
v -1.862605 1.454215 -1.443758
v -1.862605 1.454215 -1.443758
v -1.639860 1.174379 -1.315373
v -1.634016 1.084825 -1.321161
v -1.829621 1.455770 -1.462695
v -1.829621 1.455770 -1.462695
v -1.810568 1.456931 -1.495617
v -1.810568 1.456931 -1.495617
v -1.711329 1.310018 -1.474867
v -1.750993 1.308089 -1.406314
v -1.810501 1.456921 -1.533610
v -1.810501 1.456921 -1.533610
v -1.711191 1.310005 -1.553564
v -2.018578 1.067684 -1.322602
v -2.036439 1.155687 -1.316836
v -1.829051 1.455750 -1.566596
v -1.952067 1.450308 -1.495862
v -1.763870 1.168441 -1.785465
v -1.754173 1.079277 -1.777287
v -1.632569 1.084745 -1.706519
v -1.638393 1.174300 -1.712362
v -1.861971 1.454185 -1.585648
v -1.909246 1.161434 -1.786105
v -1.895285 1.073044 -1.777920
v -1.899963 1.452627 -1.585715
v -2.035363 1.155995 -1.713826
v -2.017135 1.067605 -1.707961
v -1.965769 1.297919 -1.623015
v -2.028424 1.216477 -1.697933
v -1.912782 1.221912 -1.764800
v -1.897470 1.301026 -1.662054
v -1.932946 1.451075 -1.566775
v -2.108072 1.152515 -1.588340
v -2.088290 1.064902 -1.585964
v -1.952000 1.450301 -1.533854
v -2.088536 1.064932 -1.444845
v -2.108715 1.152545 -1.442961
v -1.914428 1.222018 -1.265073
v -1.780685 1.228251 -1.264455
v -1.780685 1.228251 -1.264455
v -1.898371 1.301089 -1.367412
v -1.819675 1.304979 -1.367275
v -1.819675 1.304979 -1.367275
v -1.966531 1.297963 -1.407074
v -1.664654 1.233299 -1.331324
v -2.029836 1.216549 -1.332344
v -1.566759 1.177469 -1.440858
v -1.563249 1.087914 -1.443160
v -1.597388 1.236392 -1.446738
v -1.566507 1.177439 -1.586238
v -1.562615 1.087884 -1.584274
v -1.596766 1.236359 -1.580876
v -1.663243 1.233223 -1.696909
v -1.750227 1.308046 -1.622254
v -1.779038 1.228142 -1.764181
v -1.818387 1.304920 -1.661916
v -2.005567 1.296391 -1.475763
v -2.096313 1.213413 -1.448377
v -2.095691 1.213387 -1.582518
v -2.005429 1.296374 -1.554463
vn 0.6255 0.6290 0.4615
vn 0.0750 0.9972 -0.0004
vn 0.3162 0.6557 0.6857
vn 0.9724 -0.1743 0.1548
vn 0.9881 -0.0324 0.1504
vn 0.7644 -0.1498 0.6271
vn 0.7808 -0.0076 0.6247
vn 0.8939 0.4281 0.1330
vn 0.7091 0.4452 0.5469
vn 0.8096 0.5748 0.1189
vn 0.6442 0.5881 0.4890
vn 0.7794 0.6163 0.1127
vn 0.3163 0.6142 0.7230
vn 0.9157 -0.1768 -0.3609
vn 0.9311 -0.0303 -0.3635
vn 0.8440 0.4318 -0.3182
vn 0.7645 0.5784 -0.2848
vn 0.7370 0.6200 -0.2693
vn 0.3441 0.4747 0.8101
vn 0.6110 -0.1509 -0.7771
vn 0.6263 -0.0023 -0.7796
vn 0.5743 0.4543 -0.6810
vn 0.5229 0.5979 -0.6075
vn 0.5092 0.6378 -0.5779
vn 0.3642 0.0360 0.9306
vn 0.1373 -0.1067 -0.9848
vn 0.1541 0.0424 -0.9871
vn 0.6109 -0.1509 -0.7772
vn 0.6262 -0.0024 -0.7796
vn 0.1613 0.4883 -0.8576
vn 0.5742 0.4543 -0.6811
vn 0.1533 0.6272 -0.7636
vn 0.5228 0.5979 -0.6076
vn 0.1627 0.6679 -0.7262
vn 0.5092 0.6377 -0.5780
vn 0.1627 0.6680 -0.7262
vn 0.3473 -0.1021 0.9322
vn -0.3738 -0.0544 -0.9259
vn -0.3576 0.0922 -0.9293
vn -0.2815 0.5248 -0.8033
vn -0.2404 0.6582 -0.7134
vn -0.2122 0.6998 -0.6821
vn -0.2122 0.6999 -0.6820
vn -0.0628 0.6863 0.7246
vn -0.7851 -0.0093 -0.6193
vn -0.7699 0.1343 -0.6238
vn -0.6362 0.5543 -0.5367
vn -0.5542 0.6835 -0.4751
vn -0.5162 0.7250 -0.4559
vn -0.5162 0.7251 -0.4559
vn -0.0802 0.6461 0.7591
vn -0.9887 0.0161 -0.1489
vn -0.9760 0.1562 -0.1516
vn -0.8124 0.5684 -0.1303
vn -0.7090 0.6957 -0.1155
vn -0.6659 0.7377 -0.1111
vn -0.1013 0.5115 0.8533
vn -0.9325 0.0173 0.3607
vn -0.9201 0.1556 0.3593
vn -0.7646 0.5649 0.3104
vn -0.6671 0.6928 0.2738
vn -0.6259 0.7343 0.2627
vn -0.1474 0.0855 0.9854
vn -0.6313 -0.0070 0.7755
vn -0.6174 0.1300 0.7758
vn -0.5056 0.5446 0.6691
vn -0.4390 0.6742 0.5939
vn -0.4060 0.7156 0.5684
vn -0.1640 -0.0497 0.9852
vn -0.2281 0.6777 0.6990
vn -0.0660 0.9978 -0.0003
vn -0.5618 0.6439 0.5194
vn 0.2707 -0.0577 0.9609
vn 0.2451 0.1578 0.9566
vn -0.2414 -0.1262 0.9622
vn -0.2654 0.0885 0.9601
vn -0.2415 -0.1262 0.9622
vn 0.1431 0.7129 0.6865
vn 0.7117 0.0005 0.7025
vn 0.6822 0.2179 0.6979
vn 0.4485 0.7433 0.4962
vn 0.6490 0.7382 0.1840
vn 0.6219 0.7618 0.1812
vn 0.4720 0.7210 0.5073
vn 0.4486 0.7433 0.4963
vn 0.6219 0.7619 0.1812
vn 0.6501 0.7382 -0.1803
vn 0.6232 0.7618 -0.1770
vn 0.6231 0.7618 -0.1769
vn -0.6857 -0.1854 0.7039
vn -0.7101 0.0290 0.7035
vn 0.4526 0.7430 -0.4930
vn -0.7568 0.6249 0.1920
vn 0.2784 -0.0577 -0.9587
vn 0.2525 0.1581 -0.9546
vn 0.7168 0.0010 -0.6972
vn 0.6882 0.2168 -0.6923
vn 0.1459 0.7130 -0.6858
vn -0.2341 -0.1264 -0.9639
vn -0.2587 0.0889 -0.9619
vn -0.2240 0.6776 -0.7005
vn -0.6805 -0.1868 -0.7085
vn -0.7057 0.0329 -0.7078
vn -0.6204 0.5129 -0.5933
vn -0.5712 0.6110 -0.5482
vn -0.2448 0.5517 -0.7973
vn -0.2218 0.6484 -0.7283
vn -0.5584 0.6438 -0.5233
vn -0.9397 -0.2201 -0.2620
vn -0.9650 -0.0035 -0.2624
vn -0.7560 0.6250 -0.1946
vn -0.9407 -0.2219 0.2567
vn -0.9669 -0.0050 0.2551
vn -0.2500 0.5517 0.7957
vn 0.1728 0.5989 0.7820
vn -0.2265 0.6485 0.7268
vn 0.1552 0.6886 0.7083
vn -0.5753 0.6109 0.5439
vn 0.1729 0.5989 0.7819
vn 0.5241 0.6391 0.5629
vn 0.1553 0.6886 0.7083
vn 0.1432 0.7129 0.6865
vn -0.6257 0.5097 0.5906
vn 0.9342 0.2479 0.2564
vn 0.9658 0.0321 0.2575
vn 0.7218 0.6605 0.2065
vn 0.9360 0.2478 -0.2499
vn 0.9673 0.0360 -0.2512
vn 0.7251 0.6583 -0.2022
vn 0.5285 0.6378 -0.5603
vn 0.4759 0.7207 -0.5041
vn 0.1774 0.5996 -0.7804
vn 0.1604 0.6879 -0.7078
vn -0.7842 0.5873 0.2002
vn -0.8471 0.4856 0.2159
vn -0.8452 0.4863 -0.2218
vn -0.7832 0.5871 -0.2049
vt 6.730400 0.148400
vt 7.417900 0.000000
vt 6.199200 0.140600
vt 7.167900 2.000000
vt 7.199200 1.570300
vt 6.480400 2.000000
vt 6.511700 1.570300
vt 7.199200 1.203100
vt 6.542900 1.195300
vt 7.199200 0.843700
vt 6.574200 0.835900
vt 7.230400 0.148400
vt 5.949200 0.835900
vt 7.855400 2.000000
vt 7.855400 1.570300
vt 7.855400 1.203100
vt 7.824200 0.843700
vt 7.761700 0.148400
vt 5.886700 1.187500
vt 8.542900 2.000000
vt 8.511700 1.570300
vt 8.511700 1.195300
vt 8.449200 0.835900
vt 8.261700 0.148400
vt 5.855400 1.562500
vt 1.199200 2.000000
vt 1.199200 1.562500
vt 0.542900 2.000000
vt 0.511700 1.570300
vt 1.167900 1.187500
vt 0.511700 1.195300
vt 1.105400 0.835900
vt 0.449200 0.835900
vt 0.824200 0.140600
vt 0.261700 0.148400
vt 8.824200 0.140600
vt 5.824200 1.992200
vt 1.886700 2.000000
vt 1.855400 1.562500
vt 1.824200 1.179700
vt 1.761700 0.828100
vt 1.449200 0.140600
vt 9.449200 0.140600
vt 5.574200 0.140600
vt 2.542900 1.992200
vt 2.511700 1.554700
vt 2.511700 1.171900
vt 2.449200 0.820300
vt 2.199200 0.132800
vt 10.199200 0.132800
vt 5.292900 0.828100
vt 3.199200 1.992200
vt 3.199200 1.546900
vt 3.167900 1.171900
vt 3.167900 0.820300
vt 3.074200 0.132800
vt 5.199200 1.179700
vt 3.855400 1.992200
vt 3.855400 1.546900
vt 3.855400 1.171900
vt 3.886700 0.820300
vt 4.042900 0.132800
vt 5.199200 1.554700
vt 4.511700 1.992200
vt 4.511700 1.554700
vt 4.542900 1.171900
vt 4.605400 0.820300
vt 4.886700 0.132800
vt 5.167900 1.992200
vt 7.531300 0.164100
vt 6.312500 0.000000
vt 7.031300 0.164100
vt 0.687500 1.992200
vt 0.656300 1.562500
vt 0.031300 1.992200
vt 8.656300 1.562500
vt 8.000000 1.562500
vt 8.031300 1.992200
vt 8.125000 0.164100
vt 1.343800 1.992200
vt 1.343800 1.562500
vt 8.812500 0.164100
vt 1.968800 0.890600
vt 1.781300 0.164100
vt 1.250000 0.890600
vt 0.812500 0.164100
vt 9.781300 0.164100
vt 2.718800 0.890600
vt 2.937500 0.164100
vt 10.937500 0.164100
vt 7.375000 1.992200
vt 7.343800 1.562500
vt 3.875000 0.164100
vt 6.562500 0.164100
vt 3.968800 2.000000
vt 4.000000 1.570300
vt 3.312500 2.000000
vt 3.343800 1.562500
vt 4.562500 0.164100
vt 4.625000 2.000000
vt 4.656300 1.570300
vt 5.125000 0.164100
vt 5.312500 2.000000
vt 5.343800 1.570300
vt 5.343800 1.281300
vt 5.406300 0.898400
vt 4.687500 1.281300
vt 4.781300 0.898400
vt 5.625000 0.164100
vt 6.000000 2.000000
vt 6.000000 1.570300
vt 6.093800 0.164100
vt 6.687500 2.000000
vt 6.656300 1.570300
vt 7.968800 1.273400
vt 8.625000 1.265600
vt 7.875000 0.890600
vt 8.531300 0.890600
vt 7.250000 0.898400
vt 0.625000 1.265600
vt 1.312500 1.265600
vt 0.531300 0.890600
vt 0.125000 0.164100
vt 7.312500 1.273400
vt 2.000000 1.562500
vt 2.000000 1.992200
vt 2.000000 1.265600
vt 2.656300 1.562500
vt 2.656300 1.992200
vt 2.687500 1.273400
vt 3.343800 1.273400
vt 3.437500 0.898400
vt 4.031300 1.273400
vt 4.125000 0.898400
vt 6.625000 0.898400
vt 6.656300 1.281300
vt 6.000000 1.281300
vt 6.031300 0.898400
s 1
usemtl 3d590d6a_dds
f 259/230/220 258/231/221 260/232/222
f 262/233/223 261/234/224 263/235/225
f 261/234/224 264/236/226 263/235/225
f 261/234/224 265/237/227 264/236/226
f 265/237/227 266/238/228 264/236/226
f 265/237/227 267/239/229 266/238/228
f 267/239/229 268/240/230 266/238/228
f 267/239/229 269/241/231 268/240/230
f 269/241/231 259/230/220 268/240/230
f 269/241/231 258/231/221 259/230/220
f 268/240/230 259/230/220 270/242/232
f 259/230/220 260/232/222 270/242/232
f 272/243/233 271/244/234 262/233/223
f 273/245/235 265/237/227 261/234/224
f 273/245/235 274/246/236 265/237/227
f 274/246/236 267/239/229 265/237/227
f 274/246/236 275/247/237 267/239/229
f 275/247/237 269/241/231 267/239/229
f 275/247/237 258/231/221 269/241/231
f 266/238/228 268/240/230 276/248/238
f 268/240/230 270/242/232 276/248/238
f 279/249/239 277/250/240 272/243/233
f 277/250/240 271/244/234 272/243/233
f 277/250/240 281/251/241 271/244/234
f 281/251/241 273/245/235 271/244/234
f 281/251/241 283/252/242 273/245/235
f 283/252/242 274/246/236 273/245/235
f 283/252/242 285/253/243 274/246/236
f 285/253/243 275/247/237 274/246/236
f 285/253/243 258/231/221 275/247/237
f 264/236/226 266/238/228 287/254/244
f 266/238/228 276/248/238 287/254/244
f 289/255/245 288/256/246 280/257/247
f 288/256/246 278/258/248 280/257/247
f 288/256/246 290/259/249 278/258/248
f 290/259/249 282/260/250 278/258/248
f 290/259/249 291/261/251 282/260/250
f 291/261/251 284/262/252 282/260/250
f 291/261/251 292/263/253 284/262/252
f 292/263/253 286/264/254 284/262/252
f 293/265/255 258/231/221 285/253/243
f 263/235/225 264/236/226 294/266/256
f 264/236/226 287/254/244 294/266/256
f 296/267/257 295/268/258 289/255/245
f 295/268/258 288/256/246 289/255/245
f 295/268/258 297/269/259 288/256/246
f 297/269/259 290/259/249 288/256/246
f 297/269/259 298/270/260 290/259/249
f 298/270/260 291/261/251 290/259/249
f 298/270/260 299/271/261 291/261/251
f 299/271/261 292/263/253 291/261/251
f 300/272/262 258/231/221 293/265/255
f 260/232/222 258/231/221 301/273/263
f 303/274/264 302/275/265 296/267/257
f 302/275/265 295/268/258 296/267/257
f 302/275/265 304/276/266 295/268/258
f 304/276/266 297/269/259 295/268/258
f 304/276/266 305/277/267 297/269/259
f 305/277/267 298/270/260 297/269/259
f 305/277/267 306/278/268 298/270/260
f 306/278/268 299/271/261 298/270/260
f 307/279/269 258/231/221 300/272/262
f 270/242/232 260/232/222 308/280/270
f 260/232/222 301/273/263 308/280/270
f 310/281/271 309/282/272 303/274/264
f 309/282/272 302/275/265 303/274/264
f 309/282/272 311/283/273 302/275/265
f 311/283/273 304/276/266 302/275/265
f 311/283/273 312/284/274 304/276/266
f 312/284/274 305/277/267 304/276/266
f 312/284/274 313/285/275 305/277/267
f 313/285/275 306/278/268 305/277/267
f 313/285/275 258/231/221 306/278/268
f 276/248/238 270/242/232 314/286/276
f 270/242/232 308/280/270 314/286/276
f 316/287/277 315/288/278 310/281/271
f 315/288/278 309/282/272 310/281/271
f 315/288/278 317/289/279 309/282/272
f 317/289/279 311/283/273 309/282/272
f 317/289/279 318/290/280 311/283/273
f 318/290/280 312/284/274 311/283/273
f 318/290/280 319/291/281 312/284/274
f 319/291/281 313/285/275 312/284/274
f 319/291/281 258/231/221 313/285/275
f 287/254/244 276/248/238 320/292/282
f 276/248/238 314/286/276 320/292/282
f 322/293/283 321/294/284 316/287/277
f 321/294/284 315/288/278 316/287/277
f 321/294/284 323/295/285 315/288/278
f 323/295/285 317/289/279 315/288/278
f 323/295/285 324/296/286 317/289/279
f 324/296/286 318/290/280 317/289/279
f 324/296/286 325/297/287 318/290/280
f 325/297/287 319/291/281 318/290/280
f 325/297/287 258/231/221 319/291/281
f 294/266/256 287/254/244 326/298/288
f 287/254/244 320/292/282 326/298/288
f 320/292/282 314/286/276 321/294/284
f 314/286/276 323/295/285 321/294/284
f 314/286/276 308/280/270 323/295/285
f 308/280/270 324/296/286 323/295/285
f 308/280/270 301/273/263 324/296/286
f 301/273/263 325/297/287 324/296/286
f 301/273/263 258/231/221 325/297/287
f 273/245/235 261/234/224 271/244/234
f 271/244/234 261/234/224 262/233/223
f 321/294/284 322/293/283 320/292/282
f 320/292/282 322/293/283 326/298/288
f 328/299/289 327/300/290 329/301/291
f 332/302/292 330/303/293 333/304/294
f 331/305/293 335/306/295 334/307/296
f 336/308/297 327/300/290 328/299/289
f 339/309/298 338/310/299 332/302/292
f 338/310/299 330/303/293 332/302/292
f 340/311/300 327/300/290 336/308/297
f 344/312/301 342/313/302 345/314/303
f 342/313/302 341/315/304 345/314/303
f 343/316/305 327/300/290 340/311/300
f 348/317/306 346/318/307 344/312/301
f 346/318/307 342/313/302 344/312/301
f 347/319/308 327/300/290 343/316/305
f 334/307/296 335/306/295 349/320/309
f 335/306/295 350/321/310 349/320/309
f 351/322/311 327/300/290 346/318/307
f 329/301/291 327/300/290 352/323/312
f 354/324/313 353/325/314 355/326/315
f 353/325/314 356/327/316 355/326/315
f 357/328/317 327/300/290 351/322/311
f 359/329/318 358/330/319 354/324/313
f 358/330/319 353/325/314 354/324/313
f 360/331/320 327/300/290 357/328/317
f 362/332/321 361/333/322 359/329/318
f 361/333/322 358/330/319 359/329/318
f 364/334/323 363/335/324 365/336/325
f 363/335/324 366/337/326 365/336/325
f 367/338/327 327/300/290 360/331/320
f 369/339/328 368/340/329 362/332/321
f 368/340/329 361/333/322 362/332/321
f 370/341/330 327/300/290 367/338/327
f 349/320/309 350/321/310 371/342/331
f 350/321/310 372/343/332 371/342/331
f 352/323/312 327/300/290 370/341/330
f 373/344/333 335/306/295 374/345/334
f 374/345/334 335/306/295 331/305/293
f 376/346/335 373/344/333 377/347/336
f 377/347/336 373/344/333 374/345/334
f 328/299/289 376/346/335 336/308/297
f 336/308/297 376/346/335 377/347/336
f 329/301/291 379/348/337 328/299/289
f 328/299/289 379/348/337 376/346/335
f 375/349/338 330/303/293 380/350/339
f 380/350/339 330/303/293 338/310/299
f 378/351/340 375/349/338 345/314/303
f 345/314/303 375/349/338 380/350/339
f 337/352/341 378/351/340 341/315/304
f 341/315/304 378/351/340 345/314/303
f 379/348/337 381/353/342 376/346/335
f 376/346/335 381/353/342 373/344/333
f 338/310/299 339/309/298 382/354/343
f 382/354/343 339/309/298 383/355/344
f 380/350/339 338/310/299 384/356/345
f 384/356/345 338/310/299 382/354/343
f 345/314/303 380/350/339 344/312/301
f 344/312/301 380/350/339 384/356/345
f 381/353/342 350/321/310 373/344/333
f 373/344/333 350/321/310 335/306/295
f 382/354/343 383/355/344 385/357/346
f 385/357/346 383/355/344 386/358/347
f 384/356/345 382/354/343 387/359/348
f 387/359/348 382/354/343 385/357/346
f 344/312/301 384/356/345 348/317/306
f 348/317/306 384/356/345 387/359/348
f 385/357/346 386/358/347 356/327/316
f 356/327/316 386/358/347 355/326/315
f 387/359/348 385/357/346 388/360/349
f 388/360/349 385/357/346 356/327/316
f 348/317/306 387/359/348 389/361/350
f 389/361/350 387/359/348 388/360/349
f 346/318/307 348/317/306 351/322/311
f 351/322/311 348/317/306 389/361/350
f 388/360/349 356/327/316 390/362/351
f 390/362/351 356/327/316 353/325/314
f 389/361/350 388/360/349 391/363/352
f 391/363/352 388/360/349 390/362/351
f 351/322/311 389/361/350 357/328/317
f 357/328/317 389/361/350 391/363/352
f 352/323/312 392/364/353 329/301/291
f 329/301/291 392/364/353 379/348/337
f 390/362/351 353/325/314 365/336/325
f 365/336/325 353/325/314 358/330/319
f 391/363/352 390/362/351 366/337/326
f 366/337/326 390/362/351 365/336/325
f 357/328/317 391/363/352 360/331/320
f 360/331/320 391/363/352 366/337/326
f 392/364/353 393/365/354 379/348/337
f 379/348/337 393/365/354 381/353/342
f 365/336/325 358/330/319 364/334/323
f 364/334/323 358/330/319 361/333/322
f 360/331/320 366/337/326 367/338/327
f 367/338/327 366/337/326 363/335/324
f 393/365/354 372/343/332 381/353/342
f 381/353/342 372/343/332 350/321/310
f 364/334/323 361/333/322 394/366/355
f 394/366/355 361/333/322 368/340/329
f 363/335/324 364/334/323 395/367/356
f 395/367/356 364/334/323 394/366/355
f 367/338/327 363/335/324 370/341/330
f 370/341/330 363/335/324 395/367/356
f 368/340/329 369/339/328 372/343/332
f 372/343/332 369/339/328 371/342/331
f 394/366/355 368/340/329 393/365/354
f 393/365/354 368/340/329 372/343/332
f 395/367/356 394/366/355 392/364/353
f 392/364/353 394/366/355 393/365/354
f 370/341/330 395/367/356 352/323/312
f 352/323/312 395/367/356 392/364/353
o _0c5453b6_dds
v 1.771462 1.742017 -2.173697
v 1.771462 1.742017 -2.173697
v 1.739326 1.648959 -2.186915
v 1.739326 1.648959 -2.186915
v 1.517683 1.748193 -2.034962
v 1.505727 1.653203 -2.059777
v 1.240250 1.754710 -2.116475
v 1.250769 1.657785 -2.135043
v 1.101905 1.758118 -2.370650
v 1.123634 1.660038 -2.368656
v 1.183413 1.756136 -2.648093
v 1.198899 1.658450 -2.623620
v 1.437192 1.749959 -2.786829
v 1.432498 1.654205 -2.750762
v 1.714622 1.743443 -2.705319
v 1.687452 1.649623 -2.675492
v 1.852969 1.740036 -2.451141
v 1.814590 1.647371 -2.441882
v 1.743259 1.562070 -2.429971
v 1.681643 1.562871 -2.221889
v 1.681643 1.562871 -2.221889
v 1.639692 1.563556 -2.620507
v 1.431619 1.565828 -2.682126
v 1.241094 1.568525 -2.578556
v 1.179479 1.569329 -2.370477
v 1.283043 1.567843 -2.179553
v 1.491115 1.565571 -2.117935
v -1.833559 0.771913 -1.346256
v -1.833559 0.771913 -1.346256
v -1.857321 0.833175 -1.287379
v -1.857321 0.833175 -1.287379
v -1.701334 0.776204 -1.363083
v -1.678954 0.839411 -1.310333
v -1.678954 0.839411 -1.310333
v -1.619741 0.778522 -1.468780
v -1.568997 0.842895 -1.452811
v -1.677062 0.907257 -1.292510
v -1.677062 0.907257 -1.292510
v -1.557391 0.911515 -1.447377
v -1.591947 0.842078 -1.631185
v -1.582250 0.910697 -1.641650
v -1.734029 0.837370 -1.741150
v -1.737110 0.904822 -1.761328
v -1.912395 0.831134 -1.718586
v -1.930985 0.897812 -1.736463
v -2.022352 0.827653 -1.576105
v -2.050656 0.893551 -1.581597
v -1.999402 0.828471 -1.397731
v -2.025798 0.894374 -1.387323
v -1.870937 0.900247 -1.267645
v -1.939248 0.768774 -1.427852
v -1.956078 0.768353 -1.560085
v -1.874483 0.770676 -1.665781
v -1.742258 0.774963 -1.682608
v -1.636568 0.778106 -1.601012
vn 0.6803 -0.4649 0.5666
vn 0.7405 -0.3379 0.5809
vn 0.1120 -0.2642 0.9579
vn 0.0837 -0.4027 0.9115
vn -0.6140 -0.2122 0.7602
vn -0.5920 -0.3582 0.7220
vn -0.9724 -0.2137 0.0935
vn -0.9276 -0.3595 0.1013
vn -0.7417 -0.2708 -0.6137
vn -0.7180 -0.4063 -0.5651
vn -0.0952 -0.3458 -0.9335
vn -0.1075 -0.4682 -0.8771
vn 0.5736 -0.3934 -0.7185
vn 0.5348 -0.5101 -0.6737
vn 0.9147 -0.3892 -0.1090
vn 0.8570 -0.5079 -0.0866
vn 0.7406 -0.3379 0.5809
vn 0.6803 -0.4649 0.5665
vn 0.9784 0.1806 -0.1005
vn 0.7554 0.2227 0.6162
vn 0.6193 0.1750 -0.7654
vn -0.1073 0.2124 -0.9713
vn -0.7542 0.2557 -0.6048
vn -0.9507 0.2927 0.1029
vn -0.5997 0.2997 0.7420
vn 0.0964 0.2637 0.9598
vn 0.7554 0.2228 0.6162
vn -0.2020 -0.5072 0.8378
vn -0.2524 0.2367 0.9382
vn 0.4780 0.2818 0.8319
vn 0.4640 -0.4404 0.7687
vn 0.9158 0.3160 0.2479
vn 0.8865 -0.3988 0.2348
vn 0.4759 -0.2359 0.8473
vn 0.9483 -0.1812 0.2607
vn 0.7973 -0.4087 -0.4441
vn 0.8483 -0.1950 -0.4923
vn 0.2561 -0.4640 -0.8480
vn 0.2451 -0.2671 -0.9320
vn -0.4017 -0.5287 -0.7477
vn -0.4698 -0.3489 -0.8109
vn -0.7926 -0.5677 -0.2225
vn -0.8845 -0.4002 -0.2397
vn -0.7125 -0.5601 0.4227
vn -0.7997 -0.3910 0.4556
vn -0.2021 -0.5071 0.8378
vn -0.2531 -0.3200 0.9130
vn 0.4639 -0.4403 0.7687
vn 0.4758 -0.2359 0.8473
vn -0.8522 0.1898 0.4876
vn -0.9487 0.1832 -0.2579
vn -0.4823 0.2167 -0.8488
vn 0.2559 0.2644 -0.9298
vn 0.8247 0.3118 -0.4718
vt 8.507800 0.507800
vt 8.535200 0.007800
vt 7.515600 0.000000
vt 7.496100 0.507800
vt 6.464800 0.000000
vt 6.460900 0.515600
vt 5.410200 0.003900
vt 5.425800 0.523400
vt 4.386700 0.015600
vt 4.410200 0.527300
vt 3.410200 0.023400
vt 3.425800 0.527300
vt 2.457000 0.023400
vt 2.460900 0.523400
vt 1.507800 0.019500
vt 1.496100 0.511700
vt 0.535200 0.007800
vt 0.507800 0.507800
vt 1.480500 0.972700
vt 0.484400 0.968700
vt 2.464800 0.984400
vt 3.445300 0.992200
vt 4.437500 1.000000
vt 5.437500 0.996100
vt 6.453100 0.988300
vt 7.472700 0.976600
vt 8.484400 0.968700
vt 0.015600 0.539100
vt 0.054700 1.000000
vt 1.066400 0.996100
vt 1.023400 0.531200
vt 2.046900 0.988300
vt 2.031300 0.519500
vt 0.996100 0.027300
vt 2.019500 0.011700
vt 3.027300 0.511700
vt 3.043000 0.000000
vt 4.019500 0.511700
vt 4.050800 0.000000
vt 5.011700 0.515600
vt 5.039100 0.015600
vt 6.003900 0.531200
vt 6.015600 0.031200
vt 7.007800 0.539100
vt 6.996100 0.039100
vt 8.015600 0.539100
vt 7.984400 0.039100
vt 9.023400 0.531200
vt 8.996100 0.027300
vt 8.054700 1.000000
vt 7.023400 0.996100
vt 5.984400 0.988300
vt 4.968800 0.980500
vt 3.984400 0.980500
vt 3.015600 0.980500
s 1
usemtl 0c5453b6_dds
f 398/368/357 396/369/358 400/370/359
f 401/371/360 398/368/357 400/370/359
f 401/371/360 400/370/359 402/372/361
f 403/373/362 401/371/360 402/372/361
f 403/373/362 402/372/361 404/374/363
f 405/375/364 403/373/362 404/374/363
f 405/375/364 404/374/363 406/376/365
f 407/377/366 405/375/364 406/376/365
f 407/377/366 406/376/365 408/378/367
f 409/379/368 407/377/366 408/378/367
f 409/379/368 408/378/367 410/380/369
f 411/381/370 409/379/368 410/380/369
f 411/381/370 410/380/369 412/382/371
f 413/383/372 411/381/370 412/382/371
f 413/383/372 412/382/371 397/384/373
f 413/383/372 397/384/373 399/385/374
f 414/386/375 413/383/372 399/385/374
f 414/386/375 399/385/374 415/387/376
f 413/383/372 414/386/375 417/388/377
f 411/381/370 413/383/372 417/388/377
f 411/381/370 417/388/377 418/389/378
f 409/379/368 411/381/370 418/389/378
f 409/379/368 418/389/378 419/390/379
f 407/377/366 409/379/368 419/390/379
f 407/377/366 419/390/379 420/391/380
f 405/375/364 407/377/366 420/391/380
f 405/375/364 420/391/380 421/392/381
f 403/373/362 405/375/364 421/392/381
f 403/373/362 421/392/381 422/393/382
f 401/371/360 403/373/362 422/393/382
f 401/371/360 422/393/382 416/394/383
f 398/368/357 401/371/360 416/394/383
f 425/395/384 423/396/385 427/397/386
f 428/398/387 425/395/384 427/397/386
f 428/398/387 427/397/386 430/399/388
f 428/398/387 430/399/388 431/400/389
f 432/401/390 428/398/387 431/400/389
f 434/402/391 432/401/390 431/400/389
f 434/402/391 431/400/389 435/403/392
f 436/404/393 434/402/391 435/403/392
f 436/404/393 435/403/392 437/405/394
f 438/406/395 436/404/393 437/405/394
f 438/406/395 437/405/394 439/407/396
f 440/408/397 438/406/395 439/407/396
f 440/408/397 439/407/396 441/409/398
f 442/410/399 440/408/397 441/409/398
f 442/410/399 441/409/398 443/411/400
f 444/412/401 442/410/399 443/411/400
f 444/412/401 443/411/400 426/413/402
f 445/414/403 444/412/401 426/413/402
f 445/414/403 426/413/402 429/415/404
f 433/416/405 445/414/403 429/415/404
f 424/417/385 426/413/402 443/411/400
f 446/418/406 424/417/385 443/411/400
f 446/418/406 443/411/400 441/409/398
f 447/419/407 446/418/406 441/409/398
f 447/419/407 441/409/398 439/407/396
f 448/420/408 447/419/407 439/407/396
f 448/420/408 439/407/396 437/405/394
f 449/421/409 448/420/408 437/405/394
f 449/421/409 437/405/394 435/403/392
f 450/422/410 449/421/409 435/403/392
f 450/422/410 435/403/392 431/400/389
f 430/399/388 450/422/410 431/400/389
o b6a3d442_dds
v 1.736675 1.485306 -2.424927
v 1.736675 1.485306 -2.424927
v 1.692889 1.236019 -2.407507
v 1.692889 1.236019 -2.407507
v 1.674673 1.485723 -2.216847
v 1.636349 1.236048 -2.218414
v 1.484145 1.487254 -2.113279
v 1.462894 1.236032 -2.124509
v 1.276075 1.488753 -2.175285
v 1.273810 1.235979 -2.180663
v 1.172509 1.489464 -2.365818
v 1.179521 1.235923 -2.354123
v 1.234511 1.489051 -2.573898
v 1.236062 1.235897 -2.543603
v 1.425039 1.487519 -2.677466
v 1.409513 1.235912 -2.637511
v 1.633109 1.486023 -2.615850
v 1.598597 1.235962 -2.580967
v 1.549371 0.750968 -2.527837
v 1.631295 0.751018 -2.376498
v 1.631295 0.751018 -2.376498
v 1.549060 0.425310 -2.532424
v 1.642191 0.425366 -2.360127
v 1.642191 0.425366 -2.360127
v 1.361525 0.425260 -2.588190
v 1.383922 0.750925 -2.576976
v 1.189237 0.425244 -2.495056
v 1.232589 0.750909 -2.495048
v 1.133088 0.425273 -2.307516
v 1.183455 0.750935 -2.329981
v 1.226603 0.425330 -2.135217
v 1.265379 0.750985 -2.178639
v 1.414138 0.425376 -2.079065
v 1.430440 0.751028 -2.129117
v 1.586427 0.425396 -2.172583
v 1.582161 0.751041 -2.211429
v -1.830062 0.740124 -1.346242
v -1.830062 0.740124 -1.346242
v -1.818391 0.644753 -1.358997
v -1.818391 0.644753 -1.358997
v -1.935755 0.736984 -1.427841
v -1.915952 0.642778 -1.434376
v -1.952581 0.736564 -1.560071
v -1.931632 0.642361 -1.556525
v -1.870986 0.738886 -1.665767
v -1.856258 0.643910 -1.654094
v -1.738764 0.742787 -1.682595
v -1.734112 0.646642 -1.669774
v -1.633071 0.745930 -1.601000
v -1.636552 0.648621 -1.594395
v -1.616244 0.746346 -1.468767
v -1.620871 0.649034 -1.472246
v -1.697837 0.744024 -1.363070
v -1.696246 0.647489 -1.374678
v -1.665205 0.379993 -1.359450
v -1.800918 0.379970 -1.342239
v -1.800918 0.379970 -1.342239
v -1.642328 0.200117 -1.340764
v -1.796656 0.200090 -1.320872
v -1.796656 0.200090 -1.320872
v -1.547134 0.200110 -1.463882
v -1.581668 0.379990 -1.467856
v -1.567024 0.200074 -1.618216
v -1.599263 0.379957 -1.603190
v -1.690137 0.200030 -1.713414
v -1.707281 0.379917 -1.686729
v -1.844465 0.200001 -1.693522
v -1.842606 0.379894 -1.669521
v -1.939658 0.200007 -1.570404
v -1.926144 0.379897 -1.561502
v -1.919770 0.200044 -1.416070
v -1.908932 0.379930 -1.425781
vn 0.9825 -0.1562 -0.1010
vn 0.7702 -0.6325 -0.0827
vn 0.6204 -0.6018 0.5029
vn 0.7706 -0.1003 0.6293
vn 0.0840 -0.5592 0.8248
vn 0.1014 -0.0346 0.9942
vn -0.5379 -0.5289 0.6565
vn -0.6304 0.0019 0.7762
vn -0.8441 -0.5293 0.0856
vn -0.9945 -0.0128 0.1036
vn -0.6394 -0.5670 -0.5193
vn -0.7755 -0.0690 -0.6275
vn -0.0857 -0.6095 -0.7881
vn -0.1049 -0.1346 -0.9853
vn 0.4833 -0.6355 -0.6021
vn 0.6198 -0.1706 -0.7660
vn 0.7702 -0.6324 -0.0826
vn 0.6284 -0.0702 -0.7747
vn 0.9933 -0.0529 -0.1030
vn 0.5576 0.4655 -0.6873
vn 0.8750 0.4758 -0.0892
vn -0.0919 0.4870 -0.8685
vn -0.1037 -0.0389 -0.9939
vn -0.6623 0.5242 -0.5353
vn -0.7758 0.0233 -0.6306
vn -0.8263 0.5566 0.0862
vn -0.9916 0.0797 0.1022
vn -0.5194 0.5676 0.6388
vn -0.6283 0.0970 0.7719
vn 0.0841 0.5496 0.8312
vn 0.1031 0.0662 0.9925
vn 0.6649 0.5137 0.5422
vn 0.7768 0.0038 0.6297
vn -0.2595 -0.0593 0.9639
vn -0.1724 -0.6978 0.6953
vn -0.5931 -0.7261 0.3479
vn -0.8614 -0.1122 0.4954
vn -0.6590 -0.7294 -0.1833
vn -0.9579 -0.1200 -0.2608
vn -0.3373 -0.7101 -0.6180
vn -0.4938 -0.0795 -0.8660
vn 0.2076 -0.6762 -0.7069
vn 0.2628 -0.0142 -0.9648
vn 0.6643 -0.6493 -0.3704
vn 0.8671 0.0365 -0.4968
vn 0.7422 -0.6405 0.1973
vn 0.9641 0.0447 0.2618
vn 0.3837 -0.6621 0.6438
vn 0.4975 0.0050 0.8674
vn -0.1725 -0.6978 0.6952
vn -0.2594 -0.0593 0.9639
vn 0.4931 0.1301 0.8602
vn -0.2595 0.0764 0.9627
vn 0.3687 0.6800 0.6338
vn -0.1925 0.6611 0.7252
vn 0.6961 0.6933 0.1867
vn 0.9515 0.1668 0.2585
vn 0.6233 0.6962 -0.3560
vn 0.8565 0.1658 -0.4888
vn 0.1938 0.6856 -0.7018
vn 0.2624 0.1279 -0.9565
vn -0.3664 0.6674 -0.6484
vn -0.4940 0.0735 -0.8663
vn -0.7313 0.6517 -0.2011
vn -0.9645 0.0351 -0.2619
vn -0.6588 0.6497 0.3792
vn -0.8661 0.0364 0.4986
vn -0.1925 0.6611 0.7251
vt 4.507800 -1.285200
vt 4.539100 -1.988300
vt 4.031300 -1.988300
vt 3.968800 -1.285200
vt 3.515600 -1.992200
vt 3.464800 -1.285200
vt 3.003900 -1.996100
vt 2.992200 -1.285200
vt 2.503900 -2.000000
vt 2.531300 -1.285200
vt 2.015600 -2.000000
vt 2.066400 -1.285200
vt 1.531300 -1.996100
vt 1.578100 -1.285200
vt 1.039100 -1.988300
vt 1.058600 -1.285200
vt 0.539100 -1.988300
vt 0.507800 -1.285200
vt 1.089800 0.082000
vt 0.414100 0.082000
vt 1.101600 1.000000
vt 0.359400 1.000000
vt 1.742200 1.000000
vt 1.695300 0.082000
vt 2.214800 1.000000
vt 2.171900 0.082000
vt 2.609400 1.000000
vt 2.585900 0.082000
vt 2.980500 1.000000
vt 2.980500 0.082000
vt 3.363300 1.000000
vt 3.386700 0.082000
vt 3.796900 1.000000
vt 3.843800 0.082000
vt 4.359400 1.000000
vt 4.414100 0.082000
vt 4.253900 -0.628900
vt 4.222700 -0.976600
vt 3.707000 -0.964800
vt 3.722700 -0.621100
vt 3.199200 -0.964800
vt 3.187500 -0.621100
vt 2.703100 -0.972700
vt 2.671900 -0.625000
vt 2.214800 -0.988300
vt 2.183600 -0.636700
vt 1.730500 -1.000000
vt 1.714800 -0.644500
vt 1.238300 -1.000000
vt 1.246100 -0.644500
vt 0.734400 -0.992200
vt 0.761700 -0.636700
vt 0.222700 -0.976600
vt 0.253900 -0.628900
vt 0.820300 0.339800
vt 0.332000 0.339800
vt 0.835900 1.000000
vt 0.351600 1.000000
vt 1.265600 1.000000
vt 1.257800 0.339800
vt 1.679700 1.000000
vt 1.683600 0.339800
vt 2.105500 1.000000
vt 2.117200 0.339800
vt 2.582000 1.000000
vt 2.601600 0.339800
vt 3.144500 1.000000
vt 3.160200 0.339800
vt 3.777300 1.000000
vt 3.769500 0.339800
vt 4.351600 1.000000
vt 4.332000 0.339800
s 1
usemtl b6a3d442_dds
f 453/423/411 451/424/412 455/425/413
f 456/426/414 453/423/411 455/425/413
f 456/426/414 455/425/413 457/427/415
f 458/428/416 456/426/414 457/427/415
f 458/428/416 457/427/415 459/429/417
f 460/430/418 458/428/416 459/429/417
f 460/430/418 459/429/417 461/431/419
f 462/432/420 460/430/418 461/431/419
f 462/432/420 461/431/419 463/433/421
f 464/434/422 462/432/420 463/433/421
f 464/434/422 463/433/421 465/435/423
f 466/436/424 464/434/422 465/435/423
f 466/436/424 465/435/423 467/437/425
f 468/438/426 466/436/424 467/437/425
f 468/438/426 467/437/425 452/439/427
f 468/438/426 452/439/427 454/440/411
f 469/441/428 468/438/426 454/440/411
f 469/441/428 454/440/411 470/442/429
f 472/443/430 469/441/428 470/442/429
f 472/443/430 470/442/429 473/444/431
f 469/441/428 472/443/430 475/445/432
f 476/446/433 469/441/428 475/445/432
f 476/446/433 475/445/432 477/447/434
f 478/448/435 476/446/433 477/447/434
f 478/448/435 477/447/434 479/449/436
f 480/450/437 478/448/435 479/449/436
f 480/450/437 479/449/436 481/451/438
f 482/452/439 480/450/437 481/451/438
f 482/452/439 481/451/438 483/453/440
f 484/454/441 482/452/439 483/453/440
f 484/454/441 483/453/440 485/455/442
f 486/456/443 484/454/441 485/455/442
f 486/456/443 485/455/442 474/457/431
f 486/456/443 474/457/431 471/458/429
f 456/426/414 486/456/443 471/458/429
f 456/426/414 471/458/429 453/423/411
f 486/456/443 456/426/414 458/428/416
f 484/454/441 486/456/443 458/428/416
f 484/454/441 458/428/416 460/430/418
f 482/452/439 484/454/441 460/430/418
f 482/452/439 460/430/418 462/432/420
f 480/450/437 482/452/439 462/432/420
f 480/450/437 462/432/420 464/434/422
f 478/448/435 480/450/437 464/434/422
f 478/448/435 464/434/422 466/436/424
f 476/446/433 478/448/435 466/436/424
f 476/446/433 466/436/424 468/438/426
f 469/441/428 476/446/433 468/438/426
f 489/459/444 487/460/445 491/461/446
f 492/462/447 489/459/444 491/461/446
f 492/462/447 491/461/446 493/463/448
f 494/464/449 492/462/447 493/463/448
f 494/464/449 493/463/448 495/465/450
f 496/466/451 494/464/449 495/465/450
f 496/466/451 495/465/450 497/467/452
f 498/468/453 496/466/451 497/467/452
f 498/468/453 497/467/452 499/469/454
f 500/470/455 498/468/453 499/469/454
f 500/470/455 499/469/454 501/471/456
f 502/472/457 500/470/455 501/471/456
f 502/472/457 501/471/456 503/473/458
f 504/474/459 502/472/457 503/473/458
f 504/474/459 503/473/458 488/475/460
f 504/474/459 488/475/460 490/476/461
f 505/477/462 504/474/459 490/476/461
f 505/477/462 490/476/461 506/478/463
f 508/479/464 505/477/462 506/478/463
f 508/479/464 506/478/463 509/480/465
f 505/477/462 508/479/464 511/481/466
f 512/482/467 505/477/462 511/481/466
f 512/482/467 511/481/466 513/483/468
f 514/484/469 512/482/467 513/483/468
f 514/484/469 513/483/468 515/485/470
f 516/486/471 514/484/469 515/485/470
f 516/486/471 515/485/470 517/487/472
f 518/488/473 516/486/471 517/487/472
f 518/488/473 517/487/472 519/489/474
f 520/490/475 518/488/473 519/489/474
f 520/490/475 519/489/474 521/491/476
f 522/492/477 520/490/475 521/491/476
f 522/492/477 521/491/476 510/493/478
f 522/492/477 510/493/478 507/494/463
f 492/462/447 522/492/477 507/494/463
f 492/462/447 507/494/463 489/459/444
f 522/492/477 492/462/447 494/464/449
f 520/490/475 522/492/477 494/464/449
f 520/490/475 494/464/449 496/466/451
f 518/488/473 520/490/475 496/466/451
f 518/488/473 496/466/451 498/468/453
f 516/486/471 518/488/473 498/468/453
f 516/486/471 498/468/453 500/470/455
f 514/484/469 516/486/471 500/470/455
f 514/484/469 500/470/455 502/472/457
f 512/482/467 514/484/469 502/472/457
f 512/482/467 502/472/457 504/474/459
f 505/477/462 512/482/467 504/474/459
o b5826145_dds
v 1.919848 1.730765 -2.342080
v 1.895436 1.731103 -2.572796
v 1.758527 1.734133 -2.759902
v 1.546632 1.739115 -2.854092
v 1.316312 1.744497 -2.829297
v 1.128829 1.749139 -2.692382
v 1.035031 1.751492 -2.480482
v 1.059830 1.750767 -2.249763
v 1.196352 1.747734 -2.062274
v 1.408247 1.742758 -1.968471
v 1.638954 1.737375 -1.993266
v 1.638954 1.737375 -1.993266
v 1.826049 1.732730 -2.129794
v 1.896514 1.957996 -2.104516
v 2.003156 1.953702 -2.347022
v 1.974540 1.954803 -2.610313
v 1.817904 1.960543 -2.823814
v 1.575796 1.969777 -2.930850
v 1.312514 1.979811 -2.901848
v 1.099023 1.987936 -2.745210
v 0.992377 1.991843 -2.503093
v 1.021382 1.991128 -2.239800
v 1.177630 1.985002 -2.025910
v 1.419741 1.976159 -1.919263
v 1.683020 1.966128 -1.947878
v 1.683020 1.966128 -1.947878
v 1.687615 1.850220 -1.901323
v 1.687615 1.850220 -1.901323
v 1.402625 1.859083 -1.870806
v 1.140370 1.867145 -1.986408
v 0.971360 1.872104 -2.217766
v 0.940455 1.872812 -2.503158
v 1.056439 1.869291 -2.765417
v 1.287785 1.862328 -2.934434
v 1.572391 1.853465 -2.965338
v 1.834643 1.845399 -2.849736
v 2.003652 1.840444 -2.617991
v 2.034558 1.839733 -2.332987
v 1.918965 1.843253 -2.070724
v -2.000716 0.894008 -1.318659
v -1.876401 0.898698 -1.246721
v -1.876401 0.898698 -1.246721
v -1.732964 0.903767 -1.246085
v -1.608401 0.908432 -1.317590
v -1.536079 0.911134 -1.441911
v -1.535828 0.911104 -1.585354
v -1.606940 0.908352 -1.710313
v -1.731258 0.903657 -1.782251
v -1.874692 0.898586 -1.782887
v -1.999258 0.893925 -1.711383
v -2.071580 0.891609 -1.587059
v -2.071831 0.891639 -1.443617
v -1.905573 1.047961 -1.208810
v -2.047316 1.041711 -1.291244
v -2.128480 1.038175 -1.433668
v -2.128193 1.038142 -1.597658
v -2.045761 1.041615 -1.739408
v -1.903346 1.047835 -1.820964
v -1.739750 1.054845 -1.820290
v -1.598010 1.060710 -1.737855
v -1.516458 1.064244 -1.595822
v -1.516745 1.064277 -1.431440
v -1.599174 1.060800 -1.289691
v -1.741592 1.054974 -1.208136
v -1.741592 1.054974 -1.208136
v -1.725727 0.980158 -1.182895
v -1.725727 0.980158 -1.182895
v -1.571669 0.986374 -1.271021
v -1.482239 0.989848 -1.424777
v -1.481927 0.989811 -1.602334
v -1.570048 0.986275 -1.756399
v -1.723410 0.980019 -1.845834
v -1.900961 0.973005 -1.846143
v -2.055016 0.966789 -1.758016
v -2.144062 0.963312 -1.604260
v -2.144758 0.963349 -1.426699
v -2.056249 0.966892 -1.272635
v -1.902887 0.973141 -1.183200
vn -0.1023 -0.8651 0.4910
vn 0.1474 -0.8792 0.4530
vn 0.3500 -0.1697 0.9213
vn -0.1565 -0.1319 0.9788
vn -0.3393 -0.8547 0.3930
vn -0.6251 -0.1073 0.7731
vn -0.4920 -0.8510 0.1838
vn -0.9275 -0.1034 0.3593
vn -0.5147 -0.8543 -0.0725
vn -0.9813 -0.1209 -0.1500
vn -0.4042 -0.8637 -0.3010
vn -0.7726 -0.1532 -0.6161
vn -0.1970 -0.8762 -0.4398
vn -0.3612 -0.1928 -0.9123
vn 0.0461 -0.8889 -0.4558
vn 0.1409 -0.2315 -0.9626
vn 0.2604 -0.8991 -0.3519
vn 0.6022 -0.2551 -0.7565
vn 0.4002 -0.9023 -0.1601
vn 0.9003 -0.2603 -0.3490
vn 0.4290 -0.9002 0.0744
vn 0.9579 -0.2432 0.1527
vn 0.3399 -0.8917 0.2990
vn 0.7580 -0.2096 0.6177
vn 0.1475 -0.8792 0.4530
vn 0.3501 -0.1697 0.9212
vn 0.3165 0.5872 0.7450
vn -0.0956 0.6123 0.7848
vn -0.4732 0.6275 0.6184
vn -0.7216 0.6302 0.2866
vn -0.7762 0.6175 -0.1273
vn -0.6151 0.5949 -0.5174
vn -0.2764 0.5662 -0.7766
vn 0.1508 0.5390 -0.8287
vn 0.5463 0.5229 -0.6542
vn 0.7974 0.5204 -0.3053
vn 0.8370 0.5337 0.1205
vn 0.6588 0.5583 0.5042
vn 0.3166 0.5872 0.7450
vn 0.5289 0.6340 0.5642
vn 0.1746 0.6043 0.7774
vn 0.2604 -0.1497 0.9538
vn 0.7036 -0.1059 0.7027
vn 0.7297 0.6518 0.2064
vn 0.9625 -0.0813 0.2589
vn 0.7309 0.6516 -0.2033
vn 0.9637 -0.0811 -0.2542
vn 0.5325 0.6336 -0.5612
vn 0.7094 -0.1033 -0.6972
vn 0.1795 0.6039 -0.7766
vn 0.2666 -0.1479 -0.9524
vn -0.2382 0.5675 -0.7881
vn -0.2413 -0.1987 -0.9499
vn -0.6100 0.5345 -0.5850
vn -0.6777 -0.2421 -0.6943
vn -0.8295 0.5145 -0.2172
vn -0.9291 -0.2683 -0.2546
vn -0.8305 0.5155 0.2110
vn -0.9307 -0.2671 0.2499
vn -0.6147 0.5336 0.5809
vn -0.6818 -0.2428 0.6901
vn -0.2446 0.5690 0.7851
vn -0.2463 -0.1986 0.9486
vn 0.1745 0.6043 0.7774
vn 0.2604 -0.1496 0.9538
vn -0.0877 -0.8795 0.4678
vn -0.3001 -0.8931 0.3353
vn -0.4144 -0.9022 0.1200
vn -0.4146 -0.9018 -0.1218
vn -0.2959 -0.8943 -0.3356
vn -0.0852 -0.8792 -0.4688
vn 0.1668 -0.8630 -0.4768
vn 0.3979 -0.8458 -0.3553
vn 0.5309 -0.8374 -0.1298
vn 0.5305 -0.8371 0.1335
vn 0.3943 -0.8463 0.3581
vn 0.1645 -0.8615 0.4803
vt 8.737000 1.000000
vt 9.557300 0.986500
vt 9.596400 0.492900
vt 8.776000 0.499700
vt 7.916700 1.013600
vt 7.916700 0.506400
vt 7.135400 1.020300
vt 7.096400 0.513200
vt 6.276000 1.027100
vt 6.276000 0.520000
vt 5.455700 1.020300
vt 5.416700 0.513200
vt 4.635400 1.013600
vt 4.596400 0.513200
vt 3.776000 1.000000
vt 3.776000 0.506400
vt 2.916700 0.986500
vt 2.916700 0.499700
vt 2.096400 0.979800
vt 2.096400 0.492900
vt 1.237000 0.973000
vt 1.276000 0.486200
vt 0.416700 0.979800
vt 0.416700 0.486200
vt -0.442700 0.986500
vt -0.403600 0.492900
vt 9.635400 -0.000700
vt 8.776000 -0.000700
vt 7.955700 -0.007400
vt 7.096400 -0.000700
vt 6.237000 -0.000700
vt 5.416700 -0.000700
vt 4.596400 -0.000700
vt 3.737000 0.006100
vt 2.955700 0.006100
vt 2.135400 0.006100
vt 1.276000 -0.000700
vt 0.455700 -0.000700
vt -0.364600 -0.000700
vt 0.807300 -0.003200
vt -0.013000 -0.009600
vt -0.013000 0.491200
vt 0.846400 0.497700
vt 1.666700 -0.003200
vt 1.666700 0.504100
vt 2.526000 0.003200
vt 2.487000 0.504100
vt 3.346400 0.003200
vt 3.346400 0.510500
vt 4.205700 0.003200
vt 4.166700 0.504100
vt 5.026000 0.009600
vt 4.987000 0.504100
vt 5.846400 0.003200
vt 5.846400 0.497700
vt 6.666700 0.003200
vt 6.666700 0.491200
vt 7.487000 -0.003200
vt 7.487000 0.491200
vt 8.307300 -0.003200
vt 8.346400 0.491200
vt 9.127600 -0.003200
vt 9.166700 0.491200
vt 9.987000 -0.009600
vt 9.987000 0.491200
vt 9.205700 0.992100
vt 8.346400 0.985700
vt 7.526000 0.985700
vt 6.666700 0.992100
vt 5.807300 0.998500
vt 4.947900 1.005000
vt 4.127600 1.011400
vt 3.307300 1.011400
vt 2.487000 1.011400
vt 1.666700 1.011400
vt 0.846400 1.005000
vt 0.026000 0.998500
vt -0.794300 0.992100
s 1
usemtl b5826145_dds
f 532/495/479 533/496/480 549/497/481
f 532/495/479 549/497/481 551/498/482
f 531/499/483 532/495/479 551/498/482
f 531/499/483 551/498/482 552/500/484
f 530/501/485 531/499/483 552/500/484
f 530/501/485 552/500/484 553/502/486
f 529/503/487 530/501/485 553/502/486
f 529/503/487 553/502/486 554/504/488
f 528/505/489 529/503/487 554/504/488
f 528/505/489 554/504/488 555/506/490
f 527/507/491 528/505/489 555/506/490
f 527/507/491 555/506/490 556/508/492
f 526/509/493 527/507/491 556/508/492
f 526/509/493 556/508/492 557/510/494
f 525/511/495 526/509/493 557/510/494
f 525/511/495 557/510/494 558/512/496
f 524/513/497 525/511/495 558/512/496
f 524/513/497 558/512/496 559/514/498
f 523/515/499 524/513/497 559/514/498
f 523/515/499 559/514/498 560/516/500
f 535/517/501 523/515/499 560/516/500
f 535/517/501 560/516/500 561/518/502
f 534/519/503 535/517/501 561/518/502
f 534/519/503 561/518/502 550/520/504
f 551/498/482 549/497/481 547/521/505
f 551/498/482 547/521/505 546/522/506
f 552/500/484 551/498/482 546/522/506
f 552/500/484 546/522/506 545/523/507
f 553/502/486 552/500/484 545/523/507
f 553/502/486 545/523/507 544/524/508
f 554/504/488 553/502/486 544/524/508
f 554/504/488 544/524/508 543/525/509
f 555/506/490 554/504/488 543/525/509
f 555/506/490 543/525/509 542/526/510
f 556/508/492 555/506/490 542/526/510
f 556/508/492 542/526/510 541/527/511
f 557/510/494 556/508/492 541/527/511
f 557/510/494 541/527/511 540/528/512
f 558/512/496 557/510/494 540/528/512
f 558/512/496 540/528/512 539/529/513
f 559/514/498 558/512/496 539/529/513
f 559/514/498 539/529/513 538/530/514
f 560/516/500 559/514/498 538/530/514
f 560/516/500 538/530/514 537/531/515
f 561/518/502 560/516/500 537/531/515
f 561/518/502 537/531/515 536/532/516
f 550/520/504 561/518/502 536/532/516
f 550/520/504 536/532/516 548/533/517
f 585/534/518 586/535/519 588/536/520
f 585/534/518 588/536/520 590/537/521
f 584/538/522 585/534/518 590/537/521
f 584/538/522 590/537/521 591/539/523
f 583/540/524 584/538/522 591/539/523
f 583/540/524 591/539/523 592/541/525
f 582/542/526 583/540/524 592/541/525
f 582/542/526 592/541/525 593/543/527
f 581/544/528 582/542/526 593/543/527
f 581/544/528 593/543/527 594/545/529
f 580/546/530 581/544/528 594/545/529
f 580/546/530 594/545/529 595/547/531
f 579/548/532 580/546/530 595/547/531
f 579/548/532 595/547/531 596/549/533
f 578/550/534 579/548/532 596/549/533
f 578/550/534 596/549/533 597/551/535
f 577/552/536 578/550/534 597/551/535
f 577/552/536 597/551/535 598/553/537
f 576/554/538 577/552/536 598/553/537
f 576/554/538 598/553/537 599/555/539
f 575/556/540 576/554/538 599/555/539
f 575/556/540 599/555/539 600/557/541
f 587/558/542 575/556/540 600/557/541
f 587/558/542 600/557/541 589/559/543
f 563/560/544 589/559/543 600/557/541
f 562/561/545 563/560/544 600/557/541
f 562/561/545 600/557/541 599/555/539
f 574/562/546 562/561/545 599/555/539
f 574/562/546 599/555/539 598/553/537
f 573/563/547 574/562/546 598/553/537
f 573/563/547 598/553/537 597/551/535
f 572/564/548 573/563/547 597/551/535
f 572/564/548 597/551/535 596/549/533
f 571/565/549 572/564/548 596/549/533
f 571/565/549 596/549/533 595/547/531
f 570/566/550 571/565/549 595/547/531
f 570/566/550 595/547/531 594/545/529
f 569/567/551 570/566/550 594/545/529
f 569/567/551 594/545/529 593/543/527
f 568/568/552 569/567/551 593/543/527
f 568/568/552 593/543/527 592/541/525
f 567/569/553 568/568/552 592/541/525
f 567/569/553 592/541/525 591/539/523
f 566/570/554 567/569/553 591/539/523
f 566/570/554 591/539/523 590/537/521
f 565/571/555 566/570/554 590/537/521
f 565/571/555 590/537/521 588/536/520
f 564/572/544 565/571/555 588/536/520
o b42b3955_dds
v -1.558943 0.481848 -1.617096
v -1.558943 0.481848 -1.617096
v -1.558943 0.481848 -1.617096
v -1.488808 0.529937 -1.603805
v -1.488808 0.529937 -1.603805
v -1.488808 0.529937 -1.603805
v -1.488808 0.529937 -1.603805
v -1.499432 0.519486 -1.513100
v -1.499432 0.519486 -1.513100
v -1.499432 0.519486 -1.513100
v -1.499432 0.519486 -1.513100
v -1.569178 0.471397 -1.526781
v -1.569178 0.471397 -1.526781
v -1.569178 0.471397 -1.526781
v -1.538717 0.556324 -1.442230
v -1.538717 0.556324 -1.442230
v -1.538717 0.556324 -1.442230
v -1.538717 0.556324 -1.442230
v -1.608464 0.508231 -1.455912
v -1.608464 0.508231 -1.455912
v -1.608464 0.508231 -1.455912
v -1.535008 0.522229 -1.341419
v -1.535008 0.522229 -1.341419
v -1.535008 0.522229 -1.341419
v -1.535008 0.522229 -1.341419
v -1.604754 0.474136 -1.355097
v -1.604754 0.474136 -1.355097
v -1.604754 0.474136 -1.355097
v -1.491996 0.455170 -1.323496
v -1.491996 0.455170 -1.323496
v -1.491996 0.455170 -1.323496
v -1.491996 0.455170 -1.323496
v -1.561743 0.407081 -1.337177
v -1.561743 0.407081 -1.337177
v -1.561743 0.407081 -1.337177
v -1.444938 0.409417 -1.403267
v -1.444938 0.409417 -1.403267
v -1.444938 0.409417 -1.403267
v -1.444938 0.409417 -1.403267
v -1.514685 0.361328 -1.416949
v -1.514685 0.361328 -1.416949
v -1.514685 0.361328 -1.416949
v -1.218588 0.098414 -2.006439
v -1.218588 0.098414 -2.006439
v -1.218588 0.098414 -2.006439
v -1.148842 0.146503 -1.992757
v -1.148842 0.146503 -1.992757
v -1.148842 0.146503 -1.992757
v -1.148842 0.146503 -1.992757
v -1.149835 0.176724 -2.094340
v -1.149835 0.176724 -2.094340
v -1.149835 0.176724 -2.094340
v -1.149835 0.176724 -2.094340
v -1.219581 0.128635 -2.108019
v -1.219581 0.128635 -2.108019
v -1.219581 0.128635 -2.108019
v -1.440532 0.426071 -1.485840
v -1.440532 0.426071 -1.485840
v -1.440532 0.426071 -1.485840
v -1.440532 0.426071 -1.485840
v -1.510280 0.378369 -1.499520
v -1.510280 0.378369 -1.499520
v -1.510280 0.378369 -1.499520
v -1.407082 0.394662 -1.547032
v -1.407082 0.394662 -1.547032
v -1.407082 0.394662 -1.547032
v -1.407082 0.394662 -1.547032
v -1.476829 0.346573 -1.560710
v -1.476829 0.346573 -1.560710
v -1.476829 0.346573 -1.560710
v -1.427923 0.377204 -1.597074
v -1.427923 0.377204 -1.597074
v -1.427923 0.377204 -1.597074
v -1.427923 0.377204 -1.597074
v -1.469385 0.348502 -1.605282
v -1.469385 0.348502 -1.605282
v -1.469385 0.348502 -1.605282
v -1.197112 0.250756 -2.113822
v -1.197112 0.250756 -2.113822
v -1.197112 0.250756 -2.113822
v -1.197112 0.250756 -2.113822
v -1.266859 0.202667 -2.127501
v -1.266859 0.202667 -2.127501
v -1.266859 0.202667 -2.127501
v -1.311579 0.246869 -2.053540
v -1.311579 0.246869 -2.053540
v -1.311579 0.246869 -2.053540
v -1.241832 0.294961 -2.039859
v -1.241832 0.294961 -2.039859
v -1.241832 0.294961 -2.039859
v -1.241832 0.294961 -2.039859
v -1.248567 0.279855 -1.954190
v -1.248567 0.279855 -1.954190
v -1.248567 0.279855 -1.954190
v -1.248567 0.279855 -1.954190
v -1.318314 0.231763 -1.967872
v -1.318314 0.231763 -1.967872
v -1.318314 0.231763 -1.967872
v -1.183481 0.175589 -1.918000
v -1.183481 0.175589 -1.918000
v -1.183481 0.175589 -1.918000
v -1.183481 0.175589 -1.918000
v -1.253225 0.127497 -1.931679
v -1.253225 0.127497 -1.931679
v -1.253225 0.127497 -1.931679
v -1.259979 0.110459 -1.836705
v -1.259979 0.110459 -1.836705
v -1.259979 0.110459 -1.836705
v -1.190233 0.158551 -1.823026
v -1.190233 0.158551 -1.823026
v -1.190233 0.158551 -1.823026
v -1.392530 0.095698 -1.852828
v -1.392530 0.095698 -1.852828
v -1.392530 0.095698 -1.852828
v -1.296434 0.162012 -1.834067
v -1.296434 0.162012 -1.834067
v -1.296434 0.162012 -1.834067
v -1.361105 0.271704 -1.888476
v -1.361105 0.271704 -1.888476
v -1.361105 0.271704 -1.888476
v -1.457589 0.205387 -1.907240
v -1.457589 0.205387 -1.907240
v -1.499232 0.553922 -1.854273
v -1.499232 0.553922 -1.854273
v -1.560273 0.615958 -1.760185
v -1.560273 0.615958 -1.760185
v -1.601735 0.587259 -1.768393
v -1.540693 0.525219 -1.862481
v -1.559530 0.360825 -1.933426
v -1.559530 0.360825 -1.933426
v -1.484307 0.250736 -1.930170
v -1.484307 0.250736 -1.930170
v -1.484307 0.250736 -1.930170
v -1.463047 0.427139 -1.914661
v -1.387824 0.317054 -1.911406
v -1.387824 0.317054 -1.911406
v -1.346362 0.345366 -1.903200
v -1.346362 0.345366 -1.903200
v -1.346362 0.345366 -1.903200
v -1.421198 0.455842 -1.906453
v -1.421198 0.455842 -1.906453
v -1.637177 0.458902 -1.881243
v -1.637177 0.458902 -1.881243
v -1.698217 0.520938 -1.787154
v -1.698217 0.520938 -1.787154
v -1.739112 0.550802 -1.682167
v -1.739112 0.550802 -1.682167
v -1.739112 0.550802 -1.682167
v -1.643016 0.617123 -1.663406
v -1.643016 0.617123 -1.663406
v -1.601168 0.645825 -1.655198
v -1.601168 0.645825 -1.655198
v -1.601168 0.645825 -1.655198
v -1.601168 0.645825 -1.655198
v -1.640201 0.411253 -1.697862
v -1.640201 0.411253 -1.697862
v -1.543718 0.477574 -1.679101
v -1.502256 0.506269 -1.670892
v -1.502256 0.506269 -1.670892
v -1.487157 0.479916 -1.655742
v -1.487157 0.479916 -1.655742
v -1.487157 0.479916 -1.655742
v -1.487157 0.479916 -1.655742
v -1.458871 0.499306 -1.650268
v -1.458871 0.499306 -1.650268
v -1.458871 0.499306 -1.650268
v -1.458871 0.499306 -1.650268
v -1.458871 0.499306 -1.650268
v -1.528618 0.451217 -1.663946
v -1.528618 0.451217 -1.663946
v -1.528618 0.451217 -1.663946
v -1.528618 0.451217 -1.663946
v -1.513479 0.146549 -1.415349
v -1.513479 0.146549 -1.415349
v -1.521823 0.191108 -1.527416
v -1.521823 0.191108 -1.527416
v -1.416996 0.212867 -1.396201
v -1.425340 0.257426 -1.508652
v -1.383879 0.286128 -1.500444
v -1.383879 0.286128 -1.500444
v -1.375150 0.241566 -1.388380
v -1.375150 0.241566 -1.388380
v -1.529140 0.144627 -1.326598
v -1.529140 0.144627 -1.326598
v -1.529140 0.144627 -1.326598
v -1.433045 0.210945 -1.307446
v -1.433045 0.210945 -1.307446
v -1.391196 0.239640 -1.299625
v -1.391196 0.239640 -1.299625
v -1.391196 0.239640 -1.299625
v -1.391196 0.239640 -1.299625
v -1.402751 0.021325 -1.539967
v -1.402751 0.021325 -1.539967
v -1.454150 0.060498 -1.415229
v -1.454150 0.060498 -1.415229
v -1.306268 0.087642 -1.520814
v -1.357667 0.126816 -1.396077
v -1.316206 0.155512 -1.388260
v -1.316206 0.155512 -1.388260
v -1.264807 0.116342 -1.512997
v -1.264807 0.116342 -1.512997
v -1.250049 0.164367 -1.756836
v -1.250049 0.164367 -1.756836
v -1.250049 0.164367 -1.756836
v -1.291511 0.135668 -1.765044
v -1.291511 0.135668 -1.765044
v -1.291511 0.135668 -1.765044
v -1.244391 0.129495 -1.663386
v -1.244391 0.129495 -1.663386
v -1.285849 0.100796 -1.671594
v -1.382335 0.034476 -1.690358
v -1.382335 0.034476 -1.690358
v -1.387993 0.069351 -1.783806
v -1.387993 0.069351 -1.783806
v -1.291359 0.319796 -1.874798
v -1.319644 0.300406 -1.880268
v -1.319644 0.300406 -1.880268
v -1.319644 0.300406 -1.880268
v -1.319644 0.300406 -1.880268
v -1.412440 0.350847 -1.581923
v -1.412440 0.350847 -1.581923
v -1.454288 0.322148 -1.590131
v -1.550771 0.255828 -1.608896
v -1.550771 0.255828 -1.608896
v -1.221764 0.183757 -1.751363
v -1.221764 0.183757 -1.751363
v -1.450706 0.491164 -1.662269
v -1.450706 0.491164 -1.662269
v -1.450706 0.491164 -1.662269
v -1.450706 0.491164 -1.662269
v -1.442931 0.483410 -1.674272
v -1.442931 0.483410 -1.674272
v -1.442931 0.483410 -1.674272
v -1.442931 0.483410 -1.674272
v -1.396115 0.397752 -1.612143
v -1.396115 0.397752 -1.612143
v -1.396115 0.397752 -1.612143
v -1.396115 0.397752 -1.612143
v -1.291359 0.319796 -1.874794
v -1.291359 0.319796 -1.874794
v -1.292560 0.314758 -1.851923
v -1.292560 0.314758 -1.851923
v -1.292560 0.314758 -1.851923
v -1.553849 0.642725 -1.667909
v -1.553849 0.642725 -1.667909
v -1.553849 0.642725 -1.667909
v -1.469679 0.524111 -1.680918
v -1.469679 0.524111 -1.680918
v -1.379078 0.368295 -1.596211
v -1.379078 0.368295 -1.596211
v -1.347725 0.247402 -1.331342
v -1.347725 0.247402 -1.331342
v -1.347725 0.247402 -1.331342
v -1.296430 0.191181 -1.394821
v -1.296430 0.191181 -1.394821
v -1.337548 0.248940 -1.387928
v -1.337548 0.248940 -1.387928
v -1.446184 0.530337 -1.592487
v -1.446184 0.530337 -1.592487
v -1.446184 0.530337 -1.592487
v -1.456808 0.519886 -1.502170
v -1.456808 0.519886 -1.502170
v -1.456808 0.519886 -1.502170
v -1.496093 0.556724 -1.430913
v -1.496093 0.556724 -1.430913
v -1.496093 0.556724 -1.430913
v -1.491185 0.527664 -1.351811
v -1.491185 0.527664 -1.351811
v -1.491185 0.527664 -1.351811
v -1.465610 0.487350 -1.340902
v -1.465610 0.487350 -1.340902
v -1.465610 0.487350 -1.340902
v -1.427889 0.450128 -1.402859
v -1.427889 0.450128 -1.402859
v -1.427889 0.450128 -1.402859
v -1.423484 0.467169 -1.485430
v -1.423484 0.467169 -1.485430
v -1.423484 0.467169 -1.485430
v -1.390034 0.435761 -1.546622
v -1.390034 0.435761 -1.546622
v -1.281768 0.222937 -1.581668
v -1.281768 0.222937 -1.581668
v -1.281768 0.222937 -1.581668
v -1.252276 0.251239 -1.601782
v -1.252276 0.251239 -1.601782
v -1.252276 0.251239 -1.601782
v -1.212245 0.208205 -1.655205
v -1.212245 0.208205 -1.655205
v -1.212245 0.208205 -1.655205
v -1.229293 0.167491 -1.655614
v -1.229293 0.167491 -1.655614
v -1.229293 0.167491 -1.655614
v -1.295388 0.300042 -1.783693
v -1.295388 0.300042 -1.783693
v -1.295388 0.300042 -1.783693
v -1.252763 0.300439 -1.772376
v -1.252763 0.300439 -1.772376
v -1.252763 0.300439 -1.772376
v -1.291298 0.332629 -1.687934
v -1.291298 0.332629 -1.687934
v -1.291298 0.332629 -1.687934
v -1.334309 0.332229 -1.699251
v -1.334309 0.332229 -1.699251
v -1.334309 0.332229 -1.699251
v -1.288701 0.308608 -1.616978
v -1.288701 0.308608 -1.616978
v -1.288701 0.308608 -1.616978
v -1.331370 0.300459 -1.601930
v -1.331370 0.300459 -1.601930
v -1.331370 0.300459 -1.601930
v -1.204716 0.224468 -1.750567
v -1.204716 0.224468 -1.750567
v -1.173184 0.199260 -1.822615
v -1.173184 0.199260 -1.822615
v -1.166433 0.216300 -1.917589
v -1.166433 0.216300 -1.917589
v -1.166433 0.216300 -1.917589
v -1.131793 0.187214 -1.992349
v -1.131793 0.187214 -1.992349
v -1.131793 0.187214 -1.992349
v -1.199207 0.295358 -2.028542
v -1.199207 0.295358 -2.028542
v -1.199207 0.295358 -2.028542
v -1.205555 0.280256 -1.942873
v -1.205555 0.280256 -1.942873
v -1.205555 0.280256 -1.942873
v -1.133597 0.212784 -2.072609
v -1.133597 0.212784 -2.072609
v -1.133597 0.212784 -2.072609
v -1.163826 0.259688 -2.084688
v -1.163826 0.259688 -2.084688
v -1.163826 0.259688 -2.084688
v -1.248734 0.320196 -1.863481
v -1.248734 0.320196 -1.863481
v -1.248734 0.320196 -1.863481
v -1.389455 0.398910 -1.652063
v -1.389455 0.398910 -1.652063
v -1.389455 0.398910 -1.652063
v -1.375154 0.438460 -1.631112
v -1.375154 0.438460 -1.631112
v -1.375154 0.438460 -1.631112
v -1.411582 0.495829 -1.646308
v -1.411582 0.495829 -1.646308
v -1.411582 0.495829 -1.646308
v -1.247373 0.152785 -1.511811
v -1.247373 0.152785 -1.511811
v -1.394114 0.470193 -1.879658
v -1.394114 0.470193 -1.879658
v -1.466327 0.561686 -1.829404
v -1.466327 0.561686 -1.829404
v -1.522307 0.618681 -1.746548
v -1.522307 0.618681 -1.746548
v -1.346270 0.294273 -1.504256
v -1.346270 0.294273 -1.504256
v -1.415859 0.499706 -1.639338
v -1.415859 0.499706 -1.639338
v -1.320825 0.363597 -1.877182
v -1.320825 0.363597 -1.877182
v -1.381809 0.437302 -1.593907
v -1.381809 0.437302 -1.593907
vn -0.5689 0.8219 0.0281
vn -0.5701 0.8211 0.0291
vn -0.5702 0.8210 0.0291
vn -0.5714 0.8201 0.0301
vn -0.3802 0.7175 -0.5837
vn -0.5816 0.7639 0.2798
vn -0.5816 0.7639 0.2797
vn -0.0715 0.2149 0.9740
vn -0.2539 0.0944 0.9626
vn -0.0715 0.2145 0.9741
vn 0.3621 -0.7002 0.6152
vn 0.5825 -0.7775 -0.2370
vn 0.5773 -0.8052 -0.1354
vn 0.5787 -0.8046 -0.1333
vn 0.5786 -0.8046 -0.1333
vn 0.5800 -0.8040 -0.1312
vn 0.3813 -0.7185 0.5818
vn 0.3807 -0.7202 0.5799
vn 0.3808 -0.7200 0.5802
vn 0.3802 -0.7218 0.5783
vn 0.5607 -0.8262 0.0548
vn 0.5600 -0.8266 0.0557
vn 0.5596 -0.8268 0.0566
vn 0.5590 -0.8272 0.0576
vn 0.2525 -0.0922 -0.9632
vn 0.4233 0.0320 -0.9054
vn 0.4205 0.0319 -0.9067
vn -0.5778 0.8103 0.0974
vn -0.3544 0.6927 -0.6282
vn 0.5783 -0.8091 -0.1040
vn 0.4264 -0.7586 0.4927
vn 0.4264 -0.7585 0.4927
vn 0.3460 -0.2452 -0.9056
vn 0.3454 -0.2451 -0.9059
vn 0.3483 -0.2486 -0.9038
vn 0.3465 -0.2482 -0.9046
vn -0.1773 0.8601 -0.4783
vn 0.0097 0.6842 -0.7293
vn -0.4039 0.7387 -0.5397
vn -0.2225 0.5513 -0.8041
vn 0.2511 -0.0927 -0.9635
vn 0.0222 0.2422 -0.9700
vn 0.0230 0.2426 -0.9699
vn 0.2523 -0.0919 -0.9633
vn 0.4467 0.0547 -0.8930
vn 0.2414 0.3848 -0.8909
vn -0.2228 0.5515 -0.8039
vn -0.4035 0.7394 -0.5389
vn -0.4636 0.7878 -0.4055
vn -0.4633 0.7879 -0.4057
vn -0.2986 0.8791 -0.3715
vn -0.0775 -0.1656 0.9831
vn -0.2339 0.0653 0.9701
vn -0.2355 0.0656 0.9696
vn -0.0781 -0.1661 0.9830
vn 0.0458 -0.0796 0.9958
vn -0.0450 0.1874 0.9812
vn 0.2126 -0.5400 0.8144
vn -0.3356 0.6732 -0.6589
vn -0.3348 0.6731 -0.6594
vn -0.3360 0.6732 -0.6587
vn -0.3369 0.6732 -0.6582
vn -0.5556 0.6677 0.4953
vn -0.5796 0.8041 0.1321
vn -0.5784 0.8052 0.1309
vn -0.5569 0.6672 0.4947
vn -0.3498 0.7800 0.5188
vn -0.3863 0.9089 0.1571
vn -0.5553 0.8278 -0.0801
vn -0.5537 0.8287 -0.0817
vn -0.4409 0.8956 -0.0593
vn 0.3600 -0.7014 0.6152
vn 0.5216 -0.8234 0.2233
vn 0.5235 -0.8219 0.2245
vn 0.3628 -0.6989 0.6164
vn 0.5674 -0.5294 0.6307
vn 0.7147 -0.6499 0.2583
vn 0.2510 -0.5867 0.7699
vn 0.2535 -0.5847 0.7706
vn 0.3813 -0.4872 0.7856
vn 0.5796 -0.7500 -0.3188
vn 0.5794 -0.7515 -0.3155
vn 0.7642 -0.6402 -0.0790
vn 0.5815 -0.7982 -0.1575
vn 0.5800 -0.7992 -0.1575
vn 0.5781 -0.7506 -0.3198
vn 0.5783 -0.7483 -0.3248
vn 0.5792 -0.7470 -0.3264
vn -0.3858 0.7234 -0.5725
vn -0.3865 0.7233 -0.5722
vn -0.3865 0.7232 -0.5723
vn -0.3859 0.7233 -0.5726
vn -0.3871 0.7229 -0.5723
vn 0.2523 -0.0920 -0.9633
vn 0.5618 -0.0908 -0.8223
vn 0.4468 0.0547 -0.8930
vn -0.4541 0.4402 0.7747
vn -0.2443 0.5725 0.7826
vn -0.1469 0.4275 0.8920
vn -0.3726 0.2913 0.8811
vn -0.4531 0.4400 0.7753
vn -0.3731 0.2913 0.8809
vn -0.1848 0.4081 0.8940
vn 0.4396 -0.7688 0.4644
vn 0.4394 -0.7692 0.4639
vn 0.4392 -0.7690 0.4645
vn 0.4395 -0.7689 0.4643
vn 0.4392 -0.7692 0.4641
vn 0.4382 -0.7701 0.4636
vn -0.8111 -0.5626 -0.1600
vn -0.8100 -0.5647 -0.1578
vn -0.8088 -0.5633 -0.1686
vn -0.8123 -0.5612 -0.1585
vn -0.8125 -0.5613 -0.1577
vn -0.8125 -0.5610 -0.1585
vn -0.8127 -0.5606 -0.1592
vn -0.8127 -0.5602 -0.1602
vn -0.8133 -0.5600 -0.1581
vn -0.8132 -0.5605 -0.1567
vn -0.8132 -0.5601 -0.1581
vn -0.8128 -0.5601 -0.1599
vn -0.8128 -0.5601 -0.1600
vn -0.8137 -0.5595 -0.1574
vn -0.8133 -0.5602 -0.1572
vn -0.8127 -0.5608 -0.1580
vn -0.8124 -0.5609 -0.1594
vn -0.8123 -0.5612 -0.1587
vn -0.8122 -0.5614 -0.1587
vn -0.8119 -0.5625 -0.1563
vn -0.7034 -0.7107 0.0036
vn 0.5601 -0.8266 0.0551
vn 0.5605 -0.8263 0.0549
vn -0.3525 0.9179 0.1823
vn -0.5784 0.8025 0.1464
vn -0.4260 0.8880 0.1732
vn -0.3255 0.6647 -0.6724
vn 0.8630 -0.4963 0.0941
vn 0.7642 -0.6401 -0.0789
vn 0.0459 -0.0796 0.9958
vn -0.0449 0.1875 0.9812
vn 0.2625 0.0782 0.9618
vn 0.1293 0.2958 0.9465
vn -0.0002 0.4952 0.8688
vn -0.1468 0.4275 0.8920
vn -0.2443 0.5726 0.7826
vn 0.0808 0.5198 0.8504
vn 0.0054 0.6300 0.7765
vn 0.3814 -0.4871 0.7856
vn 0.5674 -0.5293 0.6307
vn 0.6071 -0.2574 0.7518
vn 0.7394 -0.3027 0.6014
vn -0.3862 0.9089 0.1571
vn -0.4409 0.8956 -0.0594
vn -0.1894 0.9628 0.1925
vn -0.1797 0.9837 -0.0056
vn -0.0386 0.9931 0.1104
vn -0.0383 0.9932 0.1103
vn -0.0379 0.9932 0.1101
vn -0.0375 0.9932 0.1100
vn 0.0977 0.9050 -0.4140
vn 0.0987 0.9049 -0.4140
vn 0.1004 0.9047 -0.4140
vn 0.1014 0.9046 -0.4140
vn -0.1013 0.9318 0.3486
vn -0.0813 0.9370 0.3397
vn -0.0550 0.9431 0.3279
vn -0.0411 0.9460 0.3215
vn 0.1731 0.3581 0.9175
vn -0.0714 0.2150 0.9740
vn 0.1723 0.3565 0.9183
vn 0.7396 -0.2739 0.6148
vn 0.7364 -0.2863 0.6130
vn 0.7320 -0.3024 0.6105
vn 0.7294 -0.3116 0.6090
vn 0.9221 -0.3858 -0.0304
vn 0.9225 -0.3849 -0.0296
vn 0.9230 -0.3837 -0.0287
vn 0.9234 -0.3828 -0.0279
vn 0.7535 -0.3183 0.5753
vn 0.8533 -0.3577 0.3795
vn 0.8599 -0.3634 0.3585
vn 0.6859 -0.2222 0.6930
vn 0.6799 -0.2438 0.6916
vn 0.6717 -0.2714 0.6894
vn 0.6670 -0.2862 0.6879
vn 0.0773 0.9428 -0.3242
vn 0.0769 0.9429 -0.3241
vn 0.0765 0.9429 -0.3241
vn 0.0771 0.9429 -0.3241
vn -0.0936 0.9420 0.3223
vn -0.0856 0.9441 0.3185
vn -0.0765 0.9463 0.3141
vn -0.0711 0.9476 0.3115
vn 0.2398 0.3880 0.8899
vn 0.2392 0.3870 0.8905
vn 0.2386 0.3861 0.8911
vn 0.2382 0.3854 0.8915
vn 0.8914 -0.3781 0.2500
vn 0.8940 -0.3776 0.2412
vn 0.8928 -0.3764 0.2475
vn 0.7966 -0.3386 0.5008
vn 0.9224 -0.3862 -0.0037
vn -0.0542 0.9840 0.1695
vn -0.0540 0.9841 0.1694
vn -0.0538 0.9841 0.1693
vn -0.0537 0.9841 0.1693
vn 0.6063 0.1920 -0.7717
vn 0.6138 0.1926 -0.7656
vn 0.4233 0.0321 -0.9054
vn 0.1624 0.8760 -0.4542
vn 0.1455 0.8782 -0.4557
vn 0.1262 0.8803 -0.4573
vn 0.1135 0.8815 -0.4583
vn 0.0979 0.9094 -0.4043
vn 0.0981 0.9094 -0.4042
vn 0.0985 0.9093 -0.4042
vn 0.0987 0.9093 -0.4042
vn 0.9136 -0.3811 -0.1420
vn 0.9191 -0.3712 -0.1326
vn 0.9261 -0.3576 -0.1200
vn 0.9297 -0.3504 -0.1133
vn 0.6126 0.1855 -0.7683
vn 0.6122 0.1854 -0.7687
vn 0.7148 -0.6499 0.2583
vn 0.8647 -0.4177 0.2789
vn 0.2415 0.3848 -0.8908
vn 0.0098 0.6842 -0.7292
vn 0.4543 0.5110 -0.7297
vn 0.2531 0.7717 -0.5835
vn -0.1772 0.8602 -0.4782
vn 0.0724 0.9138 -0.3997
vn -0.2985 0.8791 -0.3715
vn -0.0178 0.9541 -0.2989
vn -0.3497 0.7801 0.5188
vn -0.1328 0.8449 0.5181
vn 0.8139 0.5589 0.1590
vn 0.8138 0.5589 0.1594
vn 0.8138 0.5589 0.1592
vn 0.8137 0.5589 0.1595
vn 0.8136 0.5592 0.1593
vn 0.8136 0.5595 0.1581
vn 0.8139 0.5589 0.1589
vn 0.8137 0.5591 0.1594
vn 0.8128 0.5603 0.1591
vn 0.8125 0.5608 0.1588
vn 0.8124 0.5610 0.1590
vn 0.8128 0.5605 0.1590
vn 0.8131 0.5600 0.1586
vn 0.8133 0.5599 0.1580
vn 0.8127 0.5606 0.1589
vn 0.8125 0.5610 0.1585
vn 0.8101 0.5636 0.1614
vn 0.1180 0.8630 -0.4912
vn 0.1221 0.8630 -0.4903
vn 0.1199 0.8634 -0.4900
vn 0.0958 0.8722 -0.4796
vn 0.1088 0.8659 -0.4883
vn 0.0574 0.8870 -0.4582
vn 0.6355 0.1912 -0.7481
vn 0.4468 0.0548 -0.8929
vn 0.5618 -0.0907 -0.8223
vn 0.7101 0.0476 -0.7025
vn 0.7882 0.5975 0.1473
vn 0.8131 0.5596 0.1604
vn 0.8122 0.5616 0.1583
vn 0.8080 0.5674 0.1588
vn 0.8133 0.5587 0.1622
vn 0.8134 0.5587 0.1621
vn 0.8124 0.5610 0.1587
vn 0.8114 0.5629 0.1573
vn 0.8122 0.5616 0.1580
vn 0.8135 0.5599 0.1574
vn 0.8135 0.5599 0.1570
vn 0.8116 0.5629 0.1564
vn 0.9224 -0.3863 0.0069
vn 0.9246 -0.3797 0.0327
vn -0.0645 0.9758 0.2087
vn -0.0646 0.9758 0.2088
vn -0.0650 0.9758 0.2087
vn 0.9074 -0.3961 0.1402
vn 0.9053 -0.4012 0.1394
vn 0.9055 -0.3987 0.1451
vn 0.9092 -0.3910 0.1434
vn -0.8134 -0.5596 -0.1587
vn -0.8139 -0.5591 -0.1580
vn -0.8134 -0.5595 -0.1588
vn -0.8136 -0.5594 -0.1585
vn -0.8131 -0.5599 -0.1591
vn -0.8135 -0.5595 -0.1588
vn -0.8132 -0.5600 -0.1586
vn -0.8132 -0.5598 -0.1589
vn -0.8131 -0.5602 -0.1583
vn -0.8131 -0.5599 -0.1594
vn -0.8132 -0.5596 -0.1599
vn -0.8132 -0.5597 -0.1595
vn -0.8134 -0.5596 -0.1592
vn -0.8124 -0.5603 -0.1615
vn -0.8139 -0.5592 -0.1575
vn -0.8123 -0.5615 -0.1576
vn -0.8125 -0.5614 -0.1569
vn -0.8149 -0.5568 -0.1609
vn 0.8129 0.5602 0.1591
vn 0.8081 0.5680 0.1560
vn 0.8149 0.5574 0.1590
vn 0.8134 0.5592 0.1602
vn 0.8141 0.5590 0.1576
vn 0.8132 0.5593 0.1612
vn 0.8133 0.5600 0.1577
vn 0.8142 0.5589 0.1572
vn 0.8172 0.5576 0.1461
vn 0.8115 0.5618 0.1606
vn 0.8251 0.5497 0.1304
vn 0.8136 0.5604 0.1550
vn 0.8175 0.5553 0.1525
vn 0.8223 0.5494 0.1484
vn 0.8100 0.5644 0.1593
vn 0.8130 0.5599 0.1599
vn 0.8128 0.5606 0.1584
vn 0.8137 0.5591 0.1592
vn 0.8143 0.5581 0.1595
vn 0.8141 0.5584 0.1592
vn 0.8132 0.5601 0.1581
vn 0.8130 0.5595 0.1614
vt 0.621100 0.777300
vt 0.621100 0.464800
vt 0.578100 0.761700
vt 0.578100 0.453100
vt 0.574200 0.750000
vt 0.574200 0.437500
vt 0.543000 0.734400
vt 0.543000 0.425800
vt 0.511700 0.734400
vt 0.511700 0.425800
vt 0.496100 0.750000
vt 0.496100 0.437500
vt 0.105500 0.855500
vt 0.101600 0.546900
vt 0.070300 0.871100
vt 0.070300 0.558600
vt 0.511700 0.453100
vt 0.511700 0.761700
vt 0.492200 0.464800
vt 0.492200 0.773400
vt 0.496100 0.656200
vt 0.496100 0.468700
vt 0.043000 0.558600
vt 0.043000 0.871100
vt 0.035200 0.855500
vt 0.035200 0.546900
vt 0.058600 0.843700
vt 0.058600 0.535200
vt 0.117200 0.531200
vt 0.117200 0.843700
vt 0.164100 0.515600
vt 0.164100 0.828100
vt 0.152300 0.515600
vt 0.148400 0.085900
vt 0.054700 0.519500
vt 0.054700 0.089800
vt 0.730500 0.671900
vt 0.796900 0.687500
vt 0.730500 0.484400
vt 0.796900 0.503900
vt 1.003900 0.093700
vt 0.894500 0.089800
vt 0.890600 0.515600
vt 1.003900 0.519500
vt 1.003900 0.707000
vt 0.890600 0.699200
vt 0.800800 0.074200
vt 0.734400 0.058600
vt 0.683600 0.039100
vt 0.679700 0.468700
vt 0.679700 0.652300
vt 0.664100 0.046900
vt 0.660200 0.476600
vt 0.660200 0.660200
vt 0.636700 0.785200
vt 0.636700 0.660200
vt 0.636700 0.476600
vt 0.414100 0.031200
vt 0.414100 0.015600
vt 0.414100 0.441400
vt 0.418000 0.457000
vt 0.418000 0.644500
vt 0.414100 0.625000
vt 0.425800 0.000000
vt 0.425800 0.429700
vt 0.425800 0.613300
vt 0.375000 0.019500
vt 0.320300 0.039100
vt 0.320300 0.468700
vt 0.375000 0.445300
vt 0.375000 0.628900
vt 0.320300 0.652300
vt 0.199200 0.503900
vt 0.199200 0.687500
vt 0.253900 0.675800
vt 0.253900 0.492200
vt 0.250000 0.062500
vt 0.195300 0.078100
vt 0.058600 0.828100
vt 0.054700 0.703100
vt 0.003900 0.093700
vt 0.003900 0.519500
vt 0.003900 0.707000
vt 0.460900 0.468700
vt 0.460900 0.652300
vt 0.460900 0.039100
vt 0.199200 0.816400
vt 0.386700 0.316400
vt 0.371100 0.304700
vt 0.406300 0.332000
vt 0.359400 0.500000
vt 0.281300 0.515600
vt 0.335900 0.503900
vt 0.691400 0.597700
vt 0.695300 0.597700
vt 0.668000 0.609400
vt 0.375000 0.304700
vt 0.589800 0.867200
vt 0.492200 0.949200
vt 0.320300 0.000000
vt 0.382800 0.253900
vt 0.347700 0.039100
vt 0.398400 0.253900
vt 0.328100 0.554700
vt 0.347700 0.554700
vt 0.027300 0.812500
vt 0.160200 0.949200
vt 0.074200 0.828100
vt 0.168000 0.918000
vt 0.132800 0.793000
vt 0.140600 0.812500
vt 0.304700 0.296900
vt 0.308600 0.257800
vt 0.203100 0.332000
vt 0.203100 0.293000
vt 0.105500 0.273400
vt 0.109400 0.238300
vt 0.023400 0.343700
vt 0.000000 0.316400
vt 0.023400 0.418000
vt 0.000000 0.445300
vt 0.105500 0.476600
vt 0.109400 0.515600
vt 0.199200 0.429700
vt 0.199200 0.468700
vt 0.281300 0.476600
vt 0.402300 0.808600
vt 0.375000 0.828100
vt 0.480500 0.878900
vt 0.480500 0.914100
vt 0.589800 0.687500
vt 0.589800 0.648400
vt 0.480500 0.640600
vt 0.480500 0.605500
vt 0.402300 0.699200
vt 0.375000 0.679700
vt 0.585900 0.832000
vt 0.679700 0.863300
vt 0.679700 0.902300
vt 0.785200 0.816400
vt 0.789100 0.855500
vt 0.882800 0.855500
vt 0.886700 0.894500
vt 0.894500 0.652300
vt 0.894500 0.613300
vt 0.796900 0.691400
vt 0.796900 0.656200
vt 0.968800 0.793000
vt 0.996100 0.820300
vt 0.968800 0.707000
vt 0.996100 0.679700
vt 0.691400 0.632800
vt 0.378900 0.457000
vt 0.406300 0.488300
vt 0.378900 0.351600
vt 0.316400 1.000000
vt 0.316400 0.968700
vt 0.675800 0.304700
vt 0.585900 0.132800
vt 0.652300 0.316400
vt 0.562500 0.160200
vt 0.453100 0.035200
vt 0.449200 0.066400
vt 0.250000 0.691400
vt 0.261700 0.707000
vt 0.371100 0.343700
vt 0.679700 0.515600
vt 0.707000 0.507800
vt 0.335900 0.464800
vt 0.390600 0.253900
vt 0.328100 0.000000
vt 0.464800 0.035200
vt 0.593800 0.132800
vt 0.683600 0.304700
vt 0.714800 0.507800
vt 0.703100 0.597700
vt 0.671900 0.808600
vt 0.597700 0.867200
vt 0.500000 0.949200
vt 0.328100 1.000000
vt 0.335900 0.554700
vt 0.257800 0.691400
vt 0.140600 0.793000
vt 0.035200 0.812500
vt 0.168000 0.949200
s 1
usemtl b42b3955_dds
f 604/573/556 601/574/557 608/575/558
f 608/575/558 601/574/557 612/576/559
s 0
f 609/575/560 613/576/560 615/577/560
f 615/577/560 613/576/560 619/578/560
f 616/577/561 620/578/561 622/579/561
f 622/579/562 620/578/562 626/580/562
s 1
f 623/579/563 627/580/564 629/581/565
f 629/581/565 627/580/564 633/582/564
s 0
f 631/581/566 634/582/566 636/583/566
f 636/583/566 634/582/566 640/584/566
f 646/585/567 643/586/567 650/587/567
f 650/587/567 643/586/567 654/588/567
s 1
f 661/589/568 657/590/569 641/584/570
f 641/584/570 657/590/569 637/583/571
f 668/591/572 664/592/573 662/589/574
f 662/589/574 664/592/573 658/590/575
f 671/593/576 665/592/577 675/594/578
f 675/594/578 665/592/577 669/591/579
f 682/595/580 678/596/581 655/588/580
f 655/588/580 678/596/581 651/587/582
s 0
f 688/597/583 685/598/583 692/599/583
f 692/599/583 685/598/583 696/600/583
f 680/596/584 683/595/584 689/597/584
f 689/597/584 683/595/584 686/598/584
f 703/601/585 699/602/585 706/603/585
f 706/603/585 699/602/585 709/604/585
s 1
f 644/586/586 647/585/586 704/601/586
s 0
f 704/601/587 647/585/587 700/602/587
s 1
f 715/605/588 712/606/589 718/607/590
f 718/607/590 712/606/589 721/608/591
f 725/609/592 723/610/593 727/611/594
f 727/611/594 723/610/593 728/612/595
f 731/613/596 729/614/597 734/615/598
f 735/616/599 731/613/596 734/615/598
f 737/617/600 735/616/599 734/615/598
f 737/617/600 734/615/598 740/618/601
f 728/612/595 742/619/602 744/620/603
f 727/611/594 728/612/595 744/620/603
f 727/611/594 744/620/603 746/621/604
f 727/611/594 746/621/604 749/622/605
f 725/609/592 727/611/594 749/622/605
f 725/609/592 749/622/605 751/623/606
f 747/621/607 755/624/608 757/625/609
f 750/622/610 747/621/607 757/625/609
f 753/623/611 750/622/610 757/625/609
f 753/623/611 757/625/609 758/626/612
f 764/627/613 760/628/613 769/629/613
f 605/573/614 765/627/615 770/629/616
f 605/573/614 770/629/616 602/574/617
f 775/630/618 773/631/619 777/632/620
f 778/633/621 775/630/618 777/632/620
f 779/634/622 778/633/621 777/632/620
f 779/634/622 777/632/620 781/635/623
f 773/631/619 783/636/624 786/637/625
f 777/632/620 773/631/619 786/637/625
f 781/635/623 777/632/620 786/637/625
f 781/635/623 786/637/625 788/638/626
f 794/639/627 792/640/628 796/641/629
f 797/642/630 794/639/627 796/641/629
f 798/643/631 797/642/630 796/641/629
f 798/643/631 796/641/629 800/644/632
f 784/636/633 794/639/627 797/642/630
f 787/637/634 784/636/633 797/642/630
f 790/638/635 787/637/634 797/642/630
f 790/638/635 797/642/630 798/643/631
f 805/645/636 802/646/637 808/647/638
f 810/648/639 805/645/636 808/647/638
f 810/648/639 808/647/638 800/644/632
f 810/648/639 800/644/632 796/641/629
f 811/649/640 810/648/639 796/641/629
f 811/649/640 796/641/629 792/640/628
f 810/648/639 811/649/640 813/650/641
f 805/645/636 810/648/639 813/650/641
f 805/645/636 813/650/641 713/606/642
f 716/605/643 805/645/636 713/606/642
f 815/651/644 693/599/645 697/600/646
f 816/652/647 815/651/644 697/600/646
f 816/652/647 697/600/646 719/607/648
f 721/608/591 732/653/596 736/654/649
f 718/607/590 721/608/591 736/654/649
f 817/652/650 718/607/590 736/654/649
f 817/652/650 736/654/649 738/655/651
f 822/656/652 820/657/653 673/593/654
f 822/656/652 673/593/654 676/594/655
f 823/658/656 822/656/652 676/594/655
f 823/658/656 676/594/655 771/629/657
f 755/624/608 823/658/656 771/629/657
f 757/625/609 755/624/608 771/629/657
f 758/626/612 757/625/609 771/629/657
f 758/626/612 771/629/657 761/628/658
f 823/658/656 775/630/618 778/633/621
f 822/656/652 823/658/656 778/633/621
f 820/657/653 822/656/652 778/633/621
f 820/657/653 778/633/621 779/634/622
s 0
f 806/645/659 707/603/660 710/604/660
s 1
f 804/646/661 806/645/662 710/604/663
f 804/646/661 710/604/663 825/659/664
f 708/603/665 807/645/666 717/605/667
f 708/603/665 717/605/667 720/607/668
f 705/601/669 708/603/665 720/607/668
f 705/601/669 720/607/668 698/600/670
f 645/586/671 705/601/669 698/600/670
f 645/586/671 698/600/670 687/598/672
f 656/588/673 645/586/671 687/598/672
f 656/588/673 687/598/672 684/595/674
f 729/614/597 742/619/602 728/612/595
f 734/615/598 729/614/597 728/612/595
f 740/618/601 734/615/598 728/612/595
f 740/618/601 728/612/595 723/610/593
f 603/574/675 772/629/676 677/594/677
f 603/574/675 677/594/677 670/591/678
f 603/574/675 670/591/678 663/589/679
f 614/576/680 603/574/675 663/589/679
f 621/578/681 614/576/680 663/589/679
f 621/578/681 663/589/679 642/584/682
f 628/580/683 621/578/681 642/584/682
f 628/580/683 642/584/682 635/582/684
f 827/660/685 766/661/685 831/662/685
f 835/663/686 666/664/577 672/665/687
f 839/666/688 819/667/689 841/668/690
s 0
f 767/661/691 828/660/691 763/669/691
s 1
f 803/670/637 826/670/692 809/671/693
f 754/672/694 759/673/695 844/674/696
f 844/674/696 759/673/695 847/675/697
f 762/669/658 829/660/698 759/673/695
f 759/673/695 829/660/698 847/675/697
f 674/665/699 821/676/700 836/663/701
f 836/663/701 821/676/700 849/677/702
f 791/678/703 799/679/704 851/680/705
f 851/680/705 799/679/704 854/681/706
f 782/682/707 789/678/708 856/683/709
f 856/683/709 789/678/708 852/680/710
f 858/684/711 606/685/712 861/686/713
f 861/686/713 606/685/712 610/687/714
f 862/686/715 611/687/716 864/688/717
f 864/688/717 611/687/716 617/689/718
f 865/688/719 618/689/720 867/690/721
f 867/690/721 618/689/720 625/691/722
f 868/690/723 624/691/724 870/692/725
f 870/692/725 624/691/724 630/693/565
f 871/692/726 632/693/727 873/694/728
f 873/694/728 632/693/727 638/695/729
f 874/694/730 639/695/731 876/696/732
f 876/696/732 639/695/731 659/697/733
f 877/696/734 660/697/734 879/698/735
f 879/698/735 660/697/734 667/664/736
f 884/699/737 881/700/738 887/701/739
f 887/701/739 881/700/738 890/702/740
s 0
f 896/703/741 893/704/741 899/705/742
s 1
f 899/705/743 893/704/744 902/706/743
f 900/705/745 903/706/746 905/707/747
f 905/707/747 903/706/746 908/708/748
f 906/707/749 909/708/750 885/699/751
f 885/699/751 909/708/750 882/700/752
f 911/709/753 826/670/692 913/710/754
f 913/710/754 826/670/692 711/711/755
s 0
f 915/712/756 701/713/756 918/714/756
f 918/714/756 701/713/756 648/715/756
s 1
f 913/710/754 711/711/755 916/712/757
f 916/712/757 711/711/755 702/713/757
f 921/716/758 690/717/759 924/718/760
f 924/718/760 690/717/759 694/719/761
f 927/720/762 652/721/582 930/722/763
f 930/722/763 652/721/582 679/723/764
f 931/722/765 681/723/766 922/716/767
f 922/716/767 681/723/766 691/717/768
f 925/718/769 695/719/770 933/724/771
f 933/724/771 695/719/770 840/666/772
f 919/714/773 649/715/774 928/720/775
f 928/720/775 649/715/774 653/721/776
s 0
f 939/725/777 936/726/777 942/727/777
f 942/727/778 936/726/778 832/662/778
s 1
f 799/679/704 801/728/779 854/681/706
f 854/681/706 801/728/779 945/729/780
f 741/730/781 724/731/782 947/732/783
f 947/732/783 724/731/782 949/733/784
f 949/733/784 724/731/782 726/734/785
f 951/735/786 949/733/784 726/734/785
f 951/735/786 726/734/785 752/672/787
f 845/674/788 951/735/786 752/672/787
f 849/677/702 821/676/700 780/736/789
f 953/737/790 849/677/702 780/736/789
f 953/737/790 780/736/789 782/682/707
f 856/683/709 953/737/790 782/682/707
s 0
f 901/705/791 907/707/792 886/699/792
f 901/705/793 886/699/794 888/701/795
s 1
f 897/703/796 901/705/797 888/701/798
f 897/703/796 888/701/798 912/709/799
f 934/724/800 897/703/796 912/709/799
f 934/724/800 912/709/799 914/710/801
f 926/718/802 934/724/800 914/710/801
f 926/718/802 914/710/801 917/712/803
f 923/716/804 926/718/802 917/712/803
f 923/716/804 917/712/803 920/714/805
f 932/722/806 923/716/804 920/714/805
f 932/722/806 920/714/805 929/720/807
f 768/661/808 607/685/809 859/684/810
f 768/661/808 859/684/810 955/738/811
f 833/662/812 768/661/808 955/738/811
f 833/662/812 955/738/811 943/727/813
f 741/730/781 947/732/783 957/739/814
f 739/740/815 741/730/781 957/739/814
f 818/667/816 739/740/815 957/739/814
f 818/667/816 957/739/814 842/668/817
f 956/738/818 860/684/819 863/686/820
f 944/727/821 956/738/818 863/686/820
f 940/725/822 944/727/821 863/686/820
f 959/741/823 940/725/822 863/686/820
f 880/698/824 959/741/823 863/686/820
f 878/696/825 880/698/824 863/686/820
f 875/694/826 878/696/825 863/686/820
f 872/692/827 875/694/826 863/686/820
f 869/690/828 872/692/827 863/686/820
f 869/690/828 863/686/820 866/688/829
f 911/709/753 889/701/830 891/702/831
f 826/670/692 911/709/753 891/702/831
f 809/671/693 826/670/692 891/702/831
f 809/671/693 891/702/831 945/729/780
f 801/728/779 809/671/693 945/729/780
f 898/703/832 935/724/833 839/666/688
f 894/704/834 898/703/832 839/666/688
f 894/704/834 839/666/688 841/668/690
f 837/663/835 937/726/836 941/725/837
f 837/663/835 941/725/837 960/741/838
f 667/664/736 837/663/835 960/741/838
f 667/664/736 960/741/838 879/698/735
f 756/742/839 748/743/840 745/744/840
s 0
f 756/742/841 745/744/842 743/745/841
s 1
f 756/742/843 743/745/844 730/746/845
f 756/742/843 730/746/845 733/747/846
f 756/742/843 733/747/846 722/748/847
f 756/742/843 722/748/847 714/749/848
f 756/742/843 714/749/848 814/750/849
f 756/742/843 814/750/849 812/751/850
f 756/742/843 812/751/850 793/752/851
f 824/753/852 756/742/843 793/752/851
f 776/754/853 824/753/852 793/752/851
f 774/755/854 776/754/853 793/752/851
f 785/756/855 774/755/854 793/752/851
f 785/756/855 793/752/851 795/757/856
f 904/706/857 895/704/858 843/668/859
f 904/706/857 843/668/859 958/739/860
f 904/706/857 958/739/860 948/732/861
f 904/706/857 948/732/861 950/733/862
f 904/706/857 950/733/862 952/735/863
f 938/726/864 904/706/857 952/735/863
f 834/662/865 938/726/864 952/735/863
f 830/660/866 834/662/865 952/735/863
f 848/675/867 830/660/866 952/735/863
f 848/675/867 952/735/863 846/674/868
f 938/726/864 838/663/869 850/677/870
f 938/726/864 850/677/870 954/737/871
f 904/706/857 938/726/864 954/737/871
f 904/706/857 954/737/871 857/683/872
f 910/708/873 904/706/857 857/683/872
f 883/700/874 910/708/873 857/683/872
f 892/702/875 883/700/874 857/683/872
f 946/729/876 892/702/875 857/683/872
f 855/681/877 946/729/876 857/683/872
f 855/681/877 857/683/872 853/680/878
