# Blender 5.1.2
# www.blender.org
mtllib statue.mtl
o BG1_01_low
v 0.387889 0.000785 -0.008301
v 0.412408 0.000909 -0.020643
v 0.414528 0.400691 -0.070096
v 0.332208 0.430764 -0.021165
v 0.360500 0.374683 -0.042667
v 0.334299 0.428000 -0.017511
v 0.328060 0.433249 -0.051179
v 0.337197 0.425232 -0.012139
v 0.382037 0.429946 -0.055803
v 0.338676 0.373310 -0.048043
v 0.376415 0.309463 -0.057443
v 0.371502 0.320331 -0.037170
v 0.275452 0.534761 -0.093452
v 0.286651 0.544071 -0.116430
v 0.308591 0.011399 -0.014172
v 0.296445 0.015777 -0.026196
v 0.331344 0.516518 0.068975
v 0.362795 0.000587 -0.123723
v 0.282331 0.268028 0.019570
v 0.252386 0.367185 -0.102690
v 0.260329 0.587925 0.018126
v 0.253145 0.488331 -0.135752
v 0.185564 0.472154 -0.011827
v 0.328074 0.078019 -0.095473
v 0.291527 0.130327 -0.017301
v 0.181209 0.265452 0.009046
v 0.348601 0.175846 0.011081
v 0.387000 0.063816 -0.065361
v 0.255550 0.412693 0.015429
v 0.321770 0.440750 -0.040299
v 0.336325 0.313640 -0.106866
v 0.240674 0.614467 0.029237
v 0.296061 0.563842 0.025739
v 0.309905 0.466949 0.021996
v 0.285384 0.521213 0.025133
v 0.305822 0.432568 -0.114011
v 0.212443 0.541707 -0.045909
v 0.362884 0.280856 -0.002803
v 0.297707 0.503038 -0.063867
v 0.235251 0.344310 -0.147639
v 0.216890 0.562620 -0.101897
v 0.300299 0.023265 -0.098946
v 0.411962 0.445669 -0.082504
v 0.259775 0.126512 -0.077221
v 0.337319 0.402956 -0.073565
v 0.379551 0.165530 -0.056965
v 0.213843 0.497777 -0.138005
v 0.296448 0.127280 -0.035995
v 0.106425 0.551440 -0.085513
v 0.354281 0.325862 -0.007284
v 0.199835 0.487352 -0.092322
v 0.405044 0.015263 -0.059160
v 0.210933 0.530255 -0.100332
v 0.265582 0.333024 -0.102685
v 0.420047 0.321046 0.036488
v 0.359719 0.057847 0.012156
v 0.254315 0.365400 -0.118154
v 0.354338 0.211692 0.000415
v 0.198684 0.452467 -0.151140
v 0.194762 0.454414 -0.039961
v 0.373091 0.338188 0.001636
v 0.265143 0.000238 -0.067864
v 0.310004 0.324526 -0.132733
v 0.141202 0.552595 -0.042574
v 0.241580 0.367084 -0.113247
v 0.357263 0.474396 0.066651
v 0.337027 0.505678 -0.068075
v 0.255313 0.244838 -0.038644
v 0.083464 0.309002 -0.157321
v 0.290790 0.585252 0.052148
v 0.337814 0.468556 -0.094378
v 0.262122 0.517310 -0.119596
v 0.394984 -0.000923 -0.086446
v 0.357078 0.428980 -0.056404
v 0.281763 0.445611 -0.117448
v 0.354280 0.048563 0.004668
v 0.290687 0.235320 -0.131862
v 0.474020 0.139736 0.018809
v 0.232315 0.478455 0.010789
v 0.389862 0.019707 -0.022005
v 0.314351 0.116065 -0.113796
v 0.228035 0.496924 -0.156189
v 0.202830 0.327822 -0.128315
v 0.235402 0.354566 -0.028812
v 0.316194 0.520202 -0.074624
v 0.152663 0.586762 -0.107736
v 0.446249 0.128850 0.004126
v 0.318351 0.451285 -0.030557
v 0.317305 0.486030 -0.007747
v 0.410737 0.022391 -0.020693
v 0.381326 0.378495 -0.064494
v 0.234404 0.546345 -0.069157
v 0.225085 0.397094 -0.000652
v 0.268754 0.064797 -0.089201
v 0.352230 0.421961 0.005066
v 0.250372 0.327893 -0.015089
v 0.320875 0.395090 -0.017324
v 0.392662 0.294263 -0.039219
v 0.335608 0.296907 0.000569
v 0.303209 0.436569 -0.107278
v 0.187465 0.423769 -0.150311
v 0.343174 0.483463 0.016392
v 0.208238 0.463163 -0.110730
v 0.211583 0.553127 -0.052649
v 0.294084 0.317794 0.017254
v 0.372920 0.042609 0.004747
v 0.251879 0.012671 -0.073316
v 0.313150 0.418671 -0.106776
v 0.252944 0.381017 -0.002935
v 0.371165 0.113733 -0.002696
v 0.415660 0.402867 -0.054382
v 0.248099 0.319178 -0.097053
v 0.357351 0.406699 0.024294
v 0.330947 0.137637 -0.129631
v 0.342304 0.354505 -0.086091
v 0.188580 0.417960 -0.161121
v 0.358997 0.609720 -0.145420
v 0.321571 0.073582 -0.123582
v 0.335932 0.626122 -0.145320
v 0.240559 0.292370 -0.024653
v 0.163193 0.490004 -0.082502
v 0.250102 0.302807 -0.049422
v 0.261628 0.477953 0.004181
v 0.381182 0.109806 -0.042308
v 0.212434 0.374556 -0.163292
v 0.159826 0.328807 -0.142364
v 0.357621 0.140266 -0.046754
v 0.274627 0.189205 0.000748
v 0.122321 0.526187 -0.113762
v 0.248295 0.202908 -0.118568
v 0.193213 0.431389 -0.118582
v 0.335933 0.626710 -0.152660
v 0.243122 0.529421 0.004500
v 0.288069 0.541135 -0.093108
v 0.399066 0.329002 -0.032497
v 0.271528 0.287378 0.014310
v 0.352935 0.246448 -0.054082
v 0.230602 0.347335 -0.135343
v 0.196907 0.499621 -0.003032
v 0.287582 0.146653 -0.140185
v 0.235723 0.510795 -0.008849
v 0.295247 0.175247 -0.147537
v 0.403861 0.059611 -0.026685
v 0.345769 0.163696 -0.054272
v 0.383232 0.452890 -0.094667
v 0.287873 0.000644 -0.007784
v 0.388588 0.438688 -0.081410
v 0.187478 0.565778 -0.114629
v 0.291637 0.063214 -0.034918
v 0.338267 0.377935 -0.013469
v 0.309220 0.377928 -0.120804
v 0.374358 0.560393 -0.128605
v 0.335632 0.331184 -0.102750
v 0.274403 0.171619 -0.152707
v 0.252925 0.183665 -0.042446
v 0.201895 0.415273 -0.167453
v 0.384246 0.581707 -0.134997
v 0.192188 0.440007 -0.017718
v 0.272706 0.248384 -0.133924
v 0.297515 0.498025 -0.018432
v 0.352187 0.052237 -0.087695
v 0.353196 0.188786 -0.014312
v 0.191600 0.470901 0.000572
v 0.223825 0.513359 -0.119040
v 0.199940 0.385664 0.020143
v 0.371663 0.363771 -0.033450
v 0.235937 0.381226 -0.002643
v 0.247572 0.325995 -0.005366
v 0.250628 0.533581 0.016083
v 0.143404 0.342803 -0.146088
v 0.240335 0.521090 -0.009964
v 0.189346 0.435776 -0.022160
v 0.350826 0.015653 0.003455
v 0.235526 0.391135 -0.055494
v 0.338522 0.217041 -0.004401
v 0.305434 0.504886 -0.111978
v 0.422224 0.271523 -0.022445
v 0.264602 0.152381 -0.065869
v 0.216069 0.513418 -0.010777
v 0.345437 0.458148 0.055095
v 0.302393 0.572690 -0.098184
v 0.112250 0.289125 -0.161210
v 0.222826 0.456837 0.004456
v 0.259829 0.250339 -0.099052
v 0.342847 0.049992 -0.098268
v 0.212321 0.403871 -0.030108
v 0.258165 0.561213 0.003899
v 0.240114 0.597405 0.046579
v 0.215496 0.405342 -0.082052
v 0.133392 0.309868 -0.161412
v 0.187057 0.564030 -0.083794
v 0.279978 0.411903 0.009807
v 0.369612 0.154451 -0.043104
v 0.421065 0.497560 -0.100821
v 0.261362 0.543188 -0.066798
v 0.208872 0.351348 0.019114
v 0.310507 0.057040 -0.105925
v 0.213434 0.330908 -0.153356
v 0.206298 0.442893 -0.102533
v 0.302011 0.585649 -0.133027
v 0.155926 0.511008 -0.061634
v 0.185546 0.478218 -0.023989
v 0.086021 0.300686 -0.142087
v 0.218764 0.461622 0.013400
v 0.276557 0.170824 -0.035530
v 0.096358 0.312130 -0.161482
v 0.229978 0.444058 0.021761
v 0.265520 0.199013 -0.021905
v 0.269072 0.250785 -0.111959
v 0.364644 0.309380 -0.015848
v 0.267719 0.358466 -0.111662
v 0.246209 0.353014 -0.128629
v 0.161082 0.376420 -0.145603
v 0.272211 0.385894 -0.120210
v 0.312821 0.137927 0.003558
v 0.254850 0.227671 -0.027182
v 0.367646 0.147669 -0.055674
v 0.409801 0.285037 0.018154
v 0.310603 0.521066 -0.109251
v 0.206679 0.527173 -0.048136
v 0.285080 0.400000 -0.119934
v 0.253928 0.375546 -0.089448
v 0.298398 0.045873 -0.091829
v 0.371004 0.099008 -0.003367
v 0.151330 0.508470 -0.103449
v 0.355990 0.162126 -0.044511
v 0.337956 0.401513 -0.061960
v 0.229331 0.551782 -0.061553
v 0.386755 0.481223 -0.070309
v 0.331550 0.349644 -0.105966
v 0.204661 0.362204 -0.161293
v 0.253168 0.436746 -0.143127
v 0.412567 -0.000183 -0.069154
v 0.323738 0.103422 -0.002749
v 0.249008 0.596087 0.063529
v 0.313324 0.464063 -0.101137
v 0.345601 0.344551 -0.011156
v 0.346553 0.532103 -0.108616
v 0.362355 0.342776 -0.072737
v 0.124543 0.568852 -0.109641
v 0.281963 0.028912 -0.090879
v 0.143136 0.590064 -0.094848
v 0.365704 0.027759 -0.089858
v 0.182843 0.517371 -0.098298
v 0.374578 0.079418 -0.003155
v 0.332960 0.201174 -0.144393
v 0.183890 0.295805 0.031180
v 0.323040 0.537259 0.077555
v 0.266177 0.466829 -0.133412
v 0.185879 0.365214 -0.117023
v 0.279774 0.034511 -0.058026
v 0.175463 0.580759 -0.078410
v 0.270210 0.438536 0.002641
v 0.268957 0.531325 -0.015536
v 0.322632 0.001723 0.022989
v 0.289515 0.529675 -0.081415
v 0.205828 0.338144 0.014474
v 0.277465 0.582554 0.076883
v 0.241199 0.408968 -0.148046
v 0.461103 0.177091 0.016962
v 0.297817 0.075869 -0.111589
v 0.435779 0.344931 -0.041202
v 0.304029 0.083311 -0.125584
v 0.370625 0.382025 -0.010141
v 0.216625 0.530310 -0.041869
v 0.222067 0.406515 -0.039589
v 0.289091 0.568213 -0.116516
v 0.315424 0.344701 0.011553
v 0.298543 0.401948 -0.109600
v 0.252555 0.313986 -0.086995
v 0.379635 0.313188 -0.031347
v 0.191443 0.431371 -0.082520
v 0.243268 0.268221 -0.051934
v 0.423394 0.184945 0.004849
v 0.316943 0.162102 0.016677
v 0.120421 0.301185 -0.139121
v 0.313326 0.001054 0.022298
v 0.394779 0.074721 -0.016902
v 0.288210 0.132798 -0.036221
v 0.241898 0.392543 0.009655
v 0.294749 0.411016 0.007752
v 0.214715 0.490402 -0.153358
v 0.305279 0.096658 -0.123053
v 0.225661 0.399592 -0.100592
v 0.237547 0.530400 -0.033866
v 0.193613 0.370682 -0.159352
v 0.274380 0.513259 -0.031611
v 0.395369 0.102917 -0.038681
v 0.300094 0.560473 0.079454
v 0.382715 0.092008 -0.044543
v 0.300544 0.401447 -0.001343
v 0.186292 0.562185 -0.102969
v 0.320033 0.046977 -0.105433
v 0.399488 0.348782 0.006825
v 0.360566 0.215542 -0.051247
v 0.483355 0.133800 0.012291
v 0.181794 0.398383 -0.153883
v 0.377118 0.020013 -0.009013
v 0.367755 0.351395 -0.052855
v 0.325192 0.060588 -0.028379
v 0.366754 0.517932 -0.107175
v 0.111281 0.535533 -0.060095
v 0.252043 0.466573 -0.133996
v 0.131836 0.512859 -0.071438
v 0.343143 0.201792 0.001435
v 0.367916 -0.000033 -0.005768
v 0.429267 0.305900 -0.030750
v 0.273958 0.634453 -0.148757
v 0.185167 0.441381 -0.024499
v 0.286911 0.161387 -0.140433
v 0.364043 0.082922 -0.083587
v 0.324337 0.062392 -0.006027
v 0.347175 0.408587 -0.095373
v 0.161653 0.349155 -0.165768
v 0.435534 0.166004 -0.015967
v 0.227738 0.395293 -0.111823
v 0.360054 0.240305 -0.011568
v 0.318246 0.485771 -0.061258
v 0.386749 0.089772 -0.021269
v 0.260505 0.557936 0.032309
v 0.356436 0.013028 -0.117640
v 0.282266 0.611318 -0.144537
v 0.381148 0.198037 -0.021090
v 0.323259 0.330511 0.012807
v 0.284380 0.137198 -0.129992
v 0.293785 0.348816 -0.123464
v 0.351387 0.329457 -0.084771
v 0.323333 0.468157 -0.107517
v 0.467119 0.191635 -0.011624
v 0.200796 0.344649 -0.123548
v 0.146189 0.534976 -0.040881
v 0.279949 0.017681 -0.056822
v 0.254622 0.274154 -0.055996
v 0.325710 0.059640 -0.107783
v 0.242014 0.360758 -0.063933
v 0.372128 0.417910 0.016865
v 0.364049 0.260473 -0.034907
v 0.367965 0.372915 0.017933
v 0.244570 0.469756 -0.146598
v 0.256528 0.170073 -0.088348
v 0.283133 0.513012 -0.050128
v 0.322768 0.424665 -0.099399
v 0.383899 0.085988 -0.003446
v 0.273911 0.486881 -0.000709
v 0.177008 0.512006 -0.065707
v 0.275077 0.000413 -0.028636
v 0.360558 0.277840 -0.043639
v 0.147050 0.350359 -0.154636
v 0.304621 0.267980 0.018931
v 0.214562 0.391307 -0.011133
v 0.347382 0.397512 -0.018039
v 0.164028 0.272325 0.018738
v 0.329760 0.536117 0.057808
v 0.167444 0.253642 0.028267
v 0.311386 0.076718 -0.032789
v 0.297675 0.643232 -0.148570
v 0.181674 0.302275 0.014756
v 0.231977 0.357706 -0.113967
v 0.194797 0.402355 -0.006911
v 0.156226 0.575624 -0.058681
v 0.252864 0.357612 -0.003528
v 0.378166 0.356606 -0.041797
v 0.334427 0.171862 -0.154952
v 0.249580 0.252254 -0.014695
v 0.362226 0.093446 -0.069097
v 0.309709 0.021985 -0.115811
v 0.335901 0.454559 0.025359
v 0.308184 0.057316 -0.033309
v 0.348211 0.096018 0.005138
v 0.125369 0.513074 -0.086297
v 0.351680 0.138777 -0.088976
v 0.207635 0.566335 -0.078752
v 0.277696 0.313186 0.019747
v 0.290019 0.018405 -0.019372
v 0.287051 0.358783 0.021265
v 0.270016 0.386763 -0.133417
v 0.301263 0.063330 -0.042176
v 0.312962 0.448079 -0.110408
v 0.288004 0.588139 -0.129881
v 0.418910 -0.001618 -0.046297
v 0.325549 0.229949 0.011114
v 0.354282 0.344292 -0.055287
v 0.210790 0.353261 -0.102000
v 0.182622 0.373458 0.017166
v 0.114995 0.564611 -0.066779
v 0.348247 0.160208 -0.087165
v 0.202730 0.554335 -0.115504
v 0.266856 0.152851 -0.049662
v 0.426190 0.270770 0.024361
v 0.399364 0.467663 -0.097216
v 0.262095 0.100945 -0.083323
v 0.256374 0.362801 0.002793
v 0.337871 0.018829 0.001008
v 0.285830 0.448898 0.004240
v 0.250400 0.289039 -0.021506
v 0.213807 0.641199 0.049180
v 0.201223 0.348163 -0.111664
v 0.198629 0.425604 -0.023337
v 0.363445 0.473892 0.053347
v 0.338361 0.244012 -0.083494
v 0.264635 0.240512 -0.129339
v 0.196894 0.415831 -0.089610
v 0.318702 0.141936 -0.131639
v 0.234400 0.388731 -0.153634
v 0.404605 0.470747 -0.077292
v 0.391242 0.519705 -0.113278
v 0.292797 0.445180 -0.002505
v 0.357112 0.420108 -0.078216
v 0.319028 0.430605 0.021302
v 0.368420 0.186404 -0.012501
v 0.218704 0.642225 0.055651
v 0.187434 0.371925 -0.133357
v 0.172622 0.543013 -0.048058
v 0.353590 0.280145 -0.087581
v 0.165816 0.542085 -0.126225
v 0.457665 0.132543 -0.011497
v 0.318475 0.000874 -0.117217
v 0.336881 0.078538 -0.005401
v 0.234701 0.429975 0.003065
v 0.257750 0.512404 -0.114491
v 0.316250 0.253923 0.021692
v 0.197869 0.267090 0.029823
v 0.376520 0.424551 -0.078042
v 0.262556 0.097027 -0.073353
v 0.396192 0.023341 -0.065161
v 0.171833 0.275079 0.007499
v 0.284052 0.592492 0.072597
v 0.168496 0.257072 0.008286
v 0.389225 0.090987 -0.026129
v 0.174701 0.296826 0.031042
v 0.373600 0.283476 -0.064062
v 0.423263 0.320949 0.027047
v 0.324779 0.222486 -0.105766
v 0.335578 0.194288 -0.073313
v 0.261571 0.409563 -0.126269
v 0.327674 0.415967 -0.054664
v 0.317216 0.580844 -0.124742
v 0.294180 0.640349 -0.161804
v 0.273922 0.212345 0.004153
v 0.357402 0.590472 -0.119764
v 0.342651 0.423838 -0.098656
v 0.132984 0.526723 -0.110785
v 0.237499 0.425311 -0.150253
v 0.389377 0.120464 -0.016234
v 0.311799 0.320467 0.011990
v 0.347054 0.325098 -0.012247
v 0.283239 0.113083 -0.051893
v 0.323150 0.592737 -0.135830
v 0.305953 0.487992 -0.099833
v 0.340537 0.573765 -0.098409
v 0.260108 0.133749 -0.114845
v 0.278069 0.161945 -0.012926
v 0.299505 0.520061 0.035396
v 0.252873 0.415609 -0.132762
v 0.247644 0.424520 -0.146230
v 0.270697 0.401045 -0.001129
v 0.372838 0.047451 -0.072346
v 0.251938 0.010911 -0.088329
v 0.209846 0.420852 -0.045506
v 0.261336 0.018072 -0.076945
v 0.206971 0.410832 -0.079945
v 0.319015 0.253648 -0.118896
v 0.152111 0.529976 -0.055845
v 0.318754 0.089636 -0.009705
v 0.206121 0.435660 -0.158685
v 0.286789 0.510857 0.017167
v 0.414733 0.316134 0.010164
v 0.266179 0.124727 -0.121536
v 0.369481 0.221966 -0.048365
v 0.411987 0.492603 -0.086638
v 0.381057 0.082816 -0.034869
v 0.359441 0.204397 -0.016787
v 0.189291 0.536555 -0.121745
v 0.373393 0.319728 -0.007767
v 0.201665 0.451334 -0.063074
v 0.258176 0.387512 0.006525
v 0.249037 0.387436 -0.108104
v 0.297604 0.302687 0.020419
v 0.477991 0.111251 0.002587
v 0.120988 0.553728 -0.059200
v 0.386713 0.031502 -0.005077
v 0.256059 0.304892 -0.015205
v 0.309013 0.604571 -0.111941
v 0.349487 0.489245 0.039531
v 0.275671 0.481964 -0.121993
v 0.315287 0.550162 0.050349
v 0.330602 0.624174 -0.156550
v 0.080164 0.290711 -0.163604
v 0.384772 0.023321 -0.071071
v 0.447228 0.341923 -0.051105
v 0.403482 0.088487 -0.019640
v 0.280134 0.120298 -0.035760
v 0.182595 0.413290 -0.125268
v 0.227786 0.623401 0.064172
v 0.140303 0.576501 -0.057553
v 0.455779 0.128670 0.020170
v 0.121593 0.315448 -0.148480
v 0.319540 0.362822 0.013059
v 0.418032 -0.003371 -0.022822
v 0.166679 0.302722 0.021993
v 0.339971 0.466916 0.053966
v 0.296448 0.139661 0.000347
v 0.400076 0.532195 -0.122357
v 0.336551 0.113518 0.013169
v 0.324772 0.441883 -0.092285
v 0.219834 0.534278 -0.105785
v 0.189327 0.259694 0.032092
v 0.320742 0.257281 0.016667
v 0.231415 0.298800 -0.045721
v 0.238279 0.350575 -0.002273
v 0.338161 0.034267 -0.012154
v 0.244300 0.341752 -0.047518
v 0.188569 0.374063 -0.003057
v 0.329623 0.026981 -0.020682
v 0.257603 0.194052 -0.136595
v 0.384672 0.521648 -0.121236
v 0.315902 0.367105 0.000867
v 0.253324 0.531881 -0.105788
v 0.358563 0.197985 -0.050028
v 0.270216 0.041684 -0.072176
v 0.248037 0.550450 -0.091756
v 0.103288 0.532003 -0.084006
v 0.147645 0.559234 -0.051052
v 0.298498 0.193636 0.019262
v 0.380603 0.370049 -0.059099
v 0.399693 0.348572 -0.031479
v 0.392375 0.554679 -0.113777
v 0.359467 0.066386 -0.001136
v 0.238213 0.393993 -0.035784
v 0.275080 0.333584 0.018509
v 0.192965 0.359611 -0.002292
v 0.268789 0.604885 0.040245
v 0.258596 0.219821 -0.009804
v 0.188469 0.296228 0.020418
v 0.307970 0.000424 -0.006384
v 0.194124 0.496726 -0.071361
v 0.343747 0.256691 -0.007877
v 0.284437 0.399599 0.003160
v 0.340899 0.357106 -0.096706
v 0.284793 0.011570 -0.091641
v 0.221876 0.466756 0.019459
v 0.341381 0.196658 -0.099535
v 0.338329 0.122793 0.008113
v 0.207451 0.503352 -0.101681
v 0.203111 0.337642 -0.145660
v 0.401742 0.352016 -0.015559
v 0.225564 0.552102 -0.094976
v 0.194579 0.459725 -0.122728
v 0.293639 0.613168 -0.121803
v 0.207657 0.493634 -0.113310
v 0.335863 0.410061 -0.102703
v 0.401037 0.039915 -0.029594
v 0.375648 0.535312 -0.119513
v 0.448172 0.135704 0.010338
v 0.409253 0.323373 -0.047450
v 0.342767 0.049308 -0.088098
v 0.256046 0.320471 0.003296
v 0.201744 0.346708 -0.137477
v 0.230820 0.007208 -0.078809
v 0.202408 0.514496 -0.037272
v 0.254739 0.495763 -0.004926
v 0.256375 0.547318 -0.099436
v 0.252312 0.246225 -0.082269
v 0.373731 0.068903 -0.064417
v 0.322448 0.410325 0.006777
v 0.242299 0.531645 -0.097824
v 0.260761 0.367491 -0.135566
v 0.344767 0.400263 -0.061974
v 0.239444 0.437089 -0.153832
v 0.277767 0.378463 -0.110892
v 0.221840 0.494337 0.008078
v 0.114682 0.540745 -0.115544
v 0.278302 0.550031 0.041491
v 0.077818 0.290135 -0.146055
v 0.201060 0.489464 0.007566
v 0.172877 0.571914 -0.063918
v 0.386631 0.402692 0.031694
v 0.325493 0.533988 -0.110246
v 0.279430 0.384009 0.010675
v 0.261055 0.318835 -0.000598
v 0.261318 0.167969 -0.134965
v 0.235357 0.633404 0.044006
v 0.421024 0.218597 0.005818
v 0.203606 0.392553 -0.107362
v 0.410213 0.231405 -0.026403
v 0.377170 0.057097 -0.075507
v 0.193081 0.408550 0.008433
v 0.236757 0.001926 -0.099898
v 0.380721 0.504847 -0.079191
v 0.136241 0.538940 -0.125166
v 0.220335 0.553928 -0.063530
v 0.414221 0.471190 -0.099733
v 0.116215 0.526640 -0.061873
v 0.422281 0.025911 -0.027565
v 0.358349 0.528109 -0.118237
v 0.272768 0.409882 0.006122
v 0.279855 0.365986 0.012156
v 0.291295 0.536258 -0.117749
v 0.217758 0.448812 -0.157009
v 0.214221 0.623730 0.050844
v 0.200432 0.482922 -0.141490
v 0.363192 0.211289 -0.002424
v 0.249975 0.428596 -0.154410
v 0.330277 0.233325 0.013139
v 0.256290 0.221252 -0.072454
v 0.222106 0.387926 -0.014786
v 0.466137 0.221458 -0.010288
v 0.263459 0.238435 -0.048470
v 0.258835 0.530126 -0.042814
v 0.319715 0.274422 -0.115099
v 0.241960 0.543137 -0.062396
v 0.178827 0.349670 -0.162048
v 0.189700 0.364097 0.024243
v 0.251581 0.339262 -0.080041
v 0.305546 0.402016 -0.009020
v 0.269520 0.059277 -0.064533
v 0.298704 0.529229 0.047851
v 0.345828 0.480482 -0.101048
v 0.274203 0.108133 -0.102382
v 0.374764 0.152197 -0.034299
v 0.392011 0.317582 0.013398
v 0.405508 0.085980 -0.027600
v 0.209131 0.396410 -0.107454
v 0.343949 0.159926 -0.064232
v 0.319636 0.632166 -0.141738
v 0.233408 0.000400 -0.075854
v 0.355485 0.459316 -0.057080
v 0.457481 0.200707 0.007174
v 0.292213 0.143991 -0.017911
v 0.455152 0.214297 -0.020391
v 0.262577 0.205405 -0.017567
v 0.347667 0.045578 0.005005
v 0.189438 0.354037 -0.150046
v 0.309580 0.368579 0.009467
v 0.301165 0.407554 0.015563
v 0.278041 0.510430 0.019258
v 0.270213 0.097241 -0.096515
v 0.310227 0.532888 0.013306
v 0.251635 0.227907 -0.118714
v 0.260382 0.616184 0.070791
v 0.362712 0.320027 -0.046464
v 0.204741 0.374034 -0.109638
v 0.148090 0.553514 -0.127914
v 0.193263 0.250710 0.022090
v 0.173366 0.526853 -0.107532
v 0.236274 0.570472 0.026144
v 0.350265 0.374463 -0.047276
v 0.350295 0.438971 0.006739
v 0.387713 0.064962 -0.058270
v 0.293478 0.094518 -0.042687
v 0.182341 0.389494 -0.125633
v 0.340331 0.027591 -0.108906
v 0.325761 0.454658 0.023198
v 0.173899 0.574539 -0.108129
v 0.357095 0.487907 -0.099900
v 0.117640 0.551024 -0.114011
v 0.225664 0.368742 -0.150640
v 0.282030 0.522206 -0.072150
v 0.339208 0.609500 -0.152565
v 0.442003 0.238630 -0.000062
v 0.380312 0.177364 -0.052406
v 0.281913 0.492420 -0.114443
v 0.353840 0.193930 -0.062390
v 0.272647 0.349325 0.007235
v 0.323989 0.001827 0.022794
v 0.209080 0.414979 -0.062726
v 0.178028 0.395012 -0.144835
v 0.246347 0.383576 -0.072323
v 0.189930 0.439213 -0.143459
v 0.271556 0.528786 -0.076153
v 0.240544 0.524656 -0.024743
v 0.448528 0.236230 0.014848
v 0.171588 0.531389 -0.118229
v 0.369872 0.222481 -0.016021
v 0.249772 0.264338 -0.050284
v 0.223677 0.326366 -0.143250
v 0.312814 0.206946 -0.145322
v 0.318703 0.329875 -0.125826
v 0.330128 0.597105 -0.107362
v 0.176205 0.550472 -0.127189
v 0.279849 0.000426 -0.098794
v 0.302069 0.207634 -0.137983
v 0.138823 0.524288 -0.060763
v 0.235453 0.439525 0.013756
v 0.144787 0.335047 -0.140628
v 0.325424 0.070959 -0.104108
v 0.265135 0.155665 -0.122999
v 0.247387 0.504417 -0.144938
v 0.387646 0.053036 -0.001926
v 0.353239 0.575667 -0.101691
v 0.367794 0.160718 -0.012711
v 0.289660 0.495453 -0.109862
v 0.106311 0.294466 -0.168264
v 0.358595 0.025209 -0.092158
v 0.180147 0.503729 -0.085074
v 0.198144 0.403967 -0.159816
v 0.410705 0.034975 -0.032227
v 0.233526 0.507408 -0.005072
v 0.324609 0.001093 0.022669
v 0.223159 0.337856 -0.120798
v 0.317957 0.020934 -0.118761
v 0.369787 0.092116 -0.052108
v 0.237288 0.501613 -0.137478
v 0.358041 0.239600 -0.074498
v 0.314597 0.505267 -0.002568
v 0.330028 0.406924 -0.035985
v 0.254040 0.306738 -0.013308
v 0.143523 0.503717 -0.079087
v 0.224816 0.423797 -0.162235
v 0.225567 0.484961 -0.153894
v 0.245115 0.629708 0.055341
v 0.333411 0.002107 0.019437
v 0.343271 -0.001422 0.011360
v 0.477967 0.112490 0.007846
v 0.327162 0.518900 0.071922
v 0.358335 0.193225 -0.011953
v 0.198711 0.469683 -0.125803
v 0.311763 0.106014 -0.014817
v 0.365369 0.033889 0.002197
v 0.361997 0.030102 -0.001470
v 0.359535 0.098952 -0.057377
v 0.380261 0.459794 -0.103244
v 0.195245 0.348006 -0.128198
v 0.303644 0.465014 -0.031753
v 0.292806 0.590612 -0.135151
v 0.241519 0.376923 -0.016910
v 0.353222 0.102188 0.010652
v 0.343217 0.608411 -0.123063
v 0.245227 0.243339 -0.023942
v 0.211056 0.414889 -0.100990
v 0.286204 0.617147 -0.151026
v 0.238322 0.376636 -0.132904
v 0.344074 0.140255 0.016129
v 0.128409 0.313180 -0.160396
v 0.298235 0.296819 0.024959
v 0.331602 0.151387 -0.140069
v 0.292094 0.555753 0.072834
v 0.291862 0.448432 0.003037
v 0.409417 0.254124 -0.035130
v 0.211479 0.408038 -0.160427
v 0.401332 0.044500 -0.042135
v 0.362445 0.378744 -0.049475
v 0.367654 0.018714 -0.099589
v 0.328968 0.395198 -0.080484
v 0.251303 0.548466 -0.066313
v 0.265276 0.343042 0.007246
v 0.245763 0.473645 0.005428
v 0.317365 0.132089 -0.135069
v 0.312549 0.555817 0.077461
v 0.349121 0.313421 -0.017288
v 0.293918 0.568888 -0.104562
v 0.136793 0.584770 -0.069194
v 0.374228 0.426871 0.027092
v 0.110584 0.563134 -0.096581
v 0.442487 0.217460 -0.007456
v 0.274960 0.417810 -0.130274
v 0.332652 0.263179 -0.106711
v 0.234960 0.392054 0.006678
v 0.343417 0.220757 -0.092366
v 0.266432 0.180926 -0.041543
v 0.195758 0.456615 -0.056698
v 0.097679 0.301322 -0.174045
v 0.294378 0.086005 -0.111011
v 0.394523 0.357451 -0.009606
v 0.231903 0.392695 -0.147390
v 0.239337 0.552162 -0.079626
v 0.210555 0.335928 -0.119661
v 0.195285 0.490437 -0.045406
v 0.364322 0.326538 -0.007044
v 0.300106 0.454454 -0.107267
v 0.171907 0.319696 0.015727
v 0.194714 0.446900 0.002978
v 0.185010 0.356321 -0.132985
v 0.257575 0.228758 -0.047950
v 0.332797 0.479632 0.001753
v 0.365401 0.572849 -0.135785
v 0.142303 0.554459 -0.122268
v 0.192912 0.442770 -0.053728
v 0.259443 0.214957 -0.136198
v 0.272790 0.182367 -0.012627
v 0.133251 0.547170 -0.125003
v 0.278650 0.308876 -0.124999
v 0.310886 0.627964 -0.128411
v 0.411360 0.017033 -0.047875
v 0.309640 0.161102 -0.136444
v 0.178908 0.553788 -0.051560
v 0.207136 0.370548 0.021710
v 0.188938 0.528238 -0.058363
v 0.087532 0.298631 -0.172230
v 0.186295 0.531370 -0.053412
v 0.426974 0.423396 -0.063926
v 0.232965 0.556489 -0.074313
v 0.423125 0.295400 0.009675
v 0.370678 0.453946 -0.062671
v 0.229404 0.278564 -0.041505
v 0.239713 0.347994 -0.012717
v 0.182664 0.378067 0.005164
v 0.358390 0.011983 -0.110181
v 0.309895 0.218526 0.014115
v 0.427625 0.225092 -0.024930
v 0.281010 0.304739 0.016178
v 0.202074 0.487626 -0.123943
v 0.278860 0.390759 -0.128247
v 0.217693 0.506105 -0.123425
v 0.409509 0.005571 -0.048703
v 0.392664 0.120628 -0.024541
v 0.291198 0.562365 -0.122963
v 0.130362 0.299318 -0.144081
v 0.334913 0.358605 -0.097285
v 0.324899 0.009362 0.014799
v 0.318112 0.462014 -0.096054
v 0.371168 0.407463 -0.049394
v 0.355930 0.535457 -0.117272
v 0.373640 0.000466 -0.115316
v 0.273984 0.522484 -0.066272
v 0.439421 0.156576 0.014246
v 0.302744 0.389108 -0.000723
v 0.197152 0.416935 -0.121421
v 0.352264 0.459981 -0.094320
v 0.473919 0.111518 -0.006218
v 0.197752 0.535941 -0.048352
v 0.367714 0.419707 -0.075302
v 0.258020 0.380226 -0.008566
v 0.209303 0.456264 -0.158947
v 0.257223 0.489349 -0.001190
v 0.359739 0.302947 -0.034087
v 0.318102 0.008080 0.003979
v 0.209823 0.631957 0.040762
v 0.130462 0.529988 -0.046449
v 0.386695 0.414027 0.049813
v 0.320269 0.515078 -0.106872
v 0.255841 0.266718 -0.070356
v 0.347020 0.382356 -0.038950
v 0.189083 0.502055 -0.020770
v 0.414189 0.307874 -0.031002
v 0.229829 0.534549 -0.050589
v 0.314580 0.389188 -0.000232
v 0.352098 0.160948 -0.081250
v 0.334841 0.102555 -0.093180
v 0.353263 0.138095 -0.055180
v 0.303514 0.284214 0.025031
v 0.273843 0.519594 -0.117135
v 0.305662 0.405607 -0.109457
v 0.333304 0.089726 -0.101875
v 0.327640 0.419980 -0.094190
v 0.275621 0.241524 0.009978
v 0.298532 0.327402 0.015415
v 0.325804 0.404608 -0.084951
v 0.289531 0.552897 0.059757
v 0.419795 0.463847 -0.094540
v 0.217137 0.555901 -0.078395
v 0.272694 0.029982 -0.063253
v 0.211506 0.561114 -0.090158
v 0.252056 0.303450 -0.101745
v 0.175663 0.563199 -0.113465
v 0.162392 0.366090 -0.138443
v 0.295411 0.111338 -0.039953
v 0.363859 0.471610 0.065203
v 0.348013 0.469445 0.023441
v 0.337415 0.026136 -0.009493
v 0.316636 0.478103 0.028829
v 0.259518 0.353259 -0.004847
v 0.318644 0.328549 -0.118702
v 0.303971 0.514025 0.043873
v 0.296044 0.301547 -0.130794
v 0.314849 0.060075 -0.104631
v 0.271285 0.003115 -0.060723
v 0.201070 0.430593 -0.092361
v 0.300105 0.430405 0.004007
v 0.065601 0.295973 -0.147527
v 0.224335 0.528070 -0.032927
v 0.411794 0.510970 -0.109424
v 0.352576 0.236612 -0.080715
v 0.280287 0.644158 -0.151750
v 0.197461 0.490036 -0.067428
v 0.292460 0.426805 0.011968
v 0.223796 0.539684 -0.045490
v 0.289635 0.504891 -0.107492
v 0.323595 0.164677 -0.107606
v 0.198446 0.562343 -0.106956
v 0.263180 0.064028 -0.077161
v 0.205447 0.328602 -0.118128
v 0.321704 0.114226 0.000674
v 0.294397 0.215418 0.014457
v 0.360014 0.251402 -0.003957
v 0.187396 0.433950 -0.129410
v 0.242901 0.353639 -0.017933
v 0.225565 0.420756 -0.000751
v 0.162615 0.537640 -0.042038
v 0.409325 0.527594 -0.111407
v 0.256398 0.364121 -0.108245
v 0.122909 0.311812 -0.141758
v 0.397812 0.495790 -0.106878
v 0.194198 0.513144 -0.056855
v 0.317128 0.235342 -0.146738
v 0.291481 0.128036 -0.120791
v 0.472864 0.155907 0.011908
v 0.284416 0.053906 -0.041770
v 0.374132 0.176262 -0.046217
v 0.445780 0.277919 -0.035574
v 0.382092 0.320614 -0.042793
v 0.269758 0.450319 -0.122763
v 0.389569 0.285447 -0.008436
v 0.422323 0.181650 -0.004666
v 0.260065 0.164704 -0.049244
v 0.367799 0.316181 -0.015184
v 0.113284 0.528332 -0.081475
v 0.364471 0.260963 -0.074193
v 0.301168 0.341869 0.017584
v 0.127702 0.526991 -0.060901
v 0.362889 0.275263 -0.071349
v 0.255239 0.324993 -0.102063
v 0.339271 0.238070 -0.088208
v 0.255667 0.438229 0.009404
v 0.314405 0.492858 -0.099715
v 0.210483 0.540491 -0.106888
v 0.411104 0.307894 -0.010422
v 0.287136 0.076734 -0.038683
v 0.348714 0.413176 -0.086142
v 0.237407 0.335519 -0.045048
v 0.278489 0.407085 -0.121558
v 0.185460 0.547262 -0.121940
v 0.183330 0.430702 -0.139059
v 0.476148 0.142662 0.003564
v 0.265762 0.215520 -0.138969
v 0.464306 0.121014 0.008601
v 0.259735 0.530039 -0.018233
v 0.217771 0.341012 -0.108325
v 0.299508 0.486750 -0.045636
v 0.157134 0.589095 -0.092631
v 0.174380 0.251124 0.017135
v 0.330623 0.422858 0.015153
v 0.457338 0.214371 -0.006687
v 0.239124 0.472238 0.003579
v 0.258745 0.605726 0.030235
v 0.259003 0.546359 -0.090326
v 0.237909 0.574309 0.019211
v 0.351278 0.278415 -0.010924
v 0.332525 0.190906 0.003258
v 0.201573 0.433995 -0.053272
v 0.333581 0.060509 0.003328
v 0.221493 0.410001 -0.055302
v 0.441037 0.381351 -0.057280
v 0.236227 0.486809 0.003448
v 0.371330 0.321266 -0.066881
v 0.233698 0.335677 -0.137996
v 0.362668 0.077741 0.000493
v 0.204606 0.400356 -0.026327
v 0.372822 0.267340 -0.014482
v 0.259264 0.452247 0.001480
v 0.423239 0.464715 -0.083479
v 0.320034 0.276202 0.016360
v 0.268957 0.516209 -0.033880
v 0.245923 0.480371 -0.148803
v 0.204044 0.462092 -0.075867
v 0.286058 0.143182 -0.033719
v 0.371782 0.226643 0.004497
v 0.329282 0.358131 -0.002539
v 0.263434 0.009153 -0.100163
v 0.327649 0.205670 0.007079
v 0.203963 0.334199 -0.133024
v 0.220270 0.403971 -0.051675
v 0.233133 0.392731 -0.079448
v 0.438035 0.200528 -0.021171
v 0.334197 0.390905 -0.052074
v 0.478069 0.139012 -0.001770
v 0.090413 0.314128 -0.147165
v 0.453638 0.148167 -0.010594
v 0.381542 0.237146 -0.015941
v 0.478650 0.124446 -0.001705
v 0.359980 0.467897 -0.090084
v 0.331912 0.400818 -0.067518
v 0.203203 0.446232 0.008228
v 0.390783 0.057966 -0.009072
v 0.400964 0.268683 -0.024731
v 0.271733 0.539745 0.035431
v 0.358000 0.448295 0.051862
v 0.340211 0.013067 -0.117099
v 0.397106 0.003538 -0.082036
v 0.261733 0.575495 0.049596
v 0.242890 0.395590 -0.141090
v 0.336731 0.298163 -0.095689
v 0.382485 0.335043 -0.050242
v 0.354955 0.604775 -0.148925
v 0.397014 0.531841 -0.099993
v 0.437652 0.152322 0.006591
v 0.317348 0.612240 -0.148830
v 0.280801 0.394138 -0.108903
v 0.372895 0.235755 -0.032732
v 0.386630 0.431513 -0.076577
v 0.172578 0.507072 -0.099066
v 0.105055 0.547737 -0.100210
v 0.380795 0.451274 -0.082074
v 0.135612 0.514825 -0.080058
v 0.265902 0.211772 -0.014136
v 0.272657 0.461808 -0.127147
v 0.259904 0.234318 -0.065468
v 0.404724 0.039676 -0.008888
v 0.217742 0.471716 -0.158610
v 0.214447 0.518750 -0.103547
v 0.312352 0.225204 0.017932
v 0.335286 0.457546 0.042736
v 0.217097 0.365372 -0.153725
v 0.378335 0.357058 0.019119
v 0.339722 0.000723 -0.122354
v 0.279518 0.008606 -0.047030
v 0.375274 0.398078 0.041559
v 0.329132 0.296161 0.011841
v 0.240044 0.421532 0.011639
v 0.287012 0.011961 -0.032367
v 0.211629 0.469086 -0.153368
v 0.333591 0.473174 0.047664
v 0.117178 0.525069 -0.093238
v 0.257363 0.192422 -0.027784
v 0.265077 0.287755 -0.117735
v 0.326064 0.376656 -0.009638
v 0.319092 0.279455 -0.138635
v 0.268655 0.282075 -0.125917
v 0.134463 0.514972 -0.091762
v 0.346915 0.070585 -0.085326
v 0.283534 0.053533 -0.089806
v 0.329839 0.367601 -0.002216
v 0.168097 0.292360 0.015075
v 0.346999 0.138829 -0.092905
v 0.334550 0.332892 0.003957
v 0.335838 0.190149 -0.078984
v 0.393402 0.060432 -0.019101
v 0.322271 0.290101 -0.125998
v 0.224132 0.394510 -0.065485
v 0.249777 0.539895 -0.052396
v 0.443236 0.294871 -0.030278
v 0.252113 0.538115 -0.006066
v 0.302031 0.382353 -0.119602
v 0.320771 0.242197 0.012177
v 0.189711 0.562881 -0.062231
v 0.272640 0.565659 0.057196
v 0.166483 0.496894 -0.073282
v 0.345929 0.008976 -0.113934
v 0.382012 0.551925 -0.103059
v 0.320870 0.085981 -0.094385
v 0.236912 0.439109 0.022258
v 0.263498 0.389717 0.000139
v 0.315955 0.577401 -0.096408
v 0.334000 0.552105 -0.085435
v 0.254056 0.212931 -0.039116
v 0.340133 0.525264 -0.078429
v 0.433913 0.206604 0.014258
v 0.328947 0.165714 -0.129955
v 0.301032 0.115944 -0.122083
v 0.201067 0.381187 -0.158239
v 0.200710 0.436225 -0.039052
v 0.193225 0.441867 -0.035628
v 0.429618 0.367085 -0.058251
v 0.125366 0.548448 -0.050614
v 0.195930 0.552130 -0.049636
v 0.210878 0.638563 0.058867
v 0.403270 0.275923 -0.036883
v 0.265165 0.371687 -0.121886
v 0.228037 0.604361 0.027821
v 0.460831 0.121486 -0.000891
v 0.332208 0.399825 -0.003754
v 0.367561 0.519112 -0.079781
v 0.197514 0.383879 -0.110670
v 0.257761 0.527993 -0.048531
v 0.315039 0.121042 -0.123283
v 0.392402 0.474146 -0.072085
v 0.266418 0.012319 -0.064388
v 0.315756 0.546176 -0.111711
v 0.413095 0.348463 -0.038711
v 0.188815 0.500754 -0.029242
v 0.231202 0.542588 -0.103772
v 0.304569 0.151193 0.005739
v 0.380884 0.456411 -0.066191
v 0.279211 0.222155 0.013099
v 0.296483 0.288187 -0.129927
v 0.110599 0.540503 -0.053041
v 0.192213 0.425444 -0.105977
v 0.376056 0.514241 -0.109862
v 0.170879 0.556101 -0.122784
v 0.362874 0.128482 -0.044925
v 0.187602 0.476743 -0.034449
v 0.329940 0.247878 -0.108281
v 0.196046 0.524993 -0.101573
v 0.320489 0.400417 -0.088615
v 0.368666 0.223361 -0.008852
v 0.171345 0.583793 -0.092278
v 0.307017 0.032697 -0.033269
v 0.371744 0.203388 -0.011430
v 0.349317 0.325248 -0.093938
v 0.181869 0.558682 -0.068293
v 0.322798 0.020849 -0.015007
v 0.192891 0.561905 -0.072085
v 0.313773 0.057942 -0.035406
v 0.316062 0.528000 -0.114674
v 0.260178 0.117755 -0.090785
v 0.288639 0.406030 0.000752
v 0.378090 0.576790 -0.137276
v 0.300608 0.378290 0.015107
v 0.212158 0.419107 -0.064170
v 0.312746 0.392473 -0.007895
v 0.257602 0.114894 -0.107316
v 0.240485 0.387773 -0.041076
v 0.351747 0.170960 -0.008404
v 0.190069 0.456581 -0.036261
v 0.257661 0.407407 -0.144925
v 0.418417 0.247194 -0.032935
v 0.302202 0.540732 -0.116621
v 0.225229 0.529070 -0.100777
v 0.402681 0.339506 -0.036595
v 0.319672 0.426615 -0.108511
v 0.246179 0.271186 -0.037423
v 0.424850 0.427786 -0.075686
v 0.305293 0.191953 0.014616
v 0.347630 0.504386 -0.103412
v 0.257733 0.178141 -0.104933
v 0.356460 0.142156 -0.068654
v 0.265330 0.160701 -0.063229
v 0.323952 0.537734 0.039640
v 0.260800 0.615952 0.063761
v 0.343245 0.368889 -0.064791
v 0.255142 0.194451 -0.073613
v 0.195485 0.567511 -0.076257
v 0.347771 0.568673 -0.130286
v 0.485588 0.119927 0.005654
v 0.177242 0.275826 0.034816
v 0.448239 0.323109 -0.041916
v 0.241489 0.621390 0.072559
v 0.196713 0.500809 -0.092919
v 0.388890 0.403080 0.054319
v 0.335864 0.179796 -0.142110
v 0.253582 0.391849 0.002832
v 0.362720 0.073399 0.003952
v 0.329582 0.203916 -0.134289
v 0.455193 0.192152 0.020121
v 0.368412 0.316054 -0.040283
v 0.284742 0.492196 -0.033978
v 0.348832 0.417416 -0.057619
v 0.341485 0.010555 0.015498
v 0.299519 0.134496 -0.007411
v 0.398619 0.083013 -0.021891
v 0.407654 0.072064 -0.017235
v 0.161200 0.560637 -0.119648
v 0.212796 0.447297 0.008199
v 0.284706 0.477938 0.007840
v 0.209981 0.473008 0.009410
v 0.190400 0.352523 -0.140165
v 0.383620 0.045912 0.004934
v 0.199294 0.412268 0.013758
v 0.074853 0.309562 -0.162417
v 0.301913 0.032104 -0.027171
v 0.094018 0.297284 -0.166967
v 0.253931 0.193327 -0.086253
v 0.369607 0.011486 -0.088337
v 0.404591 -0.001469 -0.069516
v 0.374413 0.440618 0.045827
v 0.207419 0.403641 -0.021150
v 0.242314 0.577381 0.038799
v 0.359595 0.456123 0.031456
v 0.362610 0.107535 0.002461
v 0.339738 0.190217 -0.065368
v 0.299298 0.413728 -0.116887
v 0.329156 0.194737 -0.152562
v 0.266301 0.536831 -0.099329
v 0.324772 0.555309 -0.119174
v 0.201421 0.563226 -0.093248
v 0.423040 0.243503 0.016349
v 0.090839 0.299323 -0.136356
v 0.200543 0.260862 0.023581
v 0.331053 0.484195 -0.105355
v 0.347086 0.366586 -0.048306
v 0.262948 0.524170 0.012010
v 0.367972 0.469533 -0.098068
v 0.408703 0.039859 -0.031994
v 0.282820 0.536415 -0.006999
v 0.401858 0.377470 0.036262
v 0.263924 0.499883 0.003782
v 0.343151 0.297041 -0.092322
v 0.383059 0.479145 -0.102604
v 0.331494 0.551327 -0.115609
v 0.290430 0.005348 -0.100946
v 0.353329 0.257241 -0.047678
v 0.262022 0.001944 -0.102651
v 0.234723 0.452077 -0.159587
v 0.140946 0.513518 -0.099649
v 0.271852 0.037544 -0.081624
v 0.358169 0.182113 -0.049263
v 0.429481 0.314979 -0.047502
v 0.382834 0.014059 -0.074988
v 0.104040 0.541556 -0.090193
v 0.354048 0.215883 -0.072706
v 0.466590 0.130061 0.024183
v 0.292987 0.528527 0.044764
v 0.313044 0.536862 -0.080181
v 0.464494 0.153000 0.020666
v 0.335509 0.569890 -0.121075
v 0.405296 0.051984 -0.020960
v 0.261408 0.500188 -0.126803
v 0.297036 0.079647 -0.039833
v 0.416359 0.210101 -0.015429
v 0.378895 0.478226 -0.104784
v 0.191587 0.387452 -0.121403
v 0.180197 0.466735 -0.014787
v 0.265485 0.536900 0.021337
v 0.147213 0.566890 -0.118321
v 0.291528 0.197036 -0.138694
v 0.288259 0.101146 -0.105777
v 0.298522 0.476474 -0.112473
v 0.203781 0.345967 -0.119664
v 0.238012 0.383110 -0.028210
v 0.316818 0.512142 0.052118
v 0.194960 0.266709 0.034718
v 0.184689 0.488528 -0.008627
v 0.319711 0.029673 -0.024241
v 0.325410 0.305780 0.007340
v 0.138360 0.496130 -0.085754
v 0.352778 0.020232 0.004664
v 0.236105 0.461668 -0.155274
v 0.384474 0.147050 -0.026206
v 0.205020 0.392270 -0.169989
v 0.330612 0.326939 0.002352
v 0.353156 0.232292 -0.003425
v 0.173939 0.304985 0.013805
v 0.263279 0.431335 -0.126709
v 0.195088 0.338830 0.006176
v 0.347471 0.332246 -0.016309
v 0.345584 0.564633 -0.122098
v 0.144700 0.503964 -0.091822
v 0.353596 0.297518 -0.015192
v 0.176105 0.331823 0.023038
v 0.375106 0.181397 -0.028480
v 0.115765 0.303419 -0.161895
v 0.256101 0.363958 -0.136184
v 0.397798 0.381713 -0.061866
v 0.191484 0.452361 -0.131370
v 0.362333 0.348240 -0.004439
v 0.398813 0.392784 -0.068043
v 0.187260 0.378835 -0.127393
v 0.354024 0.427027 -0.093326
v 0.341948 0.064024 0.009582
v 0.212727 0.356679 -0.159014
v 0.335324 0.510474 -0.105580
v 0.378877 0.233899 -0.004793
v 0.349241 0.005736 0.009667
v 0.255913 0.475101 0.000668
v 0.120825 0.577200 -0.077004
v 0.355964 0.132626 0.010897
v 0.363623 0.134344 0.000845
v 0.425520 0.478557 -0.091273
v 0.348738 0.161774 0.003965
v 0.335225 0.266827 -0.000121
v 0.420745 0.497905 -0.095834
v 0.112119 0.308847 -0.151782
v 0.190933 0.527278 -0.047965
v 0.247390 0.542263 -0.095446
v 0.212270 0.478722 -0.152722
v 0.216532 0.383213 0.013407
v 0.197872 0.523152 -0.055569
v 0.309638 0.343101 0.020966
v 0.472628 0.127537 0.018862
v 0.314983 0.079309 -0.021442
v 0.233942 0.350921 -0.035015
v 0.347540 0.370152 -0.073787
v 0.209881 0.434118 -0.074134
v 0.291959 0.508838 0.025151
v 0.310681 0.413553 -0.101702
v 0.287975 0.594551 -0.124463
v 0.271207 0.600036 0.080090
v 0.261945 0.294810 -0.100311
v 0.340080 0.145470 0.018809
v 0.182944 0.386865 -0.160996
v 0.347892 0.349893 -0.054976
v 0.301519 0.138759 -0.140552
v 0.415761 0.001323 -0.027567
v 0.402628 0.052914 -0.039760
v 0.202714 0.416412 -0.031353
v 0.267639 0.094792 -0.066737
v 0.243999 0.379876 -0.007775
v 0.306006 0.513993 0.032510
v 0.390450 0.364694 0.000856
v 0.323940 0.411929 -0.095266
v 0.159932 0.544336 -0.129087
v 0.429028 0.301213 0.031265
v 0.274326 0.335994 -0.120896
v 0.143721 0.542189 -0.129450
v 0.289263 0.638644 -0.141623
v 0.239198 0.630346 0.064691
v 0.146898 0.534224 -0.123186
v 0.190686 0.348378 -0.120944
v 0.110573 0.552716 -0.071757
v 0.188623 0.296940 0.027054
v 0.378153 0.164170 -0.013407
v 0.439566 0.151415 -0.008009
v 0.443618 0.249007 -0.018452
v 0.201688 0.352064 -0.150571
v 0.433530 0.294401 -0.030895
v 0.143502 0.530332 -0.112050
v 0.361270 0.429590 0.045690
v 0.448805 0.217653 0.007724
v 0.146298 0.531026 -0.050280
v 0.283859 0.407866 0.009450
v 0.305196 0.552836 0.029241
v 0.240351 0.384033 -0.057251
v 0.109867 0.529690 -0.105549
v 0.247907 0.539817 -0.104083
v 0.237677 0.347313 -0.062378
v 0.267429 0.014369 -0.087620
v 0.237988 0.349698 -0.123976
v 0.218612 0.491713 -0.147688
v 0.249257 0.227935 -0.102360
v 0.233868 0.518626 -0.016222
v 0.387137 0.108132 -0.014538
v 0.429299 0.165024 0.001687
v 0.368798 0.135238 -0.053009
v 0.345311 0.436934 -0.097992
v 0.271535 0.001978 -0.064136
v 0.200078 0.445028 -0.058243
v 0.400822 0.412106 -0.051797
v 0.279331 0.532683 -0.114685
v 0.277967 0.387647 -0.114667
v 0.167992 0.377791 -0.159770
v 0.340202 0.046482 -0.010997
v 0.160708 0.374028 -0.155097
v 0.271607 0.527807 -0.113375
v 0.294440 0.250473 0.021647
v 0.235665 0.360548 -0.057615
v 0.103287 0.294009 -0.136711
v 0.305683 0.005163 0.011049
v 0.295102 0.362090 0.014537
v 0.429388 0.280861 0.001062
v 0.335633 0.015433 -0.000076
v 0.246454 0.372489 -0.080902
v 0.431900 0.261311 -0.018872
v 0.325731 0.006489 -0.117350
v 0.252471 0.252804 -0.097702
v 0.183793 0.526680 -0.101616
v 0.170746 0.563371 -0.059072
v 0.350760 0.118521 -0.068991
v 0.262657 0.536529 -0.080477
v 0.446775 0.126978 0.011706
v 0.360503 0.107740 -0.084690
v 0.294370 0.372756 0.016193
v 0.394273 0.043186 -0.048561
v 0.386342 0.451352 -0.085586
v 0.282378 0.505535 -0.049484
v 0.262503 0.248966 -0.015095
v 0.246990 0.465965 -0.138965
v 0.225704 0.549145 -0.052881
v 0.261276 0.266323 -0.011518
v 0.311140 0.382388 -0.110938
v 0.244189 0.383427 -0.076982
v 0.275084 0.021707 -0.084948
v 0.363745 0.342863 -0.067638
v 0.346069 0.177430 -0.054703
v 0.215127 0.549220 -0.057468
v 0.377818 0.065838 -0.077024
v 0.274984 0.471480 -0.004432
v 0.358432 0.393989 -0.066391
v 0.437288 0.258437 0.005988
v 0.210179 0.557695 -0.063368
v 0.250413 0.266710 -0.029582
v 0.340228 0.512071 0.071825
v 0.311908 0.004258 -0.010895
v 0.371057 0.197886 -0.017675
v 0.222016 0.600802 0.038757
v 0.184815 0.421465 -0.138281
v 0.202436 0.472907 -0.093199
v 0.204141 0.544974 -0.118625
v 0.381588 0.106126 -0.020520
v 0.305371 0.100064 -0.007843
v 0.306736 0.410246 -0.103168
v 0.401856 0.485400 -0.102082
v 0.363419 0.457665 0.036124
v 0.303545 0.490022 -0.060361
v 0.355607 0.114566 -0.054729
v 0.249472 0.383206 -0.135902
v 0.361620 0.042176 -0.085368
v 0.296901 0.522231 -0.074750
v 0.203679 0.448471 -0.084251
v 0.340840 0.331899 -0.096983
v 0.322193 0.341835 -0.116613
v 0.301754 0.109937 -0.034142
v 0.291152 0.528645 0.035040
v 0.448799 0.174437 -0.017411
v 0.175750 0.252517 0.006854
v 0.266321 0.557741 0.039833
v 0.166500 0.278681 0.029217
v 0.267022 0.502109 0.013041
v 0.281588 0.504681 0.012472
v 0.252867 0.542746 -0.060229
v 0.255737 0.526528 -0.037958
v 0.189205 0.420665 -0.127077
v 0.188145 0.542075 -0.047157
v 0.249817 0.258072 -0.093366
v 0.187472 0.397299 -0.118791
v 0.461586 0.142076 -0.011830
v 0.311624 0.294028 0.018409
v 0.196596 0.499924 -0.061878
v 0.287309 0.034242 -0.026157
v 0.198348 0.423294 -0.115386
v 0.356432 0.058586 0.001076
v 0.326827 0.342482 -0.109897
v 0.288078 0.050995 -0.041383
v 0.214553 0.409080 -0.102087
v 0.301293 0.475688 -0.043888
v 0.318836 0.096407 -0.103063
v 0.412599 0.460921 -0.099870
v 0.154165 0.318369 -0.150978
v 0.198236 0.511937 -0.026110
v 0.477550 0.158009 0.009763
v 0.351366 0.549662 -0.087775
v 0.208728 0.521470 -0.032897
v 0.207534 0.431720 -0.089874
v 0.158473 0.496788 -0.078537
v 0.356918 0.377846 -0.051590
v 0.277561 0.120448 -0.124516
v 0.203699 0.511578 -0.100272
v 0.286808 0.097101 -0.036372
v 0.203503 0.435224 -0.162526
v 0.311465 0.458797 -0.026729
v 0.145923 0.507597 -0.066769
v 0.429507 0.254789 -0.016752
v 0.359314 0.522542 -0.077613
v 0.288554 0.319930 0.021699
v 0.267270 0.580534 0.067138
v 0.258205 0.524215 -0.029747
v 0.313967 0.290856 0.022720
v 0.253866 0.425747 -0.128685
v 0.301860 0.539337 -0.082648
v 0.310481 0.114317 -0.118122
v 0.295904 0.111360 -0.119805
v 0.263123 0.528019 -0.059865
v 0.348647 0.023709 -0.113165
v 0.261472 0.533309 -0.066854
v 0.323774 0.458059 0.029913
v 0.183962 0.404120 -0.132395
v 0.192270 0.268659 0.010747
v 0.262167 0.328025 -0.097924
v 0.331278 0.460332 0.032297
v 0.264209 0.247735 -0.122617
v 0.341015 0.455544 0.035210
v 0.387298 0.016403 -0.075181
v 0.330656 0.611007 -0.118621
v 0.316463 0.465777 0.019648
v 0.154531 0.321800 -0.160299
v 0.473581 0.172227 0.000913
v 0.198393 0.438658 -0.111061
v 0.286402 0.554853 0.008285
v 0.379033 -0.001754 -0.006984
v 0.401156 0.477634 -0.073429
v 0.279491 0.420484 0.013041
v 0.352439 0.489876 -0.064342
v 0.256827 0.390005 -0.142202
v 0.323920 0.251529 0.020748
v 0.277100 0.079279 -0.094824
v 0.369687 0.583417 -0.120918
v 0.269370 0.369574 -0.111776
v 0.382534 0.196315 -0.027805
v 0.303492 0.478951 -0.056808
v 0.232920 0.385982 -0.021419
v 0.168124 0.495029 -0.088505
v 0.399411 0.274799 -0.001089
v 0.201546 0.471418 -0.146963
v 0.319559 0.462900 -0.056532
v 0.177355 0.526876 -0.060434
v 0.377293 0.003050 -0.003457
v 0.314328 0.459829 -0.053592
v 0.354629 0.493870 0.063813
v 0.213662 0.412226 -0.070541
v 0.354170 0.450058 0.054791
v 0.295760 0.423707 -0.113487
v 0.253541 0.217196 -0.084348
v 0.183689 0.570801 -0.092083
v 0.081545 0.314678 -0.150934
v 0.249034 0.316759 -0.061558
v 0.286565 0.548564 -0.106973
v 0.351635 0.469514 0.061396
v 0.231270 0.303107 -0.040796
v 0.279683 0.023145 -0.046637
v 0.368528 0.535583 -0.092202
v 0.401610 0.312014 -0.026909
v 0.187704 0.271506 0.016833
v 0.106566 0.549455 -0.070804
v 0.342291 0.408066 -0.076400
v 0.131913 0.567613 -0.055191
v 0.206394 0.477405 -0.110814
v 0.303294 0.527419 0.057550
v 0.230467 0.338918 -0.129055
v 0.354465 0.080351 -0.079538
v 0.125719 0.289720 -0.145169
v 0.366524 0.555845 -0.101118
v 0.276208 0.054451 -0.056728
v 0.083379 0.289275 -0.171595
v 0.379613 0.312010 -0.007809
v 0.256760 0.240159 -0.117248
v 0.415460 0.298382 -0.041392
v 0.334053 0.375503 -0.013959
v 0.287558 0.500174 -0.028178
v 0.334055 0.299743 -0.109560
v 0.264037 0.274317 -0.000124
v 0.334833 0.533809 -0.113720
v 0.361779 0.265679 -0.049796
v 0.272390 0.631998 -0.155028
v 0.285240 0.151866 -0.024304
v 0.214715 0.417620 -0.160619
v 0.283468 0.427728 -0.115527
v 0.354016 0.343891 -0.045768
v 0.341236 0.502129 -0.068774
v 0.300643 0.129029 -0.018090
v 0.368914 0.268432 -0.065423
v 0.246797 0.356999 0.002583
v 0.253698 0.282899 -0.049365
v 0.333825 0.520258 0.044714
v 0.309145 0.515752 0.049634
v 0.380974 0.116889 -0.045021
v 0.263946 0.417345 0.009876
v 0.206611 0.450030 -0.156876
v 0.153379 0.544227 -0.126586
v 0.176187 0.281970 0.008183
v 0.307853 0.047654 -0.039087
v 0.330326 0.039989 -0.014075
v 0.449294 0.230352 0.019929
v 0.351523 0.458749 0.054123
v 0.377461 0.056606 -0.001778
v 0.257506 0.176979 -0.066010
v 0.313875 0.626692 -0.158479
v 0.252868 0.425613 0.014688
v 0.314671 0.453593 -0.041921
v 0.390322 0.011786 -0.018077
v 0.190072 0.380710 -0.133330
v 0.318188 0.165570 0.020276
v 0.176422 0.534917 -0.049252
v 0.283051 0.155015 -0.136862
v 0.389885 0.417843 -0.054523
v 0.270711 0.176752 -0.015186
v 0.296420 0.036700 -0.030888
v 0.283498 0.648433 -0.160899
v 0.257496 0.407690 0.009574
v 0.352403 0.189171 0.005803
v 0.409452 0.420883 -0.077327
v 0.369231 0.169403 -0.016186
v 0.311395 0.406491 0.012004
v 0.307924 0.609643 -0.141924
v 0.293397 0.284904 0.019655
v 0.377089 0.151025 -0.012154
v 0.334296 0.087624 -0.004026
v 0.297527 0.461635 0.012791
v 0.193484 0.284040 0.022515
v 0.258018 0.257779 -0.054832
v 0.202256 0.417409 -0.105224
v 0.199154 0.385175 -0.120536
v 0.145471 0.579097 -0.110990
v 0.342395 0.458355 0.046580
v 0.266233 0.265551 -0.104932
v 0.359856 0.118093 0.004694
v 0.320458 0.228722 -0.110102
v 0.264346 0.367092 -0.131216
v 0.123781 0.518986 -0.071643
v 0.343281 0.225744 -0.007377
v 0.193065 0.454399 -0.143985
v 0.247148 0.237637 -0.017758
v 0.179569 0.503669 -0.076593
v 0.239229 0.376006 -0.013377
v 0.296175 0.573057 0.082078
v 0.325939 0.258503 -0.135025
v 0.190627 0.447777 -0.007771
v 0.193455 0.440253 -0.156170
v 0.130719 0.553433 -0.116035
v 0.389964 0.303129 0.001706
v 0.192956 0.422544 -0.164937
v 0.149240 0.329338 -0.138999
v 0.229538 0.401279 -0.159686
v 0.194391 0.409493 -0.160266
v 0.194670 0.508041 -0.034498
v 0.154704 0.588591 -0.078448
v 0.186953 0.428961 -0.152949
v 0.307200 0.351339 0.014380
v 0.199891 0.492245 -0.087236
v 0.378553 -0.000691 -0.108164
v 0.319973 0.124063 -0.122629
v 0.462603 0.167917 -0.011728
v 0.128419 0.296113 -0.153469
v 0.264663 0.511645 0.009002
v 0.239870 0.404912 0.013198
v 0.330502 0.121584 0.008293
v 0.416513 0.288768 -0.021658
v 0.307420 0.412819 -0.115739
v 0.296671 0.533382 0.002774
v 0.271624 0.053198 -0.079108
v 0.459902 0.247867 -0.025872
v 0.289214 0.516357 -0.014570
v 0.386356 0.099340 -0.041344
v 0.343271 0.541371 -0.084347
v 0.225652 0.426791 -0.154763
v 0.236952 0.497436 -0.003723
v 0.217851 0.377162 0.004909
v 0.410161 0.303205 -0.027301
v 0.405554 0.260588 0.003524
v 0.196008 0.422593 -0.161324
v 0.197641 0.260519 0.015269
v 0.273646 0.230497 -0.135102
v 0.171892 0.556105 -0.048520
v 0.367276 0.494733 -0.069063
v 0.282961 0.007518 -0.038563
v 0.286013 0.406550 0.004446
v 0.151882 0.556775 -0.052933
v 0.304527 0.473481 0.019520
v 0.254171 0.622191 0.046091
v 0.199941 0.532844 -0.117199
v 0.335047 0.147726 -0.093472
v 0.256754 0.540037 -0.105642
v 0.232377 0.006235 -0.090404
v 0.292087 0.362549 0.023303
v 0.136183 0.539789 -0.043315
v 0.414808 0.008718 -0.019903
v 0.411442 0.219666 -0.005083
v 0.228166 0.491473 0.001412
v 0.354094 0.238479 -0.047765
v 0.392463 0.283567 -0.004524
v 0.450675 0.211666 -0.005018
v 0.422391 0.348813 -0.055212
v 0.364039 0.229663 -0.049924
v 0.277037 0.270285 -0.129336
v 0.117054 0.573003 -0.095536
v 0.196774 0.363963 0.025643
v 0.281429 0.538126 -0.099413
v 0.101667 0.538760 -0.081297
v 0.372637 0.470413 -0.065008
v 0.252096 0.320538 -0.077688
v 0.208792 0.497909 0.004824
v 0.220130 0.327263 -0.150522
v 0.277751 0.378992 0.015173
v 0.289934 0.401365 -0.116187
v 0.235777 0.545970 -0.054071
v 0.085208 0.313916 -0.159256
v 0.353529 0.228374 -0.045402
v 0.309667 0.406485 -0.008338
v 0.261898 0.541324 -0.081803
v 0.192387 0.406333 0.001048
v 0.312821 0.065919 -0.112572
v 0.347117 0.192136 -0.088062
v 0.191105 0.549999 -0.052332
v 0.198296 0.476944 -0.064098
v 0.336218 0.140519 0.014245
v 0.203175 0.483521 -0.140579
v 0.247232 0.526153 -0.105273
v 0.209179 0.363808 0.000613
v 0.439383 0.135639 0.006577
v 0.201511 0.511496 -0.010859
v 0.399207 0.048386 -0.026954
v 0.303836 0.008374 -0.015479
v 0.260838 0.177448 -0.129817
v 0.327157 0.409418 -0.050091
v 0.250831 0.534127 -0.059433
v 0.223552 0.408578 0.001525
v 0.209864 0.383941 -0.008288
v 0.366605 0.263606 -0.032153
v 0.364418 0.218981 0.000917
v 0.383909 0.178255 -0.045695
v 0.215535 0.402120 -0.104470
v 0.349154 0.422815 0.028175
v 0.191784 0.447661 -0.031495
v 0.396526 0.326954 -0.050111
v 0.160540 0.577000 -0.113405
v 0.317618 0.225662 0.013295
v 0.393757 0.039053 -0.066043
v 0.104889 0.535172 -0.067274
v 0.356003 0.378999 -0.059138
v 0.223803 0.553679 -0.086008
v 0.223126 0.636997 0.064530
v 0.289835 0.006325 -0.009771
v 0.297885 0.527501 -0.115979
v 0.245356 0.359964 -0.120056
v 0.318716 0.380018 -0.105552
v 0.138746 0.515049 -0.068831
v 0.258634 0.529342 -0.112969
v 0.341894 0.415780 0.013885
v 0.248310 0.368943 -0.109641
v 0.235735 0.361598 -0.144943
v 0.295649 0.236799 0.017568
v 0.289333 0.515256 -0.112790
v 0.355552 0.370363 -0.053925
v 0.295686 0.262917 0.019534
v 0.390404 0.371495 -0.061142
v 0.216689 0.399201 -0.017664
v 0.370810 0.314391 -0.025918
v 0.347034 0.040331 0.001819
v 0.190068 0.356334 -0.123060
v 0.188214 0.558825 -0.097655
v 0.292917 0.593535 -0.115791
v 0.321324 -0.001258 0.022077
v 0.146929 0.540860 -0.039031
v 0.253499 0.251890 -0.041280
v 0.291422 0.376417 -0.115463
v 0.132541 0.548988 -0.042163
v 0.370131 0.116711 -0.042694
v 0.204393 0.390198 -0.165389
v 0.243809 0.010632 -0.091016
v 0.317845 0.065642 -0.035183
v 0.314377 0.552402 -0.116049
v 0.279629 0.137666 -0.036875
v 0.376579 0.413912 -0.051841
v 0.328713 0.476092 0.045872
v 0.312462 0.018118 -0.023132
v 0.384314 0.060251 -0.071047
v 0.281677 0.256188 0.015975
v 0.190742 0.530596 -0.115764
v 0.379494 0.187717 -0.041727
v 0.336428 0.508037 0.029933
v 0.306037 0.007867 -0.117734
v 0.366240 0.096515 0.007212
v 0.242565 0.557756 0.011881
v 0.243326 0.491707 -0.146995
v 0.334238 0.501396 0.017928
v 0.375737 0.158035 -0.059144
v 0.443406 0.163497 -0.015018
v 0.363920 0.013423 0.003333
v 0.088751 0.307053 -0.174837
v 0.254442 0.522821 -0.114021
v 0.267989 0.028430 -0.076934
v 0.084622 0.310047 -0.167584
v 0.240348 0.422390 0.023090
v 0.326277 0.572297 -0.122914
v 0.362544 0.331632 -0.038206
v 0.315550 0.015620 -0.123422
v 0.300843 0.619542 -0.150354
v 0.317095 0.407302 -0.096178
v 0.388423 0.002795 -0.091175
v 0.312332 0.000196 0.014198
v 0.322065 0.528803 0.025598
v 0.379499 0.530827 -0.094418
v 0.167016 0.535992 -0.126957
v 0.372079 0.301010 -0.052810
v 0.114896 0.554524 -0.106864
v 0.205116 0.543187 -0.043038
v 0.386114 0.546695 -0.127505
v 0.341643 0.381280 -0.045544
v 0.297810 0.507310 0.024050
v 0.353698 0.206210 -0.007107
v 0.341500 0.436585 0.023178
v 0.385901 0.567275 -0.131425
v 0.232486 0.484354 -0.150242
v 0.342885 0.236705 -0.100763
v 0.264764 0.477571 -0.130618
v 0.335506 0.279901 -0.090981
v 0.339453 0.616756 -0.133935
v 0.242169 0.386626 -0.001803
v 0.275867 0.508014 -0.115143
v 0.354982 0.304664 -0.088037
v 0.461499 0.197698 0.000459
v 0.075394 0.314462 -0.167279
v 0.217699 0.368701 0.006746
v 0.346576 0.473861 -0.101389
v 0.381973 0.306925 -0.022186
v 0.296410 0.557373 0.017581
v 0.247931 0.396654 0.007361
v 0.299950 0.098772 -0.043556
v 0.235724 0.416676 0.002546
v 0.362374 0.574573 -0.112701
v 0.314304 0.640758 -0.157000
v 0.368141 0.281552 -0.056362
v 0.331088 0.448115 -0.018941
v 0.376351 0.573892 -0.119709
v 0.206667 0.497431 -0.126664
v 0.348191 0.470995 -0.093948
v 0.350991 0.219958 -0.058325
v 0.271450 0.534886 0.026120
v 0.347769 0.459021 0.011337
v 0.356519 0.434730 -0.085215
v 0.396148 0.323486 0.022263
v 0.316328 0.075605 -0.010106
v 0.270209 0.510951 0.014869
v 0.177514 0.562853 -0.054694
v 0.337591 0.424262 0.019091
v 0.389650 0.370622 0.038423
v 0.346300 0.085298 0.003867
v 0.325290 0.466036 -0.012578
v 0.126729 0.530880 -0.051469
v 0.377497 0.362096 0.023747
v 0.299363 0.110342 -0.018082
v 0.418110 0.318491 0.018478
v 0.278910 0.571176 0.016885
v 0.358681 0.324008 -0.008583
v 0.260695 0.152367 -0.105029
v 0.258970 0.379850 -0.132322
v 0.423584 0.197629 -0.019760
v 0.287025 0.198887 0.011154
v 0.280303 0.587271 0.031286
v 0.339089 0.519513 0.059824
v 0.404570 0.351178 -0.053644
v 0.214167 0.560718 -0.067247
v 0.244722 0.536184 0.000126
v 0.295767 0.499179 -0.063400
v 0.304728 0.208278 0.013453
v 0.355725 0.519400 -0.104974
v 0.338674 0.196373 0.001112
v 0.321981 0.507319 -0.103000
v 0.325425 0.631629 -0.159824
v 0.312990 0.076042 -0.024832
v 0.362386 0.372945 -0.034581
v 0.123201 0.573799 -0.065328
v 0.404847 0.524760 -0.114718
v 0.402665 0.342526 -0.004668
v 0.348554 0.613173 -0.134581
v 0.405767 0.522872 -0.101928
v 0.389025 0.377151 0.013881
v 0.191912 0.393007 -0.002442
v 0.396375 0.351032 -0.039465
v 0.310402 0.237370 -0.138638
v 0.298496 0.373448 0.011221
v 0.394901 0.281997 -0.030155
v 0.125559 0.535462 -0.121685
v 0.302503 0.060213 -0.104098
v 0.137268 0.531828 -0.122818
v 0.209653 0.343196 -0.103995
v 0.290518 0.070149 -0.039852
v 0.307297 0.405606 0.001178
v 0.355429 0.445324 -0.090868
v 0.245363 0.389887 -0.135500
v 0.265722 0.398763 -0.000123
v 0.247585 0.444319 0.013265
v 0.304864 0.379221 -0.000225
v 0.410800 0.335998 -0.052588
v 0.404026 0.545061 -0.118564
v 0.218765 0.329203 -0.134864
v 0.386731 0.354335 -0.039445
v 0.220041 0.386985 -0.004019
v 0.211379 0.499757 -0.111927
v 0.323433 0.181532 -0.155666
v 0.342882 0.099895 -0.085535
v 0.209973 0.401723 0.016120
v 0.359922 0.290438 -0.045142
v 0.322162 0.070507 -0.114801
v 0.436049 0.413333 -0.069773
v 0.412822 0.332945 -0.047812
v 0.255887 0.224814 -0.034865
v 0.296938 0.013292 -0.100661
v 0.321079 0.172179 -0.156773
v 0.431300 0.436657 -0.075096
v 0.249486 0.554619 0.028917
v 0.298882 0.491550 -0.108722
v 0.216531 0.401722 -0.084935
v 0.246345 0.524321 -0.100745
v 0.220592 0.444105 0.005008
v 0.354857 0.194131 -0.005010
v 0.194909 0.406761 -0.167437
v 0.437340 0.241332 -0.013318
v 0.420488 0.029968 -0.022283
v 0.133920 0.557672 -0.053406
v 0.125638 0.289527 -0.155533
v 0.245877 0.566241 0.006605
v 0.359863 0.338777 -0.078550
v 0.281566 0.047853 -0.056195
v 0.319903 0.351656 0.006888
v 0.462609 0.132026 -0.006734
v 0.163743 0.530546 -0.110828
v 0.277078 0.631685 -0.158180
v 0.306412 0.493979 -0.107849
v 0.389579 0.039216 0.002354
v 0.408498 0.035023 -0.009586
v 0.394054 0.508755 -0.086198
v 0.406827 0.239088 -0.024400
v 0.428185 0.285003 0.013740
v 0.327887 0.386489 -0.015773
v 0.216651 0.459056 0.007526
v 0.374627 0.314784 -0.017304
v 0.102154 0.539877 -0.096701
v 0.246492 0.404192 0.017556
v 0.303047 0.269419 -0.133504
v 0.119257 0.525884 -0.106128
v 0.278019 0.182904 -0.145690
v 0.382891 0.370811 -0.005788
v 0.313785 0.193233 0.010886
v 0.113849 0.524430 -0.098380
v 0.246547 0.525994 -0.013713
v 0.430424 0.262134 -0.012103
v 0.246246 0.583634 0.013764
v 0.343005 0.390968 0.004031
v 0.129030 0.577719 -0.103781
v 0.271940 0.321556 0.009419
v 0.253290 0.575948 0.009574
v 0.264731 0.400802 0.005138
v 0.321764 0.357938 0.011128
v 0.327527 0.162870 -0.097789
v 0.232465 0.340945 -0.013779
v 0.156328 0.531502 -0.122495
v 0.265610 0.419541 0.005984
v 0.359471 0.606538 -0.147935
v 0.391840 0.324768 -0.047149
v 0.228178 0.388303 -0.000751
v 0.242769 0.546974 0.014403
v 0.361027 0.157743 -0.009169
v 0.200545 0.566787 -0.087464
v 0.271927 0.053507 -0.070723
v 0.396740 0.456721 -0.095616
v 0.112664 0.306204 -0.141575
v 0.179177 0.387435 -0.140946
v 0.238062 0.384122 -0.114472
v 0.163637 0.527758 -0.055051
v 0.225481 0.377695 -0.109649
v 0.271055 0.522475 -0.022744
v 0.275414 0.127705 -0.057332
v 0.267791 0.558101 0.003748
v 0.155732 0.582606 -0.065354
v 0.268883 0.292651 0.010598
v 0.228800 0.612928 0.050424
v 0.226779 0.454764 0.011391
v 0.246708 0.348756 -0.008181
v 0.299495 0.418876 0.008407
v 0.263875 0.231728 -0.012520
v 0.221836 0.387773 0.003592
v 0.482360 0.126496 0.011122
v 0.424600 0.465514 -0.088066
v 0.248767 0.412903 -0.144777
v 0.202264 0.405240 -0.015009
v 0.311328 0.277014 -0.139229
v 0.277888 0.523975 -0.062670
v 0.383344 0.538891 -0.096575
v 0.164555 0.531608 -0.047824
v 0.232487 0.393920 -0.046283
v 0.350929 0.212313 0.002487
v 0.263811 0.345326 -0.106449
v 0.358224 0.249289 -0.012509
v 0.256254 0.358812 -0.104092
v 0.318379 0.515531 0.011203
v 0.323064 0.036323 -0.028235
v 0.345254 0.399376 -0.069803
v 0.191795 0.491646 -0.042280
v 0.363010 0.398317 0.029351
v 0.254010 0.381152 -0.097192
v 0.252053 0.241034 -0.095142
v 0.202528 0.420252 -0.036691
v 0.183259 0.539344 -0.119943
v 0.404433 0.334302 0.000736
v 0.312870 0.559977 -0.089744
v 0.212275 0.502805 0.004416
v 0.359199 0.128644 -0.053636
v 0.162314 0.338899 -0.164728
v 0.193407 0.422046 -0.077506
v 0.411976 -0.000751 -0.060297
v 0.393365 0.380633 -0.044384
v 0.269290 0.243598 0.004023
v 0.354815 0.245612 -0.006793
v 0.209322 0.352362 -0.109068
v 0.268318 0.182156 -0.145853
v 0.264157 0.020105 -0.067311
v 0.246393 0.297288 -0.047916
v 0.345572 0.158210 -0.071472
v 0.238112 0.553051 -0.093418
v 0.315351 0.419023 -0.098467
v 0.280467 0.475272 -0.121963
v 0.388111 0.547093 -0.105984
v 0.258447 0.405579 -0.138797
v 0.407899 0.532533 -0.108967
v 0.111539 0.567916 -0.075745
v 0.202586 0.429496 -0.044769
v 0.134684 0.585223 -0.092525
v 0.346817 0.460390 -0.094888
v 0.266558 0.092375 -0.088523
v 0.367519 0.276158 -0.005955
v 0.114221 0.289558 -0.140983
v 0.195926 0.340728 -0.128737
v 0.323334 0.405116 -0.006213
v 0.334834 0.410760 0.005933
v 0.359126 0.011326 0.001181
v 0.324438 0.335518 0.014671
v 0.262364 0.448014 -0.131367
v 0.414121 0.023247 -0.039557
v 0.170377 0.507027 -0.065585
v 0.322176 0.120399 0.010925
v 0.124667 0.522148 -0.102844
v 0.359045 0.400823 -0.052015
v 0.322085 0.427794 0.018937
v 0.251334 0.362412 -0.096734
v 0.204654 0.408206 -0.170355
v 0.355637 0.000581 -0.000637
v 0.180111 0.361689 -0.134274
v 0.371831 0.024625 -0.085852
v 0.340683 0.574847 -0.128765
v 0.447512 0.194779 0.016995
v 0.368612 0.448292 0.062810
v 0.297879 0.572177 0.043368
v 0.342991 0.590348 -0.138337
v 0.342818 0.045928 -0.103519
v 0.214195 0.404548 -0.065504
v 0.145699 0.498439 -0.084672
v 0.362887 0.446606 -0.083867
v 0.354228 0.302107 -0.008396
v 0.313144 0.430260 0.017154
v 0.451325 0.215488 -0.009469
v 0.370401 0.460144 -0.087202
v 0.133944 0.587397 -0.077801
v 0.292332 0.416326 0.013771
v 0.331741 0.008728 -0.113658
v 0.179181 0.258223 0.033251
v 0.333346 0.575031 -0.129944
v 0.242742 0.539876 -0.049845
v 0.364623 0.471900 -0.101106
v 0.373069 0.230764 -0.025048
v 0.323631 0.398187 -0.016150
v 0.152399 0.349221 -0.161918
v 0.326593 0.583153 -0.132768
v 0.406620 0.412182 -0.054565
v 0.236181 0.340357 -0.015677
v 0.363079 0.232036 0.001424
v 0.376455 0.494826 -0.072967
v 0.234474 0.272510 -0.048404
v 0.332977 0.582310 -0.131502
v 0.158257 0.496629 -0.086793
v 0.281723 0.612272 -0.138152
v 0.342383 0.237750 -0.080282
v 0.260258 0.552654 -0.005078
v 0.331445 0.407170 -0.089072
v 0.208432 0.416946 -0.073056
v 0.354323 0.025799 0.000057
v 0.211162 0.472806 0.014645
v 0.205333 0.410106 -0.109428
v 0.181292 0.351728 -0.137445
v 0.329157 0.407663 -0.100321
v 0.386262 0.574783 -0.132189
v 0.385257 0.090007 -0.031050
v 0.414542 0.460286 -0.094645
v 0.349909 0.003034 -0.119409
v 0.328509 0.117435 -0.116441
v 0.296922 0.150450 -0.002842
v 0.378615 0.084394 -0.038178
v 0.318054 0.172251 0.020490
v 0.309171 0.424892 -0.115217
v 0.340877 0.004740 -0.122003
v 0.269591 0.541221 -0.070337
v 0.363741 0.109276 -0.047533
v 0.333773 0.074306 0.005753
v 0.316304 0.096450 -0.106726
v 0.350746 0.363419 -0.077041
v 0.355931 0.478783 -0.095692
v 0.354791 0.386287 -0.056951
v 0.183594 0.335751 0.006116
v 0.319122 0.372680 -0.006830
v 0.184643 0.260044 0.007238
v 0.350597 0.126630 -0.079392
v 0.245704 0.342948 -0.071256
v 0.245683 0.548831 -0.080262
v 0.340047 0.200284 -0.081207
v 0.210624 0.348544 -0.160676
v 0.347002 0.473478 0.063307
v 0.260153 0.274863 -0.014772
v 0.369142 0.464265 -0.097303
v 0.211049 0.394026 -0.170523
v 0.236003 0.357378 -0.007423
v 0.259315 0.303378 -0.008778
v 0.311677 0.440887 -0.108124
v 0.356325 0.440541 -0.055747
v 0.265159 0.162059 -0.127848
v 0.339858 0.073393 -0.093904
v 0.349407 0.408001 -0.072117
v 0.259036 0.364400 -0.001257
v 0.198785 0.470021 0.006074
v 0.324461 0.544573 -0.111538
v 0.200682 0.473287 -0.140348
v 0.264919 0.528585 -0.109700
v 0.360392 0.403231 -0.071953
v 0.180773 0.530753 -0.119105
v 0.279363 0.493947 0.007470
v 0.327249 0.507819 0.061724
v 0.238549 0.389306 -0.046914
v 0.347733 0.359650 -0.077676
v 0.342792 0.203509 -0.068693
v 0.352170 0.357296 -0.045326
v 0.473225 0.168007 -0.005985
v 0.349157 0.212385 -0.073224
v 0.244487 0.278028 -0.029560
v 0.320077 0.081885 0.001830
v 0.365976 0.205656 -0.013624
v 0.284527 0.386599 0.009371
v 0.342724 0.477019 0.059795
v 0.334951 0.375406 -0.083907
v 0.315405 0.090972 -0.001915
v 0.214347 0.371386 -0.165630
v 0.359829 0.566014 -0.126265
v 0.441776 0.241264 0.024374
v 0.424424 0.350431 -0.041659
v 0.361599 0.444112 -0.059399
v 0.211633 0.472175 -0.156335
v 0.372024 0.248122 -0.000072
v 0.197903 0.409892 -0.025113
v 0.346458 0.090046 0.002479
v 0.224065 0.501792 -0.138200
v 0.272217 0.140517 -0.125885
v 0.363348 0.472489 -0.061146
v 0.180572 0.419767 -0.133671
v 0.253222 0.551812 -0.003877
v 0.283899 0.340924 -0.123299
v 0.347383 0.110241 0.007721
v 0.386814 0.396518 0.023063
v 0.281080 0.165787 -0.033307
v 0.204472 0.458031 -0.109404
v 0.314878 0.381650 -0.110964
v 0.318193 0.076028 -0.126392
v 0.107668 0.533096 -0.091981
v 0.270402 0.495802 0.006358
v 0.198324 0.470652 -0.121719
v 0.378275 0.396117 0.009092
v 0.328960 0.240014 0.017789
v 0.423762 0.470630 -0.083481
v 0.224029 0.451799 -0.155801
v 0.294465 0.490552 -0.047562
v 0.444283 0.148411 -0.009730
v 0.355965 0.339838 -0.010300
v 0.311287 0.268245 0.025750
v 0.200620 0.341717 0.025082
v 0.250312 0.199525 -0.112009
v 0.477441 0.127636 -0.005794
v 0.363797 0.457418 -0.059190
v 0.225323 0.454346 -0.158165
v 0.296555 0.285654 0.024984
v 0.196957 0.431161 -0.057641
v 0.202581 0.518652 -0.030094
v 0.307219 0.076120 -0.037353
v 0.360863 0.228032 -0.004087
v 0.356182 0.225466 -0.006772
v 0.379126 0.070636 -0.006820
v 0.320117 0.205148 -0.112847
v 0.368454 0.015434 -0.086288
v 0.192415 0.497307 -0.033056
v 0.232409 0.515511 -0.117121
v 0.336143 0.252144 -0.000951
v 0.191914 0.480603 -0.037066
v 0.332566 0.253869 0.005888
v 0.311629 0.384511 -0.114753
v 0.312595 0.513783 0.056627
v 0.237568 0.283320 -0.049914
v 0.307930 0.528971 0.063442
v 0.328487 0.510940 -0.107224
v 0.197542 0.557889 -0.054978
v 0.318411 0.517385 0.062104
v 0.326370 0.438967 -0.028967
v 0.193107 0.498163 -0.085141
v 0.259823 0.466634 -0.136807
v 0.275142 0.133894 -0.125354
v 0.401990 0.011827 -0.025332
v 0.185441 0.351040 -0.143936
v 0.392031 0.522246 -0.118316
v 0.416439 0.013647 -0.020940
v 0.396359 0.543428 -0.124491
v 0.307473 0.446781 -0.104497
v 0.325685 0.387127 -0.100069
v 0.347060 0.066287 -0.002180
v 0.300075 0.463693 -0.110945
v 0.321247 0.383096 -0.008723
v 0.206143 0.532333 -0.043645
v 0.206755 0.629892 0.043222
v 0.389471 0.459872 -0.097465
v 0.200776 0.474934 -0.125256
v 0.275016 0.445864 0.008857
v 0.296549 0.558747 -0.123580
v 0.271562 0.370729 0.006659
v 0.394578 0.037217 -0.055740
v 0.264125 0.483939 -0.002501
v 0.267545 0.344295 -0.113409
v 0.408734 0.425914 -0.059108
v 0.256072 0.498863 -0.134968
v 0.314744 0.271360 0.019712
v 0.449428 0.135626 0.018249
v 0.159878 0.551048 -0.047086
v 0.281408 0.338843 0.012347
v 0.223816 0.502224 -0.001762
v 0.261479 0.187170 -0.036905
v 0.307420 0.453799 0.010289
v 0.207638 0.515945 -0.018384
v 0.355588 0.504080 -0.100760
v 0.266773 0.305462 -0.111224
v 0.144433 0.554477 -0.046935
v 0.397961 0.468696 -0.072914
v 0.302546 0.321047 -0.131729
v 0.299796 0.455064 0.012463
v 0.207107 0.625744 0.046034
v 0.265532 0.187564 -0.026801
v 0.330463 0.413418 0.011676
v 0.302525 0.554016 0.074500
v 0.457873 0.125293 0.011393
v 0.394405 0.484957 -0.075238
v 0.260072 0.538146 -0.061743
v 0.161608 0.509653 -0.104117
v 0.290713 0.518391 0.028744
v 0.309161 0.348896 -0.129201
v 0.303813 0.526276 -0.111251
v 0.293168 0.253141 -0.129669
v 0.321639 0.417163 0.016600
v 0.270168 0.456258 -0.130769
v 0.314017 0.354954 -0.125273
v 0.301239 0.512413 -0.109397
v 0.255044 0.363544 -0.092569
v 0.394111 0.469352 -0.101807
v 0.403388 0.350122 -0.039827
v 0.345759 0.537160 -0.113803
v 0.257360 0.156247 -0.077802
v 0.340941 0.460027 -0.056587
v 0.248881 0.399984 -0.135281
v 0.352377 0.335746 -0.007222
v 0.287181 0.098922 -0.047729
v 0.235563 0.366117 -0.138145
v 0.213798 0.562765 -0.084519
v 0.198528 0.512888 -0.020690
v 0.388337 0.473120 -0.103460
v 0.278225 0.090755 -0.098648
v 0.396916 0.441830 -0.082366
v 0.335383 0.439523 -0.053403
v 0.344809 0.337724 -0.012584
v 0.249821 0.494170 -0.140769
v 0.332798 0.001138 -0.074073
v 0.191313 0.359495 -0.156140
v 0.124702 0.315965 -0.156376
v 0.089273 0.293501 -0.172413
v 0.299819 0.105784 -0.118246
v 0.232238 0.376064 -0.140890
v 0.322738 0.132369 -0.123066
v 0.272097 0.519928 0.024848
v 0.302114 0.496940 -0.063929
v 0.309826 0.509251 -0.114185
v 0.247676 0.472844 -0.143308
v 0.338298 0.169859 0.010641
v 0.111262 0.527088 -0.073488
v 0.317492 0.025265 -0.027427
v 0.198422 0.563505 -0.065967
v 0.285076 0.441561 0.010750
v 0.378123 0.052603 0.005796
v 0.453699 0.134320 0.012911
v 0.245527 0.327338 -0.045735
v 0.257412 0.543446 -0.084977
v 0.298258 0.406546 0.004761
v 0.310210 0.456441 -0.039716
v 0.270385 0.453423 0.009892
v 0.324325 0.161754 -0.117655
v 0.185853 0.486655 -0.028480
v 0.343923 0.205532 -0.099344
v 0.194171 0.462927 -0.133823
v 0.305275 0.163227 -0.136711
v 0.190265 0.499583 -0.018211
v 0.336620 0.226041 -0.104920
v 0.266506 0.613479 0.056535
v 0.343323 0.493753 0.034088
v 0.403716 0.077238 -0.013669
v 0.403260 0.064940 -0.014856
v 0.404949 0.067978 -0.016960
v 0.308997 0.513369 0.038867
v 0.206897 0.403287 -0.166227
v 0.281382 0.094278 -0.055707
v 0.405006 0.457683 -0.099604
v 0.413871 0.038383 -0.036446
v 0.161415 0.552961 -0.127011
v 0.255214 0.360024 -0.005620
v 0.274119 0.402669 0.001921
v 0.377322 0.473041 -0.070057
v 0.190172 0.434930 -0.009157
v 0.153857 0.528885 -0.111339
v 0.254058 0.484052 0.005094
v 0.417917 -0.000944 -0.036656
v 0.349188 0.456277 0.045288
v 0.398602 0.004078 -0.016915
v 0.109319 0.552638 -0.098823
v 0.357455 0.456920 0.061894
v 0.102763 0.289381 -0.169532
v 0.378774 0.520815 -0.117278
v 0.177753 0.293469 0.013982
v 0.312188 0.476778 -0.100715
v 0.182647 0.281444 0.014212
v 0.321547 0.464391 -0.104249
v 0.274177 0.536690 -0.098573
v 0.270934 0.191979 -0.004191
v 0.371011 0.447557 0.059765
v 0.255752 0.449915 0.008289
v 0.175067 0.357895 -0.165191
v 0.199404 0.515891 -0.051599
v 0.326055 0.024225 -0.108357
v 0.205061 0.560802 -0.057566
v 0.195071 0.505159 -0.004178
v 0.197502 0.372813 -0.112886
v 0.326996 0.036145 -0.109795
v 0.285464 0.389352 0.011256
v 0.439246 0.271367 -0.035795
v 0.260448 0.135709 -0.101301
v 0.320908 0.032076 -0.109704
v 0.434406 0.176329 0.010984
v 0.292873 0.388140 0.012845
v 0.428406 0.195292 0.008695
v 0.331493 0.421816 -0.104383
v 0.247936 0.293697 -0.096909
v 0.320638 0.066068 -0.107690
v 0.295572 0.488503 0.016310
v 0.330390 0.110252 -0.101074
v 0.306664 0.050603 -0.103599
v 0.336484 0.532050 -0.110874
v 0.383052 0.186793 -0.036685
v 0.284700 0.536488 0.035925
v 0.454525 0.206180 0.015974
v 0.283465 0.528978 0.027192
v 0.338474 0.481025 -0.103008
v 0.338297 0.163902 -0.147157
v 0.106449 0.529252 -0.071208
v 0.300507 0.103956 -0.038865
v 0.117203 0.540205 -0.047976
v 0.241659 0.331110 -0.012881
v 0.202337 0.361825 -0.121545
v 0.260142 0.252629 -0.050195
v 0.251898 0.321948 -0.012620
v 0.361649 0.244068 -0.001119
v 0.283201 0.082743 -0.052388
v 0.323339 0.281647 0.011281
v 0.335659 0.418986 -0.098303
v 0.361151 0.605947 -0.138338
v 0.249083 0.500373 -0.004945
v 0.361081 0.459787 0.060874
v 0.240235 0.513739 -0.006675
v 0.085051 0.306371 -0.146447
v 0.413707 0.224229 -0.016705
v 0.375053 0.187465 -0.023416
v 0.310534 0.305794 0.014823
v 0.462520 0.182057 0.017231
v 0.293355 0.536758 -0.000085
v 0.371710 0.175603 -0.034985
v 0.272406 0.565505 0.009054
v 0.376925 -0.000059 -0.003162
v 0.188918 0.484967 -0.007339
v 0.361764 0.260187 -0.045394
v 0.197344 0.370718 -0.121121
v 0.252480 0.342716 -0.087833
v 0.179992 0.529652 -0.051428
v 0.207806 0.339396 -0.124019
v 0.251604 0.341735 -0.100780
v 0.433413 0.277949 0.015638
v 0.258634 0.339442 -0.101981
v 0.200207 0.428577 -0.097923
v 0.380839 0.456863 -0.094599
v 0.409769 0.274763 -0.039299
v 0.334947 0.396631 -0.061526
v 0.317608 0.447713 0.018872
v 0.277471 0.558899 0.059634
v 0.322556 0.525897 -0.107690
v 0.269089 0.568047 0.058608
v 0.397394 0.318606 -0.032771
v 0.195156 0.254999 0.018212
v 0.228481 0.441086 0.004764
v 0.243318 0.461825 0.002170
v 0.185533 0.249060 0.021159
v 0.386242 0.533595 -0.097237
v 0.256893 0.176609 -0.044078
v 0.218706 0.635221 0.042007
v 0.197725 0.460342 -0.142890
v 0.234144 0.612775 0.027195
v 0.480572 0.115893 0.004076
v 0.306944 0.635894 -0.137736
v 0.286923 0.040700 -0.032351
v 0.193878 0.418506 -0.028166
v 0.473090 0.121359 0.007640
v 0.289118 0.630683 -0.134702
v 0.260872 0.072024 -0.080933
v 0.343476 0.058957 -0.089196
v 0.324279 0.542878 -0.083201
v 0.359910 0.379075 -0.025778
v 0.126033 0.299062 -0.159514
v 0.370812 0.411236 -0.071754
v 0.187852 0.451930 -0.027928
v 0.222005 0.413720 -0.158852
v 0.323234 0.382387 -0.100506
v 0.422515 0.264390 -0.034002
v 0.373523 0.415824 -0.077157
v 0.181574 0.345558 -0.153956
v 0.414603 0.456911 -0.085950
v 0.364627 0.013357 -0.103270
v 0.211131 0.332775 -0.112173
v 0.081277 0.305894 -0.169484
v 0.403233 0.512435 -0.092696
v 0.257804 0.218587 -0.017778
v 0.119695 0.526141 -0.068746
v 0.367864 0.236700 -0.033198
v 0.217995 0.417565 -0.161513
v 0.282681 0.594751 0.059215
v 0.291324 0.340773 0.015601
v 0.377182 0.182269 -0.034744
v 0.360565 0.248035 -0.076597
v 0.418494 0.359452 -0.057970
v 0.371026 0.450829 0.054615
v 0.406352 0.279308 0.009962
v 0.167131 0.580206 -0.066973
v 0.435035 0.299955 -0.042864
v 0.195021 0.425483 -0.120610
v 0.333814 0.031275 -0.011700
v 0.294764 0.432305 -0.113810
v 0.334806 0.182501 -0.149910
v 0.419745 0.282410 -0.036949
v 0.383449 0.084543 -0.056373
v 0.235360 0.390732 -0.144034
v 0.354454 0.259714 -0.084488
v 0.402511 0.002587 -0.070646
v 0.332565 0.620995 -0.129676
v 0.349838 0.257511 -0.085379
v 0.285418 0.616078 -0.131727
v 0.222988 0.473571 -0.154936
v 0.379824 0.419350 -0.075991
v 0.236529 0.409840 -0.148004
v 0.351476 0.537678 -0.119201
v 0.180644 0.568023 -0.069780
v 0.304893 0.181688 -0.146157
v 0.449903 0.205619 -0.021554
v 0.309935 0.411625 0.018234
v 0.227541 0.494101 -0.147162
v 0.415850 0.468766 -0.080067
v 0.287859 0.033316 -0.093692
v 0.300546 0.548911 -0.088040
v 0.440037 0.202625 -0.024076
v 0.073055 0.292364 -0.153182
v 0.345976 0.504977 0.052170
v 0.274216 0.132116 -0.040297
v 0.207400 0.420578 -0.164270
v 0.285600 0.224253 0.014080
v 0.183455 0.571683 -0.081749
v 0.184672 0.483241 -0.019439
v 0.305394 0.167740 -0.150996
v 0.347965 0.551801 -0.118017
v 0.421635 0.290519 -0.041110
v 0.329985 0.395595 -0.070301
v 0.335526 0.524099 0.074055
v 0.378049 0.113890 -0.044000
v 0.193510 0.404387 -0.122917
v 0.431263 0.234747 -0.028807
v 0.338193 0.038206 -0.006264
v 0.290538 0.135727 -0.032188
v 0.314931 0.180444 -0.151229
v 0.258571 0.172834 -0.074632
v 0.211281 0.445015 -0.157196
v 0.202022 0.436300 -0.069306
v 0.316680 0.105643 -0.109939
v 0.067893 0.297173 -0.149265
v 0.358927 0.443026 0.018758
v 0.359473 0.088211 0.002731
v 0.322170 0.013072 -0.003526
v 0.088077 0.300902 -0.180177
v 0.294858 0.162512 0.004949
v 0.183312 0.510320 -0.094008
v 0.170436 0.529935 -0.054766
v 0.306795 0.074656 -0.120469
v 0.415431 0.004073 -0.035850
v 0.442307 0.225861 -0.010837
v 0.315297 0.541698 0.077082
v 0.320870 0.204987 -0.118931
v 0.329558 0.056922 -0.014722
v 0.291816 0.066919 -0.100676
v 0.252863 0.513530 -0.112212
v 0.320729 0.458481 -0.092471
v 0.471457 0.111412 0.007608
v 0.252879 0.266009 -0.014034
v 0.165571 0.280428 0.013911
v 0.253111 0.001047 -0.102968
v 0.197027 0.413760 -0.075832
v 0.297137 0.561434 -0.096231
v 0.192344 0.273148 0.023470
v 0.329050 0.126431 -0.122837
v 0.308530 0.120657 -0.006064
v 0.358879 0.377274 -0.061469
v 0.171205 0.304723 0.028301
v 0.336099 0.450680 -0.094495
v 0.315673 0.155440 -0.132835
v 0.261596 0.194747 -0.025612
vn -0.0386 -0.9983 -0.0427
vn -0.0386 -0.9983 -0.0426
vn -0.0403 -0.9983 -0.0428
vn 0.9965 0.0835 0.0076
vn 0.9964 0.0840 0.0097
vn 0.9964 0.0846 0.0070
vn 0.8019 0.4932 -0.3373
vn 0.8022 0.4915 -0.3389
vn 0.8016 0.4928 -0.3385
vn -0.8255 -0.2349 0.5132
vn -0.8256 -0.2344 0.5132
vn -0.8254 -0.2350 0.5133
vn -0.8951 -0.4398 -0.0740
vn -0.8947 -0.4407 -0.0729
vn 0.6947 0.0296 -0.7187
vn 0.6938 0.0291 -0.7196
vn 0.6928 0.0288 -0.7206
vn 0.2016 0.2557 0.9455
vn 0.2029 0.2561 0.9451
vn 0.2002 0.2554 0.9459
vn -0.0863 -0.2822 -0.9555
vn -0.0890 -0.2834 -0.9549
vn -0.0878 -0.2824 -0.9553
vn 0.7289 0.3892 -0.5633
vn 0.7300 0.3867 -0.5635
vn 0.7288 0.3874 -0.5646
vn 0.7159 0.6969 -0.0420
vn 0.7147 0.6982 -0.0402
vn 0.7148 0.6981 -0.0419
vn 0.5710 0.5375 -0.6206
vn 0.5697 0.5383 -0.6210
vn 0.8942 0.1022 -0.4359
vn 0.8947 0.1019 -0.4349
vn 0.9011 0.1690 -0.3993
vn 0.7530 0.2666 -0.6015
vn 0.7529 0.2667 -0.6016
vn 0.7513 0.2672 -0.6034
vn 0.6610 -0.3812 0.6464
vn 0.6609 -0.3825 0.6457
vn 0.8473 -0.0879 -0.5238
vn 0.4156 -0.0815 0.9059
vn 0.4155 -0.0819 0.9059
vn 0.4157 -0.0816 0.9058
vn -0.5655 -0.1120 0.8171
vn -0.5667 -0.1122 0.8162
vn -0.5646 -0.1110 0.8179
vn -0.3031 0.0880 0.9489
vn -0.3010 0.0898 0.9494
vn -0.3022 0.0905 0.9490
vn 0.0334 0.2891 0.9567
vn -0.4226 -0.4004 -0.8131
vn -0.4215 -0.4000 -0.8139
vn -0.4224 -0.4001 -0.8133
vn -0.8844 -0.4668 -0.0034
vn -0.8840 -0.4674 -0.0020
vn 0.8793 0.4611 0.1193
vn 0.8793 0.4610 0.1197
vn 0.8795 0.4610 0.1182
vn -0.7090 -0.4409 0.5503
vn -0.7100 -0.4404 0.5494
vn -0.7096 -0.4398 0.5505
vn 0.3892 0.3547 0.8501
vn 0.3898 0.3543 0.8500
vn 0.3905 0.3570 0.8486
vn 0.9284 0.2015 -0.3123
vn 0.9285 0.2011 -0.3123
vn 0.9283 0.2016 -0.3125
vn -0.9652 -0.0253 0.2604
vn -0.9651 -0.0254 0.2607
vn -0.9648 -0.0249 0.2619
vn 0.5060 0.1956 -0.8400
vn 0.5062 0.1954 -0.8400
vn 0.5057 0.1962 -0.8401
vn -0.2974 0.7776 0.5540
vn -0.2974 0.7775 0.5540
vn -0.2963 0.7772 0.5552
vn -0.7806 -0.6241 0.0331
vn -0.7803 -0.6246 0.0313
vn -0.7813 -0.6232 0.0342
vn 0.5459 0.3195 0.7746
vn 0.5463 0.3209 0.7737
vn 0.5459 0.3180 0.7752
vn -0.4056 0.0560 -0.9123
vn -0.4064 0.0558 -0.9120
vn -0.4065 0.0559 -0.9120
vn -0.0084 -0.9999 0.0104
vn -0.0064 -0.9999 0.0098
vn -0.0048 -0.9999 0.0093
vn 0.0352 -0.8585 0.5116
vn 0.0360 -0.8586 0.5113
vn 0.0355 -0.8593 0.5103
vn -0.9302 -0.1357 0.3411
vn -0.9293 -0.1354 0.3437
vn -0.9296 -0.1361 0.3424
vn 0.4530 -0.1866 -0.8718
vn 0.4528 -0.1881 -0.8716
vn 0.4517 -0.1877 -0.8722
vn -0.6352 0.0592 -0.7701
vn -0.6353 0.0594 -0.7699
vn -0.6330 0.0600 -0.7718
vn 0.7969 0.5883 -0.1374
vn 0.8578 0.4633 0.2224
vn -0.2293 0.2144 -0.9495
vn -0.2278 0.2135 -0.9500
vn -0.2266 0.2131 -0.9504
vn -0.5696 -0.8219 0.0011
vn -0.5694 -0.8220 0.0020
vn -0.5703 -0.8214 0.0022
vn -0.3696 0.0906 0.9248
vn -0.3698 0.0906 0.9247
vn -0.3693 0.0910 0.9249
vn -0.1882 0.8508 0.4906
vn -0.1899 0.8504 0.4906
vn -0.1876 0.8497 0.4927
vn -0.6157 0.1372 -0.7759
vn -0.6169 0.1370 -0.7750
vn -0.6169 0.1357 -0.7753
vn -0.5223 0.7792 -0.3466
vn -0.5218 0.7789 -0.3478
vn -0.5241 0.7776 -0.3473
vn -0.1502 0.0523 0.9873
vn -0.1509 0.0513 0.9872
vn -0.1524 0.0511 0.9870
vn -0.9927 -0.0121 -0.1199
vn -0.9929 -0.0117 -0.1185
vn -0.9929 -0.0124 -0.1183
vn -0.9206 0.0653 0.3851
vn -0.9203 0.0667 0.3855
vn -0.9204 0.0664 0.3853
vn 0.1204 -0.0947 0.9882
vn 0.1203 -0.0932 0.9884
vn 0.1204 -0.0946 0.9882
vn 0.4136 0.5514 0.7245
vn 0.4135 0.5513 0.7246
vn 0.4118 0.5518 0.7252
vn -0.0304 -0.5387 0.8420
vn -0.0305 -0.5387 0.8419
vn -0.0293 -0.5382 0.8423
vn 0.9449 0.3269 -0.0184
vn 0.9452 0.3262 -0.0173
vn 0.9455 0.3253 -0.0175
vn 0.6625 0.2929 -0.6894
vn 0.6631 0.2915 -0.6894
vn 0.6624 0.2926 -0.6896
vn -0.0681 -0.2526 0.9652
vn -0.0656 -0.2516 0.9656
vn -0.0658 -0.2516 0.9656
vn -0.6883 0.0749 0.7216
vn -0.6903 0.0746 0.7197
vn -0.6891 0.0735 0.7210
vn 0.6781 0.6113 0.4081
vn 0.6781 0.6115 0.4077
vn -0.1445 -0.1953 -0.9701
vn -0.1447 -0.1955 -0.9700
vn -0.1460 -0.1951 -0.9699
vn -0.0717 0.2200 -0.9729
vn -0.0691 0.2201 -0.9730
vn -0.0719 0.2197 -0.9729
vn 0.6912 -0.1068 -0.7147
vn 0.6919 -0.1056 -0.7142
vn -0.6806 -0.6179 0.3938
vn -0.6812 -0.6172 0.3937
vn -0.6808 -0.6175 0.3940
vn 0.5947 0.4187 -0.6863
vn 0.5952 0.4194 -0.6854
vn 0.5554 0.8315 0.0067
vn 0.5546 0.8321 0.0056
vn 0.5547 0.8320 0.0056
vn 0.3104 0.5534 -0.7729
vn 0.3115 0.5539 -0.7721
vn 0.3103 0.5534 -0.7730
vn -0.8308 -0.3113 0.4615
vn -0.8316 -0.3105 0.4606
vn -0.8300 -0.3114 0.4627
vn 0.8094 0.5717 0.1340
vn 0.8090 0.5716 0.1372
vn 0.8089 0.5725 0.1338
vn -0.1063 0.8261 0.5534
vn -0.1062 0.8253 0.5546
vn -0.4803 0.0940 -0.8720
vn -0.4801 0.0922 -0.8724
vn 0.9034 0.4286 -0.0129
vn 0.9034 0.4285 -0.0146
vn 0.9035 0.4282 -0.0160
vn -0.1525 0.2614 -0.9531
vn -0.1539 0.2613 -0.9529
vn -0.1525 0.2613 -0.9531
vn 0.2035 0.8311 -0.5176
vn 0.2034 0.8304 -0.5187
vn 0.2047 0.8306 -0.5179
vn 0.1374 0.9162 0.3764
vn 0.1374 0.9165 0.3757
vn 0.1358 0.9163 0.3767
vn 0.9598 0.2454 -0.1362
vn 0.9598 0.2454 -0.1361
vn 0.9598 0.2455 -0.1362
vn 0.7848 0.0288 0.6190
vn 0.7846 0.0272 0.6194
vn 0.7842 0.0285 0.6198
vn 0.7214 0.6792 -0.1349
vn 0.7203 0.6806 -0.1344
vn 0.7202 0.6803 -0.1360
vn 0.0509 0.9402 0.3368
vn 0.0520 0.9402 0.3366
vn 0.0531 0.9400 0.3371
vn 0.7223 -0.2446 -0.6469
vn 0.7233 -0.2445 -0.6458
vn 0.7233 -0.2444 -0.6458
vn -0.5569 0.1239 -0.8213
vn -0.5568 0.1224 -0.8216
vn -0.5568 0.1223 -0.8216
vn 0.4946 -0.1939 -0.8472
vn 0.4952 -0.1931 -0.8470
vn 0.1246 0.8193 0.5596
vn 0.1264 0.8181 0.5611
vn 0.1260 0.8176 0.5619
vn -0.0082 -0.9999 0.0088
vn -0.0097 -0.9999 0.0102
vn -0.9112 0.2061 0.3568
vn -0.9109 0.2060 0.3576
vn -0.9111 0.2062 0.3570
vn 0.1836 0.3365 0.9236
vn 0.1851 0.3359 0.9235
vn 0.1844 0.3379 0.9229
vn 0.4123 0.3279 -0.8500
vn 0.4129 0.3289 -0.8493
vn -0.8701 -0.0538 0.4899
vn -0.8703 -0.0533 0.4897
vn -0.8687 -0.0531 0.4924
vn -0.9975 0.0457 -0.0544
vn -0.9974 0.0448 -0.0556
vn 0.0443 -0.2085 -0.9770
vn 0.5259 -0.1709 -0.8332
vn 0.5260 -0.1708 -0.8332
vn 0.5247 -0.1706 -0.8340
vn -0.0807 0.3746 -0.9237
vn -0.0795 0.3749 -0.9237
vn 0.9176 0.1282 0.3763
vn 0.9170 0.1290 0.3774
vn 0.9164 0.1291 0.3789
vn 0.4579 -0.0203 -0.8888
vn 0.4569 -0.0200 -0.8893
vn 0.4570 -0.0199 -0.8892
vn -0.9534 -0.0301 -0.3002
vn -0.9537 -0.0296 -0.2992
vn -0.9541 -0.0305 -0.2980
vn -0.8815 -0.4570 -0.1183
vn -0.8814 -0.4573 -0.1184
vn -0.8812 -0.4577 -0.1180
vn -0.8557 -0.4838 -0.1837
vn -0.8557 -0.4837 -0.1837
vn -0.8563 -0.4831 -0.1828
vn 0.2499 0.3896 0.8864
vn 0.2489 0.3911 0.8860
vn -0.1422 -0.1744 -0.9743
vn -0.1398 -0.1757 -0.9745
vn -0.1408 -0.1748 -0.9745
vn 0.9106 0.1884 0.3680
vn 0.9099 0.1887 0.3694
vn 0.9110 0.1871 0.3676
vn -0.0859 -0.9928 0.0831
vn -0.0832 -0.9932 0.0820
vn -0.2037 -0.3219 0.9246
vn -0.2038 -0.3244 0.9237
vn -0.2029 -0.3244 0.9239
vn -0.5272 0.4656 -0.7108
vn -0.5280 0.4648 -0.7107
vn -0.5271 0.4665 -0.7103
vn 0.6107 0.4453 -0.6548
vn 0.6108 0.4453 -0.6547
vn 0.6112 0.4447 -0.6547
vn -0.0307 -0.9995 0.0125
vn -0.0307 -0.9995 0.0126
vn -0.5594 0.8255 -0.0746
vn -0.5606 0.8247 -0.0742
vn -0.5602 0.8252 -0.0715
vn -0.7228 -0.6056 0.3328
vn -0.7227 -0.6057 0.3330
vn -0.7227 -0.6059 0.3325
vn 0.1147 -0.0335 -0.9928
vn 0.1133 -0.0335 -0.9930
vn -0.5112 -0.8594 -0.0048
vn -0.5129 -0.8585 -0.0037
vn -0.5117 -0.8592 -0.0033
vn -0.8096 -0.3415 0.4775
vn -0.8078 -0.3421 0.4800
vn -0.8077 -0.3426 0.4798
vn -0.7162 -0.3803 0.5852
vn -0.7152 -0.3809 0.5859
vn -0.4614 -0.2154 0.8606
vn -0.4625 -0.2146 0.8602
vn -0.4622 -0.2151 0.8603
vn 0.1859 -0.3425 0.9209
vn 0.3361 -0.9225 -0.1898
vn 0.9402 -0.2918 -0.1758
vn 0.9400 -0.2925 -0.1755
vn -0.2324 0.0523 0.9712
vn -0.2309 0.0526 0.9716
vn -0.6988 -0.1837 0.6913
vn -0.6991 -0.1838 0.6910
vn -0.6980 -0.1834 0.6922
vn -0.5707 0.5405 -0.6181
vn -0.5711 0.5392 -0.6189
vn -0.5709 0.5383 -0.6199
vn -0.8305 0.5368 -0.1487
vn -0.8306 0.5371 -0.1473
vn -0.8299 0.5379 -0.1484
vn 0.4278 -0.4971 0.7549
vn 0.4277 -0.4959 0.7558
vn 0.4278 -0.4946 0.7566
vn -0.6227 0.2188 0.7512
vn -0.6225 0.2183 0.7516
vn -0.6250 0.2180 0.7496
vn -0.7321 -0.4348 0.5243
vn -0.4327 -0.6413 0.6337
vn -0.4319 -0.6425 0.6330
vn -0.4331 -0.6420 0.6327
vn 0.5401 0.8191 0.1932
vn 0.5404 0.8191 0.1923
vn 0.5391 0.8195 0.1945
vn 0.7767 0.1177 0.6187
vn 0.6462 0.2823 -0.7091
vn 0.6443 0.2817 -0.7110
vn 0.6458 0.2808 -0.7100
vn 0.2701 -0.0848 -0.9591
vn 0.2698 -0.0839 -0.9593
vn -0.3878 0.6925 0.6084
vn -0.3850 0.6927 0.6099
vn -0.3854 0.6942 0.6079
vn -0.0757 0.9862 0.1473
vn -0.6060 -0.7715 -0.1938
vn -0.6056 -0.7716 -0.1947
vn -0.8843 0.1879 0.4276
vn -0.8849 0.1871 0.4266
vn -0.4107 -0.2656 0.8722
vn -0.4122 -0.2647 0.8718
vn -0.4119 -0.2661 0.8715
vn 0.8875 0.3892 -0.2467
vn 0.8869 0.3889 -0.2494
vn -0.0412 0.3587 0.9326
vn -0.0409 0.3591 0.9324
vn -0.0425 0.3594 0.9322
vn 0.1096 0.1459 0.9832
vn 0.8084 0.0271 0.5880
vn -0.1907 -0.1087 -0.9756
vn -0.1878 -0.1102 -0.9760
vn -0.1883 -0.1105 -0.9759
vn 0.4645 -0.1224 -0.8771
vn 0.4645 -0.1223 -0.8771
vn 0.4616 0.0549 0.8854
vn 0.4632 0.0553 0.8845
vn 0.4620 0.0552 0.8852
vn 0.8086 0.5881 0.0165
vn 0.8082 0.5886 0.0179
vn 0.8085 0.5883 0.0151
vn 0.5577 0.5271 -0.6412
vn 0.5568 0.5266 -0.6424
vn 0.2035 -0.2435 -0.9483
vn 0.2033 -0.2432 -0.9484
vn 0.2033 -0.2435 -0.9484
vn 0.7651 -0.2526 -0.5922
vn 0.7655 -0.2510 -0.5924
vn 0.7669 -0.2518 -0.5903
vn -0.5419 0.7584 -0.3622
vn -0.5408 0.7594 -0.3619
vn -0.5409 0.7591 -0.3621
vn 0.0108 0.7814 -0.6239
vn 0.5265 0.2588 -0.8098
vn 0.5260 0.2575 -0.8106
vn 0.5268 0.2601 -0.8092
vn 0.6267 0.7325 -0.2658
vn 0.1140 -0.0907 0.9893
vn 0.1166 -0.0899 0.9891
vn 0.1160 -0.0894 0.9892
vn -0.4231 -0.6289 -0.6523
vn -0.4219 -0.6285 -0.6534
vn -0.4209 -0.6282 -0.6544
vn 0.5700 -0.1540 -0.8071
vn 0.5715 -0.1536 -0.8061
vn 0.5715 -0.1535 -0.8061
vn -0.2916 -0.7971 0.5288
vn -0.2913 -0.7954 0.5315
vn -0.2904 -0.7971 0.5295
vn -0.7943 -0.3969 0.4599
vn -0.7942 -0.3983 0.4590
vn -0.6246 0.0560 -0.7789
vn -0.6246 0.0561 -0.7789
vn -0.6234 0.0564 -0.7799
vn -0.2784 -0.8201 -0.5000
vn -0.2785 -0.8207 -0.4989
vn 0.9523 0.0475 -0.3014
vn 0.9523 0.0474 -0.3014
vn 0.9527 0.0479 -0.3000
vn -0.3158 -0.1462 0.9375
vn -0.3172 -0.1466 0.9370
vn -0.7408 0.2151 0.6364
vn -0.7409 0.2155 0.6362
vn -0.7400 0.2157 0.6371
vn -0.7804 0.5412 0.3131
vn -0.7795 0.5424 0.3133
vn -0.1788 -0.5528 0.8139
vn -0.1797 -0.5516 0.8145
vn -0.1793 -0.5506 0.8153
vn 0.2665 0.7347 0.6239
vn 0.2666 0.7347 0.6238
vn -0.3463 -0.4523 -0.8219
vn -0.3468 -0.4529 -0.8213
vn -0.3460 -0.4525 -0.8219
vn 0.9910 0.1151 -0.0685
vn 0.9909 0.1157 -0.0686
vn 0.9910 0.1167 -0.0658
vn 0.6890 0.2644 -0.6748
vn 0.6895 0.2654 -0.6739
vn 0.6901 0.2666 -0.6728
vn -0.3494 0.9288 -0.1237
vn -0.3498 0.9285 -0.1245
vn -0.3103 -0.7591 0.5723
vn -0.3120 -0.7591 0.5713
vn 0.4311 -0.4589 0.7769
vn -0.9221 -0.1549 0.3545
vn -0.9226 -0.1547 0.3533
vn -0.9226 -0.1548 0.3533
vn 0.2324 0.1172 0.9655
vn 0.2339 0.1182 0.9651
vn 0.2337 0.1173 0.9652
vn -0.2187 0.9283 -0.3008
vn 0.4734 0.6221 0.6237
vn 0.4735 0.6232 0.6224
vn 0.4736 0.6231 0.6225
vn 0.1541 0.5238 -0.8378
vn 0.1553 0.5248 -0.8370
vn 0.1538 0.5250 -0.8371
vn 0.7432 0.6679 -0.0391
vn 0.7432 0.6678 -0.0414
vn 0.7419 0.6694 -0.0388
vn -0.2828 -0.1334 0.9499
vn -0.2842 -0.1329 0.9495
vn -0.2819 -0.1343 0.9500
vn -0.3454 -0.2348 -0.9086
vn -0.3440 -0.2347 -0.9092
vn -0.3440 -0.2349 -0.9091
vn 0.8150 0.1266 -0.5655
vn 0.8882 0.3404 -0.3085
vn 0.4956 0.4553 -0.7396
vn 0.4955 0.4552 -0.7398
vn 0.4946 0.4555 -0.7402
vn -0.7848 0.1602 -0.5987
vn -0.7857 0.1592 -0.5978
vn -0.7852 0.1604 -0.5981
vn -0.0545 -0.0637 0.9965
vn -0.0535 -0.0647 0.9965
vn 0.8964 -0.1193 -0.4268
vn 0.8969 -0.1181 -0.4261
vn 0.0339 -0.2963 -0.9545
vn 0.0337 -0.2962 -0.9545
vn 0.1502 0.4917 0.8577
vn 0.1476 0.4929 0.8575
vn 0.1490 0.4925 0.8575
vn 0.6953 0.6744 0.2484
vn -0.3980 -0.6199 0.6763
vn -0.3999 -0.6173 0.6776
vn -0.3980 -0.6195 0.6766
vn -0.5710 -0.8207 -0.0217
vn -0.5701 -0.8213 -0.0202
vn -0.5701 -0.8213 -0.0201
vn -0.3693 -0.4380 -0.8196
vn -0.7332 -0.5627 0.3818
vn -0.7324 -0.5630 0.3828
vn 0.9094 0.4077 -0.0823
vn 0.9092 0.4078 -0.0838
vn 0.9096 0.4075 -0.0808
vn 0.8284 0.4060 -0.3859
vn 0.8285 0.4070 -0.3847
vn 0.8292 0.4069 -0.3833
vn -0.7674 -0.0345 0.6402
vn -0.7673 -0.0361 0.6403
vn -0.3998 -0.7290 -0.5556
vn -0.4004 -0.7299 -0.5540
vn -0.4000 -0.7298 -0.5544
vn 0.3161 -0.9484 -0.0249
vn 0.3164 -0.9483 -0.0266
vn 0.3163 -0.9483 -0.0266
vn 0.0374 0.9463 0.3212
vn 0.0373 0.9462 0.3213
vn 0.0385 0.9460 0.3218
vn -0.8989 -0.3145 -0.3051
vn -0.8994 -0.3143 -0.3036
vn -0.6381 -0.5022 -0.5836
vn -0.6380 -0.5031 -0.5829
vn -0.6375 -0.5037 -0.5830
vn -0.4859 0.1787 0.8555
vn -0.4842 0.1768 0.8569
vn -0.4864 0.1787 0.8552
vn -0.0624 0.5462 0.8353
vn -0.0638 0.5460 0.8353
vn -0.0639 0.5460 0.8353
vn 0.7527 0.6517 -0.0940
vn 0.7532 0.6507 -0.0964
vn -0.4604 0.3923 -0.7963
vn -0.4613 0.3914 -0.7962
vn -0.4599 0.3913 -0.7971
vn -0.8757 0.2448 -0.4163
vn -0.8759 0.2437 -0.4164
vn 0.6487 0.4267 -0.6302
vn 0.6954 0.5769 -0.4285
vn 0.6947 0.5768 -0.4299
vn 0.6946 0.5768 -0.4299
vn -0.6901 0.5918 -0.4166
vn -0.9758 0.1996 -0.0898
vn 0.2668 0.2891 0.9194
vn 0.2677 0.2879 0.9195
vn 0.2674 0.2895 0.9191
vn 0.4228 0.1036 0.9003
vn 0.4239 0.1029 0.8999
vn -0.2337 0.0242 0.9720
vn -0.2348 0.0237 0.9718
vn -0.2358 0.0228 0.9715
vn 0.5111 0.3128 0.8006
vn 0.5122 0.3119 0.8003
vn 0.5115 0.3138 0.7999
vn -0.2578 -0.7997 0.5422
vn 0.1691 -0.7156 0.6777
vn -0.0898 -0.9957 0.0231
vn -0.1702 0.2829 -0.9439
vn -0.1715 0.2821 -0.9439
vn 0.8732 0.4848 0.0488
vn 0.3576 -0.8474 -0.3924
vn -0.6931 -0.1305 0.7089
vn -0.6921 -0.1309 0.7099
vn -0.6922 -0.1308 0.7097
vn 0.1767 0.0922 0.9799
vn 0.5632 0.4314 -0.7048
vn 0.5627 0.4302 -0.7059
vn 0.5616 0.4303 -0.7067
vn 0.9043 0.1855 0.3845
vn 0.9049 0.1868 0.3824
vn 0.4870 0.2929 0.8228
vn 0.4870 0.2930 0.8228
vn 0.4857 0.2927 0.8237
vn 0.4020 0.4235 0.8118
vn 0.4017 0.4251 0.8111
vn 0.4019 0.4252 0.8110
vn -0.2820 -0.4103 -0.8672
vn -0.2821 -0.4103 -0.8672
vn -0.2813 -0.4093 -0.8679
vn -0.9279 0.0413 -0.3705
vn -0.9282 0.0388 -0.3699
vn -0.7292 -0.3125 0.6088
vn -0.7297 -0.3122 0.6083
vn -0.7292 -0.3135 0.6083
vn -0.0414 -0.2129 0.9762
vn -0.0405 -0.2121 0.9764
vn -0.0413 -0.2129 0.9762
vn -0.1368 -0.3702 -0.9188
vn -0.1370 -0.3705 -0.9187
vn -0.0669 -0.7221 -0.6886
vn -0.0636 -0.7218 -0.6892
vn -0.0652 -0.7216 -0.6893
vn 0.2316 -0.9638 -0.1323
vn 0.2324 -0.9633 -0.1343
vn 0.8700 -0.1356 -0.4740
vn -0.8847 0.4651 0.0319
vn -0.8848 0.4648 0.0335
vn -0.8844 0.4655 0.0350
vn 0.9192 0.0598 -0.3892
vn 0.9187 0.0597 -0.3903
vn 0.9187 0.0596 -0.3905
vn 0.5785 0.8131 0.0652
vn 0.5780 0.8133 0.0667
vn 0.5792 0.8127 0.0637
vn -0.2448 -0.2459 -0.9379
vn -0.2469 -0.2452 -0.9375
vn -0.2456 -0.2459 -0.9377
vn 0.9784 0.1879 -0.0859
vn -0.6013 0.0317 -0.7984
vn -0.6023 0.0320 -0.7976
vn -0.6013 0.0315 -0.7984
vn -0.0377 0.3653 0.9301
vn -0.2194 0.5411 0.8119
vn -0.2179 0.5416 0.8119
vn -0.2195 0.5416 0.8115
vn -0.3671 -0.2277 0.9019
vn -0.3663 -0.2289 0.9019
vn -0.3666 -0.2245 0.9029
vn -0.4093 0.0834 -0.9086
vn 0.4707 -0.6747 -0.5685
vn 0.4712 -0.6729 -0.5703
vn 0.4719 -0.6735 -0.5689
vn -0.7418 -0.6457 0.1811
vn -0.7421 -0.6459 0.1789
vn -0.7420 -0.6462 0.1786
vn -0.9253 -0.0586 0.3747
vn -0.9254 -0.0592 0.3744
vn -0.3767 -0.8157 0.4390
vn -0.3767 -0.8157 0.4389
vn -0.3748 -0.8163 0.4396
vn -0.4938 -0.1262 0.8604
vn -0.4925 -0.1258 0.8611
vn -0.8081 -0.5058 0.3020
vn -0.8080 -0.5059 0.3020
vn -0.8073 -0.5063 0.3030
vn 0.6107 -0.5459 0.5736
vn 0.6087 -0.5458 0.5758
vn 0.6087 -0.5460 0.5756
vn 0.2243 -0.7433 0.6302
vn 0.2250 -0.7421 0.6315
vn 0.2421 -0.3440 -0.9072
vn 0.2427 -0.3453 -0.9066
vn 0.2417 -0.3442 -0.9072
vn 0.7063 -0.6995 0.1087
vn 0.7050 -0.7006 0.1105
vn 0.7060 -0.6996 0.1103
vn -0.2140 0.0618 0.9749
vn -0.2152 0.0628 0.9745
vn -0.2127 0.0610 0.9752
vn -0.9211 0.0039 0.3894
vn 0.9432 -0.2749 0.1865
vn 0.9431 -0.2758 0.1859
vn 0.9425 -0.2756 0.1890
vn -0.4118 0.0165 -0.9111
vn -0.4103 0.0155 -0.9118
vn -0.4874 -0.2706 0.8302
vn -0.9132 -0.1242 0.3881
vn -0.9127 -0.1238 0.3895
vn -0.2451 -0.7080 -0.6623
vn -0.2435 -0.7078 -0.6631
vn -0.2460 -0.7070 -0.6631
vn -0.2830 0.4641 -0.8393
vn -0.9494 -0.3085 0.0589
vn -0.9490 -0.3099 0.0588
vn -0.9492 -0.3093 0.0574
vn -0.9701 0.1800 0.1626
vn -0.4863 -0.8671 -0.1082
vn 0.2764 0.1304 0.9521
vn 0.2793 0.1316 0.9511
vn 0.2785 0.1298 0.9516
vn -0.1918 -0.3800 -0.9049
vn -0.1931 -0.3802 -0.9045
vn -0.1925 -0.3800 -0.9047
vn -0.9722 -0.1644 -0.1665
vn -0.9715 -0.1662 -0.1689
vn -0.9719 -0.1654 -0.1676
vn -0.4178 0.6143 -0.6694
vn -0.8142 -0.3465 0.4658
vn -0.8149 -0.3463 0.4648
vn -0.8135 -0.3466 0.4670
vn -0.4196 0.6207 0.6623
vn -0.4217 0.6213 0.6604
vn 0.0098 0.1776 0.9841
vn 0.0100 0.1789 0.9838
vn 0.0084 0.1773 0.9841
vn 0.5215 0.8044 -0.2846
vn -0.2213 0.1382 0.9654
vn -0.8095 -0.1182 0.5751
vn -0.8079 -0.1181 0.5774
vn 0.9497 -0.0596 -0.3074
vn 0.9487 -0.0595 -0.3104
vn 0.9491 -0.0581 -0.3095
vn 0.7957 -0.4331 0.4234
vn 0.7944 -0.4333 0.4256
vn 0.7948 -0.4334 0.4248
vn 0.9869 -0.0018 -0.1613
vn 0.9874 -0.0027 -0.1584
vn 0.9874 -0.0020 -0.1584
vn 0.5474 -0.7785 0.3070
vn 0.5487 -0.7776 0.3070
vn -0.3394 0.2558 0.9052
vn -0.3373 0.2580 0.9053
vn -0.1124 0.8266 0.5515
vn -0.0674 -0.7979 -0.5991
vn -0.0671 -0.7985 -0.5983
vn -0.0663 -0.8000 -0.5963
vn -0.9285 -0.3562 -0.1049
vn -0.6813 -0.3676 0.6331
vn -0.6815 -0.3695 0.6317
vn -0.6798 -0.3696 0.6335
vn 0.4878 0.4638 0.7395
vn 0.4885 0.4649 0.7384
vn 0.4872 0.4648 0.7393
vn 0.1549 -0.9427 -0.2955
vn 0.9063 0.0694 0.4169
vn 0.9069 0.0692 0.4157
vn 0.9063 0.0694 0.4168
vn 0.1897 0.9707 -0.1473
vn 0.1901 0.9705 -0.1481
vn 0.1908 0.9706 -0.1466
vn 0.6868 0.4543 -0.5674
vn 0.6868 0.4546 -0.5671
vn 0.5109 -0.5492 -0.6613
vn 0.5109 -0.5477 -0.6626
vn 0.5110 -0.5474 -0.6627
vn 0.5387 0.6452 0.5417
vn 0.5412 0.6442 0.5405
vn 0.5392 0.6447 0.5419
vn 0.1794 -0.9326 -0.3132
vn -0.3307 -0.1586 -0.9303
vn -0.3326 -0.1563 -0.9300
vn -0.3308 -0.1585 -0.9303
vn -0.9660 -0.0562 0.2523
vn -0.9660 -0.0573 0.2520
vn -0.4844 -0.8746 0.0190
vn -0.4846 -0.8745 0.0196
vn 0.3526 -0.2423 -0.9038
vn 0.3550 -0.2409 -0.9033
vn 0.3535 -0.2414 -0.9038
vn 0.1615 0.7593 -0.6304
vn 0.1620 0.7582 -0.6315
vn 0.1623 0.7601 -0.6293
vn -0.0443 0.9933 0.1072
vn -0.1525 0.3288 0.9320
vn 0.4134 -0.0196 0.9103
vn 0.4139 -0.0194 0.9101
vn 0.4123 -0.0200 0.9108
vn -0.5297 -0.1771 0.8295
vn -0.9957 -0.0023 0.0928
vn -0.9954 -0.0024 0.0956
vn -0.4940 0.3236 -0.8070
vn 0.1170 0.1745 -0.9777
vn -0.2416 -0.4358 -0.8670
vn 0.7040 0.6928 0.1562
vn 0.7045 0.6926 0.1547
vn 0.9992 0.0366 0.0151
vn 0.9992 0.0362 0.0138
vn 0.0728 0.3857 -0.9197
vn 0.0726 0.3845 -0.9203
vn 0.0717 0.3865 -0.9195
vn 0.0923 0.1081 -0.9898
vn 0.0921 0.1073 -0.9900
vn 0.0923 0.1072 -0.9899
vn 0.1677 -0.8193 0.5483
vn 0.1688 -0.8193 0.5480
vn -0.4003 -0.2612 0.8784
vn -0.2812 -0.0279 -0.9593
vn -0.2844 -0.0294 -0.9582
vn -0.2829 -0.0286 -0.9587
vn -0.2927 0.4686 -0.8335
vn -0.2911 0.4690 -0.8338
vn 0.3988 -0.0784 -0.9137
vn 0.4006 -0.0756 -0.9131
vn 0.0144 -0.3060 -0.9519
vn 0.0133 -0.3078 -0.9514
vn 0.0132 -0.3066 -0.9518
vn -0.7392 -0.1285 -0.6611
vn 0.1183 0.2260 -0.9669
vn 0.1187 0.2253 -0.9670
vn -0.8730 0.1139 -0.4742
vn -0.8734 0.1151 -0.4733
vn -0.8722 0.1143 -0.4756
vn 0.5267 0.4003 -0.7499
vn 0.7457 0.4507 0.4907
vn 0.7447 0.4515 0.4915
vn 0.7448 0.4524 0.4905
vn 0.0385 -0.2303 -0.9724
vn 0.0394 -0.2297 -0.9725
vn -0.0193 -0.4678 -0.8836
vn -0.0415 -0.8962 0.4418
vn -0.0418 -0.8973 0.4395
vn 0.9779 -0.0362 0.2061
vn 0.9783 -0.0348 0.2044
vn 0.9783 -0.0350 0.2042
vn -0.9786 0.1931 0.0707
vn -0.9787 0.1933 0.0691
vn 0.9236 -0.2977 0.2414
vn 0.9241 -0.2977 0.2397
vn 0.9234 -0.2973 0.2429
vn -0.3265 0.8074 -0.4915
vn -0.3251 0.8074 -0.4923
vn -0.0081 0.2680 -0.9634
vn -0.0077 0.2658 -0.9640
vn -0.0079 0.2669 -0.9637
vn -0.0201 0.1935 0.9809
vn -0.0171 0.1940 0.9808
vn -0.0173 0.1931 0.9810
vn -0.5475 0.2003 0.8125
vn -0.5462 0.2004 0.8133
vn 0.2585 0.7493 -0.6097
vn 0.2598 0.7492 -0.6092
vn 0.6535 -0.0072 -0.7569
vn 0.6544 -0.0052 -0.7562
vn -0.9631 -0.0693 0.2601
vn -0.9631 -0.0688 0.2600
vn -0.9626 -0.0681 0.2623
vn -0.9803 0.1885 0.0584
vn -0.9802 0.1886 0.0600
vn -0.6016 -0.7945 0.0833
vn -0.7568 -0.2812 0.5900
vn -0.7254 -0.5256 0.4444
vn -0.7245 -0.5259 0.4456
vn -0.7979 0.5334 -0.2809
vn -0.7986 0.5330 -0.2796
vn 0.3499 -0.3986 0.8478
vn 0.3495 -0.3989 0.8478
vn 0.3487 -0.3978 0.8486
vn -0.9863 0.0783 0.1450
vn -0.6774 -0.2653 0.6861
vn -0.6771 -0.2668 0.6859
vn -0.4277 -0.0813 0.9003
vn -0.4272 -0.0811 0.9005
vn -0.4279 -0.0808 0.9002
vn 0.5740 0.4708 0.6700
vn -0.0982 0.1720 0.9802
vn -0.2863 0.1181 0.9508
vn -0.2862 0.1186 0.9508
vn 0.6139 0.2842 -0.7365
vn 0.6133 0.2855 -0.7364
vn 0.6135 0.2851 -0.7364
vn 0.1072 -0.1495 -0.9829
vn 0.1099 -0.1494 -0.9826
vn 0.1083 -0.1485 -0.9830
vn 0.8848 0.3260 -0.3330
vn 0.8841 0.3266 -0.3343
vn 0.8840 0.3267 -0.3343
vn 0.2597 0.3283 0.9082
vn 0.2583 0.3279 0.9087
vn -0.9227 0.1753 0.3433
vn -0.9237 0.1758 0.3404
vn 0.0694 -0.0063 0.9976
vn 0.0196 0.6873 0.7261
vn 0.0194 0.6885 0.7250
vn 0.2784 0.6288 0.7260
vn -0.5313 -0.2594 0.8065
vn -0.5313 -0.2595 0.8065
vn -0.5631 -0.3741 0.7369
vn -0.1582 0.5777 0.8007
vn 0.5791 0.6238 0.5249
vn 0.5206 -0.6689 -0.5307
vn 0.5190 -0.6684 -0.5328
vn -0.0079 -0.9981 -0.0610
vn -0.0094 -0.9982 -0.0600
vn -0.0090 -0.9981 -0.0607
vn -0.6441 -0.6228 -0.4442
vn -0.6441 -0.6227 -0.4442
vn -0.6450 -0.6229 -0.4427
vn -0.9925 -0.0124 0.1220
vn -0.9814 0.1301 -0.1413
vn 0.5453 0.6254 -0.5581
vn 0.5443 0.6263 -0.5582
vn 0.5444 0.6273 -0.5569
vn 0.6635 0.1911 -0.7234
vn -0.3637 -0.1314 -0.9222
vn -0.6295 -0.7361 0.2486
vn -0.6295 -0.7362 0.2485
vn 0.5539 0.4090 -0.7252
vn 0.1304 0.4593 -0.8787
vn 0.1304 0.4594 -0.8786
vn -0.8588 -0.4797 0.1800
vn 0.2500 0.9088 -0.3340
vn 0.2491 0.9095 -0.3328
vn -0.8168 -0.4185 0.3972
vn -0.8158 -0.4194 0.3982
vn -0.8157 -0.4198 0.3979
vn -0.9827 -0.1500 0.1089
vn -0.9826 -0.1502 0.1095
vn 0.4463 -0.4914 -0.7479
vn 0.4466 -0.4900 -0.7486
vn 0.3798 0.8656 -0.3264
vn 0.3812 0.8648 -0.3267
vn 0.3814 0.8652 -0.3254
vn -0.1856 0.9144 -0.3597
vn -0.1861 0.9144 -0.3595
vn -0.1837 0.9153 -0.3584
vn 0.0194 0.6373 0.7704
vn 0.0189 0.6362 0.7713
vn 0.0190 0.6362 0.7713
vn -0.4685 0.0636 0.8812
vn -0.4694 0.0643 0.8806
vn -0.4685 0.0652 0.8811
vn 0.2264 -0.9136 0.3377
vn 0.2270 -0.9139 0.3365
vn 0.2265 -0.9136 0.3377
vn 0.7963 0.2996 -0.5255
vn 0.7962 0.2985 -0.5263
vn 0.7969 0.3004 -0.5241
vn 0.6413 0.3511 -0.6822
vn 0.6413 0.3512 -0.6822
vn 0.8048 -0.2314 -0.5466
vn 0.6126 0.3826 0.6916
vn 0.6137 0.3818 0.6911
vn -0.1977 0.7815 0.5917
vn -0.1987 0.7812 0.5919
vn -0.1963 0.7817 0.5920
vn 0.7007 0.2910 0.6514
vn 0.7005 0.2900 0.6521
vn 0.3755 -0.0012 0.9268
vn 0.2822 0.0261 0.9590
vn 0.2836 0.0241 0.9587
vn 0.2808 0.0254 0.9594
vn 0.3803 0.2940 -0.8769
vn 0.9877 0.1558 -0.0120
vn 0.7662 0.0062 -0.6426
vn 0.7657 0.0088 -0.6432
vn 0.1400 -0.9811 0.1338
vn -0.9366 -0.3354 -0.1011
vn -0.9366 -0.3359 -0.0999
vn 0.0275 0.9286 -0.3701
vn -0.0483 -0.3006 -0.9525
vn -0.0487 -0.3035 -0.9516
vn -0.0505 -0.3021 -0.9519
vn -0.8530 -0.0482 0.5197
vn -0.8534 -0.0505 0.5188
vn -0.8524 -0.0485 0.5206
vn 0.4815 -0.6395 0.5993
vn 0.4811 -0.6407 0.5983
vn 0.4834 -0.6389 0.5985
vn -0.9520 -0.2914 -0.0943
vn -0.9518 -0.2917 -0.0948
vn -0.5340 -0.7276 0.4306
vn -0.5342 -0.7266 0.4321
vn -0.4023 -0.3868 0.8298
vn -0.1427 -0.9424 0.3024
vn -0.1447 -0.9421 0.3024
vn 0.3460 0.7945 -0.4991
vn 0.3896 0.3000 0.8708
vn 0.3883 0.2995 0.8715
vn 0.3875 0.2982 0.8723
vn -0.2656 0.5110 0.8175
vn -0.2670 0.5100 0.8177
vn -0.2670 0.5101 0.8177
vn -0.7581 -0.0962 0.6449
vn -0.7595 -0.0976 0.6432
vn -0.8731 -0.4200 -0.2474
vn -0.8734 -0.4198 -0.2470
vn -0.8740 -0.4200 -0.2444
vn 0.0071 0.5898 0.8075
vn 0.0063 0.5908 0.8068
vn -0.9291 -0.3669 0.0469
vn -0.9291 -0.3668 0.0468
vn -0.9289 -0.3671 0.0484
vn 0.5289 0.2946 0.7959
vn 0.6495 -0.5647 0.5092
vn 0.6495 -0.5646 0.5092
vn 0.6485 -0.5650 0.5102
vn -0.8538 -0.5119 -0.0946
vn -0.9058 -0.0319 0.4224
vn -0.9058 -0.0320 0.4224
vn -0.6933 0.0127 -0.7205
vn 0.6687 -0.2623 0.6957
vn 0.6685 -0.2620 0.6960
vn 0.6687 -0.2620 0.6959
vn -0.2945 -0.3987 -0.8685
vn -0.9991 -0.0419 -0.0039
vn -0.9991 -0.0414 -0.0026
vn 0.5609 -0.6136 0.5557
vn 0.5618 -0.6154 0.5529
vn 0.8789 -0.4544 0.1451
vn -0.9237 0.2475 -0.2923
vn -0.9234 0.2485 -0.2927
vn -0.9232 0.2482 -0.2935
vn -0.6404 -0.1968 0.7424
vn -0.6402 -0.1955 0.7429
vn -0.6396 -0.1972 0.7430
vn -0.2888 0.1753 -0.9412
vn -0.0589 0.2742 0.9599
vn -0.0612 0.2732 0.9600
vn -0.0610 0.2727 0.9602
vn 0.2696 0.9629 -0.0144
vn 0.2686 0.9631 -0.0172
vn -0.8522 0.5110 -0.1126
vn -0.8524 0.5106 -0.1125
vn -0.9671 -0.2475 0.0583
vn -0.9674 -0.2467 0.0573
vn -0.9672 -0.2468 0.0599
vn -0.3065 -0.4798 -0.8221
vn 0.6961 0.1245 -0.7070
vn 0.6960 0.1247 -0.7072
vn 0.6952 0.1245 -0.7079
vn -0.8542 -0.3423 0.3914
vn -0.8543 -0.3422 0.3912
vn -0.6649 -0.3818 0.6419
vn 0.0653 -0.3419 -0.9375
vn 0.0624 -0.3418 -0.9377
vn 0.0653 -0.3424 -0.9373
vn 0.0849 -0.1375 -0.9869
vn -0.4221 -0.2942 0.8575
vn 0.0258 0.3437 0.9387
vn 0.5592 -0.4629 -0.6877
vn -0.0812 0.0050 -0.9967
vn -0.8689 -0.0905 0.4866
vn -0.8689 -0.0906 0.4866
vn -0.7569 0.2321 0.6110
vn -0.7568 0.2321 0.6110
vn -0.8322 0.1005 -0.5452
vn -0.5206 -0.4641 -0.7166
vn -0.3808 -0.3888 0.8389
vn -0.3811 -0.3899 0.8383
vn -0.7528 -0.6573 0.0361
vn -0.7527 -0.6575 0.0345
vn 0.4321 -0.3693 -0.8227
vn -0.0374 0.7210 -0.6919
vn 0.1521 -0.3555 0.9222
vn -0.1018 0.8931 -0.4382
vn 0.2854 0.3814 0.8792
vn 0.2853 0.3816 0.8792
vn 0.4017 0.3326 0.8532
vn 0.4013 0.3331 0.8532
vn 0.9367 0.1819 -0.2992
vn 0.9372 0.1817 -0.2978
vn 0.8527 0.1944 -0.4849
vn 0.8519 0.1946 -0.4862
vn -0.8158 -0.1434 -0.5602
vn -0.8149 -0.1454 -0.5611
vn -0.8161 -0.1446 -0.5595
vn 0.0795 -0.0029 -0.9968
vn 0.0783 -0.0039 -0.9969
vn 0.1499 -0.5600 -0.8149
vn 0.1512 -0.5595 -0.8149
vn 0.5056 0.4740 -0.7209
vn 0.5053 0.4742 -0.7210
vn -0.0296 -0.9994 -0.0154
vn -0.3797 -0.3447 0.8585
vn -0.3815 -0.3445 0.8578
vn 0.4668 0.1118 0.8773
vn -0.2473 -0.3362 0.9087
vn -0.2473 -0.3345 0.9094
vn -0.2486 -0.3350 0.9088
vn -0.6657 -0.4181 0.6181
vn -0.6648 -0.4175 0.6194
vn -0.6654 -0.4181 0.6185
vn -0.2492 0.0785 -0.9653
vn -0.2493 0.0785 -0.9652
vn 0.4896 -0.2699 -0.8291
vn 0.4885 -0.2701 -0.8297
vn 0.4889 -0.2715 -0.8290
vn 0.6432 0.3038 0.7028
vn 0.6424 0.3034 0.7038
vn -0.5647 -0.0670 0.8226
vn -0.2745 -0.1416 -0.9511
vn 0.1268 -0.0415 -0.9911
vn 0.1271 -0.0420 -0.9910
vn 0.7385 0.4372 0.5132
vn 0.7383 0.4373 0.5135
vn 0.7377 0.4370 0.5147
vn 0.5761 -0.0264 -0.8170
vn 0.5746 -0.0259 -0.8180
vn 0.5769 -0.0255 -0.8165
vn -0.4876 0.1621 -0.8579
vn -0.4862 0.1626 -0.8586
vn -0.9673 0.1598 -0.1971
vn -0.9677 0.1596 -0.1950
vn -0.9673 0.1600 -0.1970
vn -0.6018 -0.0780 -0.7948
vn -0.6018 -0.0779 -0.7949
vn -0.6019 -0.0794 -0.7946
vn -0.6146 0.0502 0.7872
vn -0.6137 0.0500 0.7879
vn -0.6146 0.0511 0.7872
vn -0.2660 0.8577 -0.4399
vn 0.6986 0.6617 -0.2722
vn 0.6990 0.6603 -0.2746
vn 0.8854 0.4635 0.0367
vn 0.4305 0.7911 0.4346
vn -0.2406 -0.4375 -0.8664
vn -0.4115 -0.9091 -0.0657
vn -0.4107 -0.9095 -0.0645
vn 0.3927 -0.5236 0.7560
vn 0.3916 -0.5250 0.7557
vn 0.3925 -0.5225 0.7570
vn -0.0600 -0.9147 -0.3997
vn -0.0601 -0.9152 -0.3986
vn -0.0075 0.0824 0.9966
vn 0.9376 -0.3473 0.0167
vn 0.9378 -0.3468 0.0154
vn -0.4760 -0.3281 0.8160
vn -0.4760 -0.3273 0.8163
vn 0.9190 0.2871 -0.2702
vn 0.1740 -0.5069 -0.8443
vn -0.5326 -0.8054 -0.2603
vn -0.5325 -0.8054 -0.2603
vn -0.7117 -0.2170 -0.6681
vn -0.7098 -0.2173 -0.6700
vn -0.6897 0.3410 0.6387
vn -0.7586 -0.5922 0.2717
vn 0.3436 0.9077 -0.2407
vn 0.3443 0.9071 -0.2420
vn -0.0242 0.8115 0.5839
vn -0.9413 -0.3358 0.0347
vn -0.7367 -0.4153 0.5336
vn 0.3545 0.4284 -0.8312
vn 0.3553 0.4271 -0.8315
vn 0.3566 0.4274 -0.8308
vn 0.7013 0.6092 -0.3702
vn 0.7003 0.6096 -0.3713
vn 0.7012 0.6084 -0.3716
vn -0.0380 -0.9989 -0.0283
vn -0.0908 0.9408 0.3267
vn -0.0900 0.9403 0.3283
vn -0.0895 0.9407 0.3272
vn 0.0269 0.3223 0.9463
vn 0.6226 -0.1328 -0.7711
vn 0.6233 -0.1316 -0.7708
vn 0.6226 -0.1313 -0.7714
vn -0.5088 -0.1375 -0.8498
vn -0.5186 -0.4208 0.7443
vn -0.5184 -0.4211 0.7443
vn -0.5187 -0.4206 0.7443
vn 0.7783 0.2525 -0.5749
vn 0.7778 0.2518 -0.5758
vn 0.7768 0.2522 -0.5771
vn -0.4129 0.9076 0.0762
vn -0.4134 0.9075 0.0743
vn 0.9284 0.3369 0.1566
vn 0.9289 0.3356 0.1569
vn 0.9291 0.3354 0.1555
vn -0.2502 -0.0167 0.9680
vn 0.0380 0.1827 -0.9824
vn 0.0363 0.1828 -0.9825
vn -0.2384 -0.7371 -0.6324
vn -0.2412 -0.7360 -0.6326
vn 0.0826 0.2482 0.9652
vn 0.6078 0.7491 -0.2636
vn 0.6082 0.7490 -0.2627
vn 0.6082 0.7486 -0.2639
vn -0.6865 -0.4695 -0.5552
vn 0.8822 0.3192 -0.3462
vn 0.9490 -0.3137 0.0311
vn 0.9487 -0.3148 0.0302
vn -0.2481 -0.6494 0.7189
vn -0.2465 -0.6513 0.7176
vn -0.3717 0.8767 0.3055
vn -0.5195 -0.1826 -0.8347
vn -0.5195 -0.1825 -0.8348
vn -0.5195 -0.1825 -0.8347
vn -0.6769 0.3980 0.6192
vn -0.6791 0.3972 0.6173
vn -0.9176 0.3013 0.2594
vn 0.0673 -0.1593 0.9849
vn 0.0652 -0.1583 0.9852
vn 0.0647 -0.1607 0.9849
vn -0.8886 -0.2362 0.3932
vn -0.8882 -0.2351 0.3947
vn -0.8878 -0.2349 0.3958
vn 0.3523 -0.6628 -0.6607
vn 0.3534 -0.6618 -0.6611
vn -0.1645 0.3560 -0.9199
vn -0.9420 0.0511 0.3317
vn -0.9582 0.0696 0.2775
vn -0.8182 -0.3860 -0.4260
vn -0.5966 0.7431 0.3031
vn -0.5972 0.7431 0.3021
vn -0.9574 -0.0924 0.2737
vn -0.9571 -0.0932 0.2744
vn -0.9578 -0.0923 0.2723
vn 0.1802 0.1156 -0.9768
vn 0.1789 0.1153 -0.9771
vn -0.6945 -0.5463 -0.4682
vn -0.8469 -0.3564 -0.3946
vn -0.8467 -0.3572 -0.3944
vn -0.4547 0.0313 0.8901
vn -0.2708 -0.3439 0.8991
vn 0.5799 0.4337 0.6897
vn -0.0295 -0.9985 -0.0470
vn -0.4668 0.7430 0.4797
vn -0.4667 0.7439 0.4784
vn -0.4676 0.7429 0.4789
vn 0.8258 0.5102 0.2403
vn -0.5789 -0.2570 0.7738
vn -0.5798 -0.2571 0.7731
vn -0.5790 -0.2569 0.7738
vn -0.8394 -0.5264 -0.1352
vn -0.8394 -0.5264 -0.1351
vn -0.8393 -0.5263 -0.1362
vn -0.5103 -0.1267 0.8506
vn 0.5664 -0.0572 0.8221
vn 0.5666 -0.0586 0.8219
vn -0.8547 -0.1599 -0.4939
vn -0.8540 -0.1600 -0.4951
vn -0.2325 0.0280 0.9722
vn -0.2298 0.0297 0.9728
vn 0.0483 0.0793 -0.9957
vn 0.0478 0.0817 -0.9955
vn 0.2564 -0.2116 -0.9431
vn 0.2558 -0.2138 -0.9428
vn 0.2550 -0.2113 -0.9436
vn 0.1223 0.2342 -0.9645
vn 0.0069 -0.4492 -0.8934
vn -0.6005 -0.7705 -0.2139
vn -0.5877 -0.7602 -0.2769
vn -0.2084 0.3840 0.8995
vn -0.2114 0.3825 0.8994
vn -0.2103 0.3833 0.8994
vn 0.5579 0.7859 0.2668
vn 0.5575 0.7865 0.2656
vn 0.5567 0.7874 0.2649
vn -0.8610 -0.0814 -0.5020
vn -0.1629 -0.9777 -0.1325
vn -0.1631 -0.9775 -0.1339
vn -0.1621 -0.9778 -0.1332
vn 0.0943 0.9650 0.2448
vn 0.6071 0.7065 0.3637
vn 0.6071 0.7065 0.3636
vn 0.2671 0.0434 -0.9627
vn 0.9332 0.3342 0.1322
vn 0.9331 0.3338 0.1338
vn -0.1973 -0.9490 0.2460
vn -0.4120 -0.3519 0.8405
vn -0.4131 -0.3525 0.8397
vn 0.9029 0.2706 -0.3338
vn 0.9036 0.2699 -0.3327
vn 0.9027 0.2702 -0.3349
vn 0.2671 -0.9634 -0.0209
vn 0.7475 -0.0977 0.6571
vn 0.7467 -0.0969 0.6580
vn 0.7482 -0.0982 0.6561
vn -0.2329 0.9358 0.2645
vn -0.2345 0.9353 0.2649
vn 0.6637 0.3997 -0.6322
vn -0.8626 0.1183 -0.4918
vn -0.2821 -0.9314 -0.2301
vn -0.2812 -0.9320 -0.2288
vn 0.8756 0.3940 -0.2793
vn 0.9961 0.0879 -0.0079
vn 0.8288 -0.5589 -0.0250
vn 0.8282 -0.5599 -0.0251
vn 0.9400 0.1490 -0.3069
vn 0.2855 -0.8345 0.4712
vn 0.8617 0.2507 0.4412
vn -0.8160 -0.5397 0.2069
vn -0.8157 -0.5401 0.2071
vn 0.6268 0.1674 0.7610
vn -0.2373 0.6576 0.7150
vn -0.6273 0.3348 -0.7032
vn -0.6265 0.3341 -0.7042
vn -0.9545 -0.0320 0.2966
vn -0.9543 -0.0330 0.2972
vn -0.9540 -0.0324 0.2981
vn -0.8449 -0.5194 0.1276
vn -0.8454 -0.5188 0.1272
vn 0.2096 -0.6351 -0.7435
vn 0.2096 -0.6350 -0.7435
vn 0.1579 -0.0353 -0.9868
vn 0.1557 -0.0333 -0.9872
vn 0.1565 -0.0353 -0.9870
vn -0.9491 0.1753 0.2617
vn -0.9485 0.1759 0.2635
vn -0.9481 0.1781 0.2634
vn -0.5744 0.6717 0.4678
vn -0.5757 0.6694 0.4696
vn 0.8384 0.1492 0.5242
vn 0.8369 0.1492 0.5266
vn 0.2481 -0.0374 -0.9680
vn -0.9342 -0.3323 0.1296
vn 0.0317 -0.9225 0.3846
vn 0.0321 -0.9232 0.3831
vn -0.5135 0.2993 0.8042
vn 0.6033 0.6556 0.4542
vn 0.6023 0.6567 0.4538
vn 0.6042 0.6548 0.4541
vn 0.0553 -0.3135 0.9480
vn 0.0538 -0.3151 0.9475
vn 0.5409 -0.1311 0.8308
vn 0.5430 -0.1326 0.8292
vn 0.2329 0.2634 0.9361
vn 0.2330 0.2632 0.9362
vn 0.9388 0.2833 -0.1957
vn -0.8329 0.5524 -0.0342
vn -0.8338 0.5510 -0.0352
vn -0.8346 0.5498 -0.0336
vn -0.0260 0.9095 0.4149
vn -0.9341 0.3056 0.1846
vn -0.9338 0.3056 0.1861
vn -0.1100 0.3149 -0.9427
vn -0.1100 0.3150 -0.9427
vn -0.9996 0.0197 0.0222
vn 0.6261 0.4466 -0.6392
vn 0.6270 0.4457 -0.6390
vn -0.6984 -0.7150 0.0326
vn -0.7585 -0.4465 0.4748
vn 0.0874 -0.9962 -0.0062
vn 0.0862 -0.9963 -0.0036
vn 0.0878 -0.9961 -0.0048
vn -0.1572 0.3927 -0.9061
vn -0.3754 0.2118 -0.9023
vn -0.3730 0.2103 -0.9037
vn -0.3732 0.2121 -0.9032
vn 0.1782 0.0918 -0.9797
vn 0.1769 0.0942 -0.9797
vn -0.8394 -0.3374 -0.4261
vn -0.8380 -0.3377 -0.4286
vn -0.8394 -0.3377 -0.4259
vn -0.4334 -0.3352 -0.8365
vn -0.4355 -0.3365 -0.8349
vn -0.1199 0.0454 0.9918
vn -0.5186 0.2955 0.8024
vn 0.3029 -0.8879 0.3464
vn 0.1007 0.3659 0.9252
vn 0.8565 -0.0315 0.5153
vn 0.8559 -0.0319 0.5161
vn 0.8964 0.2830 0.3411
vn -0.0631 -0.3678 0.9277
vn -0.0617 -0.3673 0.9281
vn -0.3609 -0.4864 0.7957
vn 0.4787 0.7965 -0.3693
vn -0.0280 0.8313 -0.5552
vn -0.0282 0.8305 -0.5563
vn -0.0963 -0.6655 -0.7401
vn 0.0338 -0.3381 -0.9405
vn 0.7204 -0.6935 0.0023
vn 0.7199 -0.6941 0.0041
vn 0.7215 -0.6924 0.0013
vn 0.9189 0.1678 -0.3570
vn 0.2597 0.1623 0.9519
vn 0.2591 0.1603 0.9524
vn 0.2594 0.1626 0.9520
vn 0.7461 -0.0272 0.6653
vn 0.7455 -0.0263 0.6660
vn 0.7453 -0.0277 0.6662
vn -0.2817 -0.7703 -0.5721
vn -0.6648 -0.0663 -0.7441
vn -0.3440 0.1905 -0.9194
vn -0.3440 0.1905 -0.9195
vn -0.2486 0.0164 -0.9685
vn 0.6283 -0.0488 -0.7764
vn 0.3234 -0.9366 -0.1348
vn 0.3225 -0.9367 -0.1364
vn 0.3221 -0.9370 -0.1354
vn -0.3377 -0.0367 -0.9405
vn 0.1562 -0.2362 -0.9591
vn 0.2253 -0.1284 -0.9658
vn 0.2251 -0.1279 -0.9659
vn -0.8818 -0.1317 0.4529
vn 0.5947 -0.6790 0.4305
vn -0.2003 0.4730 0.8580
vn -0.2000 0.4743 0.8573
vn -0.2017 0.4729 0.8577
vn -0.5955 -0.3255 0.7345
vn -0.5402 0.0975 0.8359
vn -0.5394 0.0990 0.8362
vn -0.7022 0.6976 0.1423
vn -0.8924 0.2081 -0.4005
vn -0.8932 0.2075 -0.3988
vn -0.2803 -0.0522 -0.9585
vn -0.8881 -0.3385 -0.3109
vn -0.7728 -0.1783 -0.6091
vn -0.7720 -0.1795 -0.6098
vn 0.7752 0.3627 -0.5173
vn 0.7760 0.3624 -0.5162
vn 0.8080 0.2825 -0.5170
vn 0.7581 0.2215 0.6134
vn -0.5139 -0.2697 0.8144
vn -0.7531 -0.3284 0.5702
vn -0.1724 -0.8529 -0.4928
vn 0.9310 0.1499 0.3329
vn -0.9667 0.1426 -0.2127
vn -0.9526 -0.2828 -0.1123
vn 0.7512 0.2665 0.6038
vn -0.3864 -0.3483 -0.8540
vn -0.3875 -0.3488 -0.8533
vn -0.0678 -0.0649 -0.9956
vn 0.2057 0.4712 0.8577
vn 0.2035 0.4693 0.8593
vn 0.5960 0.4977 0.6301
vn 0.5952 0.4972 0.6313
vn 0.1319 -0.4159 0.8998
vn -0.0132 -0.9997 0.0204
vn -0.6284 0.7334 0.2595
vn 0.9725 0.0872 -0.2158
vn 0.9731 0.0876 -0.2131
vn 0.9725 0.0880 -0.2157
vn 0.8684 -0.1531 0.4717
vn -0.2287 0.2486 -0.9412
vn -0.7460 0.6518 -0.1364
vn -0.7157 -0.4953 0.4924
vn -0.7147 -0.4954 0.4937
vn -0.7531 -0.4191 0.5071
vn 0.6754 -0.4163 -0.6087
vn 0.5890 0.6187 -0.5199
vn -0.1519 0.4615 -0.8740
vn -0.1519 0.4615 -0.8741
vn 0.0461 -0.7848 0.6180
vn 0.0439 -0.7850 0.6179
vn 0.9549 0.2528 -0.1557
vn 0.6952 0.5680 -0.4406
vn -0.8238 -0.3697 -0.4297
vn -0.8242 -0.3682 -0.4302
vn -0.6705 0.2564 0.6962
vn -0.8673 -0.1846 0.4622
vn -0.8685 -0.1829 0.4606
vn 0.3205 0.8689 0.3772
vn 0.3202 0.8683 0.3789
vn 0.1503 0.6181 0.7716
vn 0.1504 0.6191 0.7708
vn 0.5246 -0.4558 -0.7190
vn 0.0210 0.1184 0.9927
vn 0.0111 -0.5412 0.8408
vn 0.0131 -0.5411 0.8409
vn -0.9648 -0.1505 -0.2156
vn -0.9649 -0.1509 -0.2149
vn -0.9645 -0.1519 -0.2161
vn -0.6025 -0.3932 -0.6945
vn 0.6236 0.6127 0.4855
vn 0.6244 0.6112 0.4864
vn 0.3360 0.8965 0.2888
vn -0.1095 0.4110 0.9050
vn -0.1106 0.4101 0.9053
vn -0.1097 0.4117 0.9047
vn -0.5229 -0.3327 0.7848
vn -0.5233 -0.3342 0.7839
vn 0.1519 0.2367 0.9596
vn 0.1510 0.2368 0.9597
vn -0.0798 0.1843 0.9796
vn -0.4732 0.1947 -0.8591
vn -0.4721 0.1945 -0.8598
vn -0.0158 -0.7717 -0.6358
vn -0.7564 -0.3496 -0.5529
vn -0.7556 -0.3495 -0.5540
vn -0.7563 -0.3484 -0.5537
vn -0.8619 -0.4807 0.1613
vn -0.8621 -0.4812 0.1591
vn 0.4554 0.0254 -0.8899
vn 0.4541 0.0249 -0.8906
vn -0.0582 -0.1430 -0.9880
vn -0.0583 -0.1431 -0.9880
vn -0.0594 -0.1431 -0.9879
vn 0.6546 0.3026 -0.6928
vn -0.5131 0.4049 -0.7568
vn -0.5144 0.4043 -0.7563
vn -0.2087 -0.1264 0.9698
vn -0.0219 -0.9698 0.2431
vn -0.0206 -0.9700 0.2423
vn -0.7908 -0.0056 0.6120
vn -0.7901 -0.0054 0.6129
vn -0.7901 -0.0054 0.6130
vn 0.5365 0.3745 0.7562
vn 0.5366 0.3747 0.7561
vn 0.0432 -0.5035 0.8629
vn 0.0439 -0.5009 0.8644
vn 0.4975 0.5910 0.6350
vn 0.4987 0.5926 0.6325
vn 0.4984 0.5929 0.6325
vn -0.2554 -0.8429 -0.4736
vn -0.2549 -0.8429 -0.4739
vn -0.2922 -0.8388 0.4594
vn 0.8685 0.4100 0.2785
vn 0.6864 -0.3445 -0.6405
vn 0.6852 -0.3454 -0.6412
vn -0.0816 0.8257 0.5582
vn -0.0812 0.8250 0.5593
vn -0.0812 0.8249 0.5594
vn -0.6832 0.0585 0.7279
vn -0.6844 0.0588 0.7268
vn -0.6848 0.0584 0.7264
vn 0.6881 0.5663 0.4537
vn 0.6877 0.5658 0.4549
vn 0.6889 0.5667 0.4520
vn 0.5401 0.6487 0.5361
vn 0.5396 0.6488 0.5366
vn 0.9978 -0.0039 0.0660
vn 0.9979 -0.0038 0.0647
vn 0.9979 -0.0039 0.0647
vn 0.5400 -0.7662 -0.3483
vn 0.5391 -0.7679 -0.3460
vn 0.9384 0.2131 -0.2720
vn -0.2254 -0.5407 -0.8104
vn -0.1082 -0.9793 -0.1709
vn -0.1081 -0.9795 -0.1700
vn 0.9042 -0.2398 0.3535
vn 0.6684 0.1069 0.7361
vn 0.6666 0.1061 0.7378
vn 0.3576 0.0569 0.9322
vn 0.3575 0.0563 0.9322
vn 0.8438 0.3192 -0.4315
vn 0.8435 0.3202 -0.4313
vn 0.8431 0.3199 -0.4323
vn -0.6902 0.1311 0.7117
vn -0.6882 0.1315 0.7135
vn -0.7703 0.0196 0.6373
vn -0.7704 0.0214 0.6373
vn -0.9496 0.3124 -0.0265
vn 0.9534 0.1297 0.2723
vn 0.9531 0.1309 0.2729
vn 0.9890 0.0934 0.1149
vn -0.0818 -0.7335 -0.6747
vn -0.2286 -0.9091 -0.3481
vn -0.2292 -0.9090 -0.3481
vn -0.9591 -0.2733 -0.0743
vn 0.5226 0.0129 0.8525
vn 0.5227 0.0129 0.8524
vn 0.8058 0.1992 0.5577
vn 0.8067 0.1994 0.5564
vn 0.5959 -0.2316 -0.7689
vn 0.5964 -0.2297 -0.7691
vn 0.5974 -0.2306 -0.7681
vn 0.0663 -0.9927 -0.1006
vn -0.9956 -0.0927 0.0096
vn -0.9957 -0.0924 0.0113
vn -0.4375 -0.0964 -0.8940
vn 0.3591 -0.6171 0.7001
vn 0.3598 -0.6170 0.6999
vn -0.6321 -0.7645 0.1263
vn -0.6325 -0.7642 0.1264
vn -0.4830 0.8518 0.2030
vn -0.4802 0.8535 0.2023
vn -0.4816 0.8529 0.2015
vn 0.6269 0.5231 0.5774
vn -0.8610 0.1106 0.4964
vn 0.1586 0.6352 -0.7559
vn -0.9466 -0.0685 -0.3151
vn -0.9462 -0.0685 -0.3162
vn 0.1940 -0.0468 0.9799
vn 0.8103 0.5298 0.2503
vn 0.8108 0.5288 0.2511
vn -0.2166 -0.3156 -0.9239
vn -0.2164 -0.3156 -0.9239
vn 0.8690 0.0919 0.4863
vn -0.2559 0.2988 -0.9194
vn -0.2462 -0.9415 -0.2302
vn -0.2470 -0.9415 -0.2294
vn 0.0480 -0.7483 0.6616
vn 0.0493 -0.7482 0.6617
vn 0.7161 -0.2724 -0.6426
vn 0.7178 -0.2721 -0.6409
vn 0.7170 -0.2724 -0.6416
vn -0.0821 -0.6002 -0.7956
vn 0.9455 0.2244 0.2358
vn -0.1384 0.0354 -0.9897
vn -0.1385 0.0347 -0.9898
vn 0.2351 0.2095 0.9491
vn 0.1995 -0.2487 -0.9478
vn 0.1979 -0.2487 -0.9481
vn 0.2008 -0.2478 -0.9478
vn -0.6454 -0.0033 0.7638
vn -0.6461 -0.0039 0.7633
vn -0.6448 -0.0021 0.7644
vn 0.1750 -0.2738 -0.9457
vn 0.1749 -0.2751 -0.9454
vn -0.6780 0.2934 0.6740
vn -0.6767 0.2923 0.6758
vn -0.6753 -0.6951 0.2466
vn -0.6759 -0.6949 0.2454
vn 0.6393 -0.1683 0.7503
vn 0.6380 -0.1685 0.7514
vn 0.9082 0.2047 0.3650
vn 0.9072 0.2096 0.3648
vn -0.3718 0.9183 0.1355
vn -0.4234 -0.0331 0.9053
vn -0.8807 0.1474 0.4501
vn 0.1525 -0.2848 0.9464
vn -0.5843 -0.0014 0.8116
vn -0.5832 -0.0014 0.8124
vn -0.0724 -0.2853 -0.9557
vn 0.9288 -0.2137 0.3029
vn -0.4958 -0.4649 -0.7335
vn 0.1952 -0.3195 -0.9273
vn 0.4778 -0.0866 -0.8742
vn 0.4765 -0.0869 -0.8749
vn 0.4753 -0.0876 -0.8754
vn 0.9625 0.2056 -0.1769
vn 0.9624 0.2067 -0.1761
vn -0.4098 -0.7656 -0.4959
vn 0.7097 0.3206 -0.6274
vn 0.7112 0.3210 -0.6254
vn -0.5324 -0.5425 0.6498
vn -0.5330 -0.5434 0.6485
vn -0.5372 0.1556 0.8290
vn -0.5372 0.1561 0.8289
vn -0.9996 0.0129 0.0256
vn -0.6578 -0.1758 -0.7324
vn 0.3458 -0.7878 0.5097
vn 0.3446 -0.7883 0.5097
vn 0.3749 -0.0080 0.9270
vn 0.9420 0.3037 0.1432
vn 0.0834 0.1515 0.9849
vn 0.0819 0.1509 0.9852
vn -0.4649 -0.8381 -0.2855
vn -0.4650 -0.8385 -0.2841
vn 0.5311 0.0766 -0.8439
vn 0.5301 0.0777 -0.8444
vn -0.9969 0.0463 0.0635
vn -0.7658 -0.6250 0.1511
vn -0.7665 -0.6245 0.1499
vn -0.7676 -0.6233 0.1493
vn -0.0184 -0.3026 -0.9529
vn 0.9728 0.2188 -0.0767
vn 0.7681 0.2354 -0.5955
vn 0.6346 0.6210 0.4602
vn -0.7646 0.1135 -0.6344
vn -0.7634 0.1137 -0.6358
vn 0.2293 0.0691 -0.9709
vn 0.2303 0.0695 -0.9706
vn 0.4429 -0.7481 -0.4942
vn 0.2547 0.3336 -0.9076
vn 0.2571 0.3332 -0.9071
vn -0.9656 -0.0461 0.2558
vn 0.9246 0.3160 0.2126
vn 0.9242 0.3152 0.2156
vn 0.8586 0.0239 0.5121
vn 0.8586 0.0236 0.5120
vn 0.8586 0.0234 0.5121
vn 0.4601 -0.0501 -0.8865
vn 0.4613 -0.0498 -0.8858
vn 0.4601 -0.0498 -0.8865
vn 0.8402 -0.1534 -0.5201
vn 0.8415 -0.1522 -0.5184
vn 0.9207 0.2793 -0.2725
vn 0.5276 0.1244 -0.8404
vn -0.5380 -0.2537 -0.8039
vn 0.9639 0.2153 -0.1568
vn 0.3471 -0.3210 -0.8812
vn 0.4570 -0.0637 -0.8872
vn 0.4559 -0.0643 -0.8877
vn 0.4570 -0.0638 -0.8872
vn 0.1935 0.4948 -0.8472
vn 0.0516 -0.1454 0.9880
vn 0.0510 -0.1482 0.9876
vn 0.0498 -0.1471 0.9879
vn -0.5428 -0.1160 0.8318
vn -0.5439 -0.1153 0.8312
vn -0.5416 -0.1156 0.8326
vn 0.5700 0.5034 0.6494
vn 0.2124 0.4293 0.8778
vn 0.5419 -0.0201 -0.8402
vn 0.5417 -0.0202 -0.8403
vn 0.1424 -0.9284 -0.3431
vn 0.1424 -0.9284 -0.3432
vn 0.0187 -0.9954 -0.0936
vn 0.3954 0.4584 -0.7959
vn -0.5248 0.4489 -0.7232
vn -0.5256 0.4497 -0.7222
vn -0.7460 -0.2153 0.6301
vn -0.6009 -0.3712 0.7079
vn 0.3175 -0.4301 0.8451
vn 0.7571 -0.5812 0.2984
vn -0.8868 -0.4606 0.0368
vn -0.8866 -0.4612 0.0356
vn -0.6268 -0.0731 0.7757
vn -0.2729 -0.5345 -0.7999
vn -0.2742 -0.5350 -0.7991
vn -0.2730 -0.5354 -0.7992
vn -0.3126 -0.5589 -0.7681
vn -0.4509 0.1186 -0.8847
vn -0.4486 0.1166 -0.8861
vn 0.5734 0.5630 0.5951
vn 0.5743 0.5634 0.5939
vn 0.5745 0.5645 0.5927
vn 0.6755 0.4174 0.6078
vn 0.6751 0.4180 0.6079
vn 0.6762 0.4179 0.6067
vn -0.1935 -0.8446 -0.4992
vn -0.7673 -0.5215 0.3733
vn -0.6599 -0.6248 0.4174
vn -0.6592 -0.6247 0.4186
vn -0.6598 -0.6248 0.4174
vn 0.1993 -0.6938 0.6921
vn 0.1976 -0.6940 0.6924
vn -0.0156 -0.1838 -0.9828
vn -0.0182 -0.1834 -0.9829
vn -0.4107 -0.3392 -0.8464
vn -0.7523 -0.0203 0.6585
vn -0.3100 -0.2774 -0.9094
vn 0.0553 0.9156 -0.3983
vn 0.0540 0.9154 -0.3990
vn 0.0560 0.9159 -0.3974
vn -0.2382 -0.2436 0.9402
vn -0.2382 -0.2438 0.9401
vn -0.2366 -0.2438 0.9405
vn -0.7291 -0.6732 -0.1233
vn -0.7298 -0.6726 -0.1226
vn -0.5229 0.8462 -0.1027
vn -0.5224 0.8467 -0.1013
vn -0.5224 0.8466 -0.1013
vn -0.9458 0.0433 0.3219
vn -0.5684 -0.7806 -0.2598
vn 0.2575 -0.1464 -0.9551
vn 0.0163 -0.8827 0.4697
vn 0.0152 -0.8833 0.4686
vn -0.0200 0.3349 0.9420
vn -0.0201 0.3349 0.9420
vn 0.5301 0.8474 0.0297
vn 0.7512 0.0779 -0.6554
vn -0.8045 -0.4268 0.4131
vn -0.8052 -0.4267 0.4119
vn -0.6066 -0.2237 0.7629
vn -0.6059 -0.2239 0.7634
vn -0.6064 -0.2226 0.7634
vn 0.7685 0.3693 -0.5225
vn 0.7692 0.3696 -0.5212
vn -0.6919 0.0653 -0.7190
vn 0.2648 -0.0124 -0.9642
vn 0.2648 -0.0125 -0.9642
vn -0.0328 0.1012 -0.9943
vn -0.0312 0.1016 -0.9943
vn 0.5736 0.4602 0.6777
vn 0.6257 -0.2279 -0.7460
vn 0.6270 -0.2273 -0.7451
vn -0.3272 -0.1176 0.9376
vn 0.9494 -0.3139 0.0130
vn 0.1818 0.0462 -0.9823
vn 0.1800 0.0447 -0.9827
vn 0.7705 -0.3140 -0.5548
vn 0.7701 -0.3191 -0.5524
vn -0.7593 -0.3642 0.5393
vn -0.9894 -0.0924 -0.1121
vn -0.0770 0.9852 -0.1533
vn -0.0781 0.9852 -0.1526
vn -0.2976 -0.7022 0.6468
vn 0.6641 -0.6764 0.3185
vn -0.3747 -0.8872 0.2692
vn 0.4377 0.3976 0.8064
vn 0.4382 0.3990 0.8055
vn 0.4382 0.3991 0.8054
vn 0.6753 -0.0255 0.7371
vn 0.6762 -0.0261 0.7363
vn -0.7639 -0.5949 0.2500
vn -0.5761 0.2287 0.7847
vn -0.7014 -0.3567 0.6171
vn -0.8183 -0.0936 0.5671
vn -0.3062 0.4295 0.8496
vn -0.0222 0.4358 0.8998
vn -0.0194 0.4359 0.8998
vn 0.8273 0.4523 -0.3331
vn 0.0812 -0.3475 -0.9342
vn -0.2689 0.1749 -0.9472
vn -0.2680 0.1740 -0.9476
vn 0.8087 0.4680 -0.3565
vn 0.4492 0.3296 -0.8304
vn 0.5563 0.0027 -0.8310
vn -0.7607 -0.6475 -0.0456
vn 0.8049 0.4782 -0.3515
vn 0.2245 -0.2527 -0.9411
vn 0.2231 -0.2527 -0.9414
vn -0.9448 -0.3271 0.0182
vn -0.3832 0.0021 0.9237
vn -0.7990 0.2064 0.5648
vn -0.7982 0.2068 0.5658
vn -0.7245 -0.5726 0.3838
vn -0.2328 -0.3743 0.8976
vn -0.1832 0.1391 0.9732
vn -0.0839 0.1683 0.9822
vn -0.0850 0.1676 0.9822
vn -0.0843 0.1686 0.9821
vn -0.1391 -0.9547 0.2632
vn -0.3691 0.3056 0.8777
vn -0.3686 0.3043 0.8784
vn 0.1473 0.1542 0.9770
vn 0.1488 0.1531 0.9769
vn 0.8795 -0.4163 0.2308
vn 0.6491 0.6736 0.3535
vn -0.9794 0.0662 0.1907
vn -0.3571 0.0713 -0.9313
vn -0.1578 0.2863 0.9451
vn 0.6065 0.0351 -0.7943
vn 0.6931 0.0170 -0.7206
vn 0.7374 -0.3929 -0.5494
vn 0.8567 -0.1321 0.4987
vn 0.6020 -0.0949 0.7929
vn -0.2194 0.0351 0.9750
vn 0.4318 -0.8333 0.3451
vn 0.1501 0.9430 0.2970
vn 0.1485 0.9428 0.2985
vn -0.3472 0.1583 0.9243
vn -0.8655 -0.1391 0.4812
vn -0.8646 -0.1394 0.4827
vn -0.2723 0.0791 -0.9590
vn -0.7809 -0.1492 -0.6066
vn -0.7809 -0.1491 -0.6066
vn -0.3947 0.4185 -0.8180
vn 0.2825 -0.8729 -0.3978
vn -0.0183 -0.8191 0.5733
vn 0.8151 0.5182 0.2590
vn 0.8154 0.5183 0.2578
vn 0.2193 0.7698 -0.5994
vn -0.6159 0.1164 -0.7792
vn 0.4166 0.8581 0.3001
vn -0.7942 -0.6000 -0.0964
vn -0.5886 -0.3950 -0.7053
vn -0.5902 -0.3940 -0.7045
vn 0.4414 0.6564 0.6117
vn -0.6449 -0.4295 0.6322
vn -0.6439 -0.4289 0.6335
vn 0.1479 0.0754 0.9861
vn -0.3912 -0.3243 -0.8613
vn -0.3914 -0.3242 -0.8612
vn 0.4409 0.8639 -0.2435
vn 0.4119 0.6063 0.6803
vn 0.1938 0.4507 0.8714
vn 0.1930 0.4501 0.8719
vn 0.1943 0.4514 0.8709
vn -0.7397 -0.5371 0.4054
vn -0.7389 -0.5378 0.4061
vn -0.7789 -0.0623 0.6240
vn 0.4098 -0.3323 -0.8495
vn 0.7221 0.6106 -0.3251
vn -0.6208 0.0689 0.7810
vn -0.9441 0.3145 -0.0993
vn -0.9445 0.3131 -0.0990
vn -0.9444 0.3131 -0.1004
vn -0.9891 -0.1331 -0.0623
vn 0.8636 0.1137 0.4911
vn -0.2563 -0.6683 0.6984
vn 0.1394 0.0191 -0.9900
vn 0.1390 0.0180 -0.9901
vn -0.8286 -0.5568 -0.0582
vn 0.9844 0.1637 -0.0640
vn 0.3590 0.5380 0.7627
vn -0.9131 0.1139 -0.3916
vn -0.9139 0.1129 -0.3900
vn -0.4648 0.7114 -0.5272
vn -0.6846 -0.6295 -0.3674
vn -0.6991 -0.3663 -0.6141
vn 0.0426 0.6884 -0.7241
vn 0.1570 0.9632 0.2184
vn -0.9895 0.1109 -0.0929
vn -0.9895 0.1118 -0.0915
vn -0.2059 0.3838 0.9002
vn -0.8565 0.1159 0.5030
vn -0.8579 0.1143 0.5010
vn -0.9192 -0.1163 0.3762
vn -0.3301 -0.8347 -0.4408
vn -0.3300 -0.8348 -0.4406
vn 0.4712 0.8780 0.0845
vn -0.4890 -0.4336 0.7569
vn -0.8119 -0.2560 -0.5246
vn -0.8507 -0.5092 0.1301
vn -0.0787 -0.8570 0.5092
vn -0.0794 -0.8579 0.5076
vn 0.2231 -0.2299 -0.9473
vn 0.2230 -0.2300 -0.9473
vn 0.5955 -0.0422 -0.8023
vn 0.5967 -0.0417 -0.8014
vn -0.1699 -0.0999 -0.9804
vn -0.1672 -0.0996 -0.9809
vn -0.1996 -0.3141 -0.9282
vn -0.9468 -0.0611 0.3159
vn -0.9472 -0.0601 0.3151
vn -0.6883 0.1011 0.7184
vn -0.1263 -0.7025 -0.7004
vn -0.3554 0.9332 0.0532
vn -0.3559 0.9329 0.0548
vn 0.0092 -0.9979 -0.0637
vn -0.9770 0.0381 0.2099
vn 0.6281 0.4491 0.6354
vn -0.2259 -0.6570 0.7192
vn -0.2263 -0.6570 0.7191
vn -0.2268 -0.6579 0.7182
vn -0.5581 0.7891 -0.2568
vn 0.3491 0.9371 -0.0038
vn -0.2057 -0.0795 -0.9754
vn -0.7912 0.5808 -0.1915
vn 0.5194 0.0310 -0.8540
vn -0.5256 -0.3348 0.7821
vn -0.4871 -0.1536 -0.8597
vn -0.3858 -0.2089 -0.8986
vn -0.3862 -0.2100 -0.8982
vn 0.5561 -0.1339 -0.8202
vn 0.7124 0.5452 0.4418
vn -0.8213 -0.1419 -0.5526
vn -0.7372 0.6680 -0.1012
vn -0.6753 -0.5327 0.5101
vn -0.4297 -0.7945 0.4291
vn -0.4292 -0.7953 0.4281
vn -0.4297 -0.7943 0.4295
vn -0.2111 -0.5503 0.8079
vn -0.2876 0.8962 -0.3379
vn -0.2857 0.8965 -0.3387
vn 0.7639 0.5440 0.3472
vn -0.0637 0.8563 -0.5125
vn -0.0630 0.8567 -0.5119
vn 0.8144 0.4547 -0.3605
vn 0.8147 0.4553 -0.3591
vn 0.8141 0.4552 -0.3606
vn 0.0824 -0.2879 -0.9541
vn 0.0812 -0.2878 -0.9542
vn 0.0816 -0.2896 -0.9537
vn 0.0827 -0.1817 -0.9799
vn 0.6402 0.1825 0.7462
vn 0.7160 0.6544 -0.2431
vn -0.2679 -0.0462 0.9623
vn -0.2679 -0.0462 0.9624
vn -0.8599 -0.5075 -0.0542
vn -0.8656 -0.3201 -0.3850
vn -0.9019 -0.3124 -0.2984
vn 0.6474 0.4077 0.6439
vn -0.0839 0.1288 0.9881
vn -0.4680 0.0597 -0.8817
vn 0.1385 -0.8442 -0.5178
vn 0.4590 0.6652 -0.5889
vn 0.8682 0.2991 0.3959
vn -0.7742 -0.5609 0.2934
vn 0.1218 0.0513 0.9912
vn 0.3333 -0.5894 0.7359
vn -0.6203 -0.5944 -0.5118
vn 0.5741 -0.2016 0.7936
vn -0.8500 -0.3306 0.4100
vn 0.4150 0.4361 0.7985
vn -0.9184 0.0917 -0.3848
vn 0.4584 0.3031 -0.8355
vn 0.5277 -0.0006 -0.8494
vn -0.9733 0.0664 0.2197
vn -0.6109 -0.1095 -0.7841
vn -0.6130 -0.1083 -0.7826
vn -0.5771 0.3049 -0.7576
vn 0.2954 0.4095 0.8632
vn -0.9714 -0.0808 0.2234
vn -0.9712 -0.0798 0.2243
vn 0.8917 0.3043 0.3349
vn 0.1805 -0.9822 -0.0526
vn -0.4711 -0.5972 -0.6492
vn 0.8558 0.2501 -0.4528
vn 0.8563 0.2482 -0.4530
vn 0.8547 0.2490 -0.4555
vn -0.8198 -0.2546 -0.5129
vn 0.9294 0.0306 -0.3678
vn 0.3862 0.7400 -0.5507
vn 0.3876 0.7411 -0.5482
vn 0.3958 -0.1634 -0.9037
vn 0.3979 -0.1648 -0.9025
vn 0.2305 0.2070 0.9508
vn -0.9920 0.1060 -0.0682
vn -0.9289 -0.2806 -0.2416
vn 0.5759 0.5111 0.6381
vn 0.5761 0.5112 0.6378
vn 0.5767 0.5107 0.6376
vn -0.1696 -0.8110 0.5599
vn -0.4692 -0.8605 0.1983
vn -0.6163 -0.4801 0.6242
vn 0.5976 -0.4774 -0.6442
vn -0.9027 -0.4233 -0.0771
vn 0.8679 0.1978 -0.4557
vn -0.8627 -0.3487 0.3663
vn -0.8625 -0.3471 0.3684
vn -0.4302 0.0108 0.9027
vn -0.4311 0.0098 0.9022
vn 0.7274 0.3584 0.5852
vn 0.2899 0.6004 0.7453
vn -0.3921 0.2352 0.8893
vn 0.0353 0.2399 0.9702
vn 0.4258 0.4146 0.8043
vn 0.1419 0.3021 0.9426
vn -0.1989 0.2433 0.9493
vn -0.9699 -0.2154 0.1133
vn 0.0647 -0.2730 -0.9598
vn 0.0659 -0.2720 -0.9600
vn -0.1006 -0.5900 0.8011
vn 0.0938 -0.0959 0.9910
vn 0.4450 0.8778 0.1770
vn 0.2340 -0.2191 0.9472
vn 0.0589 -0.4901 -0.8697
vn -0.9980 -0.0539 -0.0324
vn 0.1358 -0.6251 -0.7687
vn 0.1349 -0.6251 -0.7688
vn 0.1356 -0.6240 -0.7696
vn 0.3818 0.0879 -0.9201
vn 0.3825 0.0866 -0.9199
vn 0.4239 -0.7033 -0.5707
vn 0.4229 -0.7026 -0.5723
vn 0.9158 -0.0431 0.3992
vn -0.8116 -0.4244 0.4016
vn -0.7899 0.1579 -0.5926
vn 0.2658 0.3680 -0.8910
vn 0.2661 0.3681 -0.8909
vn 0.1815 0.2259 0.9571
vn -0.7341 0.4401 0.5171
vn -0.9472 0.2804 -0.1556
vn -0.3976 0.1446 -0.9061
vn -0.2451 0.3219 -0.9145
vn -0.7829 -0.3479 0.5157
vn 0.3973 0.4410 -0.8048
vn 0.0630 0.0585 -0.9963
vn 0.1907 -0.3923 -0.8998
vn 0.1921 -0.3929 -0.8993
vn 0.1910 -0.3929 -0.8995
vn -0.5094 0.2701 -0.8171
vn -0.2843 -0.2258 -0.9318
vn 0.5001 -0.7661 0.4036
vn 0.5002 -0.7661 0.4035
vn 0.1680 0.2463 0.9545
vn 0.1690 0.2467 0.9543
vn -0.2010 -0.3663 -0.9085
vn 0.2610 0.3789 0.8879
vn 0.2613 0.3792 0.8877
vn 0.2749 0.3082 0.9107
vn 0.9587 -0.1427 0.2460
vn -0.1041 0.9719 -0.2111
vn -0.5715 -0.7093 0.4127
vn -0.7733 0.4353 0.4610
vn -0.6998 -0.2059 -0.6840
vn -0.0993 -0.0682 -0.9927
vn -0.0995 -0.0663 -0.9928
vn 0.8881 0.2949 -0.3524
vn -0.5444 -0.7937 0.2714
vn -0.4285 0.0465 -0.9024
vn -0.4273 0.0466 -0.9029
vn 0.9905 0.1330 0.0342
vn -0.0137 0.4922 0.8704
vn -0.3571 0.3423 -0.8691
vn 0.3260 -0.9426 -0.0721
vn 0.3261 -0.9426 -0.0721
vn -0.6264 -0.7692 0.1261
vn 0.9408 0.3313 -0.0713
vn -0.2411 -0.6485 -0.7221
vn 0.5093 -0.0235 -0.8603
vn 0.0167 0.3849 0.9228
vn 0.1513 0.1080 0.9826
vn 0.3684 -0.4146 -0.8321
vn 0.0100 -0.9991 -0.0421
vn 0.0094 -0.9991 -0.0405
vn 0.1983 0.2881 -0.9368
vn 0.6137 -0.7234 -0.3163
vn -0.2603 -0.6893 0.6761
vn 0.3084 0.5187 0.7973
vn 0.9433 0.1900 0.2723
vn 0.9438 0.1876 0.2720
vn -0.2942 0.2643 -0.9185
vn -0.1958 -0.4147 -0.8887
vn 0.7029 0.1274 -0.6998
vn 0.7015 0.1277 -0.7011
vn -0.4688 0.8500 0.2401
vn 0.6236 0.4617 -0.6308
vn 0.6228 0.4628 -0.6308
vn 0.5379 0.4618 -0.7053
vn 0.4274 0.9012 -0.0719
vn 0.4674 0.6779 -0.5674
vn 0.5170 -0.5928 0.6175
vn -0.0144 0.9980 0.0617
vn 0.5587 -0.3509 0.7515
vn -0.0353 -0.9993 -0.0139
vn -0.0371 -0.9992 -0.0131
vn -0.8543 0.4388 0.2787
vn -0.8547 0.4389 0.2773
vn 0.6399 0.5837 0.4999
vn -0.0686 -0.6606 0.7476
vn 0.9349 -0.0926 -0.3427
vn -0.4751 -0.8430 -0.2521
vn 0.4452 -0.5435 -0.7116
vn 0.1839 -0.1732 0.9676
vn 0.6716 0.7146 -0.1958
vn -0.4711 -0.5518 -0.6882
vn 0.2977 0.8374 0.4584
vn -0.0748 0.3118 0.9472
vn 0.8544 0.0299 0.5187
vn -0.6506 -0.4489 0.6126
vn -0.8696 -0.2871 0.4018
vn -0.8690 -0.2877 0.4026
vn -0.3765 -0.2785 -0.8836
vn -0.3767 -0.2785 -0.8835
vn 0.1582 -0.1617 -0.9741
vn 0.9233 0.1998 -0.3281
vn 0.0350 0.1227 -0.9918
vn 0.5224 0.3532 -0.7761
vn 0.5652 0.3034 -0.7672
vn 0.4032 0.7162 0.5696
vn 0.4047 0.7162 0.5686
vn 0.8147 0.4452 0.3716
vn -0.4830 -0.3213 0.8145
vn -0.6119 0.7777 -0.1442
vn 0.7437 0.4461 -0.4979
vn -0.6592 0.2687 0.7023
vn 0.9224 0.0129 -0.3859
vn -0.2633 -0.6429 0.7192
vn 0.5781 0.2606 0.7732
vn -0.9924 -0.0999 -0.0722
vn 0.0267 0.9288 -0.3697
vn -0.5548 -0.1714 -0.8142
vn -0.5560 -0.1713 -0.8133
vn 0.6451 0.4722 -0.6007
vn -0.1823 0.8927 0.4121
vn -0.5978 0.2463 -0.7628
vn -0.2712 0.3567 -0.8940
vn -0.9922 -0.0501 -0.1138
vn 0.7171 0.4273 -0.5507
vn -0.2365 0.8894 -0.3913
vn -0.2373 0.8886 -0.3925
vn -0.6173 0.3717 -0.6933
vn -0.6076 0.0685 -0.7913
vn -0.2319 0.2709 -0.9343
vn -0.1333 0.1442 -0.9805
vn 0.3837 0.7776 0.4982
vn -0.2015 -0.6701 -0.7144
vn -0.1849 0.8997 0.3954
vn -0.1872 0.9000 0.3937
vn 0.0123 0.0375 0.9992
vn 0.1004 -0.3241 -0.9407
vn -0.0689 -0.9912 0.1133
vn -0.0684 -0.9913 0.1124
vn -0.4977 -0.8672 0.0165
vn 0.8815 0.3639 -0.3010
vn -0.5348 -0.0728 0.8418
vn -0.3748 -0.4646 -0.8023
vn -0.0120 -0.4928 0.8701
vn -0.3754 -0.1965 -0.9058
vn -0.3743 -0.1968 -0.9062
vn -0.3742 -0.1969 -0.9062
vn 0.6749 0.1368 -0.7251
vn 0.8813 0.1146 -0.4584
vn 0.0989 0.0107 -0.9950
vn -0.1557 -0.0486 -0.9866
vn 0.1599 -0.6939 -0.7021
vn 0.1606 -0.6934 -0.7024
vn 0.3999 -0.0520 0.9151
vn 0.4000 -0.0520 0.9151
vn 0.3448 0.1571 -0.9254
vn -0.0677 -0.1765 0.9820
vn -0.0670 -0.1778 0.9818
vn -0.0671 -0.1749 0.9823
vn -0.0149 0.5517 0.8339
vn 0.5891 -0.1514 -0.7937
vn -0.8511 -0.3632 -0.3791
vn 0.4293 0.5733 0.6979
vn 0.4285 0.5729 0.6987
vn -0.4879 -0.3289 0.8086
vn 0.1379 -0.9364 0.3227
vn 0.1393 -0.9363 0.3223
vn 0.7937 0.1007 0.5999
vn 0.1720 -0.1116 -0.9787
vn 0.2124 -0.2458 -0.9458
vn 0.5082 0.8588 0.0652
vn -0.3105 -0.1991 0.9295
vn 0.8732 0.4056 -0.2701
vn 0.3164 0.4402 0.8403
vn 0.7862 0.1506 -0.5994
vn 0.9019 -0.1987 -0.3836
vn 0.7092 0.3714 0.5993
vn 0.7103 0.3729 0.5970
vn 0.7103 0.3730 0.5969
vn 0.6625 -0.7401 -0.1155
vn -0.4436 0.3893 -0.8072
vn 0.0668 -0.9961 -0.0572
vn 0.5143 -0.6534 -0.5555
vn 0.0732 -0.3157 -0.9460
vn 0.8852 0.4638 0.0345
vn 0.0929 0.9954 -0.0217
vn 0.0913 0.9955 -0.0246
vn 0.0917 0.9955 -0.0230
vn -0.5437 -0.0539 -0.8375
vn -0.8460 -0.2043 0.4925
vn -0.4794 -0.2306 0.8468
vn -0.8264 -0.4735 0.3046
vn -0.4656 0.1134 -0.8777
vn -0.1199 0.9839 -0.1323
vn 0.4709 0.5392 0.6982
vn 0.0162 -0.2124 -0.9770
vn 0.3242 -0.5674 -0.7569
vn 0.7181 -0.0748 -0.6919
vn 0.7203 -0.0744 -0.6897
vn -0.0011 0.1696 0.9855
vn -0.3060 0.6245 0.7186
vn 0.9259 0.0307 -0.3765
vn 0.9954 0.0812 0.0502
vn 0.1078 -0.9930 0.0478
vn -0.8196 -0.5701 0.0565
vn -0.1911 0.1211 0.9741
vn -0.9018 -0.0824 0.4243
vn -0.9015 -0.0830 0.4248
vn 0.0369 -0.1814 0.9827
vn 0.8847 -0.0282 0.4653
vn 0.4789 -0.1126 -0.8706
vn 0.6723 0.6002 0.4333
vn -0.0449 -0.2109 -0.9765
vn -0.6217 0.0890 -0.7782
vn -0.6192 0.0895 -0.7801
vn 0.2693 0.3220 0.9076
vn 0.2720 0.3227 0.9066
vn -0.8925 0.1577 0.4225
vn -0.9931 0.1172 0.0068
vn -0.9931 0.1173 0.0068
vn -0.0284 -0.1809 -0.9831
vn -0.0284 -0.1813 -0.9830
vn 0.6498 0.1560 -0.7439
vn -0.5716 -0.1354 0.8093
vn -0.9423 -0.3219 -0.0919
vn 0.5137 -0.6234 0.5895
vn -0.2873 -0.9327 -0.2180
vn -0.2876 -0.9330 -0.2164
vn -0.6460 -0.7633 -0.0025
vn 0.9325 -0.2306 -0.2779
vn 0.5514 0.6983 0.4564
vn 0.2703 -0.1951 -0.9428
vn -0.0247 0.0658 -0.9975
vn 0.4374 0.2971 0.8487
vn 0.4367 0.2965 0.8493
vn 0.9365 -0.3501 0.0195
vn -0.2222 -0.1380 -0.9652
vn 0.7472 0.6300 0.2117
vn 0.7464 0.6310 0.2113
vn 0.9821 0.0533 0.1807
vn 0.9823 0.0526 0.1796
vn 0.0946 0.9791 -0.1800
vn -0.4500 -0.2049 0.8692
vn -0.4487 -0.2057 0.8697
vn -0.4206 -0.3073 0.8536
vn -0.2607 -0.0434 0.9644
vn -0.4804 -0.7993 0.3611
vn -0.4804 -0.7992 0.3612
vn -0.4096 -0.9088 0.0790
vn 0.3055 -0.1077 0.9461
vn -0.3700 -0.2837 0.8846
vn 0.7175 -0.6966 0.0038
vn 0.5411 0.3947 0.7425
vn 0.5400 0.3961 0.7427
vn 0.7340 0.1345 0.6657
vn -0.3620 -0.8711 -0.3320
vn -0.2519 -0.9669 -0.0393
vn 0.0677 -0.2005 -0.9773
vn 0.2825 -0.1366 -0.9495
vn 0.2840 -0.1361 -0.9491
vn -0.0055 -0.5608 -0.8279
vn -0.0071 -0.5607 -0.8280
vn -0.8983 0.1592 -0.4095
vn -0.0911 0.0341 -0.9953
vn 0.8476 0.2670 -0.4586
vn 0.8478 0.2685 -0.4573
vn 0.9484 0.0392 0.3147
vn 0.5376 0.2564 -0.8033
vn 0.5387 0.2557 -0.8028
vn 0.2999 -0.1891 -0.9350
vn 0.2985 -0.1894 -0.9354
vn 0.5526 0.3742 0.7447
vn -0.8282 -0.1581 0.5376
vn -0.7300 -0.3004 0.6138
vn 0.6116 -0.5832 0.5346
vn 0.6130 -0.5829 0.5333
vn -0.7471 -0.5860 0.3138
vn 0.5470 -0.4923 -0.6771
vn 0.5488 -0.4922 -0.6757
vn 0.6721 0.5489 0.4969
vn 0.6719 0.5493 0.4968
vn 0.6720 0.5491 0.4970
vn 0.4907 -0.5749 -0.6547
vn -0.0193 -0.3595 -0.9330
vn -0.9621 0.1133 0.2480
vn 0.7777 0.4205 -0.4673
vn 0.4999 0.1967 -0.8435
vn 0.6098 0.3258 0.7224
vn -0.1327 -0.8036 0.5802
vn -0.5545 -0.3049 0.7743
vn -0.6454 -0.4136 0.6422
vn -0.7371 -0.3369 0.5858
vn -0.9138 -0.2690 0.3045
vn -0.3610 -0.9167 0.1716
vn -0.8948 0.0719 -0.4407
vn -0.5777 0.1224 -0.8070
vn -0.4265 -0.3537 -0.8325
vn -0.4264 -0.3537 -0.8325
vn 0.6127 0.2721 -0.7420
vn -0.9843 0.1013 -0.1446
vn 0.6353 -0.0942 0.7665
vn -0.0720 0.2024 0.9767
vn -0.9663 0.2544 0.0397
vn -0.5292 -0.5311 0.6617
vn -0.4087 -0.6537 0.6368
vn 0.6521 0.4230 -0.6292
vn 0.6862 0.4765 0.5496
vn 0.3469 0.4694 0.8120
vn -0.0163 0.3969 0.9177
vn -0.0165 0.3965 0.9179
vn -0.7959 -0.1810 0.5777
vn -0.9773 -0.1350 -0.1633
vn -0.6133 0.0206 -0.7896
vn 0.3966 -0.6808 0.6158
vn -0.9333 -0.1566 -0.3233
vn 0.5767 -0.1589 0.8014
vn 0.4273 0.3733 0.8234
vn -0.2862 -0.1576 -0.9451
vn -0.0990 0.2672 0.9585
vn -0.0974 0.2670 0.9587
vn -0.7732 0.1944 0.6037
vn -0.5266 0.0119 -0.8500
vn -0.6907 -0.3262 0.6455
vn -0.5312 -0.7156 0.4537
vn 0.1233 -0.9616 -0.2452
vn -0.0716 0.5507 0.8317
vn -0.0727 0.5519 0.8307
vn -0.0728 0.5509 0.8314
vn -0.2866 0.1503 -0.9462
vn -0.2864 0.1503 -0.9463
vn -0.9946 -0.0983 0.0339
vn -0.1607 -0.1432 0.9766
vn 0.4150 0.5008 0.7596
vn -0.4916 -0.4045 0.7712
vn -0.5556 -0.7722 0.3083
vn 0.4307 0.2522 0.8665
vn 0.0733 0.1710 0.9825
vn -0.9878 -0.0995 -0.1201
vn -0.8600 -0.0353 0.5091
vn -0.0943 -0.8061 -0.5842
vn -0.0941 -0.8068 -0.5833
vn -0.0949 -0.8061 -0.5841
vn 0.1328 -0.2257 -0.9651
vn 0.9342 0.1264 -0.3336
vn 0.9520 0.0680 0.2984
vn 0.8465 0.1885 0.4980
vn 0.1491 -0.2065 0.9670
vn 0.8443 0.3983 0.3584
vn -0.1083 -0.8967 0.4291
vn -0.4302 0.4589 0.7774
vn 0.5242 0.8321 -0.1811
vn -0.5431 -0.4427 -0.7135
vn -0.1807 -0.5193 0.8353
vn -0.0701 0.0519 -0.9962
vn 0.4649 -0.5124 -0.7220
vn 0.4649 -0.5124 -0.7221
vn -0.5384 -0.5354 -0.6507
vn 0.1331 -0.7053 -0.6963
vn 0.2888 0.5397 -0.7907
vn -0.2625 -0.0951 -0.9602
vn 0.2578 0.0147 -0.9661
vn -0.0545 -0.9985 -0.0044
vn -0.5559 -0.4454 -0.7019
vn -0.1206 -0.2914 -0.9490
vn -0.1206 -0.2903 -0.9493
vn -0.1209 -0.2901 -0.9493
vn -0.1235 0.2833 0.9510
vn 0.0999 -0.6155 -0.7818
vn 0.5666 0.0171 0.8238
vn -0.7701 -0.3539 0.5308
vn -0.2115 0.2739 -0.9382
vn -0.4577 -0.1425 0.8776
vn -0.9910 0.0885 0.1008
vn -0.1374 0.7603 0.6349
vn -0.0810 -0.0248 -0.9964
vn -0.3096 -0.1526 -0.9386
vn 0.1162 -0.6978 0.7068
vn 0.5198 -0.1585 -0.8395
vn 0.7259 0.3236 0.6069
vn -0.8128 -0.1824 0.5532
vn -0.4864 -0.4420 0.7537
vn -0.4525 -0.8216 -0.3467
vn -0.5730 0.3240 -0.7528
vn 0.4709 0.1436 -0.8704
vn -0.0484 0.8583 0.5109
vn 0.2518 0.0707 0.9652
vn -0.7118 -0.3293 0.6204
vn 0.7354 0.3942 -0.5512
vn -0.7979 0.0895 -0.5960
vn -0.2605 0.5681 -0.7806
vn -0.7049 -0.0066 0.7092
vn 0.9363 0.2871 -0.2022
vn 0.8629 0.3219 -0.3896
vn -0.1268 -0.9377 -0.3236
vn 0.3254 0.8056 0.4951
vn 0.3249 0.8062 0.4944
vn -0.2837 0.3087 0.9079
vn -0.2825 0.3093 0.9081
vn -0.2738 -0.2117 0.9382
vn -0.2973 -0.2131 -0.9307
vn 0.8089 0.1326 -0.5728
vn -0.2328 -0.7634 0.6026
vn -0.6703 0.6491 -0.3597
vn -0.6704 0.6490 -0.3596
vn -0.2270 -0.8001 -0.5553
vn -0.4270 0.2487 -0.8694
vn -0.2523 0.3285 -0.9102
vn 0.1444 0.2224 0.9642
vn 0.6080 0.7889 0.0893
vn -0.8286 -0.3143 0.4632
vn 0.7679 0.2608 -0.5851
vn 0.2657 0.4547 0.8501
vn -0.6683 0.6041 -0.4341
vn -0.5493 -0.8010 -0.2380
vn -0.7833 -0.3427 0.5186
vn -0.0372 -0.4689 0.8825
vn 0.1595 0.4521 0.8776
vn 0.9006 -0.4346 0.0027
vn 0.2741 0.3951 -0.8768
vn 0.8540 0.5112 0.0965
vn 0.8402 0.2304 0.4909
vn -0.9211 -0.2133 -0.3256
vn 0.4801 0.4120 0.7745
vn -0.2764 -0.1448 0.9501
vn 0.1911 -0.3936 0.8992
vn -0.7929 0.0001 0.6094
vn -0.5586 -0.1487 -0.8160
vn -0.6966 0.2375 0.6770
vn 0.8916 -0.2919 0.3462
vn -0.0985 0.6387 0.7632
vn 0.8649 -0.3045 0.3990
vn 0.1376 0.9853 -0.1011
vn 0.5204 0.6763 0.5213
vn 0.3929 -0.6899 -0.6080
vn 0.2112 0.9604 -0.1815
vn 0.8093 0.3575 -0.4661
vn 0.9421 0.1435 0.3032
vn -0.8103 0.4271 0.4011
vn 0.2500 0.7628 -0.5964
vn 0.5940 0.1807 -0.7839
vn -0.9905 0.1340 -0.0319
vn -0.3031 -0.4954 -0.8141
vn 0.4470 0.1800 -0.8762
vn 0.7730 0.3115 -0.5527
vn -0.2081 -0.1543 -0.9659
vn -0.8312 -0.0190 -0.5556
vn 0.1996 0.4101 -0.8899
vn 0.1986 0.4103 -0.8901
vn 0.2542 0.0404 0.9663
vn -0.5442 -0.7137 0.4410
vn 0.8448 -0.4811 0.2342
vn 0.6005 -0.7594 -0.2502
vn -0.5482 -0.1634 -0.8202
vn 0.4786 -0.2004 0.8549
vn 0.0304 -0.9415 -0.3358
vn -0.5251 -0.4258 -0.7369
vn -0.1151 -0.3198 -0.9405
vn -0.4351 0.1444 -0.8887
vn 0.9814 0.0686 0.1794
vn 0.8159 0.1342 -0.5625
vn -0.7523 -0.3712 0.5443
vn 0.5271 0.0839 0.8456
vn -0.4354 0.5110 0.7411
vn -0.6263 0.6555 0.4220
vn -0.8605 -0.4037 0.3108
vn 0.0030 0.1620 0.9868
vn -0.6425 -0.6826 -0.3482
vn 0.2478 -0.3025 -0.9204
vn 0.3121 -0.1197 -0.9425
vn -0.5433 -0.4856 -0.6849
vn -0.0822 0.2279 0.9702
vt 0.964616 0.768193
vt 0.977112 0.803114
vt 0.954734 0.768639
vt 0.354727 0.502229
vt 0.359996 0.493118
vt 0.355270 0.516439
vt 0.608035 0.182879
vt 0.612358 0.207065
vt 0.605528 0.194317
vt 0.589744 0.817567
vt 0.582424 0.786474
vt 0.595472 0.814960
vt 0.557370 0.832737
vt 0.569553 0.850169
vt 0.560651 0.855635
vt 0.132496 0.538523
vt 0.123080 0.576029
vt 0.126033 0.534248
vt 0.615600 0.151170
vt 0.648957 0.123251
vt 0.620440 0.158092
vt 0.472034 0.854029
vt 0.491076 0.858465
vt 0.459848 0.865049
vt 0.677482 0.176919
vt 0.696379 0.176107
vt 0.692039 0.190224
vt 0.643771 0.164858
vt 0.659006 0.162316
vt 0.650409 0.169649
vt 0.669474 0.199957
vt 0.661830 0.185809
vt 0.704820 0.152321
vt 0.699792 0.168719
vt 0.698225 0.171918
vt 0.686352 0.163446
vt 0.731377 0.194521
vt 0.715543 0.192857
vt 0.730235 0.182233
vt 0.696927 0.145889
vt 0.713744 0.156283
vt 0.702797 0.190704
vt 0.689096 0.116441
vt 0.684558 0.123236
vt 0.683767 0.114517
vt 0.496959 0.895970
vt 0.508411 0.891173
vt 0.505795 0.892952
vt 0.637768 0.165595
vt 0.663884 0.138121
vt 0.659017 0.156301
vt 0.667779 0.122820
vt 0.548063 0.857727
vt 0.553770 0.864618
vt 0.529194 0.889641
vt 0.510468 0.888155
vt 0.493441 0.896013
vt 0.516699 0.906054
vt 0.515065 0.917460
vt 0.495525 0.911789
vt 0.647956 0.888252
vt 0.645511 0.898667
vt 0.631873 0.887240
vt 0.309258 0.603013
vt 0.296753 0.609573
vt 0.300318 0.574492
vt 0.068401 0.579531
vt 0.070657 0.597661
vt 0.062632 0.597809
vt 0.199399 0.672979
vt 0.213896 0.680196
vt 0.191330 0.698513
vt 0.039705 0.738320
vt 0.065129 0.728263
vt 0.049276 0.738931
vt 0.266114 0.481697
vt 0.266534 0.472603
vt 0.277486 0.477912
vt 0.258105 0.575501
vt 0.269843 0.576085
vt 0.258425 0.593550
vt 0.313832 0.577169
vt 0.301595 0.569789
vt 0.306682 0.560248
vt 0.156413 0.494774
vt 0.153262 0.510496
vt 0.152729 0.476728
vt 0.937963 0.860637
vt 0.935254 0.771956
vt 0.959247 0.846601
vt 0.698146 0.911691
vt 0.700455 0.915756
vt 0.694379 0.913486
vt 0.019816 0.165602
vt 0.027308 0.165404
vt 0.014346 0.181540
vt 0.058005 0.761109
vt 0.055126 0.752354
vt 0.063589 0.736807
vt 0.254505 0.827749
vt 0.257891 0.831528
vt 0.261087 0.850127
vt 0.714015 0.147260
vt 0.714986 0.137938
vt 0.123513 0.755259
vt 0.125876 0.762953
vt 0.105862 0.760087
vt 0.207828 0.776816
vt 0.209939 0.765526
vt 0.228634 0.772387
vt 0.340683 0.773189
vt 0.348293 0.774674
vt 0.354902 0.783304
vt 0.405818 0.806121
vt 0.393116 0.812691
vt 0.390364 0.804248
vt 0.149969 0.716229
vt 0.165342 0.680452
vt 0.151154 0.735921
vt 0.192981 0.666460
vt 0.183245 0.665094
vt 0.185396 0.654975
vt 0.249788 0.509251
vt 0.251863 0.514147
vt 0.245983 0.521977
vt 0.197935 0.590071
vt 0.198874 0.577762
vt 0.214080 0.592141
vt 0.237179 0.637377
vt 0.244483 0.621193
vt 0.252180 0.630325
vt 0.301432 0.661260
vt 0.295322 0.659809
vt 0.303247 0.630295
vt 0.298033 0.462320
vt 0.294713 0.454566
vt 0.301914 0.455857
vt 0.284672 0.458058
vt 0.289224 0.458094
vt 0.279265 0.466160
vt 0.342086 0.466881
vt 0.348451 0.463359
vt 0.350132 0.497428
vt 0.122909 0.492865
vt 0.112982 0.494861
vt 0.106136 0.477063
vt 0.051490 0.167710
vt 0.045795 0.167546
vt 0.055941 0.154366
vt 0.272412 0.720913
vt 0.277145 0.713296
vt 0.287729 0.736713
vt 0.071161 0.713009
vt 0.056329 0.695293
vt 0.063039 0.694450
vt 0.082725 0.629301
vt 0.087582 0.616719
vt 0.086885 0.655749
vt 0.074478 0.673748
vt 0.067961 0.689769
vt 0.064944 0.690426
vt 0.491026 0.914719
vt 0.485700 0.916154
vt 0.490620 0.904220
vt 0.806378 0.887205
vt 0.787258 0.880568
vt 0.791626 0.868263
vt 0.736829 0.171092
vt 0.755342 0.184019
vt 0.833518 0.203398
vt 0.849579 0.199466
vt 0.834952 0.207700
vt 0.835633 0.175868
vt 0.824295 0.181321
vt 0.813603 0.172333
vt 0.734233 0.864684
vt 0.734973 0.876072
vt 0.711631 0.882196
vt 0.768727 0.216722
vt 0.787683 0.225226
vt 0.762942 0.229686
vt 0.408461 0.793997
vt 0.409806 0.802070
vt 0.859681 0.172480
vt 0.837190 0.165207
vt 0.818864 0.153385
vt 0.083643 0.692351
vt 0.079070 0.716395
vt 0.075667 0.689966
vt 0.103644 0.730259
vt 0.123000 0.728448
vt 0.118101 0.738412
vt 0.038270 0.785146
vt 0.023416 0.787973
vt 0.023431 0.773175
vt 0.847789 0.051510
vt 0.858760 0.049341
vt 0.848807 0.057840
vt 0.055031 0.588795
vt 0.045243 0.594492
vt 0.059464 0.559911
vt 0.350791 0.666318
vt 0.334080 0.664803
vt 0.332279 0.638126
vt 0.878216 0.030801
vt 0.872043 0.029674
vt 0.877110 0.020601
vt 0.452895 0.832417
vt 0.455901 0.820506
vt 0.465015 0.828740
vt 0.130168 0.786336
vt 0.104359 0.787029
vt 0.114396 0.783740
vt 0.066383 0.815552
vt 0.071601 0.810876
vt 0.080100 0.813704
vt 0.005707 0.763368
vt 0.011164 0.770135
vt 0.005419 0.770220
vt 0.831420 0.055808
vt 0.841203 0.061390
vt 0.830405 0.064243
vt 0.913070 0.777142
vt 0.916371 0.853198
vt 0.900283 0.795887
vt 0.215761 0.505404
vt 0.218586 0.487515
vt 0.226009 0.505841
vt 0.707384 0.104282
vt 0.701639 0.094816
vt 0.716338 0.082380
vt 0.401916 0.920435
vt 0.403018 0.929401
vt 0.395521 0.926818
vt 0.221725 0.587835
vt 0.210869 0.569032
vt 0.212938 0.543600
vt 0.216749 0.644497
vt 0.235205 0.615241
vt 0.456767 0.854236
vt 0.417636 0.847841
vt 0.434855 0.854975
vt 0.407813 0.854381
vt 0.079906 0.523673
vt 0.091148 0.507258
vt 0.092463 0.518420
vt 0.094277 0.618850
vt 0.099472 0.608916
vt 0.097783 0.669487
vt 0.890517 0.040664
vt 0.885796 0.050058
vt 0.881436 0.037715
vt 0.206086 0.852950
vt 0.208172 0.838172
vt 0.217372 0.857034
vt 0.256617 0.549426
vt 0.247117 0.546901
vt 0.263199 0.523492
vt 0.231712 0.587863
vt 0.231920 0.599133
vt 0.223766 0.594260
vt 0.824345 0.109368
vt 0.836549 0.117707
vt 0.829940 0.118934
vt 0.090237 0.237143
vt 0.089268 0.222681
vt 0.096698 0.229176
vt 0.364078 0.666925
vt 0.357226 0.637076
vt 0.369105 0.654934
vt 0.577602 0.856318
vt 0.568380 0.861543
vt 0.046118 0.197855
vt 0.053031 0.189807
vt 0.056813 0.204794
vt 0.262395 0.865789
vt 0.260307 0.874730
vt 0.258082 0.855430
vt 0.143141 0.521636
vt 0.142263 0.496312
vt 0.145227 0.480071
vt 0.926429 0.813203
vt 0.918510 0.776076
vt 0.868763 0.114781
vt 0.870862 0.126568
vt 0.861431 0.123082
vt 0.068234 0.197742
vt 0.061097 0.198978
vt 0.060324 0.191931
vt 0.185068 0.704451
vt 0.180211 0.697111
vt 0.166796 0.761854
vt 0.153384 0.759113
vt 0.161102 0.750279
vt 0.702526 0.859369
vt 0.730158 0.855866
vt 0.706292 0.865240
vt 0.604848 0.855548
vt 0.631038 0.856673
vt 0.660909 0.877022
vt 0.288714 0.589203
vt 0.265944 0.615707
vt 0.273988 0.593962
vt 0.306494 0.549936
vt 0.143418 0.741515
vt 0.127253 0.747105
vt 0.138435 0.759831
vt 0.354455 0.641533
vt 0.360980 0.669463
vt 0.343876 0.622688
vt 0.335542 0.569923
vt 0.340200 0.578874
vt 0.337505 0.592373
vt 0.038531 0.801598
vt 0.045620 0.796975
vt 0.047200 0.808404
vt 0.209372 0.879430
vt 0.207994 0.874234
vt 0.220540 0.866778
vt 0.154604 0.768865
vt 0.164856 0.769452
vt 0.160968 0.778367
vt 0.191289 0.827156
vt 0.189930 0.846349
vt 0.186823 0.837055
vt 0.611017 0.865760
vt 0.589458 0.855225
vt 0.594291 0.862785
vt 0.581793 0.860763
vt 0.242478 0.472249
vt 0.237820 0.480006
vt 0.232625 0.479360
vt 0.237263 0.524729
vt 0.237557 0.493654
vt 0.095992 0.710809
vt 0.090544 0.709835
vt 0.094892 0.691520
vt 0.106453 0.639749
vt 0.106471 0.691280
vt 0.101933 0.662289
vt 0.855234 0.122198
vt 0.849862 0.112351
vt 0.856989 0.113073
vt 0.861271 0.058954
vt 0.205376 0.765666
vt 0.181543 0.769443
vt 0.194684 0.827543
vt 0.200063 0.833155
vt 0.706407 0.850276
vt 0.731763 0.843756
vt 0.735649 0.849009
vt 0.635111 0.201388
vt 0.655767 0.204142
vt 0.723406 0.121113
vt 0.721565 0.101717
vt 0.738345 0.100657
vt 0.701774 0.125743
vt 0.055529 0.125827
vt 0.020893 0.114633
vt 0.009126 0.121861
vt 0.017428 0.105183
vt 0.093299 0.809038
vt 0.096721 0.806046
vt 0.121991 0.803120
vt 0.159711 0.822302
vt 0.154693 0.811939
vt 0.171777 0.821130
vt 0.814502 0.205546
vt 0.815145 0.214705
vt 0.779711 0.208367
vt 0.789749 0.187388
vt 0.798128 0.176426
vt 0.807609 0.187158
vt 0.483930 0.881318
vt 0.512694 0.868444
vt 0.490786 0.888056
vt 0.477341 0.891804
vt 0.478229 0.900639
vt 0.465340 0.893923
vt 0.771747 0.104808
vt 0.781650 0.101069
vt 0.782308 0.107174
vt 0.014697 0.761829
vt 0.131302 0.473528
vt 0.120012 0.459014
vt 0.134315 0.470362
vt 0.332374 0.443387
vt 0.327062 0.450332
vt 0.323817 0.443331
vt 0.688341 0.150360
vt 0.686203 0.127810
vt 0.696011 0.138823
vt 0.085303 0.731300
vt 0.078186 0.747422
vt 0.067376 0.755377
vt 0.092285 0.781096
vt 0.106873 0.773202
vt 0.118820 0.770969
vt 0.285412 0.484518
vt 0.277070 0.493574
vt 0.267549 0.488339
vt 0.263046 0.541649
vt 0.270634 0.526856
vt 0.150583 0.606839
vt 0.151256 0.624536
vt 0.142191 0.638271
vt 0.187049 0.552742
vt 0.179457 0.565492
vt 0.169735 0.554189
vt 0.600075 0.141138
vt 0.538166 0.198851
vt 0.550556 0.181530
vt 0.591888 0.761356
vt 0.590966 0.791877
vt 0.587618 0.772870
vt 0.022975 0.181401
vt 0.021789 0.201317
vt 0.017205 0.190620
vt 0.264433 0.865171
vt 0.265606 0.877903
vt 0.292583 0.491660
vt 0.288728 0.503974
vt 0.282962 0.497273
vt 0.305304 0.497311
vt 0.310608 0.499667
vt 0.301459 0.503080
vt 0.189095 0.511535
vt 0.180273 0.521138
vt 0.179548 0.506222
vt 0.128238 0.580185
vt 0.136473 0.545819
vt 0.144922 0.554576
vt 0.051261 0.778855
vt 0.065394 0.761047
vt 0.058495 0.777751
vt 0.025169 0.769886
vt 0.043280 0.778243
vt 0.149926 0.815972
vt 0.147846 0.810834
vt 0.153503 0.808451
vt 0.151081 0.789730
vt 0.231176 0.736142
vt 0.217769 0.741215
vt 0.225194 0.709362
vt 0.258274 0.674953
vt 0.254824 0.642044
vt 0.260037 0.648865
vt 0.771214 0.099728
vt 0.700046 0.056452
vt 0.694665 0.049307
vt 0.700789 0.040593
vt 0.885215 0.111360
vt 0.878793 0.110128
vt 0.890024 0.103136
vt 0.860921 0.085655
vt 0.867514 0.085484
vt 0.859503 0.091742
vt 0.568868 0.717766
vt 0.572982 0.710914
vt 0.573652 0.718513
vt 0.554677 0.789253
vt 0.550832 0.790568
vt 0.562453 0.756037
vt 0.710519 0.168819
vt 0.704688 0.161183
vt 0.749247 0.174105
vt 0.747937 0.157811
vt 0.770593 0.172000
vt 0.795249 0.150311
vt 0.778538 0.142552
vt 0.789822 0.142702
vt 0.299527 0.467528
vt 0.312543 0.460196
vt 0.309904 0.466675
vt 0.318563 0.466982
vt 0.319220 0.450804
vt 0.498815 0.888278
vt 0.527670 0.874487
vt 0.450229 0.811630
vt 0.453735 0.816260
vt 0.446716 0.824583
vt 0.439679 0.807040
vt 0.284835 0.767450
vt 0.297520 0.776141
vt 0.285564 0.775356
vt 0.260613 0.794113
vt 0.273263 0.760392
vt 0.270914 0.777528
vt 0.195729 0.522083
vt 0.215090 0.511518
vt 0.225398 0.509041
vt 0.655235 0.221722
vt 0.700902 0.221874
vt 0.682229 0.227248
vt 0.713063 0.212989
vt 0.735252 0.210521
vt 0.724339 0.222680
vt 0.241795 0.708591
vt 0.266831 0.705403
vt 0.247455 0.741748
vt 0.254971 0.790950
vt 0.247181 0.771530
vt 0.263400 0.769373
vt 0.664309 0.900792
vt 0.653928 0.904647
vt 0.660573 0.892558
vt 0.337123 0.710747
vt 0.346987 0.705141
vt 0.341976 0.713939
vt 0.562587 0.824258
vt 0.574773 0.796388
vt 0.576092 0.834257
vt 0.567829 0.753041
vt 0.564969 0.736852
vt 0.574068 0.739620
vt 0.284170 0.760228
vt 0.292391 0.741838
vt 0.295015 0.755234
vt 0.322073 0.737729
vt 0.326632 0.737364
vt 0.322287 0.751949
vt 0.074849 0.732434
vt 0.080389 0.733244
vt 0.074854 0.717809
vt 0.083002 0.824766
vt 0.075083 0.829632
vt 0.060850 0.819558
vt 0.143413 0.821568
vt 0.141555 0.815717
vt 0.743883 0.193028
vt 0.795708 0.199190
vt 0.781469 0.191952
vt 0.821418 0.190118
vt 0.192161 0.881709
vt 0.189905 0.870564
vt 0.199735 0.877125
vt 0.182508 0.852612
vt 0.180708 0.845621
vt 0.839860 0.110719
vt 0.842598 0.093143
vt 0.848198 0.103191
vt 0.833219 0.090298
vt 0.834601 0.095782
vt 0.293724 0.691214
vt 0.284876 0.682263
vt 0.297789 0.674995
vt 0.340505 0.686739
vt 0.345430 0.700176
vt 0.331510 0.701816
vt 0.297364 0.480043
vt 0.300646 0.487037
vt 0.897834 0.839653
vt 0.891492 0.849856
vt 0.178093 0.492043
vt 0.185699 0.497235
vt 0.084626 0.726087
vt 0.107392 0.737412
vt 0.306436 0.757032
vt 0.319556 0.764630
vt 0.304850 0.761986
vt 0.329408 0.763647
vt 0.340083 0.472987
vt 0.347617 0.497389
vt 0.334530 0.476745
vt 0.317545 0.499899
vt 0.319680 0.489497
vt 0.620277 0.124574
vt 0.643583 0.107998
vt 0.607618 0.148750
vt 0.677879 0.088646
vt 0.677733 0.073897
vt 0.689520 0.065743
vt 0.177145 0.732366
vt 0.162503 0.730025
vt 0.170842 0.728085
vt 0.215495 0.750691
vt 0.225329 0.766404
vt 0.690614 0.868091
vt 0.668295 0.866619
vt 0.686165 0.851646
vt 0.668829 0.891594
vt 0.689244 0.875754
vt 0.675701 0.889591
vt 0.154553 0.552342
vt 0.151988 0.544589
vt 0.155882 0.569903
vt 0.156269 0.559006
vt 0.164636 0.577187
vt 0.495123 0.907161
vt 0.497615 0.902267
vt 0.499276 0.906074
vt 0.140613 0.389710
vt 0.146305 0.383417
vt 0.145217 0.410655
vt 0.115714 0.816620
vt 0.097491 0.814158
vt 0.122410 0.809463
vt 0.766600 0.011153
vt 0.765966 0.016050
vt 0.748010 0.015430
vt 0.372832 0.878649
vt 0.389905 0.892864
vt 0.369467 0.888595
vt 0.160163 0.527041
vt 0.179330 0.546283
vt 0.175853 0.535326
vt 0.187878 0.540379
vt 0.742734 0.083878
vt 0.784370 0.045758
vt 0.772104 0.048984
vt 0.792295 0.033790
vt 0.257289 0.692409
vt 0.266241 0.702556
vt 0.252880 0.698007
vt 0.237281 0.731390
vt 0.233868 0.696310
vt 0.238264 0.706399
vt 0.074955 0.214289
vt 0.084030 0.215905
vt 0.083300 0.224413
vt 0.063476 0.181132
vt 0.070019 0.171393
vt 0.073448 0.184523
vt 0.219543 0.655057
vt 0.207101 0.663918
vt 0.235184 0.689893
vt 0.247731 0.687541
vt 0.239725 0.694129
vt 0.719432 0.909926
vt 0.705893 0.903497
vt 0.751167 0.877640
vt 0.767047 0.881978
vt 0.756402 0.884884
vt 0.356079 0.568829
vt 0.364794 0.566930
vt 0.358485 0.572508
vt 0.351151 0.583819
vt 0.344564 0.591350
vt 0.345361 0.584302
vt 0.125757 0.386813
vt 0.123041 0.373353
vt 0.130039 0.359176
vt 0.115799 0.396168
vt 0.109643 0.400477
vt 0.117311 0.370762
vt 0.161640 0.405709
vt 0.151166 0.403965
vt 0.156052 0.376083
vt 0.178867 0.832573
vt 0.167594 0.830029
vt 0.363498 0.561811
vt 0.356057 0.563475
vt 0.367678 0.540125
vt 0.062752 0.587582
vt 0.067678 0.551395
vt 0.074979 0.546341
vt 0.277431 0.619384
vt 0.256656 0.633742
vt 0.272158 0.653994
vt 0.085400 0.180065
vt 0.093015 0.184187
vt 0.084495 0.193056
vt 0.879027 0.123963
vt 0.210616 0.621812
vt 0.196777 0.626902
vt 0.200058 0.609783
vt 0.210024 0.641265
vt 0.194460 0.788443
vt 0.185932 0.801948
vt 0.164568 0.795424
vt 0.174756 0.785339
vt 0.362728 0.882536
vt 0.364865 0.895067
vt 0.349850 0.895852
vt 0.780871 0.076486
vt 0.790146 0.062765
vt 0.785329 0.080102
vt 0.784438 0.134062
vt 0.750365 0.900148
vt 0.755643 0.909082
vt 0.745389 0.907838
vt 0.753945 0.093923
vt 0.765550 0.096345
vt 0.757126 0.103738
vt 0.768682 0.105223
vt 0.611870 0.178859
vt 0.600861 0.178122
vt 0.621590 0.168332
vt 0.639148 0.188346
vt 0.288365 0.666297
vt 0.262370 0.618220
vt 0.270113 0.631263
vt 0.080299 0.643999
vt 0.077297 0.658660
vt 0.061169 0.675862
vt 0.063683 0.629049
vt 0.056197 0.613647
vt 0.075715 0.615299
vt 0.113773 0.796244
vt 0.129799 0.791693
vt 0.136005 0.795034
vt 0.145616 0.799113
vt 0.154760 0.796175
vt 0.028618 0.181501
vt 0.035439 0.184919
vt 0.379293 0.807056
vt 0.388378 0.815090
vt 0.161604 0.600135
vt 0.172183 0.594575
vt 0.174382 0.607138
vt 0.187273 0.610102
vt 0.758596 0.930957
vt 0.747265 0.929739
vt 0.765993 0.911551
vt 0.363006 0.783391
vt 0.379957 0.789175
vt 0.371113 0.790153
vt 0.162463 0.591030
vt 0.139828 0.588216
vt 0.125969 0.607262
vt 0.145994 0.571947
vt 0.322903 0.476266
vt 0.299377 0.492772
vt 0.309534 0.480165
vt 0.328729 0.458362
vt 0.325129 0.464410
vt 0.072659 0.570718
vt 0.081469 0.572991
vt 0.077224 0.583397
vt 0.103389 0.568865
vt 0.096001 0.566516
vt 0.088941 0.550330
vt 0.453468 0.871838
vt 0.445180 0.865525
vt 0.449549 0.853277
vt 0.405792 0.879634
vt 0.429388 0.879753
vt 0.404126 0.886600
vt 0.225683 0.477761
vt 0.231128 0.491513
vt 0.448365 0.884443
vt 0.447608 0.873639
vt 0.468316 0.871721
vt 0.504935 0.869121
vt 0.476784 0.875661
vt 0.877636 0.064609
vt 0.888359 0.074953
vt 0.880511 0.076325
vt 0.868997 0.064914
vt 0.233527 0.512943
vt 0.244063 0.566417
vt 0.233905 0.541253
vt 0.242142 0.548380
vt 0.605132 0.870971
vt 0.348873 0.656486
vt 0.353824 0.656671
vt 0.113436 0.722911
vt 0.130841 0.661048
vt 0.145151 0.612559
vt 0.339655 0.885132
vt 0.745551 0.020387
vt 0.724733 0.024161
vt 0.092002 0.657809
vt 0.093210 0.679383
vt 0.172779 0.614981
vt 0.164139 0.622345
vt 0.164999 0.607211
vt 0.162150 0.670633
vt 0.152629 0.695358
vt 0.155183 0.656608
vt 0.242178 0.613367
vt 0.247642 0.621277
vt 0.240525 0.607078
vt 0.093270 0.830284
vt 0.095602 0.823151
vt 0.105126 0.827278
vt 0.080061 0.816270
vt 0.072927 0.820279
vt 0.360848 0.873701
vt 0.339252 0.881823
vt 0.358312 0.868766
vt 0.425447 0.862671
vt 0.402306 0.868071
vt 0.398025 0.858276
vt 0.259434 0.808293
vt 0.170748 0.645237
vt 0.159848 0.646427
vt 0.193064 0.629432
vt 0.188365 0.646485
vt 0.180430 0.635779
vt 0.725732 0.151085
vt 0.729863 0.140441
vt 0.745704 0.144250
vt 0.717664 0.147673
vt 0.134147 0.501328
vt 0.135558 0.518307
vt 0.139575 0.532057
vt 0.341219 0.591913
vt 0.337760 0.602167
vt 0.328330 0.592291
vt 0.330016 0.605200
vt 0.320615 0.594047
vt 0.034079 0.112954
vt 0.027183 0.116426
vt 0.030052 0.076203
vt 0.059355 0.093635
vt 0.061454 0.116586
vt 0.055579 0.102933
vt 0.023930 0.794086
vt 0.037525 0.794250
vt 0.103386 0.236466
vt 0.107024 0.245339
vt 0.097668 0.242196
vt 0.033800 0.165869
vt 0.042922 0.123791
vt 0.039866 0.168050
vt 0.036036 0.084662
vt 0.040638 0.107822
vt 0.664272 0.160595
vt 0.668533 0.165903
vt 0.507173 0.905382
vt 0.515645 0.904151
vt 0.255752 0.764977
vt 0.263627 0.743265
vt 0.268614 0.760322
vt 0.270098 0.737011
vt 0.275460 0.746923
vt 0.266980 0.717499
vt 0.766504 0.920781
vt 0.792689 0.905633
vt 0.779381 0.901635
vt 0.814543 0.898606
vt 0.138213 0.360283
vt 0.143614 0.358713
vt 0.158413 0.350810
vt 0.162437 0.378943
vt 0.151262 0.348642
vt 0.763975 0.931368
vt 0.268034 0.824630
vt 0.272437 0.848080
vt 0.264003 0.821596
vt 0.265590 0.812809
vt 0.261273 0.802110
vt 0.265230 0.795514
vt 0.281881 0.467869
vt 0.342009 0.646949
vt 0.318977 0.605664
vt 0.327336 0.607155
vt 0.026599 0.764423
vt 0.050701 0.754852
vt 0.040231 0.764915
vt 0.381123 0.939575
vt 0.397904 0.953124
vt 0.390046 0.953332
vt 0.558927 0.221926
vt 0.559754 0.211141
vt 0.586685 0.217149
vt 0.591596 0.152392
vt 0.581201 0.170339
vt 0.223129 0.531860
vt 0.230814 0.525219
vt 0.236870 0.559795
vt 0.390797 0.790868
vt 0.399592 0.794893
vt 0.384050 0.780300
vt 0.386734 0.791864
vt 0.600207 0.798769
vt 0.613097 0.815139
vt 0.637897 0.836328
vt 0.658550 0.831875
vt 0.778544 0.031243
vt 0.732844 0.034906
vt 0.124850 0.348386
vt 0.129409 0.349717
vt 0.170595 0.924245
vt 0.168084 0.906604
vt 0.177778 0.929926
vt 0.350505 0.806075
vt 0.343257 0.804417
vt 0.339574 0.794196
vt 0.217246 0.622781
vt 0.197770 0.648337
vt 0.092356 0.466095
vt 0.097211 0.453027
vt 0.107029 0.471771
vt 0.097683 0.474511
vt 0.254477 0.803199
vt 0.245309 0.787080
vt 0.235369 0.786919
vt 0.792283 0.153918
vt 0.793670 0.162388
vt 0.816856 0.162500
vt 0.837463 0.171801
vt 0.835847 0.897218
vt 0.848255 0.185160
vt 0.862776 0.181774
vt 0.862122 0.187703
vt 0.218062 0.807174
vt 0.232936 0.816454
vt 0.236603 0.824530
vt 0.217955 0.812995
vt 0.216536 0.819743
vt 0.166153 0.860648
vt 0.168277 0.868662
vt 0.151618 0.860971
vt 0.161280 0.882452
vt 0.147992 0.885713
vt 0.154949 0.870230
vt 0.872291 0.080589
vt 0.861754 0.080427
vt 0.870981 0.071992
vt 0.839232 0.076052
vt 0.828411 0.070482
vt 0.843089 0.070675
vt 0.335399 0.750642
vt 0.346558 0.762594
vt 0.329618 0.754936
vt 0.336193 0.747461
vt 0.326277 0.750672
vt 0.338207 0.744276
vt 0.364203 0.532587
vt 0.353542 0.548459
vt 0.355622 0.521996
vt 0.346613 0.515416
vt 0.345576 0.547371
vt 0.443089 0.854422
vt 0.646293 0.096488
vt 0.660837 0.083149
vt 0.853660 0.035151
vt 0.852505 0.045385
vt 0.846926 0.040623
vt 0.865402 0.025732
vt 0.862716 0.023389
vt 0.871534 0.014078
vt 0.046532 0.136530
vt 0.048989 0.061473
vt 0.051317 0.094829
vt 0.045033 0.108740
vt 0.150718 0.517681
vt 0.157736 0.522054
vt 0.126146 0.813939
vt 0.140225 0.804678
vt 0.149264 0.806264
vt 0.247726 0.831877
vt 0.237630 0.837457
vt 0.234026 0.829841
vt 0.225923 0.827709
vt 0.306465 0.917037
vt 0.318615 0.907205
vt 0.308829 0.929847
vt 0.804907 0.030783
vt 0.797558 0.046397
vt 0.792674 0.044088
vt 0.059408 0.215692
vt 0.066296 0.213590
vt 0.067361 0.223611
vt 0.225492 0.845866
vt 0.233635 0.853762
vt 0.056810 0.220167
vt 0.057221 0.236969
vt 0.049255 0.231005
vt 0.170538 0.902420
vt 0.180247 0.897051
vt 0.175573 0.880718
vt 0.363569 0.794311
vt 0.354645 0.801412
vt 0.336573 0.788880
vt 0.371261 0.814421
vt 0.376419 0.809654
vt 0.382831 0.820113
vt 0.240542 0.572531
vt 0.244704 0.597208
vt 0.255607 0.605579
vt 0.246750 0.592537
vt 0.252635 0.582158
vt 0.160724 0.906279
vt 0.146452 0.901489
vt 0.158035 0.893309
vt 0.163371 0.897067
vt 0.163230 0.891885
vt 0.167581 0.890493
vt 0.342118 0.780966
vt 0.321855 0.769493
vt 0.313925 0.773986
vt 0.306562 0.767963
vt 0.248367 0.614135
vt 0.169418 0.686628
vt 0.178110 0.659581
vt 0.183981 0.676248
vt 0.050641 0.643803
vt 0.045825 0.632633
vt 0.055510 0.632308
vt 0.172014 0.719259
vt 0.166547 0.720929
vt 0.168512 0.700491
vt 0.145466 0.773869
vt 0.149857 0.778146
vt 0.140219 0.752289
vt 0.146085 0.427350
vt 0.141898 0.448922
vt 0.138617 0.430724
vt 0.155148 0.434569
vt 0.150991 0.422521
vt 0.160971 0.420648
vt 0.131727 0.739432
vt 0.269020 0.547414
vt 0.273048 0.535832
vt 0.282806 0.527179
vt 0.291343 0.510240
vt 0.298024 0.497792
vt 0.229179 0.658406
vt 0.231170 0.650123
vt 0.235111 0.669597
vt 0.246361 0.678647
vt 0.228550 0.681069
vt 0.077010 0.539778
vt 0.082830 0.529226
vt 0.084925 0.565653
vt 0.078870 0.560268
vt 0.083406 0.547659
vt 0.651666 0.856706
vt 0.656068 0.863186
vt 0.687269 0.840967
vt 0.379575 0.931608
vt 0.365780 0.933466
vt 0.347505 0.926269
vt 0.387791 0.935942
vt 0.046547 0.216344
vt 0.822777 0.060264
vt 0.095867 0.733684
vt 0.090364 0.743582
vt 0.184694 0.762389
vt 0.171884 0.754485
vt 0.189957 0.735366
vt 0.184128 0.750020
vt 0.177272 0.748942
vt 0.169819 0.508484
vt 0.172036 0.515296
vt 0.279990 0.573458
vt 0.294529 0.559281
vt 0.271663 0.559674
vt 0.262577 0.563788
vt 0.279277 0.546024
vt 0.097641 0.213814
vt 0.896500 0.087420
vt 0.678101 0.150384
vt 0.679558 0.140778
vt 0.778788 0.128244
vt 0.771948 0.136829
vt 0.666264 0.085384
vt 0.672585 0.089444
vt 0.680489 0.093991
vt 0.651700 0.126051
vt 0.115021 0.703843
vt 0.105262 0.718181
vt 0.116754 0.687858
vt 0.129618 0.646298
vt 0.144059 0.603874
vt 0.118217 0.424255
vt 0.127096 0.438440
vt 0.116539 0.431050
vt 0.100130 0.752060
vt 0.079983 0.762062
vt 0.073607 0.758946
vt 0.066125 0.765604
vt 0.063975 0.775339
vt 0.111338 0.458654
vt 0.114805 0.456171
vt 0.119369 0.479168
vt 0.947503 0.770666
vt 0.293747 0.537659
vt 0.279845 0.554064
vt 0.297885 0.518594
vt 0.739284 0.849621
vt 0.751525 0.845415
vt 0.756155 0.848637
vt 0.766947 0.866851
vt 0.748590 0.861189
vt 0.765904 0.853677
vt 0.449054 0.910880
vt 0.459544 0.906974
vt 0.451657 0.919824
vt 0.405542 0.932930
vt 0.408147 0.920000
vt 0.413117 0.933873
vt 0.355174 0.685101
vt 0.354837 0.704358
vt 0.358902 0.677886
vt 0.357389 0.703182
vt 0.424820 0.895076
vt 0.413731 0.895695
vt 0.428695 0.903228
vt 0.057189 0.675014
vt 0.046825 0.676095
vt 0.052434 0.650751
vt 0.057515 0.660276
vt 0.060212 0.637211
vt 0.068899 0.636591
vt 0.879620 0.134242
vt 0.887878 0.125200
vt 0.874384 0.138572
vt 0.865977 0.141309
vt 0.872018 0.133286
vt 0.192070 0.486563
vt 0.189055 0.493414
vt 0.178628 0.485376
vt 0.213155 0.484359
vt 0.212953 0.495753
vt 0.207656 0.491452
vt 0.874789 0.119301
vt 0.867636 0.094478
vt 0.878116 0.093410
vt 0.139665 0.499595
vt 0.124567 0.471805
vt 0.080431 0.235295
vt 0.074307 0.233585
vt 0.064654 0.235282
vt 0.321752 0.509295
vt 0.312785 0.521243
vt 0.306758 0.518679
vt 0.146903 0.593331
vt 0.160103 0.589208
vt 0.042620 0.061739
vt 0.057310 0.061778
vt 0.053016 0.062271
vt 0.702925 0.848336
vt 0.705233 0.842289
vt 0.708950 0.226600
vt 0.076925 0.754055
vt 0.167665 0.401852
vt 0.168404 0.400738
vt 0.165836 0.403491
vt 0.161812 0.830342
vt 0.153509 0.823293
vt 0.203262 0.501068
vt 0.205375 0.510799
vt 0.867717 0.102179
vt 0.875372 0.105122
vt 0.853219 0.103092
vt 0.371701 0.775170
vt 0.365667 0.775276
vt 0.776076 0.149005
vt 0.775354 0.160916
vt 0.761186 0.157791
vt 0.760798 0.141435
vt 0.768953 0.145688
vt 0.750502 0.148707
vt 0.978562 0.829860
vt 0.268720 0.460473
vt 0.274391 0.468859
vt 0.264599 0.470389
vt 0.746535 0.091759
vt 0.749356 0.106583
vt 0.740843 0.119307
vt 0.010682 0.051486
vt 0.010858 0.043992
vt 0.018896 0.049729
vt 0.022124 0.088036
vt 0.805748 0.874450
vt 0.823768 0.868653
vt 0.827648 0.878676
vt 0.056696 0.786003
vt 0.087404 0.774589
vt 0.070413 0.787080
vt 0.050031 0.797261
vt 0.048643 0.809302
vt 0.533767 0.219847
vt 0.523115 0.229772
vt 0.505297 0.231509
vt 0.591433 0.732688
vt 0.581480 0.749573
vt 0.167515 0.533334
vt 0.165696 0.542464
vt 0.162107 0.528808
vt 0.163064 0.518612
vt 0.166833 0.526585
vt 0.641013 0.124628
vt 0.547286 0.210131
vt 0.546583 0.219332
vt 0.541383 0.211173
vt 0.173955 0.527475
vt 0.624486 0.198319
vt 0.616931 0.175576
vt 0.628935 0.193257
vt 0.821555 0.069948
vt 0.816292 0.071670
vt 0.402964 0.816045
vt 0.250624 0.805458
vt 0.251712 0.822981
vt 0.247410 0.816825
vt 0.766065 0.080679
vt 0.772509 0.076007
vt 0.774871 0.090696
vt 0.315580 0.721450
vt 0.313699 0.699688
vt 0.318926 0.706264
vt 0.318606 0.735240
vt 0.317723 0.753288
vt 0.311560 0.730231
vt 0.097509 0.726857
vt 0.092979 0.729474
vt 0.110847 0.717474
vt 0.195941 0.714397
vt 0.186179 0.716439
vt 0.549244 0.839215
vt 0.201070 0.820840
vt 0.206358 0.825499
vt 0.183024 0.806008
vt 0.193984 0.820757
vt 0.173710 0.804103
vt 0.230017 0.686084
vt 0.228618 0.705695
vt 0.224766 0.673839
vt 0.575065 0.763359
vt 0.575291 0.745884
vt 0.582139 0.761683
vt 0.296693 0.571433
vt 0.292332 0.595723
vt 0.145742 0.910242
vt 0.979145 0.846128
vt 0.246050 0.473521
vt 0.255892 0.469243
vt 0.255417 0.479300
vt 0.322450 0.521745
vt 0.330145 0.585807
vt 0.324708 0.532085
vt 0.332258 0.565669
vt 0.256976 0.564932
vt 0.247458 0.568178
vt 0.246319 0.560060
vt 0.282749 0.533714
vt 0.330811 0.773527
vt 0.325830 0.783653
vt 0.333058 0.796440
vt 0.321295 0.789376
vt 0.341070 0.750955
vt 0.357883 0.760892
vt 0.055355 0.791202
vt 0.061406 0.794331
vt 0.114659 0.788918
vt 0.090803 0.798080
vt 0.102910 0.790032
vt 0.158768 0.552731
vt 0.165668 0.556602
vt 0.197781 0.812243
vt 0.209501 0.810111
vt 0.836556 0.041109
vt 0.840930 0.046584
vt 0.830682 0.049506
vt 0.842082 0.022612
vt 0.832814 0.027508
vt 0.847634 0.013063
vt 0.110225 0.413031
vt 0.109663 0.402650
vt 0.112656 0.403616
vt 0.108840 0.405560
vt 0.422247 0.796577
vt 0.420586 0.802771
vt 0.439129 0.819452
vt 0.421561 0.807509
vt 0.351871 0.509449
vt 0.336519 0.509536
vt 0.340423 0.531371
vt 0.333079 0.513365
vt 0.770787 0.857908
vt 0.780536 0.848801
vt 0.790716 0.858512
vt 0.327210 0.501254
vt 0.329830 0.492468
vt 0.336961 0.504393
vt 0.659344 0.905464
vt 0.351801 0.722356
vt 0.352847 0.714731
vt 0.358154 0.710243
vt 0.875954 0.083297
vt 0.883678 0.085015
vt 0.884580 0.091940
vt 0.168763 0.488318
vt 0.897785 0.810218
vt 0.899555 0.831954
vt 0.646288 0.195487
vt 0.632538 0.183858
vt 0.378275 0.642343
vt 0.388606 0.646172
vt 0.370780 0.619190
vt 0.580561 0.716722
vt 0.497254 0.239676
vt 0.095592 0.835667
vt 0.090231 0.835156
vt 0.076181 0.834536
vt 0.084199 0.831770
vt 0.291073 0.471256
vt 0.275863 0.472381
vt 0.518416 0.897772
vt 0.513613 0.894532
vt 0.517943 0.890304
vt 0.264289 0.506704
vt 0.256959 0.509429
vt 0.264163 0.494081
vt 0.249640 0.522699
vt 0.254487 0.522936
vt 0.394188 0.890720
vt 0.390524 0.879004
vt 0.412597 0.901568
vt 0.423900 0.913771
vt 0.407101 0.910261
vt 0.862621 0.149163
vt 0.852230 0.147618
vt 0.856770 0.140370
vt 0.845676 0.138471
vt 0.848505 0.129578
vt 0.108238 0.769582
vt 0.100958 0.766773
vt 0.066327 0.778603
vt 0.852558 0.151453
vt 0.834299 0.145971
vt 0.819718 0.126874
vt 0.835765 0.139013
vt 0.324393 0.620456
vt 0.311505 0.646842
vt 0.321521 0.642801
vt 0.313833 0.650644
vt 0.262389 0.448982
vt 0.261332 0.448942
vt 0.261629 0.446497
vt 0.266677 0.452416
vt 0.273649 0.459538
vt 0.571699 0.193582
vt 0.593180 0.172016
vt 0.573173 0.212864
vt 0.809449 0.031156
vt 0.802841 0.023324
vt 0.805069 0.016420
vt 0.792440 0.019779
vt 0.264214 0.853964
vt 0.267894 0.844089
vt 0.172153 0.583946
vt 0.174800 0.590446
vt 0.191145 0.576850
vt 0.102154 0.507782
vt 0.096481 0.526315
vt 0.267329 0.513476
vt 0.274355 0.510634
vt 0.482332 0.913886
vt 0.476093 0.906782
vt 0.486590 0.901267
vt 0.462777 0.924815
vt 0.134938 0.390678
vt 0.129622 0.393338
vt 0.134091 0.359743
vt 0.125674 0.402681
vt 0.131102 0.423562
vt 0.567564 0.791628
vt 0.563740 0.782744
vt 0.572481 0.774774
vt 0.555164 0.812553
vt 0.562232 0.803991
vt 0.177578 0.776143
vt 0.331822 0.620148
vt 0.332568 0.598540
vt 0.736108 0.120854
vt 0.311308 0.533864
vt 0.313553 0.542725
vt 0.323341 0.568240
vt 0.794748 0.894967
vt 0.776720 0.893570
vt 0.747973 0.913231
vt 0.139771 0.470164
vt 0.137167 0.456674
vt 0.145333 0.459237
vt 0.156054 0.467288
vt 0.150307 0.466448
vt 0.322969 0.917994
vt 0.341721 0.931615
vt 0.344679 0.610250
vt 0.340441 0.606722
vt 0.347180 0.602780
vt 0.361133 0.627796
vt 0.317542 0.682545
vt 0.322165 0.689337
vt 0.309667 0.695404
vt 0.328774 0.675239
vt 0.354485 0.676596
vt 0.337744 0.683742
vt 0.174980 0.576240
vt 0.182299 0.580651
vt 0.131604 0.712916
vt 0.120530 0.703505
vt 0.144744 0.676679
vt 0.081378 0.672248
vt 0.434652 0.922110
vt 0.437958 0.907663
vt 0.438973 0.923184
vt 0.416836 0.926192
vt 0.535013 0.781302
vt 0.531734 0.800695
vt 0.509100 0.818288
vt 0.556065 0.772986
vt 0.562119 0.743776
vt 0.154568 0.804718
vt 0.157555 0.790723
vt 0.842016 0.135059
vt 0.833137 0.126581
vt 0.842419 0.128417
vt 0.843086 0.148239
vt 0.204142 0.481387
vt 0.212318 0.473644
vt 0.217421 0.477605
vt 0.222929 0.466943
vt 0.225276 0.694538
vt 0.222202 0.687104
vt 0.159379 0.503431
vt 0.161969 0.512864
vt 0.215600 0.718964
vt 0.200133 0.757387
vt 0.207211 0.737145
vt 0.712561 0.208981
vt 0.722479 0.200462
vt 0.362507 0.571915
vt 0.366816 0.600888
vt 0.351478 0.599702
vt 0.607997 0.831777
vt 0.601256 0.835369
vt 0.068661 0.769580
vt 0.068958 0.773725
vt 0.187614 0.592685
vt 0.186056 0.597740
vt 0.431414 0.797436
vt 0.057527 0.736869
vt 0.041880 0.749727
vt 0.070189 0.728579
vt 0.284516 0.559802
vt 0.289862 0.559752
vt 0.355646 0.750900
vt 0.362072 0.751249
vt 0.370780 0.771045
vt 0.045901 0.206591
vt 0.953293 0.858471
vt 0.234980 0.468672
vt 0.051484 0.613774
vt 0.047546 0.624540
vt 0.044779 0.611067
vt 0.054097 0.619371
vt 0.135861 0.413737
vt 0.139656 0.409203
vt 0.301761 0.674405
vt 0.307746 0.650789
vt 0.295844 0.697064
vt 0.066983 0.111121
vt 0.662721 0.174092
vt 0.670345 0.161812
vt 0.676172 0.157753
vt 0.028453 0.057803
vt 0.022555 0.058385
vt 0.023325 0.049648
vt 0.037798 0.038401
vt 0.040311 0.030514
vt 0.043675 0.038379
vt 0.738825 0.205506
vt 0.748321 0.201048
vt 0.032548 0.046017
vt 0.034337 0.032093
vt 0.038634 0.066478
vt 0.243857 0.542452
vt 0.256470 0.525392
vt 0.776436 0.020261
vt 0.783973 0.010520
vt 0.758182 0.047871
vt 0.762567 0.037053
vt 0.015115 0.060054
vt 0.067817 0.091041
vt 0.176380 0.810680
vt 0.163726 0.799602
vt 0.160885 0.804985
vt 0.026029 0.137161
vt 0.019413 0.156850
vt 0.019715 0.134747
vt 0.011879 0.136915
vt 0.009089 0.150872
vt 0.853094 0.096782
vt 0.849350 0.092933
vt 0.860539 0.103241
vt 0.295317 0.739592
vt 0.301445 0.723877
vt 0.299041 0.751247
vt 0.306763 0.685262
vt 0.305228 0.697544
vt 0.299578 0.709798
vt 0.630777 0.164780
vt 0.663932 0.132947
vt 0.626431 0.161877
vt 0.155231 0.607748
vt 0.157491 0.627551
vt 0.153328 0.602190
vt 0.243728 0.648828
vt 0.246147 0.661735
vt 0.236190 0.663086
vt 0.249504 0.656922
vt 0.250179 0.641371
vt 0.109338 0.505884
vt 0.115536 0.519807
vt 0.112672 0.534998
vt 0.115596 0.557264
vt 0.121253 0.565070
vt 0.108142 0.614629
vt 0.164371 0.486205
vt 0.157889 0.476204
vt 0.154713 0.469679
vt 0.692576 0.882543
vt 0.695538 0.861252
vt 0.696126 0.866359
vt 0.240631 0.513324
vt 0.246861 0.508736
vt 0.241056 0.538185
vt 0.240781 0.489807
vt 0.244259 0.502322
vt 0.304397 0.533395
vt 0.299068 0.529470
vt 0.298008 0.548632
vt 0.291590 0.552333
vt 0.298645 0.541369
vt 0.078212 0.198252
vt 0.085455 0.201278
vt 0.069183 0.208168
vt 0.103983 0.524732
vt 0.107657 0.568985
vt 0.097045 0.554728
vt 0.092847 0.535626
vt 0.852666 0.076847
vt 0.847659 0.065466
vt 0.851964 0.063026
vt 0.290152 0.731529
vt 0.279631 0.709517
vt 0.290124 0.705965
vt 0.324718 0.704145
vt 0.328045 0.709061
vt 0.319369 0.720697
vt 0.327366 0.725720
vt 0.331052 0.725128
vt 0.106448 0.745550
vt 0.124009 0.742334
vt 0.119149 0.749344
vt 0.082445 0.722461
vt 0.077506 0.724372
vt 0.075888 0.719846
vt 0.053366 0.725221
vt 0.320942 0.927976
vt 0.969955 0.771393
vt 0.978126 0.775058
vt 0.314236 0.450504
vt 0.307995 0.613882
vt 0.319510 0.616834
vt 0.314708 0.604396
vt 0.292547 0.621489
vt 0.040985 0.671817
vt 0.036656 0.660214
vt 0.043391 0.656602
vt 0.040729 0.649863
vt 0.031627 0.138607
vt 0.037232 0.141888
vt 0.857139 0.137344
vt 0.855643 0.129217
vt 0.860887 0.130336
vt 0.111998 0.555731
vt 0.106619 0.547388
vt 0.102546 0.620395
vt 0.902549 0.062623
vt 0.894431 0.057460
vt 0.897084 0.052501
vt 0.910108 0.098509
vt 0.916932 0.095155
vt 0.915349 0.106233
vt 0.228196 0.543139
vt 0.564382 0.229114
vt 0.555805 0.225929
vt 0.617393 0.227212
vt 0.507698 0.240733
vt 0.520941 0.232438
vt 0.531179 0.230984
vt 0.435310 0.869064
vt 0.418458 0.865387
vt 0.437163 0.864959
vt 0.442769 0.860397
vt 0.202896 0.549676
vt 0.208424 0.546195
vt 0.189818 0.532031
vt 0.280058 0.734567
vt 0.277950 0.741224
vt 0.972253 0.849540
vt 0.968451 0.853892
vt 0.256001 0.447132
vt 0.260734 0.456677
vt 0.254847 0.462012
vt 0.374383 0.761981
vt 0.719224 0.922461
vt 0.254008 0.665884
vt 0.856621 0.178279
vt 0.171020 0.810043
vt 0.186745 0.825505
vt 0.173381 0.817038
vt 0.014003 0.160053
vt 0.754222 0.230133
vt 0.727809 0.233660
vt 0.724269 0.230626
vt 0.757349 0.220894
vt 0.738947 0.226687
vt 0.084893 0.592456
vt 0.081818 0.598678
vt 0.090692 0.588089
vt 0.176162 0.653265
vt 0.199117 0.804370
vt 0.215289 0.800055
vt 0.222986 0.802132
vt 0.237392 0.815659
vt 0.153571 0.575445
vt 0.150199 0.566282
vt 0.152221 0.560609
vt 0.148251 0.583815
vt 0.112620 0.792065
vt 0.069385 0.806147
vt 0.091739 0.803204
vt 0.689569 0.105265
vt 0.397412 0.872178
vt 0.381515 0.871183
vt 0.383940 0.864206
vt 0.364519 0.744686
vt 0.697228 0.898443
vt 0.683926 0.908512
vt 0.690067 0.890464
vt 0.510499 0.885655
vt 0.487716 0.895207
vt 0.675589 0.909450
vt 0.679491 0.896260
vt 0.664476 0.911137
vt 0.668484 0.905953
vt 0.669460 0.912356
vt 0.348776 0.575032
vt 0.354504 0.580109
vt 0.334711 0.534758
vt 0.339868 0.562513
vt 0.844811 0.884647
vt 0.843957 0.891604
vt 0.840236 0.886286
vt 0.837600 0.878463
vt 0.170455 0.404584
vt 0.162480 0.414253
vt 0.165247 0.399645
vt 0.833452 0.077655
vt 0.822308 0.078199
vt 0.081081 0.615264
vt 0.062318 0.610343
vt 0.097485 0.191109
vt 0.086902 0.207822
vt 0.100164 0.206073
vt 0.543956 0.752344
vt 0.552174 0.745458
vt 0.544084 0.770162
vt 0.510945 0.218633
vt 0.506924 0.215172
vt 0.519829 0.205382
vt 0.178325 0.479201
vt 0.170465 0.479886
vt 0.165990 0.471880
vt 0.160277 0.493212
vt 0.161737 0.474636
vt 0.294042 0.514813
vt 0.291114 0.530482
vt 0.070368 0.140215
vt 0.062719 0.154544
vt 0.061887 0.139349
vt 0.310851 0.778876
vt 0.019628 0.768606
vt 0.309471 0.630845
vt 0.312247 0.633389
vt 0.306900 0.640315
vt 0.057377 0.050478
vt 0.054259 0.036378
vt 0.052180 0.038436
vt 0.044862 0.048507
vt 0.446030 0.876066
vt 0.440920 0.884111
vt 0.456922 0.897330
vt 0.445064 0.902257
vt 0.201807 0.528288
vt 0.199753 0.510938
vt 0.209626 0.515974
vt 0.202844 0.521631
vt 0.110226 0.500628
vt 0.354358 0.479759
vt 0.050742 0.015582
vt 0.044986 0.014744
vt 0.042652 0.007225
vt 0.825429 0.217878
vt 0.802936 0.224880
vt 0.847637 0.207662
vt 0.025174 0.044662
vt 0.028931 0.034436
vt 0.036371 0.017873
vt 0.029002 0.027050
vt 0.032665 0.009545
vt 0.343748 0.505173
vt 0.346609 0.502879
vt 0.333912 0.482833
vt 0.038346 0.050663
vt 0.615468 0.220232
vt 0.675427 0.231545
vt 0.603046 0.225069
vt 0.134040 0.612570
vt 0.121165 0.662718
vt 0.119510 0.637609
vt 0.111517 0.684971
vt 0.110272 0.631111
vt 0.115252 0.650235
vt 0.086149 0.583641
vt 0.090495 0.621171
vt 0.091359 0.566244
vt 0.094595 0.764993
vt 0.091292 0.760150
vt 0.686368 0.154785
vt 0.374051 0.921396
vt 0.381910 0.915503
vt 0.389403 0.915112
vt 0.390760 0.922371
vt 0.308351 0.904448
vt 0.316910 0.898687
vt 0.286508 0.628636
vt 0.296862 0.626932
vt 0.290294 0.642499
vt 0.284639 0.658958
vt 0.277275 0.650784
vt 0.282054 0.636619
vt 0.744755 0.058254
vt 0.727581 0.088044
vt 0.474060 0.914700
vt 0.467037 0.910195
vt 0.904258 0.139805
vt 0.895956 0.143655
vt 0.902631 0.128711
vt 0.908003 0.112516
vt 0.062450 0.798304
vt 0.056084 0.800714
vt 0.060422 0.801752
vt 0.329715 0.530078
vt 0.324467 0.501112
vt 0.330214 0.691441
vt 0.353622 0.681091
vt 0.227512 0.554331
vt 0.225231 0.567028
vt 0.222399 0.541077
vt 0.333897 0.894047
vt 0.345679 0.908833
vt 0.332511 0.916653
vt 0.354718 0.916046
vt 0.432413 0.920042
vt 0.427095 0.928412
vt 0.738778 0.051947
vt 0.741662 0.036316
vt 0.755420 0.032414
vt 0.715891 0.067617
vt 0.710817 0.080119
vt 0.696926 0.090110
vt 0.193368 0.563498
vt 0.257723 0.609895
vt 0.749217 0.873843
vt 0.749435 0.883628
vt 0.741584 0.881031
vt 0.738554 0.898194
vt 0.742857 0.902028
vt 0.736759 0.903964
vt 0.119293 0.779214
vt 0.127452 0.781630
vt 0.123697 0.775087
vt 0.307842 0.737117
vt 0.122347 0.519694
vt 0.185282 0.470401
vt 0.191446 0.478377
vt 0.184128 0.482195
vt 0.212068 0.469285
vt 0.207551 0.477412
vt 0.202454 0.452705
vt 0.234961 0.791585
vt 0.243024 0.802506
vt 0.199042 0.478748
vt 0.193377 0.468210
vt 0.202033 0.470085
vt 0.199314 0.489504
vt 0.211350 0.793360
vt 0.115077 0.614788
vt 0.819656 0.111139
vt 0.827803 0.122036
vt 0.815141 0.115877
vt 0.277492 0.519473
vt 0.280431 0.511188
vt 0.287591 0.517822
vt 0.099182 0.819834
vt 0.737208 0.891538
vt 0.745848 0.892533
vt 0.735476 0.881088
vt 0.733611 0.890124
vt 0.711005 0.894250
vt 0.614073 0.213270
vt 0.673670 0.215648
vt 0.185567 0.570376
vt 0.180454 0.575203
vt 0.171090 0.566444
vt 0.063646 0.554178
vt 0.057002 0.594527
vt 0.691891 0.056658
vt 0.432091 0.844951
vt 0.442085 0.846249
vt 0.333319 0.587578
vt 0.313763 0.588132
vt 0.894734 0.073953
vt 0.902441 0.084468
vt 0.902472 0.075720
vt 0.893847 0.064952
vt 0.589113 0.837245
vt 0.218510 0.839643
vt 0.221653 0.829529
vt 0.209918 0.826250
vt 0.292221 0.764882
vt 0.310954 0.751328
vt 0.185810 0.786423
vt 0.313537 0.673516
vt 0.326195 0.669119
vt 0.352097 0.673516
vt 0.327774 0.647981
vt 0.321520 0.662214
vt 0.548176 0.737378
vt 0.575109 0.724240
vt 0.572159 0.730624
vt 0.570727 0.721075
vt 0.847982 0.118733
vt 0.837549 0.123604
vt 0.265085 0.722722
vt 0.766342 0.072202
vt 0.755305 0.077412
vt 0.740634 0.075029
vt 0.746405 0.217422
vt 0.408826 0.945829
vt 0.402668 0.943379
vt 0.399423 0.934667
vt 0.757446 0.209758
vt 0.322209 0.892019
vt 0.322948 0.896649
vt 0.175059 0.875723
vt 0.178124 0.890473
vt 0.110065 0.471205
vt 0.466191 0.843570
vt 0.501063 0.834816
vt 0.659530 0.080018
vt 0.235641 0.569935
vt 0.179670 0.824601
vt 0.181349 0.840567
vt 0.184460 0.831414
vt 0.819160 0.886868
vt 0.830264 0.890606
vt 0.843719 0.120242
vt 0.577642 0.751831
vt 0.576130 0.735815
vt 0.577868 0.738054
vt 0.576928 0.728733
vt 0.148309 0.356527
vt 0.151391 0.378553
vt 0.337089 0.707210
vt 0.324671 0.719820
vt 0.336607 0.702587
vt 0.311504 0.447514
vt 0.309114 0.451277
vt 0.033376 0.065018
vt 0.026212 0.066452
vt 0.270541 0.584135
vt 0.368313 0.869817
vt 0.383253 0.857487
vt 0.396479 0.854192
vt 0.436167 0.928294
vt 0.876886 0.054406
vt 0.053064 0.027668
vt 0.316821 0.661969
vt 0.305184 0.680726
vt 0.284993 0.741569
vt 0.259646 0.486579
vt 0.253379 0.488240
vt 0.254918 0.493783
vt 0.241498 0.767529
vt 0.222978 0.750119
vt 0.022064 0.127847
vt 0.184455 0.604035
vt 0.183592 0.621920
vt 0.176591 0.635512
vt 0.398470 0.867324
vt 0.344881 0.727851
vt 0.343141 0.723042
vt 0.333761 0.726873
vt 0.014258 0.777064
vt 0.197399 0.498300
vt 0.868626 0.054674
vt 0.077941 0.175145
vt 0.895238 0.134574
vt 0.887470 0.139177
vt 0.837690 0.114309
vt 0.285483 0.613710
vt 0.291041 0.591588
vt 0.290669 0.611358
vt 0.534123 0.848371
vt 0.538129 0.851043
vt 0.629119 0.171508
vt 0.754410 0.023099
vt 0.708537 0.065218
vt 0.686420 0.093085
vt 0.692871 0.072844
vt 0.224669 0.791488
vt 0.237823 0.775167
vt 0.294271 0.721036
vt 0.020759 0.064673
vt 0.805915 0.202858
vt 0.246582 0.468121
vt 0.249423 0.876514
vt 0.234182 0.862901
vt 0.245362 0.859327
vt 0.231857 0.836260
vt 0.325514 0.639225
vt 0.348389 0.739096
vt 0.344934 0.742589
vt 0.341244 0.741687
vt 0.088047 0.724640
vt 0.087402 0.710749
vt 0.359247 0.813197
vt 0.379188 0.820503
vt 0.359111 0.809250
vt 0.109629 0.594723
vt 0.306577 0.542073
vt 0.216449 0.880497
vt 0.224406 0.869186
vt 0.027866 0.799389
vt 0.011693 0.798616
vt 0.138702 0.809349
vt 0.130312 0.815286
vt 0.874594 0.045221
vt 0.864066 0.038700
vt 0.197386 0.861768
vt 0.200094 0.870040
vt 0.204727 0.848896
vt 0.780432 0.059014
vt 0.786947 0.058435
vt 0.207303 0.862552
vt 0.469680 0.922494
vt 0.469383 0.916362
vt 0.075126 0.718129
vt 0.320021 0.483486
vt 0.324350 0.491416
vt 0.399675 0.876032
vt 0.580920 0.735821
vt 0.581460 0.728950
vt 0.584005 0.721332
vt 0.499696 0.858113
vt 0.508102 0.862080
vt 0.552921 0.804593
vt 0.565529 0.762719
vt 0.123164 0.482882
vt 0.133174 0.507463
vt 0.124033 0.474525
vt 0.271104 0.700469
vt 0.272857 0.677312
vt 0.282844 0.686949
vt 0.133406 0.822061
vt 0.123731 0.822874
vt 0.115659 0.407765
vt 0.192472 0.462647
vt 0.193531 0.455851
vt 0.912710 0.856480
vt 0.900665 0.874215
vt 0.887268 0.866255
vt 0.038200 0.240667
vt 0.044472 0.233528
vt 0.414019 0.817175
vt 0.411146 0.810152
vt 0.728925 0.930560
vt 0.731160 0.924622
vt 0.728528 0.917541
vt 0.731004 0.909933
vt 0.736069 0.915065
vt 0.886082 0.033403
vt 0.873930 0.037914
vt 0.197120 0.668825
vt 0.199475 0.659362
vt 0.104709 0.500422
vt 0.642472 0.877669
vt 0.136910 0.767098
vt 0.500255 0.895199
vt 0.093469 0.789461
vt 0.086389 0.788129
vt 0.096511 0.783180
vt 0.373511 0.801150
vt 0.374228 0.795291
vt 0.884186 0.149186
vt 0.873795 0.148383
vt 0.875191 0.142413
vt 0.775113 0.887019
vt 0.759310 0.896199
vt 0.751310 0.891066
vt 0.763055 0.890323
vt 0.160847 0.915279
vt 0.173093 0.900222
vt 0.163424 0.901649
vt 0.852507 0.087185
vt 0.849210 0.083738
vt 0.844786 0.080053
vt 0.704118 0.200988
vt 0.668966 0.210195
vt 0.685178 0.203179
vt 0.369931 0.898850
vt 0.379012 0.898288
vt 0.389620 0.908351
vt 0.394102 0.900849
vt 0.290100 0.736962
vt 0.828745 0.199693
vt 0.582754 0.812568
vt 0.577739 0.772281
vt 0.196441 0.800144
vt 0.538267 0.860568
vt 0.567695 0.799551
vt 0.187190 0.453197
vt 0.181280 0.466879
vt 0.178237 0.474689
vt 0.698420 0.081816
vt 0.687613 0.100795
vt 0.893807 0.125493
vt 0.905250 0.102706
vt 0.848185 0.074237
vt 0.838969 0.066060
vt 0.053967 0.181307
vt 0.060790 0.176200
vt 0.316349 0.469697
vt 0.309757 0.476781
vt 0.403337 0.894868
vt 0.319016 0.756889
vt 0.312087 0.710189
vt 0.304875 0.713082
vt 0.381955 0.948464
vt 0.781346 0.092521
vt 0.075860 0.801824
vt 0.075272 0.797572
vt 0.833107 0.895284
vt 0.189712 0.854126
vt 0.189225 0.869064
vt 0.187263 0.863482
vt 0.056179 0.809893
vt 0.333896 0.614525
vt 0.339797 0.629614
vt 0.344014 0.627555
vt 0.311771 0.638720
vt 0.067925 0.130165
vt 0.074566 0.134059
vt 0.065654 0.135011
vt 0.006180 0.125962
vt 0.481397 0.228951
vt 0.493599 0.226754
vt 0.490448 0.235582
vt 0.227905 0.669190
vt 0.828513 0.026895
vt 0.817431 0.053438
vt 0.819470 0.043039
vt 0.117490 0.619754
vt 0.838343 0.036523
vt 0.842614 0.032510
vt 0.118841 0.415643
vt 0.120944 0.398282
vt 0.050267 0.115019
vt 0.197477 0.733684
vt 0.202442 0.720129
vt 0.356109 0.728741
vt 0.355373 0.722596
vt 0.360890 0.715410
vt 0.651911 0.894870
vt 0.738564 0.869060
vt 0.739007 0.858733
vt 0.427417 0.908573
vt 0.197583 0.543193
vt 0.360115 0.547466
vt 0.586493 0.848811
vt 0.578746 0.831350
vt 0.191636 0.797719
vt 0.191986 0.810004
vt 0.094420 0.586530
vt 0.760317 0.024437
vt 0.199485 0.456089
vt 0.713732 0.133312
vt 0.695111 0.108912
vt 0.539084 0.206391
vt 0.560837 0.194117
vt 0.246068 0.575017
vt 0.536351 0.818765
vt 0.523286 0.821186
vt 0.527199 0.813513
vt 0.251343 0.623554
vt 0.278947 0.497409
vt 0.335884 0.718180
vt 0.669245 0.899672
vt 0.192373 0.546446
vt 0.159833 0.796203
vt 0.901811 0.102807
vt 0.905345 0.120292
vt 0.900038 0.107066
vt 0.895630 0.104282
vt 0.892586 0.097007
vt 0.045801 0.026994
vt 0.044194 0.029156
vt 0.048135 0.035667
vt 0.913243 0.073664
vt 0.776943 0.913428
vt 0.808161 0.147237
vt 0.523281 0.900616
vt 0.530068 0.910579
vt 0.343244 0.455088
vt 0.359339 0.471392
vt 0.336174 0.453904
vt 0.236957 0.536432
vt 0.178362 0.837916
vt 0.150379 0.446507
vt 0.148683 0.486718
vt 0.144183 0.469959
vt 0.708928 0.868064
vt 0.880487 0.101744
vt 0.433060 0.902067
vt 0.442188 0.891779
vt 0.438210 0.900057
vt 0.432713 0.895030
vt 0.884394 0.133685
vt 0.105448 0.800886
vt 0.141876 0.799992
vt 0.142395 0.791433
vt 0.847934 0.024156
vt 0.854702 0.022735
vt 0.330153 0.908329
vt 0.560211 0.201574
vt 0.568984 0.197429
vt 0.542908 0.207643
vt 0.079051 0.600035
vt 0.262004 0.449222
vt 0.229723 0.803175
vt 0.224165 0.797597
vt 0.189296 0.758358
vt 0.066857 0.835228
vt 0.069069 0.840698
vt 0.857094 0.015237
vt 0.764538 0.937476
vt 0.902242 0.089375
vt 0.908187 0.090585
vt 0.359616 0.600190
vt 0.372529 0.615946
vt 0.240949 0.683516
vt 0.147464 0.642668
vt 0.144776 0.663086
vt 0.102767 0.715799
vt 0.759408 0.065548
vt 0.896751 0.094160
vt 0.067388 0.189508
vt 0.062720 0.187508
vt 0.344337 0.810111
vt 0.332983 0.804375
vt 0.145763 0.528280
vt 0.149192 0.536251
vt 0.049101 0.789437
vt 0.718023 0.101672
vt 0.328177 0.508159
vt 0.395150 0.942439
vt 0.185623 0.893768
vt 0.189204 0.903757
vt 0.186477 0.914485
vt 0.128606 0.482378
vt 0.074440 0.223683
vt 0.131135 0.441219
vt 0.323667 0.480033
vt 0.381368 0.798633
vt 0.146448 0.788366
vt 0.141094 0.786537
vt 0.165599 0.511796
vt 0.165708 0.482272
vt 0.083683 0.539072
vt 0.088689 0.528920
vt 0.044123 0.791463
vt 0.767429 0.183307
vt 0.785225 0.182296
vt 0.785975 0.172839
vt 0.844558 0.194456
vt 0.835871 0.190742
vt 0.279173 0.457676
vt 0.273228 0.452677
vt 0.289400 0.455672
vt 0.566438 0.712430
vt 0.568709 0.724710
vt 0.567132 0.719682
vt 0.740082 0.843001
vt 0.195337 0.849555
vt 0.195812 0.857092
vt 0.268511 0.533866
vt 0.282388 0.481288
vt 0.101184 0.540655
vt 0.441084 0.875782
vt 0.442815 0.870179
vt 0.153427 0.818739
vt 0.720685 0.156297
vt 0.362750 0.936980
vt 0.343307 0.936557
vt 0.324851 0.933141
vt 0.765210 0.027490
vt 0.306483 0.589170
vt 0.141584 0.600551
vt 0.774698 0.870152
vt 0.702352 0.887531
vt 0.696823 0.879154
vt 0.547357 0.820713
vt 0.550151 0.825138
vt 0.529177 0.838235
vt 0.088975 0.817493
vt 0.092686 0.811365
vt 0.326187 0.475769
vt 0.073981 0.701261
vt 0.848518 0.033033
vt 0.853272 0.027996
vt 0.351929 0.771108
vt 0.771409 0.850970
vt 0.861528 0.114212
vt 0.691009 0.209784
vt 0.551002 0.206250
vt 0.106908 0.600249
vt 0.302188 0.772709
vt 0.101994 0.590050
vt 0.251140 0.851320
vt 0.170462 0.883173
vt 0.181498 0.887714
vt 0.174963 0.885039
vt 0.651523 0.190019
vt 0.862907 0.043754
vt 0.248158 0.859255
vt 0.593248 0.867292
vt 0.578970 0.864570
vt 0.602383 0.873795
vt 0.068138 0.732460
vt 0.166537 0.370762
vt 0.169258 0.400477
vt 0.239360 0.646479
vt 0.722698 0.170533
vt 0.894525 0.114120
vt 0.891502 0.117626
vt 0.898615 0.126208
vt 0.177854 0.614243
vt 0.141155 0.713566
vt 0.141403 0.684202
vt 0.783849 0.025103
vt 0.337317 0.441227
vt 0.156477 0.584710
vt 0.839522 0.089429
vt 0.838661 0.107597
vt 0.816455 0.084413
vt 0.186798 0.890548
vt 0.195794 0.893989
vt 0.193660 0.905558
vt 0.815537 0.107061
vt 0.812091 0.090531
vt 0.816848 0.097156
vt 0.810369 0.081579
vt 0.598286 0.210067
vt 0.269604 0.727453
vt 0.269817 0.735092
vt 0.298971 0.631486
vt 0.523363 0.837569
vt 0.511742 0.835278
vt 0.536173 0.825410
vt 0.201569 0.885578
vt 0.351572 0.569421
vt 0.375532 0.942540
vt 0.087481 0.694562
vt 0.087356 0.677989
vt 0.441608 0.920336
vt 0.667664 0.144618
vt 0.389108 0.900685
vt 0.392027 0.907552
vt 0.905425 0.781466
vt 0.851645 0.007213
vt 0.844849 0.010492
vt 0.347358 0.712790
vt 0.351978 0.709889
vt 0.446253 0.898560
vt 0.826509 0.099010
vt 0.820473 0.099114
vt 0.824838 0.086630
vt 0.831094 0.082164
vt 0.457609 0.889553
vt 0.061939 0.803420
vt 0.742324 0.927585
vt 0.734427 0.932989
vt 0.737108 0.927653
vt 0.741181 0.918963
vt 0.037121 0.637355
vt 0.824531 0.127431
vt 0.832985 0.135096
vt 0.707581 0.230516
vt 0.708979 0.232823
vt 0.394984 0.917925
vt 0.405252 0.914706
vt 0.658131 0.168096
vt 0.271633 0.859445
vt 0.274913 0.859015
vt 0.273963 0.872302
vt 0.591921 0.189670
vt 0.348410 0.733786
vt 0.129082 0.514983
vt 0.089258 0.542991
vt 0.312330 0.660771
vt 0.305990 0.671744
vt 0.307974 0.660383
vt 0.023518 0.756109
vt 0.032056 0.754438
vt 0.092017 0.725325
vt 0.477032 0.922089
vt 0.476720 0.916962
vt 0.084194 0.719773
vt 0.079063 0.719040
vt 0.472104 0.834723
vt 0.864561 0.063959
vt 0.859869 0.067978
vt 0.865838 0.072309
vt 0.857823 0.074975
vt 0.178407 0.719055
vt 0.264892 0.486228
vt 0.706134 0.890819
vt 0.748196 0.866571
vt 0.131723 0.691685
vt 0.212894 0.472002
vt 0.212913 0.829635
vt 0.680231 0.915221
vt 0.169215 0.902757
vt 0.391286 0.862174
vt 0.079731 0.630202
vt 0.070555 0.627922
vt 0.075316 0.239500
vt 0.063526 0.240388
vt 0.344255 0.744006
vt 0.349166 0.743688
vt 0.840371 0.054016
vt 0.122967 0.606218
vt 0.134300 0.581598
vt 0.152272 0.800868
vt 0.267201 0.570140
vt 0.277675 0.636587
vt 0.337539 0.614166
vt 0.341496 0.615429
vt 0.057388 0.145935
vt 0.061861 0.131321
vt 0.363586 0.868619
vt 0.720927 0.027536
vt 0.710674 0.042711
vt 0.429322 0.876612
vt 0.042568 0.228313
vt 0.042631 0.222087
vt 0.035886 0.230258
vt 0.125962 0.689594
vt 0.136372 0.662752
vt 0.504330 0.228018
vt 0.529832 0.215194
vt 0.232097 0.519484
vt 0.228876 0.496837
vt 0.221653 0.476057
vt 0.056385 0.548309
vt 0.055557 0.556715
vt 0.546179 0.808230
vt 0.536892 0.801575
vt 0.110251 0.741074
vt 0.581230 0.823048
vt 0.221857 0.608630
vt 0.234871 0.608982
vt 0.556215 0.867306
vt 0.863301 0.153565
vt 0.856873 0.159483
vt 0.851793 0.154675
vt 0.077447 0.166267
vt 0.074816 0.621091
vt 0.331739 0.693802
vt 0.843142 0.153925
vt 0.091475 0.645491
vt 0.418668 0.932011
vt 0.581137 0.192129
vt 0.600633 0.183176
vt 0.467228 0.900370
vt 0.230850 0.726012
vt 0.443768 0.803965
vt 0.456262 0.799664
vt 0.727926 0.131508
vt 0.732766 0.125092
vt 0.869156 0.109536
vt 0.668858 0.884513
vt 0.668582 0.878652
vt 0.662174 0.885871
vt 0.361561 0.787289
vt 0.795851 0.910378
vt 0.784619 0.915017
vt 0.336298 0.627254
vt 0.338271 0.622398
vt 0.230634 0.800169
vt 0.634404 0.106665
vt 0.299481 0.521634
vt 0.291817 0.533674
vt 0.350678 0.610319
vt 0.663541 0.080504
vt 0.675089 0.065177
vt 0.763998 0.138858
vt 0.739552 0.133938
vt 0.350741 0.621303
vt 0.208466 0.791347
vt 0.221721 0.781292
vt 0.548576 0.769799
vt 0.557383 0.756502
vt 0.554043 0.772910
vt 0.677523 0.152888
vt 0.563546 0.732339
vt 0.562841 0.719307
vt 0.566161 0.716966
vt 0.480802 0.236693
vt 0.164631 0.887328
vt 0.566215 0.749905
vt 0.356440 0.608504
vt 0.364642 0.602252
vt 0.489965 0.224358
vt 0.561420 0.722604
vt 0.560256 0.736691
vt 0.556174 0.722970
vt 0.454649 0.876403
vt 0.472593 0.878664
vt 0.063439 0.712592
vt 0.308208 0.511488
vt 0.563185 0.808184
vt 0.691348 0.858831
vt 0.694640 0.844349
vt 0.694515 0.847133
vt 0.102149 0.454729
vt 0.779661 0.872773
vt 0.103711 0.780826
vt 0.113322 0.780334
vt 0.710101 0.050494
vt 0.725878 0.037078
vt 0.715187 0.051873
vt 0.462349 0.870710
vt 0.098408 0.198996
vt 0.871378 0.155330
vt 0.869378 0.148038
vt 0.052335 0.769126
vt 0.073766 0.795956
vt 0.214010 0.892650
vt 0.292194 0.652041
vt 0.695502 0.874018
vt 0.623520 0.847746
vt 0.654676 0.844460
vt 0.627878 0.847487
vt 0.315406 0.793067
vt 0.324381 0.799753
vt 0.892266 0.150417
vt 0.154598 0.725908
vt 0.168827 0.656791
vt 0.073448 0.196515
vt 0.079554 0.188595
vt 0.128274 0.501577
vt 0.029681 0.049710
vt 0.095273 0.593423
vt 0.585700 0.174902
vt 0.771332 0.923505
vt 0.782745 0.872867
vt 0.071489 0.212150
vt 0.150256 0.472497
vt 0.724531 0.056065
vt 0.733288 0.044354
vt 0.730409 0.069164
vt 0.731804 0.077248
vt 0.582280 0.772791
vt 0.243814 0.811370
vt 0.251759 0.834120
vt 0.656810 0.883943
vt 0.162980 0.812604
vt 0.675426 0.094253
vt 0.653361 0.114639
vt 0.377767 0.909874
vt 0.679342 0.108698
vt 0.659398 0.126510
vt 0.256241 0.864196
vt 0.254260 0.848742
vt 0.277485 0.584183
vt 0.846961 0.143519
vt 0.917757 0.084303
vt 0.096095 0.221718
vt 0.244677 0.491958
vt 0.247995 0.481117
vt 0.250862 0.486434
vt 0.390451 0.931095
vt 0.379266 0.921338
vt 0.202252 0.563578
vt 0.332962 0.743937
vt 0.333201 0.734165
vt 0.328985 0.737977
vt 0.236171 0.769421
vt 0.322710 0.578415
vt 0.009423 0.789549
vt 0.643755 0.147126
vt 0.208667 0.603264
vt 0.216930 0.604964
vt 0.044612 0.681548
vt 0.365684 0.905172
vt 0.361996 0.910862
vt 0.361161 0.900058
vt 0.373329 0.913952
vt 0.087013 0.242086
vt 0.147899 0.599980
vt 0.139641 0.613649
vt 0.539271 0.226046
vt 0.680444 0.132282
vt 0.328396 0.503841
vt 0.045205 0.176378
vt 0.349085 0.810514
vt 0.167157 0.402650
vt 0.170035 0.887223
vt 0.103729 0.457615
vt 0.074573 0.128452
vt 0.081257 0.129131
vt 0.269399 0.788606
vt 0.762502 0.900851
vt 0.084663 0.738958
vt 0.015910 0.756871
vt 0.002930 0.759208
vt 0.875448 0.015065
vt 0.036775 0.022412
vt 0.046654 0.024244
vt 0.665131 0.160383
vt 0.437804 0.885764
vt 0.434788 0.887696
vt 0.796514 0.168642
vt 0.432703 0.872898
vt 0.060751 0.603639
vt 0.889270 0.855351
vt 0.182552 0.461740
vt 0.076280 0.789257
vt 0.483597 0.848546
vt 0.507768 0.840652
vt 0.516795 0.848689
vt 0.491479 0.245088
vt 0.758745 0.088150
vt 0.495280 0.248965
vt 0.048924 0.773606
vt 0.174230 0.826007
vt 0.261898 0.825645
vt 0.159897 0.610697
vt 0.037722 0.744310
vt 0.166102 0.815910
vt 0.252461 0.744484
vt 0.270815 0.873875
vt 0.314364 0.676648
vt 0.104683 0.822804
vt 0.117109 0.818485
vt 0.107240 0.829785
vt 0.014250 0.090262
vt 0.072786 0.200011
vt 0.136267 0.349294
vt 0.142123 0.351370
vt 0.135185 0.763853
vt 0.165268 0.418574
vt 0.314129 0.556651
vt 0.673694 0.062194
vt 0.691120 0.049081
vt 0.665022 0.073355
vt 0.146879 0.349477
vt 0.816347 0.091118
vt 0.486460 0.238143
vt 0.743188 0.888543
vt 0.324891 0.937329
vt 0.802923 0.856128
vt 0.032502 0.683454
vt 0.318899 0.446757
vt 0.738778 0.874031
vt 0.899316 0.119543
vt 0.899818 0.112164
vt 0.794785 0.027280
vt 0.149333 0.820411
vt 0.335605 0.556740
vt 0.107293 0.401852
vt 0.910293 0.128122
vt 0.674006 0.851934
vt 0.673939 0.915905
vt 0.763144 0.194440
vt 0.009024 0.779513
vt 0.006183 0.774440
vt 0.014075 0.774196
vt 0.784715 0.123923
vt 0.465743 0.917839
vt 0.269873 0.492197
vt 0.383836 0.954290
vt 0.152726 0.339008
vt 0.248860 0.453869
vt 0.253067 0.451582
vt 0.587173 0.206959
vt 0.573797 0.199041
vt 0.906872 0.082065
vt 0.735759 0.136011
vt 0.740324 0.121069
vt 0.263910 0.680381
vt 0.264653 0.673636
vt 0.261593 0.661633
vt 0.244455 0.463722
vt 0.234580 0.464381
vt 0.177810 0.842015
vt 0.171710 0.835943
vt 0.440715 0.856859
vt 0.452500 0.810341
vt 0.454725 0.814287
vt 0.100496 0.689378
vt 0.741388 0.912509
vt 0.164465 0.348386
vt 0.251910 0.870134
vt 0.254285 0.879119
vt 0.404694 0.822978
vt 0.399926 0.819716
vt 0.074129 0.207925
vt 0.662374 0.156902
vt 0.665914 0.152595
vt 0.090465 0.823032
vt 0.168316 0.549357
vt 0.846444 0.028012
vt 0.043573 0.019000
vt 0.676742 0.873921
vt 0.773157 0.169335
vt 0.683902 0.087194
vt 0.184183 0.856795
vt 0.043940 0.210390
vt 0.689619 0.851777
vt 0.694912 0.852973
vt 0.696892 0.855461
vt 0.709710 0.059381
vt 0.159413 0.343089
vt 0.166137 0.343262
vt 0.307457 0.933234
vt 0.299540 0.922455
vt 0.089823 0.736855
vt 0.036391 0.676838
vt 0.546726 0.874746
vt 0.538679 0.886019
vt 0.769055 0.203602
vt 0.357400 0.519226
vt 0.332800 0.761497
vt 0.075577 0.808717
vt 0.305065 0.461635
vt 0.722699 0.897830
vt 0.701404 0.902872
vt 0.156886 0.808834
vt 0.774874 0.229690
vt 0.084127 0.827128
vt 0.253258 0.862926
vt 0.065928 0.827599
vt 0.131614 0.456078
vt 0.151591 0.854760
vt 0.062275 0.122375
vt 0.833077 0.105657
vt 0.883407 0.027231
vt 0.311022 0.456417
vt 0.169866 0.884407
vt 0.360023 0.728329
vt 0.363157 0.714127
vt 0.867660 0.029221
vt 0.155314 0.516367
vt 0.015605 0.766394
vt 0.072884 0.124174
vt 0.053038 0.563325
vt 0.860168 0.195490
vt 0.100531 0.713838
vt 0.123360 0.788956
vt 0.002930 0.131027
vt 0.269897 0.498331
vt 0.100798 0.498837
vt 0.357876 0.475968
vt 0.043701 0.770037
vt 0.180124 0.882977
vt 0.354710 0.904504
vt 0.977172 0.851275
vt 0.065864 0.675330
vt 0.058614 0.162692
vt 0.774789 0.007229
vt 0.591685 0.214273
vt 0.521732 0.840593
vt 0.787535 0.129078
vt 0.794708 0.138301
vt 0.355044 0.734695
vt 0.413654 0.939982
vt 0.040901 0.176609
vt 0.186111 0.926144
vt 0.157571 0.852627
vt 0.807468 0.154169
vt 0.799156 0.158363
vt 0.809380 0.162313
vt 0.914323 0.117351
vt 0.706087 0.060527
vt 0.081306 0.173501
vt 0.087237 0.175157
vt 0.274952 0.735918
vt 0.746327 0.013393
vt 0.441250 0.851081
vt 0.006383 0.136837
vt 0.166774 0.744835
vt 0.949777 0.765838
vt 0.146134 0.338080
vt 0.503588 0.895537
vt 0.678856 0.891175
vt 0.359085 0.904414
vt 0.594933 0.755251
vt 0.599762 0.779851
vt 0.352404 0.907845
vt 0.477390 0.884335
vt 0.158500 0.487214
vt 0.145974 0.562456
vt 0.151266 0.537437
vt 0.708737 0.853716
vt 0.694084 0.119462
vt 0.183255 0.865170
vt 0.197955 0.857731
vt 0.260781 0.881437
vt 0.257058 0.873949
vt 0.738066 0.864144
vt 0.837559 0.899521
vt 0.354802 0.756740
vt 0.578933 0.733993
vt 0.387699 0.895602
vt 0.918384 0.854319
vt 0.758153 0.935082
vt 0.540766 0.816642
vt 0.478679 0.879995
vt 0.058954 0.041023
s 1
usemtl T_Angel.002
f 380/1/1 1448/2/2 1939/3/3
f 290/4/4 2390/5/5 124/6/6
f 1480/7/7 467/8/8 917/9/9
f 2382/10/10 583/11/11 218/12/12
f 1810/13/13 1753/14/14 271/15/14
f 839/16/15 1883/17/16 1829/18/17
f 2080/19/18 2002/20/19 1069/21/20
f 1539/22/21 1236/23/22 2205/24/23
f 351/25/24 8/26/25 95/27/26
f 362/28/27 5/29/28 166/30/29
f 2101/31/30 264/32/31 351/25/24
f 30/33/32 4/34/33 6/35/33
f 8/26/25 706/36/34 6/35/33
f 102/37/35 1767/38/36 775/39/37
f 6/35/33 706/36/34 30/33/32
f 30/33/32 7/40/38 88/41/39
f 4/34/33 648/42/40 8/26/25
f 2112/43/41 2081/44/42 794/45/43
f 568/46/44 2035/47/45 1971/48/46
f 1825/49/47 812/50/48 742/51/49
f 794/45/43 2081/44/42 9/52/50
f 901/53/51 12/54/52 2067/55/53
f 1667/56/54 568/46/44 1926/57/55
f 10/58/56 1120/59/57 2420/60/58
f 1061/61/59 1999/62/60 150/63/61
f 939/64/62 1872/65/63 1269/66/64
f 519/67/65 1765/68/66 1635/69/67
f 1393/70/68 832/71/69 2286/72/70
f 1840/73/71 378/74/72 1207/75/73
f 860/76/74 393/77/75 2014/78/76
f 629/79/77 502/80/78 452/81/79
f 1249/82/80 733/83/81 1246/84/82
f 2277/85/83 334/86/84 978/87/85
f 346/88/86 73/89/87 535/90/88
f 738/91/89 394/92/90 407/93/91
f 1565/94/92 772/95/93 23/96/94
f 1743/97/95 1950/98/96 770/99/97
f 1661/100/98 2361/101/99 202/102/100
f 7/40/38 1527/103/101 88/41/39
f 1466/104/102 1527/103/101 7/40/38
f 376/105/103 1784/106/104 435/107/105
f 963/108/106 668/109/107 174/110/108
f 914/111/109 2270/112/110 2342/113/111
f 871/114/112 2168/115/113 179/116/114
f 1283/117/115 1018/118/116 211/119/117
f 184/120/118 209/121/119 1494/122/120
f 1093/123/121 1698/124/122 2117/125/123
f 1783/126/124 2280/127/125 2195/128/126
f 1045/129/127 1014/130/128 631/131/129
f 349/132/130 1682/133/131 1664/134/132
f 1528/135/133 1/136/134 2258/137/135
f 306/138/136 1465/139/137 1964/140/138
f 2156/141/139 1665/142/140 2025/143/141
f 1376/144/142 457/145/143 489/146/144
f 2341/147/145 1843/148/146 888/149/147
f 168/150/148 557/151/149 361/152/150
f 744/153/151 1120/154/57 1262/155/152
f 2395/156/153 2010/157/154 1177/158/155
f 327/159/156 2065/160/157 2033/161/158
f 744/162/151 848/163/159 45/164/160
f 188/165/161 980/166/162 1424/167/163
f 89/168/164 1924/169/165 775/39/37
f 1119/170/166 1286/171/167 640/172/168
f 32/173/169 935/174/170 21/175/171
f 1210/176/172 2244/177/173 861/178/174
f 353/179/175 749/180/176 2421/181/177
f 871/114/112 671/182/178 285/183/179
f 828/184/180 1059/185/181 937/186/181
f 539/187/182 1084/188/183 115/189/184
f 269/190/185 1693/191/186 988/192/187
f 703/193/188 2124/194/189 2447/195/190
f 228/196/191 792/197/192 591/198/193
f 469/199/194 2374/200/195 661/201/196
f 750/202/197 99/203/198 537/204/199
f 562/205/200 936/206/201 1163/207/202
f 670/208/203 256/209/204 13/210/205
f 2200/211/206 259/212/207 981/213/208
f 59/214/209 1516/215/210 465/216/211
f 1163/217/202 518/218/212 1610/219/213
f 877/220/214 1354/221/215 37/222/216
f 814/223/217 1315/224/218 1005/225/218
f 1852/226/219 1478/227/220 1402/228/221
f 1451/229/222 1602/230/223 1422/231/224
f 831/232/225 2218/233/225 219/234/226
f 178/235/227 44/236/228 1276/237/229
f 605/238/230 155/239/231 1045/129/127
f 1539/22/21 2205/24/23 43/240/232
f 194/241/233 592/242/234 872/243/235
f 2422/244/236 2390/245/5 702/246/237
f 913/247/238 759/248/239 31/249/240
f 566/250/241 1071/251/242 1254/252/243
f 103/253/244 199/254/245 1366/255/246
f 1779/256/247 1381/257/248 1770/258/249
f 388/259/250 905/260/251 1117/261/252
f 889/262/253 64/263/254 1691/264/253
f 1416/265/255 244/266/256 1083/267/257
f 1782/268/258 1959/269/259 210/270/260
f 1865/271/261 1685/272/262 271/15/14
f 463/273/263 683/274/264 201/275/265
f 834/276/266 2202/277/267 2233/278/268
f 24/279/269 1983/280/270 1432/281/271
f 73/89/87 2209/282/272 1578/283/273
f 1956/284/274 1623/285/275 1245/286/276
f 708/287/277 1420/288/278 1674/289/279
f 184/120/118 854/290/280 1268/291/281
f 1677/292/282 57/293/283 891/294/284
f 501/295/285 2063/296/286 1012/297/287
f 61/298/288 338/299/288 1676/300/289
f 275/301/290 128/302/291 2437/303/292
f 1554/304/293 1246/84/82 733/83/81
f 1456/305/294 891/294/284 57/293/283
f 376/105/103 214/306/295 1556/307/296
f 38/308/297 50/309/297 2305/310/298
f 1540/311/299 410/312/300 472/313/301
f 47/314/302 1308/315/303 1644/316/304
f 1827/317/305 550/318/306 51/319/307
f 1672/320/308 65/321/309 358/322/310
f 2385/323/311 1234/324/312 886/325/313
f 150/63/61 1235/326/314 1061/61/59
f 474/327/315 769/328/316 906/329/317
f 1650/330/318 16/331/319 374/332/320
f 1198/333/321 374/332/320 1535/334/321
f 1673/335/322 2363/336/323 230/337/324
f 757/338/325 1380/339/326 1498/340/325
f 1800/341/327 495/342/328 752/343/329
f 591/198/193 792/197/192 851/344/330
f 1350/345/331 963/108/106 477/346/332
f 131/347/333 1446/348/334 1234/324/312
f 2044/349/335 1361/350/336 17/351/337
f 467/8/8 294/352/338 1805/353/339
f 318/354/340 67/355/341 85/356/342
f 2196/357/343 1466/104/102 7/40/38
f 1843/148/146 1256/358/344 888/149/147
f 513/359/345 1655/360/346 531/361/347
f 2375/362/348 2362/363/349 657/364/348
f 250/365/350 330/366/351 1201/367/352
f 2376/368/353 427/369/354 486/370/355
f 33/371/356 1781/372/357 1787/373/356
f 2360/374/358 525/375/359 2060/376/360
f 408/377/361 919/378/362 1768/379/363
f 2267/380/364 1318/381/365 1323/382/366
f 2059/383/367 518/218/212 1163/217/202
f 743/384/368 1727/385/369 2368/386/370
f 1939/387/3 805/388/371 380/389/1
f 436/390/372 2051/391/373 2206/392/374
f 2051/391/373 2196/357/343 2206/392/374
f 2027/393/375 75/394/376 996/395/377
f 603/396/378 1105/397/379 1452/398/380
f 719/399/381 1686/400/382 511/401/383
f 1369/402/384 1770/258/249 2071/403/385
f 1828/404/386 677/405/387 895/406/388
f 619/407/389 1415/408/390 1430/409/390
f 490/410/391 607/411/392 1589/412/393
f 1979/413/394 1166/414/395 1047/415/394
f 163/416/396 139/417/397 2322/418/398
f 2237/419/399 1648/420/400 2202/277/267
f 106/421/401 56/422/402 76/423/403
f 689/424/404 974/425/405 1523/426/404
f 1021/427/406 2446/428/407 223/429/408
f 879/430/409 2289/431/410 2023/432/411
f 1712/433/412 249/434/413 954/435/414
f 703/193/188 420/436/415 688/437/416
f 1961/438/417 961/439/418 2327/440/418
f 1672/320/308 358/322/310 700/441/419
f 512/442/420 1305/443/421 122/444/422
f 2450/445/423 533/446/424 1909/447/425
f 1625/448/426 1318/381/365 2267/380/364
f 985/449/427 1953/450/428 1823/451/429
f 1204/452/430 1551/453/431 1142/454/432
f 2415/455/433 1472/456/434 252/457/435
f 714/458/436 1911/459/437 2353/460/438
f 800/461/439 2424/462/440 1715/463/441
f 4/34/33 1761/464/442 648/42/40
f 2135/465/443 4/34/33 30/33/32
f 705/466/444 160/467/445 1587/468/446
f 2090/469/447 927/470/448 1032/471/449
f 80/472/450 2142/473/450 90/474/451
f 805/388/371 594/475/452 2441/476/453
f 1357/477/454 901/53/51 299/478/455
f 2067/55/53 299/478/455 901/53/51
f 39/479/456 1377/480/457 658/481/458
f 39/479/456 658/481/458 341/482/459
f 167/483/460 758/484/461 1889/485/462
f 948/486/463 1562/487/464 606/488/465
f 94/489/466 2446/428/407 1021/427/406
f 1491/490/467 1852/226/219 898/491/468
f 1175/492/469 1155/493/470 830/494/471
f 1372/495/472 484/496/473 399/497/474
f 1477/498/475 707/499/476 1261/500/475
f 186/501/477 529/502/478 1459/503/479
f 1541/504/480 1636/505/481 565/506/482
f 498/507/483 1022/508/484 517/509/485
f 975/510/486 1615/511/487 903/512/486
f 1292/513/488 416/514/489 87/515/490
f 1277/516/491 392/517/492 109/518/493
f 579/519/494 2073/520/495 456/521/496
f 1743/97/95 100/522/497 36/523/498
f 1084/188/183 848/524/159 744/153/151
f 1598/525/499 1575/526/500 1559/527/501
f 1961/438/417 558/528/502 545/529/503
f 1924/169/165 1713/530/504 775/39/37
f 1981/531/505 1301/532/506 532/533/507
f 47/534/302 1644/535/304 1763/536/508
f 1559/537/501 669/538/509 1234/324/312
f 523/539/510 1336/540/511 360/541/512
f 786/542/513 1601/543/514 889/262/253
f 801/544/515 136/545/516 1543/546/517
f 1025/547/518 958/548/519 268/549/520
f 106/421/401 76/423/403 481/550/521
f 1858/551/522 481/550/521 90/474/451
f 681/552/523 1315/224/218 1182/553/523
f 223/429/408 42/554/524 2407/555/525
f 108/556/526 36/523/498 100/522/497
f 1632/557/527 269/190/185 988/192/187
f 476/558/528 1537/559/529 1131/560/530
f 2270/112/110 914/111/109 1515/561/531
f 1342/562/532 471/563/533 741/564/534
f 1027/565/535 689/424/404 1649/566/536
f 943/567/537 791/568/538 262/569/539
f 1449/570/540 470/571/541 2371/572/542
f 2328/573/543 1921/574/544 2330/575/545
f 668/109/107 335/576/546 1302/577/547
f 1440/578/548 1660/579/549 977/580/550
f 2187/581/551 367/582/552 1972/583/553
f 81/584/554 2023/432/411 2431/585/555
f 748/586/556 1065/587/557 1272/588/558
f 972/589/559 45/164/160 227/590/560
f 2420/60/58 2334/591/561 10/58/56
f 348/592/562 170/593/563 213/594/564
f 125/595/565 740/596/566 1003/597/567
f 132/598/568 119/599/569 117/600/570
f 152/601/571 813/602/572 2078/603/573
f 118/604/574 81/584/554 2431/585/555
f 1206/605/575 763/606/576 2204/607/577
f 2357/608/578 85/356/342 67/355/341
f 549/609/579 483/610/580 2354/611/581
f 395/612/582 482/613/583 120/614/584
f 920/615/585 2130/616/585 509/617/585
f 1460/618/586 991/619/587 2438/620/588
f 1557/621/589 907/622/590 370/623/591
f 997/624/592 832/71/69 563/625/593
f 2006/626/594 2070/627/595 795/628/596
f 1144/629/597 394/92/90 1546/630/598
f 1192/631/599 573/632/600 2293/633/601
f 2378/634/602 1658/635/603 2292/636/604
f 323/637/605 1088/638/606 1363/639/605
f 1937/640/607 1444/641/608 190/642/609
f 2366/643/610 2140/644/611 1407/645/612
f 1976/646/613 856/647/614 1570/648/615
f 250/365/350 493/649/616 651/650/616
f 899/651/617 2319/652/618 217/653/619
f 295/654/620 1714/655/621 217/656/619
f 128/302/291 275/301/290 1786/657/622
f 1909/447/425 995/658/623 1941/659/624
f 1970/660/625 442/661/626 1184/662/627
f 1551/453/431 1204/452/430 240/663/628
f 1152/664/629 2110/665/630 1115/666/631
f 605/238/230 997/624/592 1471/667/632
f 284/668/633 477/346/332 963/108/106
f 623/669/634 383/670/635 1899/671/636
f 776/672/637 1123/673/638 1982/674/639
f 267/675/640 379/676/641 807/677/642
f 1032/471/449 927/470/448 1874/678/643
f 2216/679/644 1171/680/645 1771/681/646
f 1428/682/647 134/683/648 256/684/204
f 134/683/648 13/685/205 256/684/204
f 2339/686/649 835/687/650 1109/688/651
f 362/28/27 166/30/29 764/689/652
f 19/690/653 1543/546/517 136/545/516
f 1941/659/624 2268/691/654 439/692/655
f 414/693/656 1748/694/657 239/695/658
f 1509/696/659 1181/697/660 704/698/661
f 404/699/662 1678/700/663 40/701/664
f 1824/702/665 700/441/419 2369/703/666
f 139/417/397 2056/704/667 1145/705/668
f 1935/706/669 179/116/114 1648/707/400
f 2417/708/670 310/709/671 154/710/672
f 2110/665/630 1651/711/673 1115/666/631
f 2312/712/674 2310/713/675 169/714/676
f 747/715/677 1594/716/678 944/717/679
f 2417/708/670 2236/718/680 310/709/671
f 1048/719/681 2444/720/682 114/721/683
f 697/722/684 1147/723/685 998/724/686
f 784/725/687 1967/726/688 594/475/452
f 1186/727/689 1353/728/690 663/729/691
f 838/730/692 1947/731/693 840/732/694
f 1343/733/695 1894/734/695 2367/735/695
f 1078/736/696 1200/737/697 301/738/698
f 1010/739/699 374/332/320 1398/740/700
f 346/88/86 2209/282/272 73/89/87
f 1343/733/695 1990/741/701 145/742/702
f 990/743/703 91/744/704 2398/745/705
f 41/746/706 387/747/707 880/748/708
f 41/746/706 880/748/708 853/749/709
f 149/750/710 374/332/320 1198/333/321
f 279/751/711 1417/752/712 857/753/713
f 1235/326/314 150/63/61 2107/754/714
f 1228/755/715 1987/756/716 50/309/297
f 269/190/185 1033/757/717 1693/191/186
f 895/406/388 1017/758/718 1162/759/718
f 1982/674/639 984/760/719 776/672/637
f 117/600/570 2309/761/720 157/762/721
f 982/763/722 31/249/240 153/764/723
f 230/337/324 153/764/723 31/249/240
f 1870/765/724 1205/766/725 142/767/726
f 1622/768/727 782/769/728 2186/770/729
f 2166/771/730 2462/772/731 1014/130/128
f 905/260/251 388/259/250 760/773/732
f 1845/774/733 1974/775/734 1219/776/735
f 1418/777/736 1566/778/737 59/214/209
f 1097/779/738 1887/780/739 157/781/721
f 1371/782/740 406/783/741 1801/784/742
f 1661/100/98 2352/785/743 2361/101/99
f 1459/503/479 948/486/463 186/501/477
f 1600/786/744 77/787/745 1870/765/724
f 130/788/746 639/789/747 779/790/748
f 160/467/445 705/466/444 724/791/749
f 1404/792/750 1136/793/751 2230/794/752
f 556/795/753 24/279/269 2053/796/754
f 2023/432/411 844/797/755 2431/585/555
f 472/313/301 2072/798/756 602/799/757
f 1844/800/758 58/801/759 1538/802/760
f 384/803/761 797/804/762 771/805/761
f 257/806/763 1751/807/764 196/808/765
f 164/809/766 2086/810/767 47/314/302
f 53/811/768 1108/812/769 1000/813/770
f 973/814/771 165/815/772 1143/816/773
f 384/803/761 1229/817/774 613/818/775
f 5/29/28 647/819/776 833/820/777
f 10/58/56 965/821/778 1736/822/779
f 1209/823/780 887/824/781 726/825/782
f 1884/826/783 2048/827/784 1562/487/464
f 2304/828/785 557/151/149 168/150/148
f 1884/826/783 726/825/782 887/824/781
f 2312/712/674 169/714/676 133/829/786
f 646/830/787 1839/831/788 1364/832/788
f 348/592/562 2211/833/789 497/834/790
f 808/835/791 126/836/792 276/837/793
f 2312/712/674 133/829/786 171/838/794
f 179/116/114 671/182/178 871/114/112
f 158/839/795 23/840/94 172/841/796
f 398/842/797 2084/843/798 1156/844/799
f 1/136/134 1528/135/133 1716/845/800
f 481/550/521 80/472/450 90/474/451
f 1261/500/475 529/502/478 509/617/585
f 1209/823/780 1459/503/479 529/502/478
f 537/204/199 938/846/801 750/202/197
f 305/847/802 1538/802/760 1920/848/803
f 72/849/804 485/850/805 1197/851/806
f 598/852/807 1747/853/808 842/854/809
f 672/855/810 660/856/811 2329/857/812
f 607/411/392 1126/858/813 1031/859/814
f 2306/860/815 1491/490/467 918/861/816
f 492/862/817 1417/752/712 279/751/711
f 141/863/818 1310/864/819 179/116/114
f 2310/865/675 141/863/818 698/866/820
f 389/867/821 55/868/822 218/12/12
f 1774/869/823 55/868/822 1129/870/823
f 783/871/824 2354/611/581 483/610/580
f 2309/761/720 1455/872/825 157/762/721
f 1444/641/608 1581/873/826 2359/874/827
f 1960/875/828 574/876/829 1489/877/830
f 1143/816/773 1145/705/668 973/814/771
f 204/878/831 1906/879/832 207/880/833
f 1121/881/834 1471/667/632 2110/665/630
f 1309/882/835 639/789/747 130/788/746
f 52/883/836 233/884/837 1441/885/838
f 425/886/839 52/883/836 1441/885/838
f 1275/887/840 2352/785/743 1661/100/98
f 529/502/478 266/888/841 962/889/842
f 2011/890/843 1902/891/843 927/470/448
f 21/175/171 1876/892/844 2348/893/845
f 2150/894/846 646/830/787 1364/832/788
f 582/895/847 396/896/848 411/897/848
f 2453/898/849 2115/899/850 778/900/851
f 1938/901/852 778/900/851 272/902/853
f 182/903/854 693/904/855 2359/905/827
f 206/906/856 1252/907/857 1231/908/858
f 1688/909/859 191/910/860 1165/911/861
f 2133/912/862 1734/913/863 2274/914/864
f 192/915/865 253/916/866 596/917/867
f 1300/918/868 2251/919/869 1604/920/870
f 1313/921/871 620/922/872 1514/923/873
f 288/924/874 1514/923/873 1218/925/875
f 592/242/234 194/241/233 2021/926/876
f 1838/927/877 951/928/878 791/568/538
f 745/929/879 92/930/880 611/931/881
f 1637/932/882 1338/933/883 13/934/205
f 1256/358/344 1830/935/884 165/815/772
f 247/936/885 2109/937/886 1624/938/887
f 686/939/888 978/87/85 334/86/84
f 1832/940/889 118/604/574 2431/585/555
f 1240/941/890 1003/597/567 1630/942/891
f 1824/702/665 83/943/892 1630/942/891
f 60/944/893 761/945/894 1316/946/894
f 272/902/853 778/900/851 2430/947/895
f 438/948/896 1525/949/897 1856/950/898
f 308/951/899 2009/952/900 2396/953/901
f 1968/954/902 1037/955/903 1561/956/904
f 1366/255/246 955/957/905 1642/958/906
f 345/959/907 1561/956/904 1397/960/908
f 894/961/909 345/959/907 1397/960/908
f 1489/877/830 2432/962/910 488/963/911
f 1231/908/858 1717/964/912 206/906/856
f 79/965/913 541/966/914 1041/967/915
f 575/968/916 1629/969/917 2275/970/918
f 1700/971/919 205/972/920 388/259/250
f 1534/973/921 2094/974/922 1503/975/923
f 1167/976/924 1895/977/925 967/978/924
f 2313/979/926 1473/980/927 69/981/928
f 1820/982/929 79/965/913 1041/967/915
f 29/983/930 1867/984/931 1755/985/932
f 205/972/920 1534/973/921 2176/986/933
f 1941/659/624 995/658/623 2268/691/654
f 209/121/119 1015/987/934 1439/988/935
f 1268/291/281 1553/989/936 184/120/118
f 271/15/14 1685/272/262 12/54/52
f 1732/990/937 1831/991/938 1760/992/939
f 1921/574/544 1437/993/940 2330/575/545
f 209/121/119 54/994/941 2170/995/942
f 212/996/943 1672/320/308 1307/997/944
f 1058/998/945 1556/307/296 214/306/295
f 667/999/946 101/1000/947 297/1001/948
f 1435/1002/949 1896/1003/950 1529/1004/951
f 214/306/295 1456/305/294 1058/998/945
f 988/192/187 1693/191/186 570/1005/952
f 718/1006/953 464/1007/954 418/1008/955
f 1400/1009/956 56/422/402 2225/1010/957
f 608/1011/958 605/238/230 774/1012/959
f 1692/1013/960 1360/1014/961 675/1015/962
f 1313/1016/871 2422/244/236 1695/1017/963
f 144/1018/964 226/1019/965 127/1020/966
f 1928/1021/967 113/1022/968 338/299/288
f 1980/1023/969 977/580/550 1774/869/823
f 1107/1024/970 2154/1025/971 200/1026/972
f 1747/853/808 598/852/807 1671/1027/973
f 1464/1028/974 345/959/907 894/961/909
f 265/1029/975 877/220/214 37/222/216
f 269/190/185 1632/557/527 1161/1030/976
f 1161/1030/976 1632/557/527 1505/1031/977
f 1929/1032/978 1677/292/282 20/1033/979
f 2325/1034/980 2191/1035/980 1973/1036/981
f 223/429/408 2290/1037/982 42/554/524
f 2446/428/407 1812/1038/983 223/429/408
f 215/1039/984 543/1040/985 275/301/290
f 2457/1041/986 1508/1042/986 234/1043/987
f 645/1044/988 244/266/256 991/619/587
f 387/747/707 922/1045/989 880/748/708
f 226/1019/965 217/656/619 127/1020/966
f 295/654/620 217/656/619 519/67/65
f 10/58/56 2334/591/561 965/821/778
f 436/390/372 227/1046/560 1137/1047/990
f 724/791/749 1136/793/751 160/467/445
f 671/1048/178 927/470/448 1425/1049/991
f 791/568/538 2406/1050/992 405/1051/993
f 1066/1052/994 1317/1053/995 2002/20/19
f 2189/1054/996 2128/1055/997 678/1056/997
f 1564/1057/998 2388/1058/999 1017/758/718
f 1003/597/567 1240/941/890 125/595/565
f 1050/1059/1000 696/1060/1001 1696/1061/1002
f 756/1062/1003 1966/1063/1004 2188/1064/1003
f 954/435/414 2137/1065/1005 2219/1066/1006
f 979/1067/1007 73/1068/87 1977/1069/1008
f 73/89/87 1154/1070/1009 535/90/88
f 234/1043/987 369/1071/1010 883/1072/1011
f 1132/1073/1012 1523/426/404 974/425/405
f 715/1074/1013 248/1075/1014 2443/1076/1015
f 849/1077/1016 2131/1078/1017 2178/1079/1018
f 2460/1080/1019 1314/1081/1020 505/1082/1020
f 176/1083/1021 1796/1084/1022 1857/1085/1023
f 237/1086/1024 1496/1087/1025 1025/547/518
f 237/1086/1024 2198/1088/1026 150/1089/61
f 655/1090/1027 301/738/698 1200/737/697
f 2169/1091/1028 655/1090/1027 618/1092/1029
f 1352/1093/1030 382/1094/1031 11/1095/1032
f 945/1096/1033 431/1097/1034 911/1098/1035
f 1733/1099/1036 240/663/628 1567/1100/1037
f 2259/1101/1038 49/1102/1039 754/1103/1040
f 1351/1104/1041 241/1105/1042 1836/1106/1043
f 332/1107/1044 251/1108/1045 852/1109/1046
f 1551/453/431 1878/1110/1047 1956/284/274
f 1086/1111/1048 1472/456/434 654/1112/1049
f 24/279/269 556/795/753 185/1113/1050
f 1153/1114/1051 1727/385/369 743/384/368
f 1128/1115/1052 2438/620/588 1416/265/255
f 2136/1116/1053 536/1117/1054 1561/956/904
f 278/1118/1055 343/1119/1056 245/1120/1057
f 1027/565/535 1649/566/536 278/1118/1055
f 1162/759/718 1017/758/718 2388/1058/999
f 2417/708/670 2297/1121/1058 785/1122/1059
f 247/936/885 1624/938/887 430/1123/1060
f 534/1124/1061 196/808/765 1290/1125/1062
f 1476/1126/1063 66/1127/1064 1361/350/336
f 1372/495/472 399/497/474 2381/1128/1065
f 902/1129/1066 249/434/413 75/394/376
f 249/434/413 996/395/377 75/394/376
f 558/1130/502 723/1131/1067 773/1132/1068
f 1237/1133/1069 1687/1134/1070 651/650/616
f 852/1109/1046 251/1108/1045 520/1135/1071
f 1852/226/219 1491/490/467 1893/1136/1072
f 930/1137/1073 1086/1111/1048 86/1138/1074
f 495/342/328 1903/1139/1075 752/343/329
f 253/916/866 192/915/865 2255/1140/1076
f 1244/1141/1077 2255/1140/1076 698/866/820
f 254/1142/1078 1174/1143/1079 1590/1144/1080
f 287/1145/1081 1900/1146/1082 1497/1147/1083
f 713/1148/1084 535/90/88 1154/1070/1009
f 1138/1149/1085 173/1150/1086 1330/1151/1087
f 85/356/342 1193/1152/1088 1377/1153/457
f 39/1154/456 85/356/342 1377/1153/457
f 1547/1155/1089 2455/1156/1090 2265/1157/1091
f 2036/1158/1092 771/805/761 513/359/345
f 235/1159/1093 1127/1160/1094 494/1161/1095
f 427/369/354 749/180/176 353/179/175
f 1741/1162/1096 232/1163/1097 1217/1164/1098
f 1308/315/303 282/1165/1099 601/1166/1100
f 628/1167/1101 2317/1168/1102 897/1169/1103
f 1194/1170/1104 1979/413/394 816/1171/1104
f 263/1172/1105 283/1173/1106 2097/1174/1105
f 1639/1175/1107 2440/1176/1108 2097/1174/1105
f 111/1177/1109 2080/19/18 262/569/539
f 755/1178/1110 1298/1179/1111 1619/1180/1112
f 763/606/576 283/1173/1106 263/1172/1105
f 261/1181/1113 263/1172/1105 1812/1038/983
f 467/8/8 1480/7/7 1933/1182/1114
f 135/1183/1115 1109/688/651 1802/1184/1116
f 265/1029/975 2149/1185/1117 220/1186/1118
f 1411/1187/1119 2168/115/113 871/114/112
f 186/501/477 266/888/841 529/502/478
f 1931/1188/1120 1052/1189/1121 1051/1190/1122
f 2454/1191/1123 751/1192/1124 134/683/648
f 751/1192/1124 1475/1193/1125 134/683/648
f 375/1194/1126 847/1195/1127 909/1196/1128
f 1631/1197/1129 1819/1198/1130 597/1199/1131
f 843/1200/1132 269/190/185 1586/1201/1133
f 151/1202/1134 269/190/185 843/1200/1132
f 832/71/69 270/1203/1135 2286/72/70
f 2325/1034/980 1973/1036/981 112/1204/1136
f 98/1205/1137 271/15/14 901/53/51
f 12/54/52 901/53/51 271/15/14
f 1077/1206/1138 2331/1207/1139 131/347/333
f 584/1208/1140 1399/1209/1141 642/1210/1142
f 273/1211/1143 920/615/585 1946/1212/1144
f 1548/1213/1145 1692/1013/960 675/1015/962
f 1312/1214/1146 1292/513/488 1647/1215/1147
f 816/1171/1104 1979/413/394 2282/1216/1148
f 543/1040/985 1643/1217/1149 275/301/290
f 1269/66/64 1872/65/63 2026/1218/1150
f 276/837/793 126/836/792 1570/648/615
f 1167/976/924 276/1219/793 1895/977/925
f 1690/1220/1151 535/90/88 713/1148/1084
f 15/1221/1152 2435/1222/1153 1091/1223/1154
f 319/1224/1155 343/1119/1056 278/1118/1055
f 162/1225/1156 1368/1226/1157 691/1227/1158
f 25/1228/1159 2426/1229/1160 48/1230/1161
f 1545/1231/1162 1508/1042/986 718/1006/953
f 1867/984/931 1526/1232/1163 1721/1233/1164
f 684/1234/1165 1009/1235/1166 207/880/833
f 1300/918/868 192/915/865 2251/919/869
f 2255/1140/1076 1450/1236/1167 2231/1237/1168
f 710/1238/1169 1217/1164/1098 2397/1239/1170
f 2391/1240/1171 1593/1241/1172 2399/1242/1173
f 2097/1174/1105 283/1173/1106 1429/1243/1174
f 1430/409/390 1415/408/390 1049/1244/1175
f 1399/1209/1141 1549/1245/1176 1077/1206/1138
f 1549/1245/1176 402/1246/1177 1077/1206/1138
f 1996/1247/1178 1633/1248/1179 836/1249/1180
f 1431/1250/1181 1064/1251/1182 815/1252/1183
f 1696/1061/1002 231/1253/1184 1050/1059/1000
f 1146/1254/1185 633/1255/1186 1294/1256/1187
f 671/182/178 1425/1257/991 1390/1258/1188
f 1916/1259/1189 609/1260/1190 341/482/459
f 1591/1261/1191 124/6/6 288/924/874
f 622/1262/1192 806/1263/1192 491/1264/1193
f 849/1077/1016 2178/1079/1018 737/1265/1194
f 1563/1266/1195 258/1267/1196 737/1265/1194
f 2243/1268/1197 143/1269/1198 1140/1270/1199
f 1140/1270/1199 622/1262/1192 2243/1268/1197
f 1816/1271/1200 1636/505/481 1541/504/480
f 837/1272/1201 2148/1273/1202 1863/1274/1203
f 292/1275/1204 1165/911/861 148/1276/1205
f 855/1277/1206 654/1112/1049 292/1275/1204
f 42/554/524 2290/1037/982 366/1278/1207
f 417/1279/1208 1315/224/218 1180/1280/1209
f 294/352/338 1279/1281/1210 1805/353/339
f 1109/688/651 546/1282/1211 1802/1184/1116
f 826/1283/1212 1135/1284/1213 210/270/260
f 826/1283/1212 210/270/260 1656/1285/1214
f 1259/1286/1215 2353/460/438 1911/459/437
f 897/1169/1103 2317/1168/1102 78/1287/1216
f 696/1288/1001 1845/774/733 1219/776/735
f 1572/1289/1217 101/1290/947 116/1291/1218
f 1716/845/800 1528/135/133 298/1292/1219
f 2014/78/76 393/77/75 1216/1293/1220
f 647/1294/776 1414/1295/1221 1681/1296/1222
f 568/46/44 1667/56/54 2035/47/45
f 2445/1297/1223 300/1298/1224 1520/1299/1225
f 355/1300/1226 1698/124/122 1798/1301/1227
f 301/738/698 595/1302/1228 553/1303/1229
f 1114/1304/1230 1169/1305/1231 1241/1306/1232
f 1626/1307/1233 1666/1308/1234 1482/1309/1235
f 1482/1309/1235 1076/1310/1236 480/1311/1237
f 1952/1312/1238 454/1313/1239 1784/106/104
f 1741/1162/1096 339/1314/1240 232/1163/1097
f 1626/1307/1233 2298/1315/1241 1666/1308/1234
f 910/1316/1242 463/1317/263 1777/1318/1243
f 1920/848/803 1558/1319/1244 305/847/802
f 1453/1320/1245 2127/1321/1246 508/1322/1247
f 699/1323/1248 255/1324/1249 1690/1325/1151
f 712/1326/1250 1243/1327/1251 1138/1149/1085
f 1332/1328/1252 307/1329/1253 1069/21/20
f 1358/1330/1254 2329/857/812 660/856/811
f 1502/1331/1255 874/1332/1256 1536/1333/1257
f 1536/1333/1257 874/1332/1256 356/1334/1258
f 2237/419/399 2416/1335/1259 1202/1336/1260
f 1202/1336/1260 172/841/796 23/840/94
f 140/1337/1261 1532/1338/1262 2236/718/680
f 2280/127/125 1783/126/124 451/1339/1263
f 457/145/143 425/886/839 489/146/144
f 702/246/237 564/1340/1264 721/1341/1265
f 300/1298/1224 2445/1297/1223 312/1342/1266
f 1770/258/249 941/1343/1267 2071/403/385
f 2012/1344/1268 313/1345/1269 1483/1346/1270
f 505/1082/1020 1314/1081/1020 342/1347/1271
f 2000/1348/1272 314/1349/1273 734/1350/1274
f 1050/1059/1000 2271/1351/1275 1270/1352/1276
f 1199/1353/1277 1785/1354/1278 904/1355/1279
f 739/1356/1280 1785/1354/1278 585/1357/1281
f 358/322/310 65/321/309 1897/1358/1282
f 1929/1032/978 477/346/332 1677/292/282
f 1558/1319/1244 1920/848/803 1221/1359/1283
f 602/799/757 1738/1360/1284 472/313/301
f 2217/1361/1285 318/354/340 85/356/342
f 1466/104/102 1404/792/750 2230/794/752
f 224/1362/1286 1368/1226/1157 110/1363/1287
f 1891/1364/1288 1368/1226/1157 162/1225/1156
f 188/165/161 1157/1365/1289 320/1366/1290
f 1582/1367/1291 169/714/676 2310/713/675
f 798/1368/1292 1727/385/369 814/1369/217
f 18/1370/1293 1005/1371/218 2022/1372/1294
f 1725/1373/1295 1856/950/898 1525/949/897
f 725/1374/1296 200/1026/972 2154/1025/971
f 957/1375/1297 1657/1376/1298 1085/1377/1299
f 1656/1285/1214 210/270/260 949/1378/1300
f 2316/1379/1301 445/1380/1302 105/1381/1303
f 1214/1382/1304 1225/1383/1305 1220/1384/1306
f 325/1385/1307 1272/588/558 1065/587/557
f 2087/1386/1308 1532/1338/1262 140/1337/1261
f 326/1387/1309 1033/757/717 2184/1388/1310
f 1075/1389/1311 2186/770/729 782/769/728
f 539/187/182 115/189/184 327/159/156
f 414/693/656 1089/1390/1312 1748/694/657
f 2266/1391/1313 71/1392/1314 811/1393/1315
f 1796/1084/1022 1169/1305/1231 915/1394/1316
f 1589/1395/393 900/1396/1317 490/1397/391
f 1715/463/441 964/1398/1318 968/1399/1319
f 767/1400/1320 2327/440/418 961/439/418
f 700/441/419 928/1401/1321 2369/703/666
f 2300/1402/1322 1613/1403/1323 1054/1404/1324
f 1777/1318/1243 1666/1308/1234 593/1405/1325
f 332/1107/1044 1945/1406/1326 867/1407/1327
f 1006/1408/1328 867/1407/1327 346/1409/86
f 675/1015/962 1511/1410/1329 333/1411/1330
f 270/1203/1135 832/71/69 1511/1410/1329
f 293/1412/1331 866/1413/1331 334/86/84
f 1832/940/889 1639/1175/1107 118/604/574
f 1305/443/421 1474/1414/1332 122/444/422
f 1331/1415/1333 2040/1416/1334 1305/443/421
f 351/25/24 95/27/26 2101/31/30
f 1158/1417/1335 859/1418/1336 484/496/473
f 1707/1419/1337 2374/1420/195 2292/636/604
f 674/1421/1338 1088/638/606 323/637/605
f 1769/1422/1339 218/12/12 55/868/822
f 1769/1422/1339 621/1423/1340 218/12/12
f 2219/1066/1006 2137/1065/1005 303/1424/1341
f 1346/1425/1342 454/1313/1239 232/1163/1097
f 687/1426/1343 451/1339/1263 1783/126/124
f 1651/711/673 2052/1427/1344 1115/666/631
f 341/482/459 1390/1258/1188 1425/1257/991
f 341/482/459 953/1428/1345 39/479/456
f 2147/1429/1346 662/1430/1347 378/74/72
f 108/556/526 100/522/497 2050/1431/1348
f 224/1362/1286 343/1119/1056 319/1224/1155
f 1969/1432/1349 1584/1433/1350 215/1039/984
f 2310/865/675 698/866/820 2255/1140/1076
f 2224/1434/1351 394/1435/90 123/1436/1352
f 1968/954/902 201/275/265 1037/955/903
f 201/275/265 1968/954/902 1898/1437/1353
f 146/1438/1354 346/88/86 535/90/88
f 1670/1439/1355 1010/739/699 346/1409/86
f 2323/1440/1356 347/1441/1357 337/1442/1358
f 347/1441/1357 1501/1443/1359 1760/992/939
f 1270/1352/1276 314/1349/1273 1320/1444/1360
f 1322/1445/1361 213/594/564 297/1001/948
f 2114/1446/1362 349/132/130 421/1447/1363
f 1543/546/517 2114/1446/1362 373/1448/1364
f 1646/1449/1365 1751/807/764 257/806/763
f 1889/485/462 606/488/465 167/483/460
f 264/32/31 2358/1450/1366 351/25/24
f 1736/1451/779 965/1452/778 706/36/34
f 1023/1453/1367 2263/1454/1368 1518/1455/1368
f 354/1456/1369 2343/1457/1370 1994/1458/1370
f 2240/1459/1371 859/1418/1336 102/37/35
f 1708/1460/1372 1713/530/504 1924/169/165
f 352/1461/1373 931/1462/1374 354/1456/1369
f 1229/817/774 2459/1463/1375 613/818/775
f 279/751/711 857/753/713 48/1230/1161
f 2299/1464/1376 1260/1465/1377 1381/257/248
f 625/1466/1378 1759/1467/1379 356/1334/1258
f 783/871/824 679/1468/1380 1442/1469/1381
f 2263/1454/1368 534/1470/1061 2265/1157/1091
f 257/806/763 1224/1471/1382 1646/1449/1365
f 1063/1472/1383 642/1210/1142 1399/1209/1141
f 1943/1473/1384 397/1474/1385 767/1400/1320
f 1638/1475/1386 2253/1476/1387 359/1477/1388
f 1914/1478/1389 359/1477/1388 398/1479/797
f 2383/1480/1390 576/1481/1391 252/457/435
f 252/457/435 1574/1482/1392 2383/1480/1390
f 2055/1483/1393 664/1484/1394 823/1485/1395
f 478/1486/1396 1423/1487/1396 530/1488/1397
f 1807/1489/1398 1701/1490/1399 812/50/48
f 835/687/650 1069/21/20 2193/1491/1400
f 2427/1492/1401 682/1493/1402 1828/404/386
f 2417/708/670 1837/1494/1403 2297/1121/1058
f 216/1495/1404 729/1496/1405 68/1497/1406
f 533/446/424 1560/1498/1407 2372/1499/1408
f 1355/1500/1409 311/1501/1409 1340/1502/1410
f 1024/1503/1411 1609/1504/1412 2238/1505/1413
f 293/1412/1331 701/1506/1414 866/1413/1331
f 1993/1507/1415 978/87/85 2028/1508/1416
f 1972/583/553 367/582/552 653/1509/1417
f 1440/578/548 1552/1510/1418 1002/1511/1419
f 377/1512/1420 368/1513/1421 1756/1514/1422
f 1150/1515/1423 1519/1516/1424 377/1512/1420
f 1710/1517/1425 2434/1518/1426 245/1120/1057
f 2092/1519/1427 504/1520/1428 727/1521/1429
f 1227/1522/1430 225/1523/1431 1460/618/586
f 1420/288/278 1413/1524/1432 1037/955/903
f 365/1525/1433 1355/1500/1409 1340/1502/1410
f 386/1526/1434 1116/1527/1435 1374/1528/1434
f 1092/1529/1436 1359/1530/1437 1790/1531/1438
f 1790/1531/1438 591/198/193 851/344/330
f 862/1532/1439 580/1533/1440 1879/1534/1441
f 664/1484/1394 2055/1483/1393 530/1488/1397
f 1650/330/318 374/332/320 1670/1439/1355
f 374/332/320 1010/739/699 1670/1439/1355
f 1258/1535/1442 1576/1536/1443 1612/1537/1444
f 1341/1538/1445 1809/1539/1446 2073/520/495
f 921/1540/1447 1319/1541/1448 803/1542/1449
f 921/1540/1447 756/1062/1003 2188/1064/1003
f 377/1512/1420 1535/334/321 1150/1515/1423
f 1535/334/321 377/1512/1420 1198/333/321
f 1949/1543/1450 1110/1544/1451 342/1545/1271
f 342/1545/1271 1110/1544/1451 236/1546/1452
f 1502/1331/1255 2009/952/900 308/951/899
f 731/1547/1453 725/1374/1296 1856/950/898
f 2256/1548/1454 499/1549/1455 1448/2/2
f 1273/1550/1456 594/475/452 2142/473/450
f 960/1551/1457 175/1552/1458 1664/134/132
f 1795/1553/1459 1793/1554/1460 1872/65/63
f 1506/1555/1461 1723/1556/1462 641/1557/1463
f 1135/1558/1213 11/1095/1032 641/1557/1463
f 1899/671/636 928/1401/1321 358/322/310
f 700/441/419 358/322/310 928/1401/1321
f 587/1559/1464 1148/1560/1465 772/95/93
f 772/95/93 1565/94/92 587/1559/1464
f 1289/1561/1466 480/1311/1237 385/1562/1467
f 1954/1563/1468 754/1103/1040 49/1102/1039
f 371/1564/1469 386/1526/1434 2039/1565/1470
f 31/249/240 759/248/239 1742/1566/1471
f 53/1567/768 506/1568/1472 1108/1569/769
f 673/1570/1473 645/1571/988 1855/1572/1474
f 1117/261/252 178/235/227 388/259/250
f 2199/1573/1475 1417/752/712 492/862/817
f 2079/1574/1476 1521/1575/1477 55/1576/822
f 1194/1577/1104 260/1578/1478 1134/1579/1479
f 2192/1580/1480 893/1581/1481 390/1582/1482
f 2367/735/695 1894/734/695 2247/1583/1483
f 44/236/228 391/1584/1484 424/1585/1485
f 1454/1586/1486 2446/428/407 94/489/466
f 109/518/493 392/517/492 2055/1483/1393
f 1907/1587/1487 361/152/150 510/1588/1488
f 535/90/88 1728/1589/1489 1327/1590/1490
f 277/1591/1491 810/1592/1492 827/1593/1493
f 1356/1594/1494 123/1436/1352 394/1435/90
f 1356/1595/1494 394/92/90 1144/629/597
f 364/1596/1495 482/613/583 395/612/582
f 1360/1014/961 1692/1013/960 729/1496/1405
f 32/173/169 2346/1597/1496 582/895/847
f 1059/185/181 828/184/180 2348/893/845
f 2327/440/418 767/1400/1320 397/1474/1385
f 2276/1598/1497 818/1599/1497 1550/1600/1498
f 398/1479/797 359/1477/1388 158/1601/795
f 172/841/796 398/842/797 158/839/795
f 1361/1602/336 66/1603/1064 858/1604/1499
f 1788/1605/1500 1361/1602/336 1467/1606/1501
f 2066/1607/1502 2010/157/154 2069/1608/1503
f 434/1609/1504 759/248/239 913/247/238
f 1600/786/744 779/790/748 401/1610/1505
f 1018/118/116 782/769/728 1622/768/727
f 402/1246/1177 730/1611/1506 461/1612/1507
f 2013/1613/1508 940/1614/1509 2453/898/849
f 403/1615/1510 2215/1616/1511 1579/1617/1512
f 114/721/683 403/1615/1510 736/1618/1513
f 404/699/662 1593/1241/1172 765/1619/1514
f 824/1620/1515 709/1621/1516 2375/362/348
f 405/1051/993 470/571/541 1449/570/540
f 1602/230/223 1451/229/222 1627/1622/1517
f 595/1302/1228 152/601/571 553/1303/1229
f 516/1623/1518 1735/1624/1519 2143/1625/1520
f 407/1626/91 394/1435/90 2224/1434/1351
f 2167/1627/1521 869/1628/1522 2335/1629/1523
f 408/377/361 1483/1346/1270 919/378/362
f 2458/1630/1524 2054/1631/1525 1357/477/454
f 1908/1632/1526 1988/1633/1527 869/1628/1522
f 2229/1634/1528 635/1635/1528 281/1636/1529
f 1363/639/605 2315/1637/1530 1457/1638/1531
f 444/1639/1532 806/1263/1192 1291/1640/1533
f 411/1641/848 396/1642/848 1056/1643/1534
f 1127/1160/1094 1669/1644/1535 1056/1643/1534
f 773/1132/1068 1687/1645/1070 412/1646/1536
f 1976/646/613 1570/648/615 2017/1647/1537
f 1734/913/863 1055/1648/1538 821/1649/1539
f 2149/1185/1117 265/1029/975 1734/913/863
f 873/1650/1540 2069/1608/1503 2010/157/154
f 137/1651/1541 704/698/661 1181/697/660
f 1296/1652/1542 225/1523/1431 1184/662/627
f 2182/1653/1543 1855/1654/1474 645/1044/988
f 329/1655/1544 1580/1656/1545 630/1657/1546
f 1445/1658/1547 2068/1659/1548 329/1660/1544
f 1180/1661/1209 1709/1662/1549 417/1663/1208
f 2281/1664/1550 1333/1665/1551 701/1506/1414
f 718/1006/953 418/1008/955 1545/1231/1162
f 528/1666/1552 1775/1667/1553 1545/1231/1162
f 758/1668/461 1757/1669/1554 93/1670/1555
f 1721/1233/1164 1009/1235/1166 1583/1671/1556
f 688/437/416 420/436/415 72/849/804
f 1718/1672/1557 72/849/804 420/436/415
f 381/1673/1558 1558/1319/1244 604/1674/1559
f 349/132/130 1664/134/132 1034/1675/1560
f 1547/1676/1089 1290/1125/1062 422/1677/1561
f 1211/1678/1562 247/936/885 1125/1679/1563
f 2332/1680/1564 1990/741/701 2046/1681/1565
f 1817/1682/1566 1314/1081/1020 1957/1683/1567
f 2355/1684/1568 424/1585/1485 391/1584/1484
f 1588/1685/1569 616/1686/1570 881/1687/1571
f 425/886/839 457/145/143 586/1688/1572
f 290/4/4 649/1689/1573 2390/5/5
f 2455/1690/1090 1481/1691/1574 2265/1692/1091
f 2343/1457/1370 354/1456/1369 931/1462/1374
f 1267/1693/1575 1563/1694/1195 427/369/354
f 1127/1695/1094 640/172/168 1286/171/167
f 426/1696/1576 428/1697/1577 1023/1453/1367
f 26/1698/1578 1384/1699/1579 426/1700/1576
f 429/1701/1580 1591/1261/1191 288/924/874
f 471/563/533 2020/1702/1581 1274/1703/1582
f 354/1456/1369 1386/1704/1583 352/1461/1373
f 354/1456/1369 1994/1458/1370 1125/1679/1563
f 431/1097/1034 945/1096/1033 11/1095/1032
f 431/1097/1034 11/1095/1032 1732/990/937
f 432/1705/1584 1129/1706/823 1282/1707/1585
f 432/1705/1584 1282/1707/1585 672/855/810
f 1133/1708/1586 1028/1709/1587 462/1710/1588
f 863/1711/1589 1082/1712/1590 610/1713/1591
f 1160/1714/1592 434/1609/1504 400/1715/1593
f 144/1018/964 840/732/694 624/1716/1594
f 435/107/105 1784/106/104 1427/1717/1595
f 1223/1718/1596 1966/1063/1004 756/1062/1003
f 30/33/32 436/390/372 7/40/38
f 1652/1719/1597 30/33/32 706/36/34
f 1699/1720/1598 1107/1024/970 200/1026/972
f 2057/1721/1599 578/1722/1600 1094/1723/1601
f 1759/1724/1379 1797/1725/1602 438/948/896
f 1536/1333/1257 356/1334/1258 1759/1467/1379
f 884/1726/1603 799/1727/1604 1679/1728/1605
f 1705/1729/1606 846/1730/1607 2414/1731/1608
f 1442/1469/1381 679/1468/1380 450/1732/1609
f 2357/608/578 67/355/341 1046/1733/1610
f 551/1734/1611 441/1735/1612 313/1345/1269
f 313/1345/1269 441/1735/1612 1817/1682/1566
f 442/1736/626 129/1737/1613 1813/1738/1614
f 1885/1739/1615 673/1570/1473 1855/1572/1474
f 999/1740/1616 2397/1239/1170 1217/1164/1098
f 601/1166/1100 1255/1741/1617 2082/1742/1618
f 278/1118/1055 1311/1743/1619 319/1224/1155
f 278/1118/1055 1649/566/536 2242/1744/1620
f 324/1745/1621 105/1381/1303 445/1380/1302
f 1220/1384/1306 2207/1746/1622 1025/547/518
f 1225/1383/1305 2207/1746/1622 1220/1384/1306
f 2207/1746/1622 1225/1383/1305 2198/1088/1026
f 447/1747/1623 492/862/817 1901/1748/1624
f 2246/1749/1625 1901/1748/1624 1276/237/229
f 659/1750/1626 448/1751/1627 1542/1752/1628
f 437/1753/1629 1542/1752/1628 448/1751/1627
f 236/1546/1452 378/74/72 1840/73/71
f 915/1394/1316 328/1754/1630 2264/1755/1631
f 690/1756/1632 440/1757/1633 728/1758/1634
f 1479/1759/1635 1062/1760/1636 2005/1761/1637
f 451/1339/1263 687/1426/1343 2087/1386/1308
f 1101/1762/1638 1415/408/390 619/407/389
f 780/1763/1639 2437/303/292 128/302/291
f 995/658/623 780/1763/1639 2268/691/654
f 617/1764/1640 1382/1765/1641 453/1766/1642
f 466/1767/1643 636/1768/1644 1388/1769/1643
f 1346/1425/1342 303/1424/1341 1427/1717/1595
f 303/1424/1341 1223/1718/1596 1427/1717/1595
f 1818/1770/1645 212/996/943 732/1771/1646
f 1452/398/380 1375/1772/1647 603/396/378
f 2155/1773/1648 823/1485/1395 664/1484/1394
f 1537/559/529 476/558/528 1515/561/531
f 1609/1504/1412 311/1501/1409 1488/1774/1649
f 311/1501/1409 586/1688/1572 1488/1774/1649
f 959/1775/1650 1306/1776/1651 540/1777/1652
f 62/1778/1653 1067/1779/1654 626/1780/1655
f 942/1781/1656 266/888/841 459/1782/1657
f 1931/1188/1120 459/1782/1657 266/888/841
f 460/1783/1658 458/1784/1659 107/1785/1660
f 1719/1786/1661 852/1109/1046 520/1135/1071
f 189/1787/1662 461/1612/1507 730/1611/1506
f 942/1781/1656 962/889/842 266/888/841
f 2289/431/410 879/430/409 1883/17/16
f 610/1713/1591 1082/1712/1590 433/1788/1663
f 1918/1789/1664 331/1790/1665 1898/1791/1353
f 345/959/907 1464/1028/974 1898/1437/1353
f 2031/1792/1666 1239/1793/1667 56/422/402
f 56/422/402 2146/1794/1668 2031/1792/1666
f 465/216/211 1418/777/736 59/214/209
f 125/595/565 2245/1795/1669 740/596/566
f 466/1767/1643 1264/1796/1670 35/1797/1671
f 1278/1798/1672 1737/1799/1673 1606/1800/1674
f 2329/857/812 432/1705/1584 672/855/810
f 1175/492/469 1780/1801/1675 577/1802/1676
f 468/1803/1677 451/1339/1263 2087/1386/1308
f 2138/1804/1678 896/1805/1679 1415/408/390
f 46/1806/1680 295/654/620 1621/1807/1681
f 1501/1443/1359 1181/697/660 1509/696/659
f 1804/1808/1682 2371/572/542 470/571/541
f 1248/1809/1683 1912/1810/1684 194/241/233
f 2025/143/141 649/1689/1573 290/4/4
f 2020/1702/1581 2025/143/141 290/4/4
f 162/1225/1156 691/1227/1158 716/1811/1685
f 162/1225/1156 1844/800/758 27/1812/1686
f 1367/1813/1687 473/1814/1688 922/1045/989
f 53/1567/768 1608/1815/1689 916/1816/1690
f 474/327/315 1235/326/314 769/328/316
f 61/298/288 1568/1817/1691 338/299/288
f 199/254/245 1378/1818/1692 1366/255/246
f 1263/1819/1693 868/1820/1694 272/902/853
f 1746/1821/1695 109/518/493 476/558/528
f 476/558/528 823/1485/1395 1042/1822/1696
f 1897/1358/1282 65/321/309 477/346/332
f 284/668/633 316/1823/1697 477/346/332
f 1426/1824/1698 1008/1825/1699 446/1826/1700
f 1250/1827/1701 99/203/198 2307/1828/1702
f 1580/1656/1545 329/1655/1544 2068/1829/1548
f 926/1830/1703 1060/1831/1703 2449/1832/1703
f 1484/1833/1704 385/1562/1467 480/1311/1237
f 1054/1404/1324 1613/1403/1323 1694/1834/1705
f 76/423/403 719/399/381 481/550/521
f 481/550/521 298/1292/1219 80/472/450
f 96/1835/1706 1261/500/475 707/499/476
f 2304/828/785 707/499/476 557/151/149
f 549/609/579 181/1836/1707 483/610/580
f 679/1468/1380 1934/1837/1708 1044/1838/1709
f 484/496/473 2411/1839/1710 399/497/474
f 486/370/355 427/369/354 353/179/175
f 1857/1085/1023 692/1840/1711 176/1083/1021
f 176/1083/1021 878/1841/1712 2190/1842/1713
f 1512/1843/1714 2411/1839/1710 484/496/473
f 2240/1459/1371 1713/530/504 1708/1460/1372
f 132/1844/568 1887/780/739 487/1845/1715
f 984/760/719 1982/674/639 659/1750/1626
f 762/1846/1716 1231/908/858 693/904/855
f 1151/1847/1717 2313/979/926 69/981/928
f 1376/144/142 1188/1848/1718 1977/1069/1008
f 1188/1848/1718 979/1067/1007 1977/1069/1008
f 1112/1849/1719 1053/1850/1720 2367/735/695
f 951/928/878 1838/927/877 1912/1851/1684
f 444/1639/1532 491/1264/1193 806/1263/1192
f 2242/1744/1620 1311/1743/1619 278/1118/1055
f 388/259/250 1901/1748/1624 2412/1852/1721
f 2412/1852/1721 1700/971/919 388/259/250
f 818/1599/1497 2423/1853/1722 1550/1600/1498
f 2385/323/311 923/1854/1723 1391/1855/1724
f 494/1161/1095 1905/1856/1725 235/1159/1093
f 188/165/161 600/1857/1726 1157/1365/1289
f 360/541/512 495/342/328 523/539/510
f 523/539/510 1484/1833/1704 1848/1858/1727
f 986/1859/1728 1339/1860/1729 554/1861/1730
f 1060/1831/1703 2179/1862/1731 1339/1860/1729
f 348/592/562 497/834/790 170/593/563
f 892/1863/1732 276/837/793 685/1864/1733
f 1576/1536/1443 1882/1865/1734 1328/1866/1735
f 1882/1865/1734 1853/1867/1736 1022/508/484
f 499/1868/1455 1273/1550/1456 2/1869/1737
f 2/1869/1737 1/136/134 499/1868/1455
f 352/1461/1373 1386/1704/1583 500/1870/1738
f 1023/1453/1367 771/805/761 1222/1871/1739
f 501/295/285 1002/1511/1419 1552/1510/1418
f 1361/350/336 2044/349/335 1476/1126/1063
f 502/80/78 2024/1872/1740 1534/973/921
f 215/1039/984 502/80/78 1969/1432/1349
f 2143/1625/1520 1740/1873/1741 1823/1874/429
f 890/1875/1742 194/241/233 872/243/235
f 727/1521/1429 504/1520/1428 369/1071/1010
f 1969/1432/1349 883/1072/1011 369/1071/1010
f 505/1082/1020 342/1347/1271 236/1876/1452
f 811/1393/1315 236/1876/1452 2266/1391/1313
f 547/1877/1743 916/1816/1690 1367/1813/1687
f 916/1816/1690 1608/1815/1689 1367/1813/1687
f 1211/1678/1562 422/1677/1561 1290/1125/1062
f 1168/1878/1744 422/1677/1561 1211/1678/1562
f 1426/1824/1698 952/1879/1745 1008/1825/1699
f 2114/1446/1362 735/1880/1746 373/1448/1364
f 2130/616/585 795/628/596 509/617/585
f 707/499/476 1477/498/475 120/614/584
f 1510/1881/1747 510/1588/1488 361/152/150
f 1277/516/491 2048/827/784 1510/1881/1747
f 393/77/75 514/1882/1748 1213/1883/1749
f 1925/1884/1750 1698/124/122 1093/123/121
f 512/442/420 1102/1885/1751 1325/1886/1752
f 920/615/585 509/617/585 529/502/478
f 513/359/345 1806/1887/1753 1655/360/346
f 1806/1887/1753 797/804/762 1638/1475/1386
f 393/77/75 860/76/74 514/1882/1748
f 514/1882/1748 1520/1299/1225 300/1298/1224
f 154/710/672 581/1888/1754 515/1889/1755
f 779/790/748 1600/786/744 925/1890/1756
f 553/1303/1229 1735/1624/1519 516/1623/1518
f 1801/784/742 406/783/741 2141/1891/1757
f 837/1272/1201 817/1892/1758 2148/1273/1202
f 1821/1893/1759 1604/920/870 1098/1894/1760
f 506/1568/1472 566/250/241 1108/1569/769
f 1842/1895/1761 2447/195/190 2124/194/189
f 1186/727/689 226/1019/965 1353/728/690
f 1186/727/689 217/656/619 226/1019/965
f 1588/1685/1569 94/489/466 1021/427/406
f 1185/1896/1762 1588/1685/1569 241/1105/1042
f 1367/1813/1687 41/746/706 547/1877/1743
f 853/749/709 1668/1897/1763 41/746/706
f 370/623/591 907/622/590 1013/1898/1764
f 1811/1899/1765 129/1737/1613 572/1900/1766
f 64/263/254 889/262/253 2171/1901/1767
f 64/263/254 2171/1901/1767 1848/1858/1727
f 524/1902/1768 1786/657/622 1530/1903/1769
f 1793/1554/1460 884/1726/1603 1113/1904/1770
f 91/744/704 525/375/359 2360/374/358
f 525/375/359 1662/1905/1771 1888/1906/1772
f 526/1907/1773 362/28/27 546/1282/1211
f 812/50/48 1825/49/47 1807/1489/1398
f 1455/872/825 1803/1908/1774 440/1757/1633
f 1730/1909/1775 229/1910/1776 1860/1911/1777
f 418/1008/955 528/1666/1552 1545/1231/1162
f 689/424/404 1523/426/404 1400/1009/956
f 529/502/478 1102/1885/1751 512/442/420
f 1984/1912/1778 1919/1913/1779 529/502/478
f 746/1914/1780 373/1448/1364 530/1488/1397
f 373/1448/1364 478/1486/1396 530/1488/1397
f 531/361/347 534/1470/1061 357/1915/1781
f 2036/1158/1092 513/359/345 531/361/347
f 70/1916/1782 1981/531/505 532/533/507
f 2376/368/353 1119/170/166 640/172/168
f 533/446/424 995/658/623 1909/447/425
f 2372/1499/1408 631/131/129 533/446/424
f 257/806/763 196/808/765 534/1124/1061
f 1224/1471/1382 257/806/763 534/1124/1061
f 15/1221/1152 1362/1917/1783 2435/1222/1153
f 15/1221/1152 16/331/319 1650/330/318
f 560/1918/1784 875/1919/1785 768/1920/1786
f 1642/958/906 475/1921/1787 768/1920/1786
f 537/204/199 1558/1319/1244 1221/1359/1283
f 1453/1320/1245 1558/1319/1244 2125/1922/1788
f 2229/1923/1528 281/1924/1529 1096/1925/1789
f 817/1892/1758 837/1272/1201 1096/1925/1789
f 1265/1926/1790 2145/1927/1791 2363/336/323
f 1177/158/155 1089/1390/1312 414/693/656
f 1351/1104/1041 1836/1106/1043 540/1777/1652
f 1180/1661/1209 1836/1106/1043 1709/1662/1549
f 1145/1928/668 575/968/916 139/1929/397
f 207/880/833 2015/1930/1792 204/878/831
f 542/1931/1793 386/1526/1434 371/1564/1469
f 371/1564/1469 1024/1503/1411 542/1931/1793
f 1554/304/293 1643/1217/1149 543/1040/985
f 1159/1932/1794 2092/1519/1427 727/1521/1429
f 544/1933/1795 1827/317/305 1577/1934/1796
f 804/1935/1797 1000/1936/770 164/809/766
f 198/1937/1798 83/943/892 545/529/503
f 545/529/503 2043/1938/1799 198/1937/1798
f 546/1282/1211 362/28/27 764/689/652
f 1802/1184/1116 546/1282/1211 764/689/652
f 1071/251/242 547/1877/1743 1948/1939/1800
f 2041/1940/1801 1948/1939/1800 1668/1897/1763
f 1644/535/304 2152/1941/1802 802/1942/1803
f 103/253/244 2095/1943/1804 199/254/245
f 267/675/640 1689/1944/1805 1266/1945/1806
f 1689/1944/1805 751/1192/1124 181/1836/1707
f 1485/1946/1807 2152/1941/1802 103/253/244
f 1366/255/246 1485/1946/1807 103/253/244
f 845/1947/1808 342/1347/1271 2308/1948/1809
f 845/1949/1808 1949/1543/1450 342/1545/1271
f 697/722/684 552/1950/1810 1147/723/685
f 1649/566/536 1196/1951/1811 2242/1744/1620
f 553/1303/1229 2262/1952/1812 1078/736/696
f 553/1303/1229 1078/736/696 301/738/698
f 986/1859/1728 554/1861/1730 2162/1953/1813
f 496/1954/1814 926/1830/1703 1191/1955/1815
f 1233/1956/1816 1683/1957/1817 990/743/703
f 1106/1958/1818 800/461/439 315/1959/1819
f 243/1960/1820 556/795/753 2356/1961/1821
f 2122/1962/1822 243/1960/1820 73/1068/87
f 2049/1963/1823 1499/1964/1824 580/1533/1440
f 1904/1965/1825 1879/1534/1441 580/1533/1440
f 545/529/503 1294/1966/1187 231/1967/1184
f 1294/1256/1187 2210/1968/1826 231/1253/1184
f 1697/1969/1827 1611/1970/1828 107/1785/1660
f 62/1971/1653 626/1972/1655 588/1973/1829
f 1397/960/908 560/1974/1784 2272/1975/1830
f 220/1976/1118 1411/1187/1119 265/1977/975
f 123/1978/1352 1356/1595/1494 2157/1979/1831
f 344/1980/1832 2062/1981/1833 2099/1982/1834
f 1304/1983/1835 1254/252/243 562/205/200
f 562/205/200 521/1984/1836 936/206/201
f 854/290/280 184/120/118 1334/1985/1837
f 1494/122/120 1930/1986/1838 184/120/118
f 564/1340/1264 702/246/237 2390/245/5
f 1704/1987/1839 425/886/839 586/1688/1572
f 2187/581/551 1541/504/480 565/506/482
f 1877/1988/1840 61/298/288 1676/300/289
f 566/250/241 1254/252/243 1304/1983/1835
f 2447/195/190 1842/1895/1761 1718/1672/1557
f 1672/320/308 212/996/943 1556/307/296
f 1375/1772/1647 1232/1989/1841 212/996/943
f 1137/1990/990 227/590/560 568/46/44
f 45/164/160 568/46/44 227/590/560
f 443/1991/1842 569/1992/1843 259/212/207
f 455/1993/1844 259/212/207 569/1992/1843
f 1283/117/115 211/119/117 1456/305/294
f 211/119/117 891/294/284 1456/305/294
f 571/1994/1845 79/965/913 1616/1995/1845
f 571/1994/1845 541/966/914 79/965/913
f 572/1900/1766 1303/1996/1846 1866/1997/1846
f 49/1102/1039 2259/1101/1038 992/1998/1847
f 188/165/161 320/1366/1290 1385/1999/1848
f 1766/2000/1849 2295/2001/1850 976/2002/1851
f 1326/2003/1852 1167/976/924 574/876/829
f 2410/2004/1853 203/2005/1854 488/963/911
f 541/966/914 1629/969/917 2015/1930/1792
f 541/966/914 2015/1930/1792 207/880/833
f 252/457/435 2401/2006/1855 2415/455/433
f 1090/2007/1856 1336/540/511 1035/2008/1857
f 2433/2009/1858 2093/2010/1859 336/2011/1860
f 1805/353/339 2093/2010/1859 467/8/8
f 1226/2012/1861 2418/2013/1862 1500/2014/1863
f 238/2015/1864 1114/1304/1230 1241/1306/1232
f 579/519/494 456/521/496 1631/1197/1129
f 1328/1866/1735 1612/1537/1444 1576/1536/1443
f 580/1533/1440 557/151/149 707/499/476
f 580/1533/1440 2250/2016/1865 557/151/149
f 581/1888/1754 154/710/672 310/709/671
f 687/1426/1343 1532/1338/1262 2087/1386/1308
f 582/895/847 935/174/170 32/173/169
f 70/1916/1782 532/533/507 2239/2017/1866
f 583/11/11 1597/2018/1867 274/2019/1868
f 816/1171/1104 2282/1216/1148 986/1859/1728
f 623/669/634 584/1208/1140 383/670/635
f 189/1787/1662 730/1611/1506 1403/2020/1869
f 585/1357/1281 98/1205/1137 983/2021/1870
f 975/510/486 2314/2022/1871 1615/511/487
f 564/1340/1264 1704/1987/1839 1355/1500/1409
f 564/1340/1264 1355/1500/1409 365/1525/1433
f 587/1559/1464 384/803/761 1148/1560/1465
f 384/803/761 587/1559/1464 797/804/762
f 1611/1970/1828 1697/1969/1827 588/2023/1829
f 1182/2024/523 959/1775/1650 681/2025/523
f 229/1910/1776 1730/1909/1775 589/2026/1872
f 2005/1761/1637 2252/2027/1873 229/1910/1776
f 1811/1899/1765 572/1900/1766 781/2028/1874
f 673/1570/1473 1885/1739/1615 1731/2029/1875
f 1092/1529/1436 2223/2030/1876 1359/1530/1437
f 37/222/216 1354/221/215 104/2031/1877
f 592/242/234 1371/782/740 872/243/235
f 390/1582/1482 2247/1583/1483 1894/734/695
f 683/274/264 463/273/263 910/2032/1242
f 907/622/590 1557/621/589 2373/2033/1878
f 1847/2034/1879 90/474/451 2142/473/450
f 1858/551/522 90/474/451 1859/2035/1880
f 595/1302/1228 1794/2036/1881 238/2015/1864
f 152/601/571 595/1302/1228 813/602/572
f 192/915/865 596/917/867 2251/919/869
f 476/558/528 1881/2037/1882 1515/561/531
f 597/1199/1131 2377/2038/1883 375/1194/1126
f 530/1488/1397 105/1381/1303 2164/2039/1884
f 842/854/809 1318/2040/365 598/852/807
f 807/677/642 14/2041/1885 267/675/640
f 824/1620/1515 599/2042/1886 709/1621/1516
f 1593/1241/1172 2104/2043/1887 2399/1242/1173
f 600/1857/1726 1905/1856/1725 494/1161/1095
f 2150/894/846 2175/2044/1888 1056/1643/1534
f 2235/2045/1889 601/2046/1100 2058/2047/1890
f 1462/2048/1891 601/1166/1100 824/1620/1515
f 58/801/759 602/799/757 2119/2049/1892
f 1228/755/715 1922/2050/1893 885/2051/1894
f 1217/1164/1098 232/1163/1097 603/396/378
f 603/396/378 455/1993/1844 569/1992/1843
f 1558/1319/1244 1453/1320/1245 2102/2052/1895
f 349/132/130 1034/1675/1560 421/1447/1363
f 605/238/230 1471/667/632 1121/881/834
f 1121/881/834 155/239/231 605/238/230
f 1826/2053/1896 606/2054/465 1889/2055/462
f 350/2056/1897 359/1477/1388 1914/1478/1389
f 970/2057/1898 924/2058/1899 296/2059/1900
f 296/2059/1900 897/1169/1103 78/1287/1216
f 68/1497/1406 2303/2060/1901 608/1011/958
f 608/1011/958 774/1012/959 68/1497/1406
f 609/2061/1190 871/2062/112 285/2063/179
f 609/1260/1190 1390/1258/1188 341/482/459
f 1028/1709/1587 610/1713/1591 462/1710/1588
f 1883/17/16 879/430/409 1555/2064/1902
f 611/931/881 92/930/880 228/196/191
f 1633/1248/1179 1030/2065/1903 1653/2066/1904
f 286/2067/1905 612/2068/1906 2271/1351/1275
f 2210/1968/1826 286/2067/1905 231/1253/1184
f 1148/1560/1465 384/803/761 613/818/775
f 165/815/772 1624/938/887 787/2069/1907
f 614/2070/1908 2191/1035/980 2325/1034/980
f 1628/2071/1909 122/444/422 1474/1414/1332
f 615/2072/1910 1100/2073/1911 97/2074/1912
f 1999/62/60 1962/2075/1913 1636/505/481
f 881/1687/1571 616/1686/1570 1276/237/229
f 616/1686/1570 2306/860/815 1276/237/229
f 2244/177/173 1210/176/172 1513/2076/1914
f 715/1074/1013 2178/1079/1018 2134/2077/1915
f 71/1392/1314 328/1754/1630 2296/2078/1916
f 915/1394/1316 1169/1305/1231 328/1754/1630
f 1958/2079/1917 391/1584/1484 1101/1762/1638
f 1958/2079/1917 2355/1684/1568 391/1584/1484
f 1313/921/871 193/2080/1918 620/922/872
f 1218/925/875 2315/1637/1530 1291/1640/1533
f 1753/14/14 1810/13/13 903/512/486
f 61/298/288 1493/2081/1919 1618/2082/1920
f 806/1263/1192 622/1262/1192 288/924/874
f 622/1262/1192 1140/1270/1199 288/924/874
f 1659/2083/1921 2016/2084/1922 623/669/634
f 1659/2083/1921 623/669/634 316/1823/1697
f 144/1018/964 624/1716/1594 434/1609/1504
f 1026/2085/1923 1947/731/693 838/730/692
f 1759/1467/1379 625/1466/1378 119/599/569
f 1745/2086/1924 440/1757/1633 1803/1908/1774
f 1611/1970/1828 588/2023/1829 626/1780/1655
f 1067/1779/1654 559/2087/1925 626/1780/1655
f 1451/229/222 1463/2088/1926 2196/357/343
f 1451/229/222 2088/2089/1927 1627/1622/1517
f 1031/859/814 933/2090/1928 607/411/392
f 1293/2091/1929 933/2090/1928 1031/859/814
f 1503/975/923 2426/1229/1160 25/1228/1159
f 1503/975/923 2094/974/922 956/2092/1930
f 900/1396/1317 1053/1850/1720 490/1397/391
f 2419/2093/1931 1187/2094/1932 2384/2095/1932
f 1014/130/128 208/2096/1933 631/131/129
f 780/1763/1639 995/658/623 208/2096/1933
f 719/399/381 76/423/403 632/2097/1934
f 632/2097/1934 941/1343/1267 312/1342/1266
f 1444/641/608 2366/643/610 1407/645/612
f 286/2067/1905 2210/1968/1826 612/2068/1906
f 517/509/485 634/2098/1935 498/507/483
f 498/507/483 1809/1539/1446 1341/1538/1445
f 1908/1632/1526 635/1635/1528 1988/1633/1527
f 2187/581/551 1972/583/553 2404/2099/1936
f 466/1767/1643 35/1797/1671 636/1768/1644
f 1766/2000/1849 2216/679/644 2295/2001/1850
f 619/407/389 637/2100/1937 1101/1762/1638
f 637/2100/1937 619/407/389 1206/605/575
f 89/168/164 705/466/444 1924/169/165
f 33/371/356 1787/373/356 1301/532/506
f 401/1610/1505 779/790/748 639/789/747
f 1494/122/120 209/121/119 1439/988/935
f 427/369/354 2376/368/353 640/172/168
f 1267/1693/1575 427/369/354 640/172/168
f 1506/1555/1461 641/1557/1463 382/1094/1031
f 382/1094/1031 641/1557/1463 11/1095/1032
f 383/670/635 584/1208/1140 642/1210/1142
f 767/1400/1320 1814/2101/1938 1943/1473/1384
f 415/2102/1939 1287/2103/1940 1281/2104/1941
f 2249/2105/1942 1079/2106/1943 415/2102/1939
f 2340/2107/1944 644/2108/1945 1384/1699/1579
f 644/2108/1945 2340/2107/1944 507/2109/1946
f 1083/267/257 53/811/768 1416/265/255
f 1608/1815/1689 53/1567/768 1083/2110/257
f 646/830/787 1890/2111/1947 169/714/676
f 1032/471/449 1711/2112/1948 2090/469/447
f 10/58/56 1170/2113/1949 1271/2114/1950
f 10/58/56 1736/822/779 1170/2113/1949
f 8/26/25 648/42/40 95/27/26
f 95/27/26 2433/2009/1858 336/2011/1860
f 1665/142/140 425/2115/839 1704/2116/1839
f 52/2117/836 425/2115/839 1665/142/140
f 650/2118/1951 149/750/710 1198/333/321
f 918/861/816 1491/490/467 898/491/468
f 923/1854/1723 2089/2119/1952 493/649/616
f 667/999/946 1365/2120/1953 101/1000/947
f 652/2121/1954 24/279/269 1432/281/271
f 18/1370/1293 2022/1372/1294 321/2122/1955
f 1210/176/172 861/178/174 1702/2123/1956
f 738/91/89 1546/630/598 394/92/90
f 86/1138/1074 1086/1111/1048 654/1112/1049
f 1663/2124/1957 654/1112/1049 855/1277/1206
f 1752/2125/1958 618/1092/1029 655/1090/1027
f 971/2126/1959 1764/2127/1960 2034/2128/1961
f 656/2129/1962 781/2028/1874 572/1900/1766
f 572/1900/1766 992/1998/1847 656/2129/1962
f 40/701/664 657/364/348 1571/2130/1963
f 676/2131/1964 946/2132/1965 700/441/419
f 1433/2133/1966 815/1252/1183 2029/2134/1967
f 745/929/879 1338/933/883 2041/1940/1801
f 659/1750/1626 487/1845/1715 1887/780/739
f 659/1750/1626 987/2135/1968 487/1845/1715
f 1846/2136/1969 1293/2091/1929 1421/2137/1970
f 1293/2091/1929 755/1178/1110 1989/2138/1971
f 1621/1807/1681 661/201/196 46/1806/1680
f 2378/634/602 899/651/617 1658/635/603
f 662/1430/1347 485/850/805 72/849/804
f 485/850/805 662/1430/1347 770/99/97
f 1190/2139/1972 704/698/661 1765/68/66
f 1765/68/66 519/67/65 1190/2139/1972
f 597/1199/1131 2164/2039/1884 2377/2038/1883
f 597/1199/1131 2155/1773/1648 2164/2039/1884
f 255/1324/1249 665/2140/1973 712/1326/1250
f 940/1614/1509 2013/1613/1508 1099/2141/1974
f 962/889/842 942/1781/1656 1468/2142/1975
f 213/594/564 667/999/946 297/1001/948
f 856/647/614 1976/646/613 1896/1003/950
f 1350/345/331 477/346/332 1929/1032/978
f 2040/1416/1334 1331/1415/1333 222/2143/1976
f 101/1290/947 923/2144/1723 116/1291/1218
f 101/1290/947 1365/2145/1953 923/2144/1723
f 670/208/203 658/481/458 256/209/204
f 2029/2134/1967 815/1252/1183 670/2146/203
f 671/1048/178 1874/678/643 927/470/448
f 1310/2147/819 2312/712/674 171/838/794
f 755/1178/1110 672/855/810 1298/1179/1111
f 1282/1707/1585 1521/1575/1477 672/855/810
f 1932/2148/1977 2061/2149/1978 673/1570/1473
f 673/1570/1473 2061/2149/1978 645/1571/988
f 2292/636/604 2374/1420/195 1998/2150/1979
f 826/1283/1212 1656/1285/1214 337/2151/1358
f 1111/2152/1980 273/1211/1143 675/1015/962
f 1946/1212/1144 675/1015/962 273/1211/1143
f 657/364/348 40/701/664 676/2131/1964
f 676/2131/1964 1630/942/891 1003/597/567
f 677/405/387 1828/404/386 682/1493/1402
f 1808/2153/1981 2186/770/729 1868/2154/1982
f 863/1711/1589 678/1056/997 1349/2155/1983
f 863/1711/1589 610/1713/1591 678/1056/997
f 483/610/580 679/1468/1380 783/871/824
f 483/610/580 1043/2156/1984 679/1468/1380
f 1079/2106/1943 680/2157/1985 415/2102/1939
f 673/1570/1473 1731/2029/1875 1932/2148/1977
f 959/1775/1650 540/1777/1652 681/2025/523
f 681/552/523 1180/1280/1209 1315/224/218
f 2186/770/729 1808/2153/1981 682/1493/1402
f 1870/765/724 77/787/745 1205/766/725
f 994/2158/1986 1674/289/279 304/2159/1987
f 910/2032/1242 304/2159/1987 1674/289/279
f 204/878/831 183/2160/1988 1906/879/832
f 1906/879/832 183/2160/1988 2341/2161/145
f 170/593/563 685/1864/1733 213/594/564
f 685/1864/1733 170/593/563 892/1863/1732
f 1040/2162/1989 652/2121/1954 686/939/888
f 1405/2163/1990 844/797/755 1040/2162/1989
f 310/709/671 2052/1427/1344 581/1888/1754
f 2052/1427/1344 1651/711/673 581/1888/1754
f 72/849/804 1197/851/806 688/437/416
f 688/437/416 1712/433/412 82/2164/1991
f 552/1950/1810 689/424/404 1147/723/685
f 1147/723/685 2225/1010/957 56/422/402
f 450/1732/1609 690/1756/1632 1442/1469/1381
f 1046/1733/1610 1507/2165/1992 1422/231/224
f 1291/1640/1533 1311/1743/1619 444/1639/1532
f 2241/2166/1993 444/1639/1532 1311/1743/1619
f 378/74/72 662/1430/1347 1207/75/73
f 1680/2167/1994 878/1841/1712 1747/853/808
f 1492/2168/1995 2261/2169/1996 182/2170/854
f 1151/1847/1717 488/963/911 203/2005/1854
f 694/2171/1997 556/795/753 243/1960/1820
f 556/795/753 694/2171/1997 185/1113/1050
f 695/2172/1998 1460/618/586 2438/620/588
f 1128/1115/1052 695/2172/1998 2438/620/588
f 297/1001/948 101/1000/947 1572/2173/1217
f 297/1001/948 1270/1352/1276 1320/1444/1360
f 1649/566/536 1173/2174/1999 1196/1951/1811
f 143/1269/1198 1274/1703/1582 429/1701/1580
f 179/116/114 698/866/820 141/863/818
f 2165/2175/2000 944/717/679 1594/716/678
f 712/1326/1250 699/1323/1248 1690/1325/1151
f 665/2140/1973 699/1323/1248 712/1326/1250
f 1487/2176/2001 946/2132/1965 138/2177/2002
f 212/996/943 1307/997/944 138/2177/2002
f 366/1278/1207 197/2178/2003 701/1506/1414
f 1724/2179/2004 417/1663/1208 1709/1662/1549
f 1695/1017/963 2422/244/236 702/246/237
f 1374/1528/1434 1080/2180/2005 2030/2181/2006
f 1308/315/303 82/2164/1991 282/1165/1099
f 688/437/416 82/2164/1991 2405/2182/2007
f 1190/2139/1972 873/1650/1540 704/698/661
f 414/693/656 239/695/658 911/1098/1035
f 638/2183/2008 705/466/444 1754/2184/2009
f 705/466/444 1447/2185/2010 1754/2184/2009
f 833/820/777 706/36/34 351/25/24
f 8/26/25 351/25/24 706/36/34
f 707/499/476 2049/1963/1823 580/1533/1440
f 482/613/583 707/499/476 120/614/584
f 1674/289/279 994/2158/1986 708/287/277
f 225/1523/1431 1227/1522/1430 1184/662/627
f 709/1621/1516 1593/1241/1172 404/699/662
f 40/701/664 1571/2130/1963 404/699/662
f 82/2164/1991 710/1238/1169 282/1165/1099
f 954/435/414 2219/1066/1006 1741/1162/1096
f 411/897/848 711/2186/2011 582/895/847
f 1607/2187/2012 935/174/170 582/895/847
f 1975/2188/2013 1243/1327/1251 712/1326/1250
f 713/2189/1084 2321/2190/2014 306/138/136
f 713/2189/1084 1975/2188/2013 712/1326/1250
f 1690/1325/1151 713/2189/1084 712/1326/1250
f 1124/2191/2015 1911/459/437 714/458/436
f 2449/1832/1703 820/2192/2016 479/2193/2017
f 715/1074/1013 2134/2077/1915 1210/176/172
f 17/351/337 2421/2194/177 715/1074/1013
f 691/1227/1158 472/313/301 716/1811/1685
f 472/313/301 1738/1360/1284 1844/800/758
f 601/2046/1100 548/2195/2018 717/2196/2019
f 717/2196/2019 548/2195/2018 868/1820/1694
f 25/1228/1159 718/1006/953 1508/1042/986
f 718/1006/953 25/1228/1159 2076/2197/2020
f 481/550/521 719/399/381 298/1292/1219
f 298/1292/1219 2014/78/76 1716/845/800
f 720/2198/2021 298/1292/1219 719/399/381
f 719/399/381 860/76/74 720/2198/2021
f 365/1525/1433 721/1341/1265 564/1340/1264
f 1337/2199/2022 386/1526/1434 1374/1528/1434
f 2046/1681/1565 722/2200/2023 2332/1680/1564
f 2151/2201/2024 2192/1580/1480 390/1582/1482
f 651/650/616 1687/1134/1070 250/365/350
f 250/365/350 1288/2202/2025 330/366/351
f 89/168/164 724/791/749 705/466/444
f 1419/2203/2026 88/41/39 2230/794/752
f 725/1374/1296 807/2204/642 379/2205/641
f 379/2205/641 322/2206/2027 725/1374/1296
f 2048/827/784 1277/516/491 1562/487/464
f 167/483/460 606/488/465 1562/487/464
f 343/1119/1056 224/1362/1286 1710/1517/1425
f 343/1119/1056 1710/1517/1425 245/1120/1057
f 728/1758/1634 440/1757/1633 1745/2086/1924
f 2394/2207/2028 625/1466/1378 783/871/824
f 364/1596/1495 395/612/582 729/1496/1405
f 533/446/424 364/1596/1495 1560/1498/1407
f 1403/2020/1869 730/1611/1506 1549/1245/1176
f 1549/1245/1176 730/1611/1506 402/1246/1177
f 725/1374/1296 731/1547/1453 1542/1752/1628
f 987/2135/1968 659/1750/1626 1542/1752/1628
f 732/1771/1646 2200/211/206 981/213/208
f 732/1771/1646 212/996/943 138/2177/2002
f 1249/82/80 27/1812/1686 733/83/81
f 939/64/62 1269/66/64 2220/2208/2029
f 734/1350/1274 314/1349/1273 190/642/609
f 1231/908/858 2359/905/827 693/904/855
f 373/1448/1364 735/1880/1746 478/1486/1396
f 1214/1382/1304 1426/1824/1698 446/1826/1700
f 403/1615/1510 2297/1121/1058 736/1618/1513
f 1130/2209/2030 2444/720/682 1048/719/681
f 2336/2210/2031 737/1265/1194 258/1267/1196
f 2336/2210/2031 849/1077/1016 737/1265/1194
f 653/1509/1417 2167/1627/1521 2335/1629/1523
f 861/178/174 1443/2211/2032 1434/2212/2033
f 2333/2213/2034 1057/2214/2035 1662/1905/1771
f 2333/2213/2034 1662/1905/1771 555/2215/2036
f 465/216/211 740/596/566 2413/2216/2037
f 465/216/211 1516/215/210 1504/2217/2038
f 784/725/687 741/564/534 2248/2218/2039
f 1274/1703/1582 1196/1951/1811 2248/2218/2039
f 742/51/49 5/29/28 362/28/27
f 742/51/49 647/819/776 5/29/28
f 743/384/368 2368/386/370 1983/280/270
f 694/2171/1997 743/384/368 185/1113/1050
f 2075/2219/2040 744/153/151 2033/161/158
f 744/153/151 2075/2219/2040 1084/188/183
f 745/929/879 1389/2220/2041 195/2221/2042
f 1338/933/883 745/929/879 195/2221/2042
f 1510/1881/1747 2250/2016/1865 2055/1483/1393
f 580/1533/1440 862/1532/1439 2250/2016/1865
f 1594/716/678 747/715/677 950/2222/2043
f 950/2222/2043 2270/112/110 1515/561/531
f 748/586/556 1272/588/558 785/1122/1059
f 403/1615/1510 1579/1617/1512 748/586/556
f 248/1075/1014 1563/1266/1195 2443/1076/1015
f 1563/1266/1195 737/1265/1194 289/2223/2044
f 750/202/197 446/1826/1700 99/203/198
f 50/309/297 446/1826/1700 750/202/197
f 1689/1944/1805 267/675/640 751/1192/1124
f 1475/1193/1125 751/1192/1124 267/675/640
f 1903/1139/1075 1574/1482/1392 752/343/329
f 1245/286/276 1991/2224/2045 1956/284/274
f 753/2225/2046 2433/2009/1858 1158/1417/1335
f 577/1802/1676 1780/1801/1675 2093/2010/1859
f 754/1103/1040 240/663/628 1733/1099/1036
f 1623/285/275 1956/284/274 1878/1110/1047
f 2442/2226/2047 755/1178/1110 1293/2091/1929
f 660/856/811 672/855/810 755/1178/1110
f 435/107/105 756/1062/1003 376/105/103
f 756/1062/1003 921/1540/1447 803/1542/1449
f 757/338/325 1082/1712/1590 1380/339/326
f 1742/1566/1471 838/730/692 2234/2227/2048
f 167/483/460 280/2228/2049 758/484/461
f 1583/1671/1556 280/2228/2049 1721/1233/1164
f 1026/2085/1923 838/730/692 1640/2229/2050
f 1742/1566/1471 1640/2229/2050 838/730/692
f 760/773/732 388/259/250 205/972/920
f 205/972/920 2176/986/933 760/773/732
f 761/945/894 60/944/893 2126/2230/2051
f 768/1920/1786 475/1921/1787 761/945/894
f 1717/964/912 1720/2231/2052 206/906/856
f 1717/964/912 789/2232/2053 2370/2233/2054
f 763/606/576 263/1172/1105 261/1181/1113
f 763/606/576 2446/428/407 2204/607/577
f 1871/2234/2055 264/32/31 2101/31/30
f 2358/1450/1366 264/32/31 1871/2234/2055
f 2200/211/206 732/1771/1646 138/2177/2002
f 138/2177/2002 946/2132/1965 1678/700/663
f 92/930/880 745/929/879 766/2235/2056
f 228/196/191 92/930/880 792/197/192
f 767/1400/1320 961/439/418 83/943/892
f 767/1400/1320 83/943/892 1814/2101/1938
f 761/945/894 1927/2236/2057 768/1920/1786
f 768/1920/1786 1927/2236/2057 560/1918/1784
f 769/328/316 1782/2237/258 210/2238/260
f 150/63/61 2198/2239/1026 2107/754/714
f 1743/97/95 770/99/97 100/522/497
f 2050/1431/1348 100/522/497 2144/2240/2058
f 771/805/761 1023/1453/1367 500/1870/1738
f 384/803/761 771/805/761 1229/817/774
f 23/96/94 772/95/93 163/416/396
f 2056/704/667 973/814/771 1145/705/668
f 2017/1647/1537 1570/648/615 126/836/792
f 1407/2241/612 2140/2242/611 126/836/792
f 216/1495/1404 68/1497/1406 1835/2243/2059
f 631/131/129 2372/1499/1408 1835/2243/2059
f 1761/464/442 1776/2244/2060 1767/38/36
f 1776/2244/2060 88/41/39 1419/2203/2026
f 1887/780/739 1097/779/738 776/672/637
f 152/601/571 2078/603/573 776/672/637
f 643/2245/2061 777/2246/2062 1142/454/432
f 777/2246/2062 643/2245/2061 590/2247/2063
f 778/900/851 2115/899/850 60/944/893
f 1316/946/894 778/900/851 60/944/893
f 1944/2248/2064 515/1889/1755 779/790/748
f 779/790/748 515/1889/1755 130/788/746
f 2024/1872/1740 780/1763/1639 1534/973/921
f 208/2096/1933 1534/973/921 780/1763/1639
f 781/2028/1874 777/2246/2062 590/2247/2063
f 781/2028/1874 1733/1099/1036 1567/1100/1037
f 326/1387/1309 2091/2249/2065 570/1005/952
f 865/2250/2066 2091/2249/2065 326/1387/1309
f 783/871/824 625/1466/1378 2350/2251/2067
f 2350/2251/2067 2354/611/581 783/871/824
f 1342/562/532 741/564/534 784/725/687
f 52/2117/836 784/725/687 233/2252/837
f 403/1615/1510 748/586/556 785/1122/1059
f 785/1122/1059 2297/1121/1058 2461/2253/2068
f 1772/2254/2069 1336/540/511 1605/2255/2070
f 1336/540/511 1772/2254/2069 1035/2008/1857
f 165/815/772 787/2069/1907 1256/358/344
f 1290/1125/1062 196/808/765 2109/937/886
f 889/262/253 1691/264/253 1918/1789/1664
f 220/1186/1118 821/1649/1539 1253/2256/2071
f 1492/2168/1995 2212/2257/2072 2261/2169/1996
f 762/2258/1716 693/2259/855 2212/2257/2072
f 2439/2260/2073 788/2261/2074 2326/2262/2073
f 1253/2256/2071 788/2261/2074 1257/2263/2075
f 111/1177/1109 262/569/539 791/568/538
f 791/568/538 405/1051/993 111/1177/1109
f 92/930/880 766/2235/2056 792/197/192
f 792/197/192 766/2235/2056 1668/1897/1763
f 793/2264/2076 917/9/9 467/8/8
f 467/8/8 2093/2010/1859 1780/1801/1675
f 1317/1053/995 1066/1052/994 2252/2027/1873
f 229/1910/1776 2252/2027/1873 1066/1052/994
f 120/614/584 795/628/596 2070/627/595
f 795/628/596 120/614/584 1477/498/475
f 361/152/150 1907/1587/1487 2301/2265/2077
f 2003/2266/2078 96/1835/1706 2301/2265/2077
f 797/804/762 513/359/345 771/805/761
f 1806/1887/1753 513/359/345 797/804/762
f 1983/280/270 798/1368/1292 321/2122/1955
f 814/1369/217 321/2122/1955 798/1368/1292
f 1001/2267/2079 799/1727/1604 960/1551/1457
f 1679/1728/1605 799/1727/1604 1001/2267/2079
f 1834/2268/2080 1620/2269/2081 1495/2270/2082
f 1495/2270/2082 2333/2213/2034 555/2215/2036
f 373/1448/1364 801/544/515 1543/546/517
f 373/1448/1364 746/1914/1780 1879/1534/1441
f 2152/1941/1802 1485/1946/1807 802/1942/1803
f 550/318/306 1827/317/305 1763/536/508
f 1319/1541/1448 376/105/103 803/1542/1449
f 803/1542/1449 376/105/103 756/1062/1003
f 47/314/302 804/1935/1797 164/809/766
f 47/534/302 1763/536/508 804/2271/1797
f 784/725/687 594/475/452 805/388/371
f 784/725/687 805/388/371 1939/387/3
f 1218/925/875 620/922/872 1230/2272/2083
f 620/922/872 1218/925/875 1514/923/873
f 14/2273/1885 807/2204/642 598/852/807
f 2154/1025/971 1107/1024/970 598/852/807
f 126/836/792 808/835/791 1407/2241/612
f 1492/2168/1995 182/2170/854 1489/877/830
f 153/764/723 230/337/324 809/2274/2084
f 1379/2275/2085 809/2274/2084 539/187/182
f 810/1592/1492 255/1324/1249 712/1326/1250
f 810/1592/1492 277/1591/1491 255/1324/1249
f 505/1082/1020 236/1876/1452 811/1393/1315
f 2460/1080/1019 505/1082/1020 2448/2276/2086
f 1701/1490/1399 2081/44/42 812/50/48
f 812/50/48 1971/2277/46 742/51/49
f 238/2015/1864 813/602/572 595/1302/1228
f 2194/2278/2087 238/2015/1864 2291/2279/2088
f 1005/225/218 18/2280/1293 814/223/217
f 814/1369/217 18/1370/1293 321/2122/1955
f 670/2146/203 815/1252/1183 658/2281/458
f 815/1252/1183 609/2061/1190 1916/2282/1189
f 986/1859/1728 2162/1953/1813 816/1171/1104
f 1194/1170/1104 816/1171/1104 496/1954/1814
f 517/509/485 1821/1893/1759 634/2098/1935
f 1821/1893/1759 2037/2283/2089 1016/2284/2090
f 131/347/333 2385/323/311 2276/1598/1497
f 2385/323/311 131/347/333 1234/324/312
f 1764/2127/1960 971/2126/1959 819/2285/2091
f 71/1392/1314 1957/1683/1567 2448/2276/2086
f 479/2193/2017 820/2192/2016 416/514/489
f 416/514/489 1060/1831/1703 87/515/490
f 413/2286/2092 1531/2287/2093 1392/2288/2094
f 413/2286/2092 1392/2288/2094 1641/2289/2095
f 2360/374/358 2398/745/705 91/744/704
f 819/2285/2091 971/2126/1959 1986/2290/2096
f 823/1485/1395 109/518/493 2055/1483/1393
f 109/518/493 823/1485/1395 476/558/528
f 2082/1742/1618 1011/2291/2097 601/1166/1100
f 1011/2291/2097 2104/2043/1887 599/2042/1886
f 561/2292/2098 2255/2293/1076 825/2294/2099
f 2310/713/675 1176/2295/2100 1582/1367/1291
f 826/2296/1212 337/1442/1358 347/1441/1357
f 1831/991/938 1732/990/937 826/2296/1212
f 1330/1151/1087 173/1150/1086 393/77/75
f 393/77/75 1091/1223/1154 2435/1222/1153
f 2346/1597/1496 2348/893/845 828/184/180
f 2150/894/846 1056/1643/1534 396/1642/848
f 463/1317/263 1299/2297/2101 829/2298/2102
f 829/2298/2102 1613/1403/1323 2300/1402/1322
f 1175/492/469 830/494/471 1129/1706/823
f 2269/2299/2103 858/1604/1499 1980/2300/969
f 2337/2301/2104 831/232/225 219/234/226
f 2291/2279/2088 238/2015/1864 2132/2302/2105
f 832/71/69 333/1411/1330 1511/1410/1329
f 997/624/592 1548/1213/1145 832/71/69
f 2358/1450/1366 833/820/777 351/25/24
f 5/29/28 833/820/777 1799/2303/2106
f 1212/2304/2107 1202/1336/1260 23/840/94
f 2322/2305/398 139/2306/397 1212/2304/2107
f 1332/1328/1252 1069/21/20 835/687/650
f 917/9/9 793/2264/2076 1585/2307/2108
f 836/1249/1180 871/2062/112 1064/1251/1182
f 265/1029/975 836/1249/1180 877/220/214
f 1096/1925/1789 837/1272/1201 291/2308/2109
f 1100/2073/1911 615/2072/1910 291/2308/2109
f 1116/1527/1435 386/1526/1434 838/730/692
f 838/730/692 386/1526/1434 542/1931/1793
f 1020/2309/2110 2053/796/754 839/16/15
f 844/797/755 2053/796/754 24/279/269
f 127/1020/966 840/732/694 144/1018/964
f 1374/1528/1434 1936/2310/2111 1080/2180/2005
f 2161/2311/2112 841/2312/2113 2108/2313/2114
f 1426/1824/1698 841/2312/2113 952/1879/1745
f 842/2314/809 1747/2315/808 72/849/804
f 2059/383/367 72/849/804 1718/1672/1557
f 1586/1201/1133 1265/1926/1790 1370/2316/2115
f 1265/1926/1790 2363/336/323 1370/2316/2115
f 839/16/15 2053/796/754 844/797/755
f 2289/431/410 1883/17/16 839/16/15
f 2308/1948/1809 551/1734/1611 1280/2317/2116
f 2012/1344/1268 2018/2318/2117 313/1345/1269
f 1904/1965/1825 846/1730/1607 1705/1729/1606
f 1499/1964/1824 1904/1965/1825 580/1533/1440
f 324/1745/1621 847/1195/1127 105/1381/1303
f 847/1195/1127 2164/2039/1884 105/1381/1303
f 1726/2319/2118 1280/2320/2116 848/524/159
f 2012/1344/1268 1280/2317/2116 2018/2318/2117
f 1192/631/599 849/1077/1016 573/632/600
f 2336/2210/2031 573/632/600 849/1077/1016
f 2021/926/876 2367/735/695 2247/1583/1483
f 1833/2321/2119 2367/735/695 1912/1810/1684
f 1668/1897/1763 1948/1939/1800 547/1877/1743
f 1668/1897/1763 547/1877/1743 41/746/706
f 1945/1406/1326 460/1783/1658 107/1785/1660
f 1067/1779/1654 867/1407/1327 1945/1406/1326
f 2201/2322/2120 1790/1531/1438 851/344/330
f 372/2323/2121 1892/2324/2122 1122/2325/2123
f 854/290/280 1334/1985/1837 2286/72/70
f 112/1204/1136 2328/573/543 912/2326/2124
f 292/1275/1204 148/1276/1205 855/1277/1206
f 148/1276/1205 680/2157/1985 1079/2106/1943
f 213/594/564 685/1864/1733 856/647/614
f 667/999/946 213/594/564 856/647/614
f 2299/1464/1376 355/1300/1226 1798/1301/1227
f 368/1513/1421 2117/125/123 1756/1514/1422
f 399/497/474 858/1604/1499 2381/1128/1065
f 2411/1839/1710 1467/1606/1501 399/497/474
f 1158/1417/1335 2433/2009/1858 859/1418/1336
f 1761/464/442 1767/38/36 2433/2009/1858
f 514/1882/1748 2386/2327/2125 1520/1299/1225
f 2386/2327/2125 719/399/381 511/401/383
f 1278/1798/1672 34/2328/2126 861/178/174
f 1443/2211/2032 861/178/174 34/2328/2126
f 2055/1483/1393 2250/2016/1865 862/1532/1439
f 862/1532/1439 1879/1534/1441 746/1914/1780
f 1349/2155/1983 1380/339/326 863/1711/1589
f 1380/339/326 1082/1712/1590 863/1711/1589
f 849/1077/1016 617/1764/1640 1486/2329/2127
f 453/1766/1642 1486/2329/2127 617/1764/1640
f 2173/2330/2128 865/2250/2066 326/1387/1309
f 1808/2153/1981 1868/2154/1982 895/406/388
f 197/2178/2003 866/1413/1331 701/1506/1414
f 1639/1175/1107 1812/1038/983 2440/1176/1108
f 1067/1779/1654 1315/2331/218 867/1407/1327
f 1315/224/218 1578/283/273 2209/282/272
f 199/254/245 717/2196/2019 868/1820/1694
f 868/1820/1694 1263/1819/1693 1412/2332/2129
f 407/93/91 876/2333/2130 869/1628/1522
f 2167/1627/1521 407/93/91 869/1628/1522
f 574/876/829 870/2334/2131 1489/877/830
f 574/876/829 1167/976/924 870/2334/2131
f 265/1029/975 871/2062/112 836/1249/1180
f 1411/1187/1119 871/114/112 265/1977/975
f 2141/1891/1757 503/2335/2132 1801/784/742
f 1823/1874/429 1801/784/742 503/2335/2132
f 2392/2336/2133 414/693/656 908/2337/2134
f 414/693/656 2395/156/153 1177/158/155
f 1502/1331/1255 308/951/899 874/1332/1256
f 2354/611/581 308/951/899 2396/953/901
f 536/1117/1054 1577/2338/1796 875/2339/1785
f 1397/960/908 875/2339/1785 560/1974/1784
f 1450/1236/1167 1992/2340/2135 876/2341/2130
f 869/1628/1522 876/2333/2130 1908/1632/1526
f 1633/1248/1179 877/220/214 836/1249/1180
f 1354/221/215 877/220/214 1347/2342/2136
f 692/1840/1711 1747/853/808 878/1841/1712
f 878/1841/1712 176/1083/1021 692/1840/1711
f 1555/2064/1902 879/430/409 2121/2343/2137
f 879/430/409 2232/2344/2138 2444/720/682
f 880/748/708 680/2157/1985 148/1276/1205
f 1165/911/861 880/748/708 148/1276/1205
f 1588/1685/1569 881/1687/1571 94/489/466
f 2355/1684/1568 1958/2079/1917 94/489/466
f 1824/702/665 882/2345/2139 83/943/892
f 83/943/892 882/2345/2139 1814/2101/1938
f 883/1072/1011 1969/1432/1349 502/80/78
f 502/80/78 629/79/77 1139/2346/2140
f 846/1730/1607 1074/2347/2141 2414/1731/1608
f 2414/1731/1608 1074/2347/2141 524/1902/1768
f 2118/2348/2142 602/799/757 2004/2349/2143
f 957/1375/1297 2004/2349/2143 1657/1376/1298
f 886/325/313 1234/324/312 669/538/509
f 2385/323/311 886/325/313 923/1854/1723
f 1209/823/780 96/1835/1706 887/824/781
f 2003/2266/2078 887/824/781 96/1835/1706
f 1654/2350/2144 93/1670/1555 1757/1669/1554
f 1256/358/344 1910/2351/2145 1654/2350/2144
f 889/262/253 1531/2287/2093 413/2286/2092
f 413/2286/2092 786/542/513 889/262/253
f 2019/2352/2146 1823/1874/429 1740/1873/1741
f 1823/451/429 2019/2353/2146 527/2354/2147
f 891/294/284 20/1033/979 1677/292/282
f 112/1204/1136 1973/1036/981 2328/573/543
f 170/593/563 497/834/790 892/1863/1732
f 1252/907/857 967/978/924 1895/977/925
f 1178/2355/2148 1078/736/696 893/1581/1481
f 406/783/741 1371/782/740 893/1581/1481
f 1257/2356/2075 788/2357/2074 894/961/909
f 560/1974/1784 220/2358/1118 2272/1975/1830
f 1868/2154/1982 63/2359/2149 1915/2360/2150
f 1915/2360/2150 63/2359/2149 1017/758/718
f 1049/1244/1175 1429/1243/1174 1430/409/390
f 81/584/554 1579/1617/1512 2023/432/411
f 1409/2361/2151 1749/2362/2152 897/1169/1103
f 897/1169/1103 296/2059/1900 1409/2361/2151
f 149/750/710 650/2118/1951 1815/2363/2153
f 2351/2364/2154 1402/228/221 1603/2365/2155
f 899/2366/617 46/1806/1680 1658/2367/603
f 1714/655/621 899/2366/617 217/656/619
f 1589/1395/393 630/1657/1546 900/1396/1317
f 2424/462/440 2364/2368/2156 2279/2369/2157
f 2060/376/360 525/375/359 983/2021/1870
f 525/375/359 1888/1906/1772 983/2021/1870
f 221/2370/2158 902/1129/1066 1505/1031/977
f 2188/1064/1003 902/1129/1066 921/1540/1447
f 1461/2371/2159 1618/2082/1920 1312/1214/1146
f 1568/1817/1691 61/298/288 1618/2082/1920
f 1312/1214/1146 274/2019/1868 1461/2371/2159
f 274/2019/1868 1312/1214/1146 1647/1215/1147
f 1524/2372/2160 905/260/251 155/239/231
f 2166/771/730 1014/130/128 2345/2373/2161
f 210/2238/260 906/329/317 769/328/316
f 1685/272/262 210/2238/260 1135/2374/1213
f 522/2375/2162 907/2376/590 2221/2377/2163
f 1013/1898/1764 907/622/590 2098/2378/2164
f 908/2337/2134 1509/696/659 2379/2379/2165
f 908/2337/2134 2379/2379/2165 2392/2336/2133
f 909/1196/1128 847/1195/1127 324/1745/1621
f 1965/2380/2166 268/549/520 1258/1535/1442
f 1777/1318/1243 593/1405/1325 910/1316/1242
f 907/2376/590 2373/2381/1878 2221/2377/2163
f 908/2337/2134 414/693/656 911/1098/1035
f 911/1098/1035 431/1097/1034 908/2337/2134
f 854/290/280 912/2326/2124 1268/291/281
f 112/1204/1136 912/2326/2124 854/290/280
f 400/1715/1593 434/1609/1504 913/247/238
f 1177/158/155 2010/157/154 1744/2382/2167
f 1867/984/931 29/983/930 1526/1232/1163
f 1526/1232/1163 1537/559/529 1515/561/531
f 449/2383/2168 915/1394/1316 2264/1755/1631
f 915/1394/1316 1857/1085/1023 1796/1084/1022
f 53/1567/768 916/1816/1690 506/1568/1472
f 547/1877/1743 506/1568/1472 916/1816/1690
f 177/2384/2169 835/687/650 1596/2385/2170
f 2339/686/649 1596/2385/2170 835/687/650
f 1815/2363/2153 650/2118/1951 918/861/816
f 857/753/713 1417/752/712 650/2118/1951
f 1483/1346/1270 313/1345/1269 919/378/362
f 1238/2386/2171 919/378/362 313/1345/1269
f 920/615/585 512/442/420 2227/2387/2172
f 512/442/420 920/615/585 529/502/478
f 921/1540/1447 221/2370/2158 1319/1541/1448
f 921/1540/1447 902/1129/1066 221/2370/2158
f 922/1045/989 680/2157/1985 880/748/708
f 1731/2029/1875 680/2157/1985 1932/2148/1977
f 1575/526/500 116/1291/1218 923/2144/1723
f 886/325/313 669/538/509 923/1854/1723
f 329/1660/1544 607/411/392 1445/1658/1547
f 607/411/392 1749/2362/2152 1409/2361/2151
f 142/767/726 154/710/672 1870/765/724
f 1944/2248/2064 154/710/672 515/1889/1755
f 2179/1862/1731 1060/1831/1703 926/1830/1703
f 496/1954/1814 2179/1862/1731 926/1830/1703
f 1900/1146/1082 1425/1049/991 927/470/448
f 254/1142/1078 927/470/448 1902/891/843
f 928/1401/1321 1814/2101/1938 2369/703/666
f 383/670/635 928/1401/1321 1899/671/636
f 1344/2388/2173 953/1428/1345 2105/2389/2174
f 1404/792/750 1458/2390/2175 1373/2391/2176
f 242/2392/2177 930/1137/1073 86/1138/1074
f 1574/1482/1392 242/2392/2177 1991/2224/2045
f 2343/1457/1370 931/1462/1374 1384/1699/1579
f 931/1462/1374 352/1461/1373 428/1697/1577
f 367/582/552 932/2393/2178 1773/2394/2179
f 2177/2395/2180 1773/2394/2179 932/2393/2178
f 1749/2362/2152 607/411/392 933/2090/1928
f 628/1167/1101 1619/1180/1112 1298/1179/1111
f 934/2396/2181 747/715/677 944/717/679
f 1820/982/929 934/2396/2181 79/965/913
f 1787/373/356 1781/372/357 935/174/170
f 935/174/170 1607/2187/2012 532/533/507
f 521/1984/1836 2041/1940/1801 936/206/201
f 1338/933/883 1637/932/882 2041/1940/1801
f 937/2397/181 646/830/787 2150/894/846
f 1711/2398/1948 1890/2111/1947 646/830/787
f 2305/310/298 1942/2399/2182 317/2400/2183
f 2119/2049/1892 1221/1359/1283 58/801/759
f 1538/802/760 305/847/802 1795/1553/1459
f 799/1727/1604 1795/1553/1459 960/1551/1457
f 1051/1190/1122 60/944/893 940/1614/1509
f 1051/1190/1122 940/1614/1509 1099/2141/1974
f 632/2097/1934 76/423/403 941/1343/1267
f 76/423/403 56/422/402 1239/1793/1667
f 666/2401/2184 1468/2142/1975 942/1781/1656
f 459/1782/1657 666/2401/2184 942/1781/1656
f 943/567/537 1833/2402/2119 791/568/538
f 607/411/392 490/410/391 1126/858/813
f 944/717/679 79/965/913 934/2396/2181
f 79/965/913 944/717/679 1616/1995/1845
f 945/1096/1033 911/1098/1035 239/695/658
f 945/1096/1033 1352/1093/1030 11/1095/1032
f 946/2132/1965 676/2131/1964 40/701/664
f 40/701/664 1678/700/663 946/2132/1965
f 947/2403/2185 245/1120/1057 2434/1518/1426
f 2085/2404/2186 369/1071/1010 234/1043/987
f 1156/844/799 2084/843/798 948/486/463
f 2352/785/743 186/501/477 948/486/463
f 1959/269/259 949/1378/1300 210/270/260
f 957/1375/1297 1085/1377/1299 1242/2405/2187
f 253/916/866 950/2222/2043 596/917/867
f 950/2222/2043 1244/1141/1077 1594/716/678
f 470/571/541 405/1051/993 2406/1050/992
f 2103/2406/2188 1251/2407/2189 470/571/541
f 2161/2311/2112 952/1879/1745 841/2312/2113
f 2127/1321/1246 952/1879/1745 508/1322/1247
f 287/1145/1081 953/2408/1345 1900/1146/1082
f 2105/2409/2174 953/2408/1345 287/1145/1081
f 1712/433/412 954/435/414 82/2164/1991
f 954/435/414 1741/1162/1096 82/2164/1991
f 475/1921/1787 1642/958/906 955/957/905
f 1263/1819/1693 272/902/853 2430/947/895
f 205/972/920 1700/971/919 956/2092/1930
f 2426/1229/1160 279/751/711 48/1230/1161
f 38/308/297 2004/2349/2143 957/1375/1297
f 2083/2410/2190 957/1375/1297 1242/2405/2187
f 150/1089/61 1496/1087/1025 237/1086/1024
f 1863/1274/1203 1496/1087/1025 150/1089/61
f 588/2023/1829 1697/1969/1827 959/1775/1650
f 1306/1776/1651 959/1775/1650 458/1784/1659
f 305/847/802 960/1551/1457 1795/1553/1459
f 960/1551/1457 305/847/802 175/1552/1458
f 961/439/418 545/529/503 83/943/892
f 961/439/418 1961/438/417 545/529/503
f 461/1612/1507 189/1787/1662 1984/1912/1778
f 1919/1913/1779 1984/1912/1778 189/1787/1662
f 1841/2411/2191 1403/2020/1869 963/108/106
f 963/108/106 174/110/108 1029/2412/2192
f 2424/462/440 2279/2369/2157 2403/2413/2193
f 1383/2414/2194 2409/2415/2195 2403/2413/2193
f 436/390/372 1652/1719/1597 2334/2416/561
f 30/33/32 1652/1719/1597 436/390/372
f 1854/2417/2196 970/2418/1898 2349/2419/2197
f 1124/2420/2015 970/2057/1898 296/2059/1900
f 967/978/924 1252/907/857 206/906/856
f 1634/2421/2198 69/981/928 1473/980/927
f 2106/2422/2199 968/1399/1319 416/514/489
f 416/514/489 1854/2417/2196 479/2193/2017
f 969/2423/2200 989/2424/2201 949/1378/1300
f 949/1378/1300 2083/2410/2190 1242/2405/2187
f 970/2057/1898 966/2425/2202 924/2058/1899
f 2111/2426/2203 1395/2427/2204 966/2428/2202
f 1990/741/701 993/2429/2205 423/2430/2206
f 1986/2290/2096 1990/741/701 423/2430/2206
f 45/164/160 972/589/559 744/162/151
f 744/153/151 2420/2431/58 1120/154/57
f 2056/704/667 772/95/93 973/814/771
f 772/95/93 1148/1560/1465 973/814/771
f 2120/2432/2207 1132/1073/1012 974/425/405
f 245/1120/1057 1027/565/535 278/1118/1055
f 1810/13/13 975/510/486 903/512/486
f 1861/2433/2208 975/510/486 1810/13/13
f 976/2002/1851 2293/633/601 573/632/600
f 1385/1999/1848 320/1366/1290 976/2002/1851
f 977/580/550 2257/2434/2209 1440/578/548
f 2311/2435/2210 2260/2436/2211 977/580/550
f 978/87/85 652/2121/1954 1432/281/271
f 978/87/85 686/939/888 652/2121/1954
f 1154/2437/1009 1441/885/838 233/884/837
f 1448/2/2 1154/1070/1009 1939/3/3
f 980/166/162 573/632/600 1036/2438/2212
f 976/2002/1851 573/632/600 1385/1999/1848
f 259/212/207 1913/2439/2213 2197/2440/2214
f 1913/2439/2213 603/396/378 1375/1772/1647
f 913/247/238 31/249/240 1744/2382/2167
f 1744/2382/2167 400/1715/1593 913/247/238
f 901/53/51 1357/477/454 983/2021/1870
f 983/2021/1870 98/1205/1137 901/53/51
f 984/760/719 659/1750/1626 1887/780/739
f 776/672/637 984/760/719 1887/780/739
f 527/2354/2147 985/449/427 1823/451/429
f 1951/2441/2215 1762/2442/2216 1039/2443/2217
f 274/2019/1868 986/1859/1728 583/11/11
f 986/1859/1728 274/2019/1868 1647/1215/1147
f 731/1547/1453 1725/1373/1295 1542/1752/1628
f 1856/950/898 1725/1373/1295 731/1547/1453
f 570/1005/952 1319/1541/1448 988/192/187
f 988/192/187 1319/1541/1448 221/2370/2158
f 969/2423/2200 1998/2150/1979 989/2424/2201
f 989/2424/2201 1998/2150/1979 2374/1420/195
f 990/743/703 423/2430/2206 147/2444/2218
f 2205/24/23 1236/23/22 990/743/703
f 2182/1653/1543 225/1523/1431 2254/2445/2219
f 2182/1653/1543 1460/618/586 225/1523/1431
f 1866/1997/1846 1303/1996/1846 2098/2446/2164
f 49/1102/1039 1866/1997/1846 1189/2447/2220
f 993/2429/2205 147/2444/2218 423/2430/2206
f 43/240/232 2205/24/23 1343/733/695
f 994/2158/1986 1557/621/589 370/623/591
f 994/2158/1986 370/623/591 708/287/277
f 533/446/424 631/131/129 995/658/623
f 995/658/623 631/131/129 208/2096/1933
f 996/395/377 249/434/413 22/2448/2221
f 2027/393/375 996/395/377 1743/97/95
f 997/624/592 608/1011/958 1548/1213/1145
f 608/1011/958 997/624/592 605/238/230
f 697/722/684 998/724/686 1847/2034/1879
f 90/474/451 1847/2034/1879 1859/2035/1880
f 569/1992/1843 2113/2449/2222 999/1740/1616
f 2082/1742/1618 2104/2043/1887 1011/2291/2097
f 53/811/768 1000/813/770 1416/265/255
f 544/1933/1795 1000/2450/770 1827/317/305
f 1001/2267/2079 1664/134/132 1324/2451/2223
f 960/1551/1457 1664/134/132 1001/2267/2079
f 1434/2212/2033 1702/2123/1956 861/178/174
f 653/1509/1417 367/582/552 1438/2452/2224
f 1003/597/567 1504/2217/2038 657/364/348
f 657/364/348 676/2131/1964 1003/597/567
f 1004/2453/2225 338/299/288 621/1423/1340
f 1007/2454/2226 1928/1021/967 338/299/288
f 417/1279/1208 1005/225/218 1315/224/218
f 1333/1665/1551 1993/1507/1415 2028/1508/1416
f 332/1107/1044 867/1407/1327 1006/1408/1328
f 1478/227/220 251/1108/1045 332/1107/1044
f 1778/2455/2227 1007/2454/2226 338/299/288
f 1774/869/823 1769/1422/1339 55/868/822
f 99/203/198 446/1826/1700 1008/1825/1699
f 1008/1825/1699 2307/1828/1702 99/203/198
f 1583/1671/1556 1009/1235/1166 1757/2456/1554
f 684/1234/1165 419/2457/2228 1009/1235/1166
f 1402/228/221 1006/1408/1328 1603/2365/2155
f 1006/1408/1328 346/1409/86 1603/2365/2155
f 601/1166/1100 1011/2291/2097 824/1620/1515
f 599/2042/1886 824/1620/1515 1011/2291/2097
f 501/295/285 1012/297/287 1002/1511/1419
f 1440/578/548 1002/1511/1419 1438/2452/2224
f 2098/2446/2164 1303/1996/1846 1869/2458/2229
f 1869/2458/2229 129/1737/1613 442/1736/626
f 1014/130/128 1045/129/127 155/239/231
f 2345/2373/2161 1014/130/128 155/239/231
f 2158/2459/2230 1018/118/116 1015/987/934
f 2170/995/942 54/994/941 2158/2459/2230
f 1022/508/484 1016/2284/2090 2037/2283/2089
f 1863/1274/1203 1016/2284/2090 1496/1087/1025
f 678/1056/997 1017/758/718 2189/1054/996
f 1017/758/718 63/2359/2149 2189/1054/996
f 1018/118/116 401/1610/1505 1015/987/934
f 159/2460/2231 401/1610/1505 1018/118/116
f 1215/2461/2232 370/623/591 1019/2462/2233
f 370/623/591 1970/660/625 1019/2462/2233
f 161/2463/2234 1020/2309/2110 457/145/143
f 457/145/143 1488/1774/1649 586/1688/1572
f 1021/427/406 2407/555/525 1588/1685/1569
f 223/429/408 2407/555/525 1021/427/406
f 1022/508/484 1496/1087/1025 1016/2284/2090
f 1022/508/484 1853/1867/1736 958/548/519
f 352/1461/1373 500/1870/1738 2451/2464/2235
f 428/1697/1577 352/1461/1373 2451/2464/2235
f 1340/1502/1410 311/1501/1409 1024/1503/1411
f 1609/1504/1412 1024/1503/1411 311/1501/1409
f 1025/547/518 268/549/520 1965/2380/2166
f 324/1745/1621 1220/1384/1306 1025/547/518
f 624/1716/1594 1026/2085/1923 434/1609/1504
f 1640/2229/2050 2042/2465/2236 1026/2085/1923
f 2120/2432/2207 974/425/405 1027/565/535
f 974/425/405 689/424/404 1027/565/535
f 1028/1709/1587 678/1056/997 610/1713/1591
f 678/1056/997 1564/1057/998 1017/758/718
f 1919/1913/1779 189/1787/1662 1029/2412/2192
f 1841/2411/2191 189/1787/1662 1403/2020/1869
f 1064/1251/1182 609/2061/1190 815/1252/1183
f 609/2061/1190 1064/1251/1182 871/2062/112
f 1031/859/814 262/569/539 1295/2466/2237
f 1031/859/814 1126/858/813 262/569/539
f 1791/2467/2238 171/838/794 133/829/786
f 133/829/786 1711/2398/1948 1791/2467/2238
f 2184/1388/1310 1033/757/717 151/1202/1134
f 269/190/185 151/1202/1134 1033/757/717
f 421/1447/1363 1034/1675/1560 2102/2052/1895
f 1034/1675/1560 1664/134/132 604/1674/1559
f 2274/914/864 1035/2008/1857 2133/912/862
f 2274/914/864 1359/1530/1437 2223/2030/1876
f 1424/167/163 2338/2468/2239 258/1267/1196
f 1424/167/163 980/166/162 2338/2468/2239
f 121/2469/2240 1037/955/903 1413/1524/1432
f 121/2469/2240 1561/956/904 1037/955/903
f 2028/1508/1416 978/87/85 1038/2470/2241
f 1038/2470/2241 978/87/85 1432/281/271
f 1490/2471/2242 440/1757/1633 690/1756/1632
f 1455/872/825 440/1757/1633 1758/2472/2243
f 844/797/755 24/279/269 1040/2162/1989
f 652/2121/1954 1040/2162/1989 24/279/269
f 541/966/914 207/880/833 1041/967/915
f 207/880/833 1009/1235/1166 1721/1233/1164
f 1631/1197/1129 456/521/496 1819/1198/1130
f 1881/2037/1882 2251/919/869 596/917/867
f 181/1836/1707 1043/2156/1984 483/610/580
f 1428/682/647 256/684/204 1193/1152/1088
f 450/1732/1609 679/1468/1380 1044/1838/1709
f 1410/2473/2244 450/1732/1609 1592/2474/2245
f 774/1012/959 605/238/230 1045/129/127
f 1835/2243/2059 68/1497/1406 774/1012/959
f 1046/1733/1610 1044/1838/1709 2357/608/578
f 1592/2474/2245 450/1732/1609 1044/1838/1709
f 583/11/11 2284/2475/2246 1166/414/395
f 986/1859/1728 2282/1216/1148 583/11/11
f 114/721/683 736/1618/1513 1048/719/681
f 2297/1121/1058 1048/719/681 736/1618/1513
f 1415/408/390 896/1805/1679 1049/1244/1175
f 1065/587/557 896/1805/1679 325/1385/1307
f 231/1253/1184 286/2067/1905 1050/1059/1000
f 2271/1351/1275 1050/1059/1000 286/2067/1905
f 1931/1188/1120 1051/1190/1122 1955/2476/2247
f 1051/1190/1122 1099/2141/1974 1955/2476/2247
f 1051/1190/1122 1052/1189/1121 60/944/893
f 2126/2230/2051 60/944/893 1104/2477/2248
f 1053/1850/1720 900/1396/1317 1187/2094/1932
f 1053/1850/1720 1539/22/21 43/240/232
f 1694/1834/1705 480/1311/1237 1054/1404/1324
f 1054/1404/1324 480/1311/1237 2300/1402/1322
f 2133/912/862 1035/2008/1857 1772/2254/2069
f 786/542/513 413/2286/2092 1641/2289/2095
f 494/1161/1095 1056/1643/1534 2175/2044/1888
f 1056/1643/1534 494/1161/1095 1127/1160/1094
f 1057/2214/2035 739/1356/1280 585/1357/1281
f 983/2021/1870 1057/2214/2035 585/1357/1281
f 1058/998/945 57/293/283 1556/307/296
f 1456/305/294 57/293/283 1058/998/945
f 1876/892/844 1059/185/181 2348/893/845
f 1876/892/844 937/186/181 1059/185/181
f 416/514/489 820/2192/2016 1060/1831/1703
f 1060/1831/1703 820/2192/2016 2449/1832/1703
f 1636/505/481 1962/2075/1913 565/506/482
f 2177/2395/2180 1963/2478/2249 1773/2394/2179
f 1062/1760/1636 1490/2471/2242 690/1756/1632
f 1410/2473/2244 690/1756/1632 450/1732/1609
f 397/1474/1385 1943/1473/1384 1063/1472/1383
f 397/1474/1385 2276/1598/1497 2302/2479/2250
f 1653/2066/1904 1030/2065/1903 1064/1251/1182
f 1996/1247/1178 836/1249/1180 1064/1251/1182
f 1049/1244/1175 1065/587/557 1429/1243/1174
f 1065/587/557 1049/1244/1175 896/1805/1679
f 1449/570/540 2172/2480/2251 405/1051/993
f 2159/2481/2252 405/1051/993 2172/2480/2251
f 1067/1779/1654 107/1785/1660 559/2087/1925
f 107/1785/1660 1067/1779/1654 1945/1406/1326
f 437/1753/1629 1699/1720/1598 200/1026/972
f 1500/2014/1863 1179/2482/2253 1226/2012/1861
f 1073/2483/2254 1533/2484/2255 1317/1053/995
f 2193/1491/1400 1317/1053/995 1533/2484/2255
f 2233/278/268 2202/277/267 1070/2485/2256
f 1081/2486/2257 2126/2230/2051 1104/2477/2248
f 506/1568/1472 1071/251/242 566/250/241
f 506/1568/1472 547/1877/1743 1071/251/242
f 780/1763/1639 2024/1872/1740 1072/2487/2258
f 215/1039/984 275/301/290 1072/2487/2258
f 9/52/50 1073/2483/2254 794/45/43
f 1602/230/223 1627/1622/1517 2252/2027/1873
f 1074/2347/2141 1786/657/622 524/1902/1768
f 1074/2347/2141 1941/659/624 439/692/655
f 865/2250/2066 1075/1389/1311 782/769/728
f 63/2359/2149 1075/1389/1311 865/2250/2066
f 829/2298/2102 1076/1310/1236 302/2488/2259
f 302/2488/2259 1076/1310/1236 1482/1309/1235
f 1938/901/852 272/902/853 1077/1206/1138
f 272/902/853 868/1820/1694 1077/1206/1138
f 1078/736/696 2262/1952/1812 406/783/741
f 893/1581/1481 1078/736/696 406/783/741
f 1079/2106/1943 855/1277/1206 148/1276/1205
f 1663/2124/1957 855/1277/1206 1142/454/432
f 1313/1016/871 1080/2180/2005 127/1020/966
f 840/732/694 127/1020/966 1080/2180/2005
f 202/102/100 1081/2486/2257 1104/2477/2248
f 2233/278/268 202/102/100 834/276/266
f 2238/1505/1413 433/1788/1663 1082/1712/1590
f 1742/1566/1471 2238/1505/1413 1082/1712/1590
f 1335/2489/2260 645/1571/988 2061/2149/1978
f 1335/2490/2260 244/266/256 645/1044/988
f 108/556/526 1110/1544/1451 1265/1926/1790
f 1265/1926/1790 1586/1201/1133 108/556/526
f 1998/2150/1979 1242/2405/2187 1085/1377/1299
f 674/1421/1338 1085/1377/1299 1088/638/606
f 1086/1111/1048 252/457/435 1472/456/434
f 1086/1111/1048 930/1137/1073 252/457/435
f 1087/2491/2261 1703/2492/2262 2222/2493/2263
f 1519/1516/1424 368/1513/1421 377/1512/1420
f 602/799/757 1088/638/606 1085/1377/1299
f 602/799/757 2072/798/756 1088/638/606
f 1379/2275/2085 539/187/182 1089/1390/1312
f 1089/1390/1312 539/187/182 327/159/156
f 1035/2008/1857 1092/1529/1436 1090/2007/1856
f 1090/2007/1856 191/910/860 2401/2006/1855
f 368/1513/1421 1519/1516/1424 2222/2493/2263
f 1213/1883/1749 1925/1884/1750 1093/123/121
f 372/2323/2121 1122/2325/2123 1092/1529/1436
f 1092/1529/1436 191/910/860 1090/2007/1856
f 1093/123/121 2117/125/123 368/1513/1421
f 1213/1883/1749 1093/123/121 368/1513/1421
f 1094/1723/1601 2185/2494/2264 1068/2495/2265
f 1094/1723/1601 2337/2301/2104 219/234/226
f 44/236/228 1095/2496/2266 391/1584/1484
f 391/1584/1484 1095/2496/2266 1101/1762/1638
f 2251/919/869 538/2497/2267 1604/920/870
f 2283/2498/2268 1098/1894/1760 1604/920/870
f 152/601/571 776/672/637 1740/1873/1741
f 553/1303/1229 152/601/571 1735/1624/1519
f 1098/1894/1760 2278/2499/2269 1809/1539/1446
f 1098/1894/1760 634/2098/1935 1821/1893/1759
f 666/2401/2184 1955/2476/2247 1099/2141/1974
f 666/2401/2184 1099/2141/1974 2013/1613/1508
f 837/1272/1201 1100/2073/1911 291/2308/2109
f 97/2074/1912 1100/2073/1911 837/1272/1201
f 451/1339/1263 468/1803/1677 1101/1762/1638
f 1101/1762/1638 2280/127/125 451/1339/1263
f 1919/1913/1779 2064/2500/2270 529/502/478
f 668/109/107 1302/577/547 174/110/108
f 1103/2501/2271 1891/1364/1288 162/1225/1156
f 1103/2501/2271 162/1225/1156 27/1812/1686
f 1661/100/98 1104/2477/2248 60/944/893
f 202/102/100 1104/2477/2248 1661/100/98
f 1105/397/379 603/396/378 232/1163/1097
f 1952/1312/1238 232/1163/1097 454/1313/1239
f 739/1356/1280 1106/1958/1818 315/1959/1819
f 2333/2213/2034 739/1356/1280 1057/2214/2035
f 878/1841/1712 1680/2167/1994 2190/1842/1713
f 219/234/226 2185/2494/2264 1094/1723/1601
f 164/809/766 1000/1936/770 1108/2502/769
f 2124/194/189 1108/2502/769 1842/1895/1761
f 546/1282/1211 1109/688/651 526/1907/1773
f 2193/1491/1400 1940/2503/2272 1807/1489/1398
f 236/1546/1452 1110/1544/1451 378/74/72
f 108/556/526 2050/1431/1348 1110/1544/1451
f 395/612/582 120/614/584 2070/627/595
f 1360/1014/961 729/1496/1405 395/612/582
f 1112/1849/1719 490/1397/391 1053/1850/1720
f 490/410/391 1833/2402/2119 943/567/537
f 524/1902/1768 2026/1218/1150 1113/1904/1770
f 884/1726/1603 524/1902/1768 1113/1904/1770
f 301/738/698 655/1090/1027 2169/1091/1028
f 1794/2036/1881 595/1302/1228 301/738/698
f 1152/664/629 1115/666/631 340/2504/2273
f 2052/1427/1344 340/2504/2273 1115/666/631
f 838/730/692 840/732/694 1116/1527/1435
f 1080/2180/2005 1936/2310/2111 840/732/694
f 1121/881/834 1524/2372/2160 155/239/231
f 178/235/227 2428/2505/2274 2195/128/126
f 70/1916/1782 486/370/355 1981/531/505
f 2240/1459/1371 1708/1460/1372 1512/1843/1714
f 1119/170/166 711/2186/2011 1286/171/167
f 532/533/507 1607/2187/2012 2239/2017/1866
f 1271/2114/1950 1120/59/57 10/58/56
f 1271/2506/1950 1262/155/152 1120/154/57
f 2195/128/126 1152/664/629 340/2504/2273
f 2428/2505/2274 1152/664/629 2195/128/126
f 1092/1529/1436 1122/2325/2123 191/910/860
f 1122/2325/2123 1892/2324/2122 191/910/860
f 1195/2507/2275 1722/2508/2276 1978/2509/2277
f 1164/2510/2278 1722/2508/2276 1195/2507/2275
f 1124/2191/2015 714/458/436 2349/2419/2197
f 2349/2419/2197 970/2418/1898 1124/2191/2015
f 247/936/885 430/1123/1060 1125/1679/1563
f 1125/1679/1563 1386/1704/1583 354/1456/1369
f 1126/858/813 490/410/391 943/567/537
f 262/569/539 1126/858/813 943/567/537
f 1127/1695/1094 1267/1693/1575 640/172/168
f 258/1267/1196 1127/1160/1094 235/1159/1093
f 544/2511/1795 1577/2338/1796 1128/1115/1052
f 536/1117/1054 2136/1116/1053 1577/2338/1796
f 1980/2300/969 1129/1706/823 2269/2299/2103
f 1980/1023/969 1774/869/823 1129/870/823
f 2297/1121/1058 363/2512/2279 2388/1058/999
f 246/2513/2280 1564/1057/998 1133/1708/1586
f 280/2228/2049 167/483/460 1755/985/932
f 167/483/460 1562/487/464 1277/516/491
f 1775/1667/1553 528/1666/1552 1132/1073/1012
f 1132/1073/1012 2120/2432/2207 947/2403/2185
f 2444/720/682 1130/2209/2030 1133/1708/1586
f 1133/1708/1586 1130/2209/2030 246/2513/2280
f 2294/2514/2281 2079/1574/1476 1134/1579/1479
f 389/867/821 1166/414/395 1979/413/394
f 1723/1556/1462 1135/1558/1213 641/1557/1463
f 1685/272/262 1135/2374/1213 12/54/52
f 1404/792/750 287/1145/1081 1136/793/751
f 287/1145/1081 1497/1147/1083 1136/793/751
f 74/2515/2282 436/390/372 1137/1047/990
f 74/2515/2282 1971/2277/46 812/50/48
f 810/1592/1492 1138/1149/1085 827/1593/1493
f 810/1592/1492 712/1326/1250 1138/1149/1085
f 1139/2346/2140 883/1072/1011 502/80/78
f 883/1072/1011 2457/1041/986 234/1043/987
f 1140/1270/1199 143/1269/1198 429/1701/1580
f 429/1701/1580 288/924/874 1140/1270/1199
f 1141/2516/2283 622/1262/1192 2241/2166/1993
f 1311/1743/1619 2242/1744/1620 2241/2166/1993
f 855/1277/1206 1079/2106/1943 1142/454/432
f 2249/2105/1942 1142/454/432 1079/2106/1943
f 1843/148/146 2341/147/145 183/2517/1988
f 1864/2518/2284 183/2160/1988 204/878/831
f 466/1767/1643 2062/1981/1833 1546/630/598
f 1388/1769/1643 2062/1981/1833 466/1767/1643
f 204/878/831 1145/1928/668 1864/2518/2284
f 1145/1928/668 204/878/831 2015/1930/1792
f 773/1132/1068 1146/2519/1185 558/1130/502
f 2140/2242/611 2017/1647/1537 126/836/792
f 1858/551/522 1147/723/685 56/422/402
f 1147/723/685 1858/551/522 998/724/686
f 165/815/772 1148/1560/1465 613/818/775
f 165/815/772 973/814/771 1148/1560/1465
f 1149/2520/2285 69/981/928 1634/2421/2198
f 1151/1847/1717 69/981/928 2370/2233/2054
f 1087/2491/2261 1150/1515/1423 1703/2492/2262
f 15/1221/1152 1150/1515/1423 16/331/319
f 1151/1847/1717 2370/2233/2054 789/2232/2053
f 1151/1847/1717 789/2232/2053 488/963/911
f 1152/664/629 1121/881/834 2110/665/630
f 1152/664/629 2428/2505/2274 1121/881/834
f 743/384/368 694/2171/1997 1153/1114/1051
f 243/1960/1820 2122/1962/1822 694/2171/1997
f 73/1068/87 979/1067/1007 1154/2437/1009
f 979/1067/1007 1188/1848/1718 2393/2521/2286
f 577/1802/1676 1155/493/470 1175/492/469
f 577/1802/1676 753/2225/2046 1158/1417/1335
f 606/2054/465 350/2522/1897 1684/2523/2287
f 1684/2524/2287 948/486/463 606/488/465
f 169/714/676 1839/831/788 646/830/787
f 1203/2525/2288 1839/831/788 169/714/676
f 1155/493/470 577/1802/1676 1158/1417/1335
f 2381/1128/1065 1155/493/470 1372/495/472
f 110/1363/1287 1159/1932/1794 224/1362/1286
f 1159/1932/1794 727/1521/1429 224/1362/1286
f 434/1609/1504 1160/1714/1592 144/1018/964
f 2066/1607/1502 663/729/691 1353/728/690
f 1586/1201/1133 2027/393/375 108/556/526
f 2387/2526/2289 2027/393/375 1586/1201/1133
f 1828/404/386 895/406/388 1162/759/718
f 1162/759/718 2388/1058/999 1828/404/386
f 1323/2527/366 1163/217/202 2267/2528/364
f 1163/207/202 1637/932/882 2267/2529/364
f 1164/2510/2278 1699/1720/1598 1722/2508/2276
f 1164/2510/2278 1195/2507/2275 1179/2482/2253
f 853/749/709 880/748/708 1165/911/861
f 2201/2322/2120 1892/2324/2122 372/2323/2121
f 583/11/11 1166/414/395 218/12/12
f 218/12/12 1166/414/395 389/867/821
f 203/2005/1854 1167/976/924 967/978/924
f 1167/976/924 203/2005/1854 870/2334/2131
f 2455/1690/1090 1168/1878/1744 1481/1691/1574
f 2038/2530/2290 1599/2531/2291 1384/1699/1579
f 328/1754/1630 1169/1305/1231 2296/2078/1916
f 1169/1305/1231 1114/1304/1230 2296/2078/1916
f 647/1294/776 1681/1296/1222 1170/2113/1949
f 1736/1451/779 647/819/776 1170/2532/1949
f 1171/680/645 1203/2525/2288 169/714/676
f 1171/680/645 2216/679/644 1203/2525/2288
f 2034/2128/1961 1172/2533/2292 971/2126/1959
f 1172/2533/2292 1997/2534/2293 1200/737/697
f 1173/2174/1999 552/1950/1810 697/722/684
f 1967/726/688 784/725/687 2248/2218/2039
f 2320/2535/2294 1174/1143/1079 254/1142/1078
f 1781/372/357 21/175/171 935/174/170
f 432/1705/1584 1175/492/469 1129/1706/823
f 1175/492/469 432/1705/1584 1780/1801/1675
f 1176/2295/2100 561/2292/2098 825/2294/2099
f 2099/1982/1834 2157/1979/1831 344/1980/1832
f 1089/1390/1312 1177/158/155 1379/2275/2085
f 1379/2275/2085 1177/158/155 982/763/722
f 1178/2355/2148 2203/2536/2295 2046/1681/1565
f 893/1581/1481 2203/2536/2295 1178/2355/2148
f 2057/1721/1599 1094/1723/1601 1068/2495/2265
f 1164/2510/2278 2057/1721/1599 1699/1720/1598
f 681/2025/523 540/1777/1652 1180/1661/1209
f 1180/1661/1209 540/1777/1652 1836/1106/1043
f 1617/2537/2296 1181/697/660 2323/1440/1356
f 1181/697/660 1617/2537/2296 137/1651/1541
f 588/1973/1829 2452/2538/2297 62/1971/1653
f 2452/2539/2297 588/2023/1829 959/1775/1650
f 999/1740/1616 1183/2540/2298 569/1992/1843
f 603/396/378 569/1992/1843 1183/2540/2298
f 1970/660/625 1184/662/627 1019/2462/2233
f 1184/662/627 1227/1522/1430 1019/2462/2233
f 241/1105/1042 1351/1104/1041 1719/1786/1661
f 1945/1406/1326 1719/1786/1661 460/1783/1658
f 217/656/619 1186/727/689 519/67/65
f 663/729/691 519/67/65 1186/727/689
f 3/2541/2299 2380/2542/2300 1789/2543/2301
f 2380/2542/2300 3/2541/2299 1053/1850/1720
f 1441/885/838 1188/1848/1718 1376/144/142
f 2393/2521/2286 1188/1848/1718 1441/885/838
f 1189/2447/2220 1626/1307/1233 49/1102/1039
f 2098/2446/2164 907/2376/590 522/2375/2162
f 1190/2139/1972 519/67/65 663/729/691
f 2066/1607/1502 2069/1608/1503 663/729/691
f 926/1830/1703 1259/1286/1215 1191/1955/1815
f 1194/1577/1104 1259/2544/1215 260/1578/1478
f 849/1077/1016 1192/631/599 617/1764/1640
f 1192/631/599 1382/1765/1641 617/1764/1640
f 2408/2545/2302 2357/608/578 1934/1837/1708
f 2357/608/578 1044/1838/1709 1934/1837/1708
f 1194/1577/1104 1191/2546/1815 1259/2544/1215
f 1191/1955/1815 1194/1170/1104 496/1954/1814
f 1195/2507/2275 1978/2509/2277 1123/673/638
f 776/672/637 2078/603/573 1123/673/638
f 1196/1951/1811 1274/1703/1582 143/1269/1198
f 1196/1951/1811 143/1269/1198 2243/1268/1197
f 1950/98/96 22/2448/2221 2208/2547/2303
f 249/434/413 2208/2547/2303 22/2448/2221
f 355/1300/1226 2299/1464/1376 1756/1514/1422
f 857/753/713 650/2118/1951 1756/1514/1422
f 1199/1353/1277 585/1357/1281 1785/1354/1278
f 1810/13/13 585/1357/1281 1861/2433/2208
f 1078/736/696 1178/2355/2148 1200/737/697
f 1178/2355/2148 1172/2533/2292 1200/737/697
f 250/365/350 1201/367/352 1394/2548/2304
f 493/649/616 1391/1855/1724 923/1854/1723
f 2361/101/99 1202/1336/1260 2416/1335/1259
f 309/2549/2305 172/841/796 1202/1336/1260
f 320/1366/1290 1203/2525/2288 976/2002/1851
f 1839/831/788 1203/2525/2288 320/1366/1290
f 240/663/628 1204/452/430 1567/1100/1037
f 1142/454/432 1567/1100/1037 1204/452/430
f 77/787/745 682/1493/1402 1205/766/725
f 1205/766/725 682/1493/1402 2402/2550/2306
f 1206/605/575 619/407/389 1430/409/390
f 763/606/576 1206/605/575 283/1173/1106
f 1747/2315/808 692/2551/1711 1207/75/73
f 692/2551/1711 1840/73/71 1207/75/73
f 330/366/351 1961/438/417 2327/440/418
f 2324/2552/2307 1201/367/352 330/366/351
f 1209/823/780 529/502/478 84/2553/2308
f 1209/823/780 84/2553/2308 96/1835/1706
f 1012/297/287 2063/296/286 1210/176/172
f 17/351/337 715/1074/1013 1210/176/172
f 1168/1878/1744 1211/1678/1562 507/2109/1946
f 1211/1678/1562 1125/1679/1563 1994/1458/1370
f 1212/2304/2107 2237/419/399 1202/1336/1260
f 1212/2304/2107 2275/2554/918 2237/419/399
f 2222/2493/2263 1213/1883/1749 368/1513/1421
f 393/77/75 1213/1883/1749 1091/1223/1154
f 1396/2555/2309 1426/1824/1698 1214/1382/1304
f 1214/1382/1304 445/1380/1302 2316/1379/1301
f 370/623/591 1215/2461/2232 708/287/277
f 1215/2461/2232 1019/2462/2233 1227/1522/1430
f 393/77/75 173/1150/1086 1216/1293/1220
f 1716/845/800 1964/140/138 1465/139/137
f 1183/2540/2298 1217/1164/1098 603/396/378
f 1183/2540/2298 999/1740/1616 1217/1164/1098
f 288/924/874 1218/925/875 806/1263/1192
f 806/1263/1192 1218/925/875 1291/1640/1533
f 2047/2556/2310 1219/776/735 1974/775/734
f 2077/2557/2311 2043/1938/1799 1696/2558/1002
f 445/1380/1302 1214/1382/1304 1220/1384/1306
f 1220/1384/1306 324/1745/1621 445/1380/1302
f 1221/1359/1283 2119/2049/1892 1942/2399/2182
f 1221/1359/1283 938/846/801 537/204/199
f 1023/1453/1367 1222/1871/1739 2263/1454/1368
f 2036/1158/1092 531/361/347 357/1915/1781
f 1223/1718/1596 435/107/105 1427/1717/1595
f 1223/1718/1596 756/1062/1003 435/107/105
f 1224/2559/1382 534/1470/1061 531/361/347
f 1224/2559/1382 531/361/347 1655/360/346
f 1225/1383/1305 1214/1382/1304 446/1826/1700
f 446/1826/1700 50/309/297 1225/1383/1305
f 1226/2012/1861 1195/2507/2275 1123/673/638
f 1226/2012/1861 1179/2482/2253 1195/2507/2275
f 708/287/277 1413/1524/1432 1420/288/278
f 1985/2560/2312 708/287/277 1215/2461/2232
f 938/846/801 1228/755/715 750/202/197
f 50/309/297 750/202/197 1228/755/715
f 1229/817/774 771/805/761 500/1870/1738
f 2459/1463/1375 1229/817/774 500/1870/1738
f 1230/2272/2083 620/922/872 2319/652/618
f 2319/652/618 899/651/617 2378/634/602
f 190/642/609 1231/2561/858 734/1350/1274
f 1231/2561/858 1252/2562/857 2211/833/789
f 212/996/943 1232/1989/1841 1556/307/296
f 567/2563/2313 1452/398/380 1105/397/379
f 1789/2543/2301 1233/1956/1816 3/2541/2299
f 1233/1956/1816 1789/2543/2301 1683/1957/1817
f 548/2195/2018 1234/324/312 1446/348/334
f 601/2046/1100 2235/2045/1889 548/2195/2018
f 1235/326/314 474/327/315 61/298/288
f 1235/326/314 61/298/288 1877/1988/1840
f 1236/23/22 1233/1956/1816 990/743/703
f 3/2541/2299 1233/1956/1816 1236/23/22
f 412/1646/1536 1687/1645/1070 1237/2564/1069
f 412/1646/1536 1529/1004/951 1896/1003/950
f 1986/2290/2096 408/377/361 1768/379/363
f 1986/2290/2096 1817/1682/1566 819/2285/2091
f 2071/403/385 941/1343/1267 1239/1793/1667
f 941/1343/1267 76/423/403 1239/1793/1667
f 231/1967/1184 2043/1938/1799 545/529/503
f 231/1967/1184 1696/2558/1002 2043/1938/1799
f 1169/1305/1231 1796/1084/1022 1241/1306/1232
f 2337/2301/2104 2132/2302/2105 831/232/225
f 969/2423/2200 949/1378/1300 1242/2405/2187
f 1998/2150/1979 969/2423/2200 1242/2405/2187
f 173/1150/1086 1964/140/138 1716/845/800
f 1138/1149/1085 1964/140/138 173/1150/1086
f 253/916/866 1244/1141/1077 950/2222/2043
f 253/916/866 2255/1140/1076 1244/1141/1077
f 752/343/329 1245/286/276 1800/341/327
f 1954/1563/1468 1289/1561/1466 385/1562/1467
f 1246/84/82 1554/304/293 110/1363/1287
f 1246/84/82 1247/2565/2314 1249/82/80
f 1368/1226/1157 1247/2565/2314 110/1363/1287
f 1247/2565/2314 1246/84/82 110/1363/1287
f 1912/1851/1684 2103/2406/2188 951/928/878
f 470/571/541 2406/1050/992 2103/2406/2188
f 1249/82/80 1103/2501/2271 27/1812/1686
f 1103/2501/2271 1249/82/80 1891/1364/1288
f 537/204/199 99/203/198 1250/1827/1701
f 537/204/199 2125/1922/1788 1558/1319/1244
f 194/2566/233 890/2567/1742 1251/2407/2189
f 1248/2568/1683 194/2566/233 1251/2407/2189
f 1895/2569/925 497/834/790 1252/2562/857
f 497/834/790 2211/833/789 1252/2562/857
f 790/2570/2315 1253/2256/2071 1392/2288/2094
f 788/2261/2074 1253/2256/2071 790/2570/2315
f 1254/252/243 521/1984/1836 562/205/200
f 1948/1939/1800 1254/252/243 1071/251/242
f 710/1238/1169 1255/1741/1617 282/1165/1099
f 601/1166/1100 282/1165/1099 1255/1741/1617
f 196/808/765 1751/807/764 1256/358/344
f 787/2069/1907 196/808/765 1256/358/344
f 1257/2263/2075 220/1186/1118 1253/2256/2071
f 2272/1975/1830 220/2358/1118 1257/2356/2075
f 909/1196/1128 1258/1535/1442 1612/1537/1444
f 324/1745/1621 1258/1535/1442 909/1196/1128
f 1911/2571/437 78/1287/1216 1259/2544/1215
f 1259/2544/1215 78/1287/1216 260/1578/1478
f 1260/1465/1377 1770/258/249 1381/257/248
f 312/1342/1266 1798/1301/1227 300/1298/1224
f 84/2553/2308 1261/500/475 96/1835/1706
f 84/2553/2308 529/502/478 1261/500/475
f 2033/161/158 744/153/151 1262/155/152
f 239/695/658 1352/1093/1030 945/1096/1033
f 1412/2332/2129 1263/1819/1693 1378/1818/1692
f 475/1921/1787 955/957/905 1263/1819/1693
f 1278/1798/1672 1264/1796/1670 1737/1799/1673
f 453/1766/1642 1382/1765/1641 2183/2572/2316
f 1265/1926/1790 1726/2319/2118 2145/1927/1791
f 1949/1543/1450 1280/2320/2116 1726/2319/2118
f 1266/1945/1806 379/676/641 267/675/640
f 2009/2573/900 322/2206/2027 379/2205/641
f 258/1267/1196 1267/2574/1575 1127/1160/1094
f 258/1267/1196 1563/1266/1195 1267/2574/1575
f 54/994/941 1553/989/936 1268/291/281
f 1437/993/940 1921/574/544 54/994/941
f 733/83/81 27/1812/1686 1269/66/64
f 1554/304/293 733/83/81 1643/1217/1149
f 1050/1059/1000 1270/1352/1276 696/1060/1001
f 1270/1352/1276 297/1001/948 696/1060/1001
f 1271/2506/1950 1170/2575/1949 382/1094/1031
f 1352/1093/1030 1271/2506/1950 382/1094/1031
f 2236/718/680 1272/588/558 140/1337/1261
f 140/1337/1261 1272/588/558 325/1385/1307
f 2441/476/453 2256/2576/1454 805/388/371
f 2441/476/453 499/1868/1455 2256/2576/1454
f 2248/2218/2039 741/564/534 1274/1703/1582
f 741/564/534 471/563/533 1274/1703/1582
f 1275/887/840 186/501/477 2352/785/743
f 186/501/477 1931/1188/1120 266/888/841
f 2355/1684/1568 1276/237/229 424/1585/1485
f 424/1585/1485 1276/237/229 44/236/228
f 1746/1821/1695 167/483/460 1277/516/491
f 1277/516/491 109/518/493 1746/1821/1695
f 453/1766/1642 2183/2572/2316 1278/1798/1672
f 453/1766/1642 2244/177/173 864/2577/2317
f 764/689/652 1279/1281/1210 294/352/338
f 2358/1450/1366 1871/2234/2055 764/689/652
f 1949/1543/1450 845/1949/1808 1280/2320/2116
f 2308/1948/1809 1280/2317/2116 845/1947/1808
f 643/2245/2061 1284/2578/2318 590/2247/2063
f 1142/454/432 1517/2579/2319 643/2245/2061
f 1129/1706/823 55/1576/822 1282/1707/1585
f 55/1576/822 1521/1575/1477 1282/1707/1585
f 1018/118/116 1283/117/115 782/769/728
f 2091/2249/2065 865/2250/2066 782/769/728
f 1517/2579/2319 1142/454/432 2249/2105/1942
f 1517/2579/2319 1281/2104/1941 1287/2103/1940
f 1285/2580/2320 356/1334/1258 874/1332/1256
f 308/951/899 2354/611/581 874/1332/1256
f 411/897/848 1286/171/167 711/2186/2011
f 1669/1644/1535 411/1641/848 1056/1643/1534
f 1811/1899/1765 1813/1738/1614 129/1737/1613
f 1813/1738/1614 590/2247/2063 1284/2578/2318
f 250/365/350 1687/1134/1070 1288/2202/2025
f 723/2581/1067 558/528/502 1961/438/417
f 1954/1563/1468 49/1102/1039 1289/1561/1466
f 49/1102/1039 1626/1307/1233 1482/1309/1235
f 1211/1678/1562 1290/1125/1062 247/936/885
f 247/936/885 1290/1125/1062 2109/937/886
f 1544/2582/2321 1291/1640/1533 410/312/300
f 1363/639/605 1291/1640/1533 2315/1637/1530
f 1292/513/488 1312/1214/1146 315/1959/1819
f 800/461/439 2106/2422/2199 315/1959/1819
f 1332/1328/1252 1293/2091/1929 307/1329/1253
f 2080/19/18 1295/2466/2237 262/569/539
f 545/529/503 558/528/502 1294/1966/1187
f 558/2583/502 1146/1254/1185 1294/1256/1187
f 1293/2091/1929 1031/859/814 1295/2466/2237
f 1293/2091/1929 1295/2466/2237 307/1329/1253
f 1184/662/627 442/661/626 1296/1652/1542
f 1296/2584/1542 442/1736/626 1813/1738/1614
f 977/580/550 1660/579/549 1297/2585/2322
f 1297/2585/2322 1007/2454/2226 977/580/550
f 2294/2514/2281 628/1167/1101 1298/1179/1111
f 1521/1575/1477 1298/1179/1111 672/855/810
f 331/1790/1665 1299/2297/2101 1898/1791/1353
f 1691/264/253 1694/1834/1705 1613/1403/1323
f 281/1924/1529 1300/918/868 1096/1925/1789
f 1992/2586/2135 1908/1632/1526 876/2333/2130
f 638/2183/2008 33/371/356 1301/532/506
f 1708/1460/1372 1924/169/165 1729/2587/2323
f 1302/577/547 2064/2500/2270 174/110/108
f 1302/577/547 1325/1886/1752 2064/2500/2270
f 129/1737/1613 1303/1996/1846 572/1900/1766
f 129/1737/1613 1869/2458/2229 1303/1996/1846
f 566/2588/241 1304/2589/1835 1645/2590/2324
f 518/218/212 1304/2589/1835 1610/219/213
f 1331/1415/1333 1305/443/421 335/576/546
f 1325/1886/1752 1302/577/547 335/576/546
f 460/1783/1658 1306/1776/1651 458/1784/1659
f 1351/1104/1041 460/1783/1658 1719/1786/1661
f 1307/997/944 1672/320/308 700/441/419
f 1307/997/944 1487/2176/2001 138/2177/2002
f 688/437/416 2405/2182/2007 703/193/188
f 703/193/188 2086/810/767 2124/194/189
f 1471/667/632 1309/882/835 130/788/746
f 2286/72/70 1334/1985/1837 1393/70/68
f 1310/864/819 671/182/178 179/116/114
f 671/1048/178 1310/2591/819 1874/678/643
f 1291/1640/1533 1544/2582/2321 1311/1743/1619
f 1368/1226/1157 1311/1743/1619 691/1227/1158
f 1312/1214/1146 904/1355/1279 315/1959/1819
f 1615/511/487 1312/1214/1146 1618/2082/1920
f 217/653/619 193/2080/1918 1313/921/871
f 1313/1016/871 127/1020/966 217/656/619
f 1314/1081/1020 1817/1682/1566 441/1735/1612
f 342/1347/1271 1314/1081/1020 2285/2592/2325
f 1067/1779/1654 62/1778/1653 1315/2331/218
f 1315/224/218 62/1971/1653 2452/2538/2297
f 475/1921/1787 1263/1819/1693 2430/947/895
f 475/1921/1787 2430/947/895 761/945/894
f 2193/1491/1400 1069/21/20 1317/1053/995
f 1069/21/20 2002/20/19 1317/1053/995
f 1625/448/426 1475/1193/1125 1318/381/365
f 14/2273/1885 598/852/807 1318/2040/365
f 1456/305/294 214/306/295 1319/1541/1448
f 1319/1541/1448 214/306/295 376/105/103
f 348/592/562 2000/1348/1272 2211/833/789
f 348/592/562 213/594/564 1322/1445/1361
f 1520/1299/1225 2425/2593/2326 2445/1297/1223
f 632/2097/1934 312/1342/1266 2445/1297/1223
f 1322/1445/1361 297/1001/948 1320/1444/1360
f 2000/1348/1272 348/592/562 1322/1445/1361
f 1318/2040/365 842/854/809 1323/2594/366
f 72/849/804 1323/2527/366 842/2314/809
f 19/690/653 1682/133/131 349/132/130
f 1679/1728/1605 1705/1729/1606 2414/1731/1608
f 1325/1886/1752 1305/443/421 512/442/420
f 335/576/546 1305/443/421 1325/1886/1752
f 1326/2003/1852 276/1219/793 1167/976/924
f 276/837/793 1960/2595/828 808/835/791
f 1327/2596/1490 2435/1222/1153 1362/1917/1783
f 827/1593/1493 1327/2596/1490 1728/2597/1489
f 579/519/494 1612/1537/1444 1328/1866/1735
f 1328/1866/1735 498/507/483 1341/1538/1445
f 1358/1330/1254 1329/2598/2327 2329/857/812
f 177/2384/2169 1596/2385/2170 1585/2307/2108
f 827/1593/1493 1138/1149/1085 1330/1151/1087
f 827/1593/1493 2435/1222/1153 1327/2596/1490
f 222/2143/1976 1331/1415/1333 1350/345/331
f 335/576/546 1350/345/331 1331/1415/1333
f 177/2384/2169 1332/1328/1252 835/687/650
f 1329/2598/2327 1875/2599/2328 177/2384/2169
f 417/1663/1208 1333/1665/1551 1005/1371/218
f 1724/2179/2004 1333/1665/1551 417/1663/1208
f 1930/1986/1838 639/789/747 1309/882/835
f 1471/667/632 1930/1986/1838 1309/882/835
f 1706/2600/2329 1083/2110/257 1335/2489/2260
f 1083/267/257 244/266/256 1335/2490/2260
f 1336/540/511 576/1481/1391 2383/1480/1390
f 2401/2006/1855 1336/540/511 1090/2007/1856
f 721/1341/1265 365/1525/1433 1337/2199/2022
f 365/1525/1433 371/1564/1469 2039/1565/1470
f 13/934/205 1338/933/883 670/2146/203
f 2029/2134/1967 670/2146/203 1338/933/883
f 87/515/490 1060/1831/1703 1339/1860/1729
f 986/1859/1728 87/515/490 1339/1860/1729
f 1340/1502/1410 371/1564/1469 365/1525/1433
f 371/1564/1469 1340/1502/1410 1024/1503/1411
f 579/519/494 1341/1538/1445 2073/520/495
f 1341/1538/1445 579/519/494 1328/1866/1735
f 52/2117/836 1665/142/140 2156/141/139
f 52/2117/836 2156/141/139 784/725/687
f 147/2444/2218 993/2429/2205 1343/733/695
f 1990/741/701 1343/733/695 993/2429/2205
f 953/1428/1345 1344/2388/2173 39/479/456
f 929/2601/2330 2217/1361/1285 1792/2602/2331
f 2045/2603/2332 2450/445/423 1348/2604/2333
f 2049/1963/1823 1348/2604/2333 1499/1964/1824
f 2219/1066/1006 303/1424/1341 1346/1425/1342
f 339/1314/1240 1346/1425/1342 232/1163/1097
f 228/196/191 1354/221/215 1347/2342/2136
f 1653/2066/1904 228/196/191 1633/1248/1179
f 2450/445/423 1345/2605/2334 1348/2604/2333
f 1499/1964/1824 1348/2604/2333 1345/2605/2334
f 2128/1055/997 151/1202/1134 843/1200/1132
f 1673/335/322 1370/2316/2115 2363/336/323
f 963/108/106 1350/345/331 668/109/107
f 335/576/546 668/109/107 1350/345/331
f 1306/1776/1651 460/1783/1658 1351/1104/1041
f 1306/1776/1651 1351/1104/1041 540/1777/1652
f 2033/161/158 1262/155/152 1352/1093/1030
f 1262/155/152 1271/2506/1950 1352/1093/1030
f 1353/728/690 226/1019/965 144/1018/964
f 1160/1714/1592 1353/728/690 144/1018/964
f 228/196/191 1359/1530/1437 1354/221/215
f 1354/221/215 1359/1530/1437 104/2031/1877
f 1355/1500/1409 1704/1987/1839 586/1688/1572
f 311/1501/1409 1355/1500/1409 586/1688/1572
f 344/1980/1832 2157/1979/1831 1356/1595/1494
f 344/1980/1832 1356/1595/1494 1144/629/597
f 2060/376/360 1357/477/454 2054/1631/1525
f 2060/376/360 983/2021/1870 1357/477/454
f 1358/1330/1254 660/856/811 1421/2137/1970
f 1332/1328/1252 177/2384/2169 1875/2599/2328
f 1359/1530/1437 591/198/193 1790/1531/1438
f 591/198/193 1359/1530/1437 228/196/191
f 395/612/582 2070/627/595 1360/1014/961
f 1360/1014/961 1111/2152/1980 675/1015/962
f 1361/350/336 2421/2194/177 17/351/337
f 1788/1605/1500 2421/181/177 1361/1602/336
f 535/2606/88 1327/2596/1490 1362/1917/1783
f 146/2607/1354 535/2606/88 1650/330/318
f 1363/639/605 410/312/300 1291/1640/1533
f 1363/639/605 1088/638/606 2072/798/756
f 600/1857/1726 1364/832/788 1157/1365/1289
f 494/1161/1095 2175/2044/1888 600/1857/1726
f 1365/2608/1953 2089/2119/1952 923/1854/1723
f 2089/2119/1952 1435/2609/949 1237/1133/1069
f 1366/255/246 51/319/307 550/318/306
f 51/319/307 1366/255/246 1642/958/906
f 387/747/707 41/746/706 1367/1813/1687
f 922/1045/989 387/747/707 1367/1813/1687
f 1368/1226/1157 224/1362/1286 319/1224/1155
f 319/1224/1155 1311/1743/1619 1368/1226/1157
f 1369/402/384 2076/2197/2020 25/1228/1159
f 48/1230/1161 1779/256/247 25/1228/1159
f 1586/1201/1133 1370/2316/2115 843/1200/1132
f 1370/2316/2115 2128/1055/997 843/1200/1132
f 390/1582/1482 893/1581/1481 1371/782/740
f 390/1582/1482 1371/782/740 1406/2610/2335
f 1155/493/470 1158/1417/1335 1372/495/472
f 1158/1417/1335 484/496/473 1372/495/472
f 1792/2611/2331 2217/2612/1285 39/479/456
f 2217/1361/1285 85/356/342 39/1154/456
f 1374/1528/1434 2030/2181/2006 721/1341/1265
f 1374/1528/1434 721/1341/1265 1337/2199/2022
f 1913/2439/2213 1375/1772/1647 2197/2440/2214
f 1375/1772/1647 212/996/943 1818/1770/1645
f 1376/144/142 243/1960/1820 161/2463/2234
f 457/145/143 1376/144/142 161/2463/2234
f 1193/1152/1088 256/684/204 1377/1153/457
f 1377/480/457 256/209/204 658/481/458
f 1378/1818/1692 955/957/905 1366/255/246
f 1263/1819/1693 955/957/905 1378/1818/1692
f 1379/2275/2085 153/764/723 809/2274/2084
f 1379/2275/2085 982/763/722 153/764/723
f 1498/340/325 1380/339/326 1401/2613/2336
f 1380/339/326 1673/335/322 1401/2613/2336
f 48/1230/1161 1381/257/248 1779/256/247
f 48/1230/1161 2299/1464/1376 1381/257/248
f 2183/2572/2316 2293/633/601 2295/2001/1850
f 2293/633/601 976/2002/1851 2295/2001/1850
f 964/1398/1318 1383/2414/2194 968/1399/1319
f 1395/2427/2204 2111/2426/2203 1854/2417/2196
f 428/1697/1577 1384/1699/1579 931/1462/1374
f 428/1697/1577 426/1696/1576 1384/1699/1579
f 1385/1999/1848 980/166/162 188/165/161
f 980/166/162 1385/1999/1848 573/632/600
f 1386/1704/1583 2459/1463/1375 500/1870/1738
f 430/1123/1060 1386/1704/1583 1125/1679/1563
f 2099/1982/1834 2062/1981/1833 1387/2614/2337
f 1176/2295/2100 1387/2614/2337 1582/1367/1291
f 1387/2614/2337 2062/1981/1833 1388/1769/1643
f 1771/681/646 1582/1367/1291 1387/2614/2337
f 1389/2220/2041 745/929/879 611/931/881
f 195/2221/2042 1389/2220/2041 1433/2133/1966
f 285/183/179 671/182/178 1390/1258/1188
f 285/183/179 1390/1258/1188 609/1260/1190
f 1391/1855/1724 1394/2548/2304 2423/1853/1722
f 1391/1855/1724 2423/1853/1722 818/1599/1497
f 821/1649/1539 1392/2288/2094 1253/2256/2071
f 1641/2289/2095 1392/2288/2094 821/1649/1539
f 832/71/69 1393/70/68 563/625/593
f 1334/1985/1837 563/625/593 1393/70/68
f 1394/2548/2304 1391/1855/1724 493/649/616
f 1394/2548/2304 493/649/616 250/365/350
f 968/1399/1319 1383/2414/2194 1395/2427/2204
f 1580/1656/1545 966/2428/2202 1395/2427/2204
f 1423/1487/1396 478/1486/1396 1396/2555/2309
f 1396/2555/2309 478/1486/1396 1426/1824/1698
f 536/1117/1054 1397/960/908 1561/956/904
f 875/2339/1785 1397/960/908 536/1117/1054
f 1398/740/700 374/332/320 149/750/710
f 149/750/710 1402/228/221 1398/740/700
f 131/347/333 1399/1209/1141 1077/1206/1138
f 1399/1209/1141 131/347/333 1063/1472/1383
f 2146/1794/1668 56/422/402 1400/1009/956
f 1400/1009/956 1523/426/404 2146/1794/1668
f 1673/335/322 230/337/324 1401/2613/2336
f 31/249/240 1401/2613/2336 230/337/324
f 1402/228/221 149/750/710 898/491/468
f 898/491/468 1852/226/219 1402/228/221
f 1659/2083/1921 1403/2020/1869 2016/2084/1922
f 1403/2020/1869 284/668/633 963/108/106
f 287/1145/1081 1404/792/750 929/2601/2330
f 929/2601/2330 1404/792/750 1373/2391/2176
f 686/939/888 1405/2163/1990 1040/2162/1989
f 1405/2163/1990 686/939/888 334/86/84
f 1406/2610/2335 592/242/234 2021/926/876
f 592/242/234 1406/2610/2335 1371/782/740
f 1407/645/612 1581/873/826 1444/641/608
f 808/835/791 1581/2615/826 1407/2241/612
f 1573/2616/2338 2116/2617/2339 560/1918/1784
f 560/2618/1784 1411/1187/1119 220/1976/1118
f 296/2059/1900 1445/1658/1547 1409/2361/2151
f 1445/1658/1547 607/411/392 1409/2361/2151
f 1410/2473/2244 1592/2474/2245 1062/1760/1636
f 690/1756/1632 1410/2473/2244 1062/1760/1636
f 2116/2619/2339 1411/1187/1119 560/2618/1784
f 1411/1187/1119 2116/2619/2339 2168/115/113
f 1412/2332/2129 199/254/245 868/1820/1694
f 1378/1818/1692 199/254/245 1412/2332/2129
f 1460/618/586 2008/2620/2340 1227/1522/1430
f 1227/1522/1430 1985/2560/2312 1215/2461/2232
f 1414/2621/1221 647/819/776 742/51/49
f 2035/2622/45 742/51/49 1971/2277/46
f 468/1803/1677 1415/408/390 1101/1762/1638
f 1415/408/390 468/1803/1677 2138/1804/1678
f 544/2511/1795 1128/1115/1052 1416/265/255
f 544/2511/1795 1416/265/255 1000/813/770
f 650/2118/1951 1417/752/712 918/861/816
f 918/861/816 1417/752/712 2199/1573/1475
f 156/2623/2341 1566/778/737 1418/777/736
f 2413/2216/2037 740/596/566 156/2623/2341
f 1419/2203/2026 724/791/749 89/168/164
f 1419/2203/2026 89/168/164 1776/2244/2060
f 1037/955/903 201/275/265 1420/288/278
f 1420/288/278 201/275/265 683/274/264
f 1332/1328/1252 1875/2599/2328 1421/2137/1970
f 1421/2137/1970 1293/2091/1929 1332/1328/1252
f 2005/1761/1637 1062/1760/1636 1422/231/224
f 1062/1760/1636 1592/2474/2245 1422/231/224
f 1396/2555/2309 105/1381/1303 1423/1487/1396
f 105/1381/1303 530/1488/1397 1423/1487/1396
f 1424/167/163 258/1267/1196 235/1159/1093
f 1424/167/163 235/1159/1093 188/165/161
f 341/482/459 1425/1257/991 953/1428/1345
f 953/2408/1345 1425/1049/991 1900/1146/1082
f 478/1486/1396 735/1880/1746 1426/1824/1698
f 1426/1824/1698 735/1880/1746 841/2312/2113
f 1784/106/104 454/1313/1239 1427/1717/1595
f 454/1313/1239 1346/1425/1342 1427/1717/1595
f 2454/1191/1123 2408/2545/2302 1934/1837/1708
f 2408/2545/2302 2454/1191/1123 134/683/648
f 81/584/554 1429/1243/1174 1065/587/557
f 1429/1243/1174 81/584/554 118/604/574
f 2213/2624/2342 1429/1243/1174 283/1173/1106
f 2213/2624/2342 283/1173/1106 1206/605/575
f 1431/1250/1181 2181/2625/2343 1653/2066/1904
f 1064/1251/1182 1431/1250/1181 1653/2066/1904
f 1038/2470/2241 1432/281/271 321/2122/1955
f 1432/281/271 1983/280/270 321/2122/1955
f 1433/2133/1966 2181/2625/2343 1431/1250/1181
f 815/1252/1183 1433/2133/1966 1431/1250/1181
f 653/1509/1417 1434/2212/2033 1443/2211/2032
f 653/1509/1417 1438/2452/2224 1434/2212/2033
f 1435/1002/949 1365/2120/1953 667/999/946
f 2089/2119/1952 1365/2608/1953 1435/2609/949
f 1168/1878/1744 1436/2626/2344 1481/1691/1574
f 2038/2530/2290 1384/1699/1579 26/1698/1578
f 1268/291/281 1437/993/940 54/994/941
f 1437/993/940 1268/291/281 912/2326/2124
f 1438/2452/2224 1012/297/287 1434/2212/2033
f 1438/2452/2224 1002/1511/1419 1012/297/287
f 1015/987/934 401/1610/1505 1439/988/935
f 1494/122/120 1439/988/935 401/1610/1505
f 367/582/552 1739/2627/2345 1440/578/548
f 1438/2452/2224 367/582/552 1440/578/548
f 489/146/144 425/886/839 1441/885/838
f 489/146/144 1441/885/838 1376/144/142
f 2394/2207/2028 783/871/824 1442/1469/1381
f 1442/1469/1381 690/1756/1632 728/1758/1634
f 2167/1627/1521 653/1509/1417 1443/2211/2032
f 34/2328/2126 2167/1627/1521 1443/2211/2032
f 1937/640/607 612/2068/1906 1444/641/608
f 2366/643/610 1444/641/608 612/2068/1906
f 924/2058/1899 2068/1659/1548 1445/1658/1547
f 296/2059/1900 924/2058/1899 1445/1658/1547
f 1446/348/334 131/347/333 2331/1207/1139
f 1446/348/334 868/1820/1694 548/2195/2018
f 1447/2185/2010 1174/1143/1079 2320/2535/2294
f 1587/468/446 1590/1144/1080 2318/2628/2346
f 1154/1070/1009 1448/2/2 713/1148/1084
f 2371/572/542 2180/2629/2347 1449/570/540
f 1066/1052/994 1449/570/540 2180/2629/2347
f 192/915/865 1450/1236/1167 2255/1140/1076
f 192/915/865 1300/918/868 1450/1236/1167
f 1463/2088/1926 1451/229/222 1507/2165/1992
f 1451/229/222 1422/231/224 1507/2165/1992
f 1232/1989/1841 1375/1772/1647 1452/398/380
f 567/2563/2313 1232/1989/1841 1452/398/380
f 421/1447/1363 2108/2313/2114 2114/1446/1362
f 2102/2052/1895 2108/2313/2114 421/1447/1363
f 2204/607/577 2446/428/407 1454/1586/1486
f 637/2100/1937 1958/2079/1917 1101/1762/1638
f 527/2354/2147 2019/2353/2146 1762/2442/2216
f 1951/2441/2215 527/2354/2147 1762/2442/2216
f 570/1005/952 1283/117/115 1456/305/294
f 570/1005/952 1456/305/294 1319/1541/1448
f 1457/1638/1531 323/637/605 1363/639/605
f 1998/2150/1979 323/637/605 1457/1638/1531
f 1463/2088/1926 1507/2165/1992 318/354/340
f 1373/2391/2176 1463/2088/1926 318/354/340
f 948/486/463 1459/503/479 1562/487/464
f 1459/503/479 1209/823/780 726/825/782
f 695/2172/1998 121/2469/2240 1460/618/586
f 2008/2620/2340 1460/618/586 121/2469/2240
f 1568/1817/1691 1618/2082/1920 1461/2371/2159
f 1461/2371/2159 274/2019/1868 1597/2018/1867
f 59/214/209 1462/2048/1891 1516/215/210
f 1559/537/501 2235/2045/1889 2347/2630/2348
f 1463/2088/1926 1373/2391/2176 1458/2390/2175
f 1466/104/102 1458/2390/2175 1404/792/750
f 1464/1028/974 788/2357/2074 2439/2631/2073
f 788/2357/2074 1464/1028/974 894/961/909
f 1465/139/137 1/136/134 1716/845/800
f 1463/2088/1926 1466/104/102 2196/357/343
f 1458/2390/2175 1466/104/102 1463/2088/1926
f 1467/1606/1501 858/1604/1499 399/497/474
f 1361/1602/336 858/1604/1499 1467/1606/1501
f 1468/2142/1975 461/1612/1507 962/889/842
f 461/1612/1507 2013/1613/1508 2453/898/849
f 1469/2632/2349 2257/2434/2209 977/580/550
f 66/1127/1064 1476/1126/1063 2260/2436/2211
f 2387/2526/2289 75/394/376 2027/393/375
f 75/394/376 1505/1031/977 902/1129/1066
f 1471/667/632 563/625/593 1930/1986/1838
f 563/625/593 1471/667/632 997/624/592
f 1688/909/859 1472/456/434 191/910/860
f 1688/909/859 654/1112/1049 1472/456/434
f 967/978/924 1634/2421/2198 1473/980/927
f 967/978/924 1473/980/927 2313/979/926
f 1628/2071/1909 1474/1414/1332 614/2070/1908
f 2040/1416/1334 1474/1414/1332 1305/443/421
f 1475/1193/1125 267/675/640 14/2041/1885
f 1475/1193/1125 14/2041/1885 1318/381/365
f 2260/2436/2211 1476/1126/1063 1522/2633/2350
f 1476/1126/1063 2044/349/335 180/2634/2351
f 509/617/585 795/628/596 1477/498/475
f 509/617/585 1477/498/475 1261/500/475
f 332/1107/1044 1006/1408/1328 1478/227/220
f 1478/227/220 1006/1408/1328 1402/228/221
f 1479/1759/1635 1917/2635/2352 1039/2443/2217
f 1039/2443/2217 1762/2442/2216 1758/2472/2243
f 2339/686/649 1933/1182/1114 1480/7/7
f 2339/686/649 1480/7/7 1596/2385/2170
f 1436/2626/2344 26/1698/1578 1481/1691/1574
f 1481/1691/1574 26/1698/1578 426/1700/1576
f 1482/1309/1235 480/1311/1237 1289/1561/1466
f 1289/1561/1466 49/1102/1039 1482/1309/1235
f 45/164/160 848/163/159 1483/1346/1270
f 2054/1631/1525 1483/1346/1270 408/377/361
f 495/342/328 1800/341/327 1484/1833/1704
f 495/342/328 1484/1833/1704 523/539/510
f 802/1942/1803 1485/1946/1807 550/318/306
f 1485/1946/1807 1366/255/246 550/318/306
f 864/2577/2317 1486/2329/2127 453/1766/1642
f 2131/1078/1017 2134/2077/1915 2178/1079/1018
f 1487/2176/2001 700/441/419 946/2132/1965
f 700/441/419 1487/2176/2001 1307/997/944
f 1488/1774/1649 1829/18/17 1883/17/16
f 457/145/143 1020/2309/2110 1488/1774/1649
f 1489/2636/830 1849/2637/2353 808/835/791
f 1960/2595/828 1489/2636/830 808/835/791
f 1490/2471/2242 1479/1759/1635 1039/2443/2217
f 1479/1759/1635 1490/2471/2242 1062/1760/1636
f 1893/1136/1072 1491/490/467 616/1686/1570
f 616/1686/1570 1491/490/467 2306/860/815
f 1492/2168/1995 1489/877/830 488/963/911
f 1492/2168/1995 488/963/911 789/2232/2053
f 61/298/288 474/327/315 1493/2081/1919
f 1865/271/261 271/15/14 1753/14/14
f 639/789/747 1494/122/120 401/1610/1505
f 639/789/747 1930/1986/1838 1494/122/120
f 2364/2368/2156 2424/462/440 800/461/439
f 1106/1958/1818 2364/2368/2156 800/461/439
f 1022/508/484 958/548/519 1496/1087/1025
f 958/548/519 1025/547/518 1496/1087/1025
f 1136/793/751 1497/1147/1083 160/467/445
f 1497/1147/1083 1900/1146/1082 1590/1144/1080
f 31/249/240 1742/1566/1471 1498/340/325
f 1401/2613/2336 31/249/240 1498/340/325
f 1941/659/624 846/1730/1607 1904/1965/1825
f 1941/659/624 1074/2347/2141 846/1730/1607
f 2057/1721/1599 1500/2014/1863 578/1722/1600
f 578/1722/1600 2291/2279/2088 2132/2302/2105
f 1181/697/660 1501/1443/1359 2323/1440/1356
f 347/1441/1357 2323/1440/1356 1501/1443/1359
f 1502/2638/1255 1536/2639/1257 1856/950/898
f 1502/2638/1255 322/2206/2027 2009/2573/900
f 25/1228/1159 629/79/77 1503/975/923
f 452/81/79 1503/975/923 629/79/77
f 1504/2217/2038 1003/597/567 740/596/566
f 1504/2217/2038 740/596/566 465/216/211
f 2387/2526/2289 1505/1031/977 75/394/376
f 1470/2640/2354 1161/1030/976 1505/1031/977
f 382/1094/1031 2067/2641/53 1506/1555/1461
f 1723/2642/1462 1506/2643/1461 2067/55/53
f 67/355/341 1507/2165/1992 1046/1733/1610
f 67/355/341 318/354/340 1507/2165/1992
f 25/1228/1159 1508/1042/986 629/79/77
f 1139/2346/2140 629/79/77 1508/1042/986
f 1760/992/939 1501/1443/1359 1509/696/659
f 1509/696/659 908/2337/2134 431/1097/1034
f 392/517/492 1510/1881/1747 2055/1483/1393
f 1277/516/491 1510/1881/1747 392/517/492
f 1946/1212/1144 1511/1410/1329 675/1015/962
f 122/444/422 1628/2071/1909 1511/1410/1329
f 1118/2644/2355 486/370/355 1512/1843/1714
f 353/179/175 1512/1843/1714 486/370/355
f 1486/2329/2127 864/2577/2317 1513/2076/1914
f 1513/2076/1914 864/2577/2317 2244/177/173
f 2422/2645/236 1313/921/871 1514/923/873
f 1514/923/873 288/924/874 124/6/6
f 950/2222/2043 1515/561/531 1886/2646/2356
f 1881/2037/1882 1886/2646/2356 1515/561/531
f 2429/2647/2357 1462/2048/1891 824/1620/1515
f 2429/2647/2357 824/1620/1515 2375/362/348
f 1284/2578/2318 643/2245/2061 1517/2579/2319
f 1517/2579/2319 1287/2103/1940 1284/2578/2318
f 1518/1455/1368 426/1696/1576 1023/1453/1367
f 2265/1692/1091 1481/1691/1574 426/1700/1576
f 1087/2491/2261 2222/2493/2263 1519/1516/1424
f 1087/2491/2261 1519/1516/1424 1150/1515/1423
f 2425/2593/2326 1520/1299/1225 511/401/383
f 2386/2327/2125 511/401/383 1520/1299/1225
f 2294/2514/2281 1521/1575/1477 2079/1574/1476
f 1521/1575/1477 2294/2514/2281 1298/1179/1111
f 180/2634/2351 1522/2633/2350 1476/1126/1063
f 2257/2434/2209 1552/1510/1418 1440/578/548
f 2146/1794/1668 1523/426/404 528/1666/1552
f 1132/1073/1012 528/1666/1552 1523/426/404
f 1524/2372/2160 1117/261/252 905/260/251
f 178/235/227 1117/261/252 2428/2505/2274
f 487/1845/1715 987/2135/1968 1525/949/897
f 438/948/896 1797/1725/1602 1525/949/897
f 1526/1232/1163 1820/982/929 1041/967/915
f 914/111/109 1526/1232/1163 1515/561/531
f 2230/794/752 1136/793/751 724/791/749
f 1419/2203/2026 2230/794/752 724/791/749
f 1528/135/133 80/472/450 298/1292/1219
f 80/472/450 1528/135/133 2139/2648/2358
f 1529/1004/951 412/1646/1536 1237/2564/1069
f 1529/1004/951 1237/2564/1069 1435/1002/949
f 1530/1903/1769 275/301/290 1269/66/64
f 1786/657/622 275/301/290 1530/1903/1769
f 1531/2287/2093 2326/2262/2073 1392/2288/2094
f 1531/2287/2093 2439/2260/2073 2326/2262/2073
f 1532/1338/1262 310/709/671 2236/718/680
f 687/1426/1343 310/709/671 1532/1338/1262
f 2193/1491/1400 1533/2484/2255 1940/2503/2272
f 1533/2484/2255 1073/2483/2254 9/52/50
f 502/80/78 1534/973/921 452/81/79
f 452/81/79 1534/973/921 1503/975/923
f 1150/1515/1423 1535/334/321 16/331/319
f 374/332/320 16/331/319 1535/334/321
f 1856/950/898 1536/2639/1257 438/948/896
f 1759/1724/1379 438/948/896 1536/2639/1257
f 1755/985/932 1537/559/529 29/983/930
f 29/983/930 1537/559/529 1526/1232/1163
f 2220/2208/2029 1538/802/760 1795/1553/1459
f 1538/802/760 27/1812/1686 1844/800/758
f 3/2541/2299 1236/23/22 1539/22/21
f 1053/1850/1720 3/2541/2299 1539/22/21
f 1540/311/299 472/313/301 691/1227/1158
f 691/1227/1158 1311/1743/1619 1544/2582/2321
f 635/1635/1528 2229/1634/1528 1541/504/480
f 2187/581/551 2404/2099/1936 1541/504/480
f 1542/1752/1628 437/1753/1629 200/1026/972
f 1542/1752/1628 200/1026/972 725/1374/1296
f 349/132/130 2114/1446/1362 1543/546/517
f 1543/546/517 19/690/653 349/132/130
f 691/1227/1158 1544/2582/2321 1540/311/299
f 410/312/300 1540/311/299 1544/2582/2321
f 234/1043/987 1508/1042/986 1545/1231/1162
f 1545/1231/1162 1775/1667/1553 234/1043/987
f 2288/2649/2359 466/1767/1643 1546/630/598
f 2167/1627/1521 1606/1800/1674 2174/2650/2360
f 1290/1125/1062 1547/1676/1089 534/1124/1061
f 534/1470/1061 1547/1155/1089 2265/1157/1091
f 1548/1213/1145 333/1411/1330 832/71/69
f 1548/1213/1145 675/1015/962 333/1411/1330
f 1399/1209/1141 2016/2084/1922 1549/1245/1176
f 2016/2084/1922 1403/2020/1869 1549/1245/1176
f 330/366/351 1208/2651/2361 2302/2479/2250
f 397/1474/1385 2302/2479/2250 1208/2651/2361
f 1142/454/432 1551/453/431 1663/2124/1957
f 242/2392/2177 86/1138/1074 1551/453/431
f 2044/349/335 1552/1510/1418 180/2634/2351
f 180/2634/2351 1552/1510/1418 2257/2434/2209
f 209/121/119 184/120/118 1553/989/936
f 1553/989/936 54/994/941 209/121/119
f 1159/1932/1794 1554/304/293 2092/1519/1427
f 1159/1932/1794 110/1363/1287 1554/304/293
f 1555/2064/1902 462/1710/1588 610/1713/1591
f 433/1788/1663 1555/2064/1902 610/1713/1591
f 1556/307/296 1232/1989/1841 567/2563/2313
f 1556/307/296 567/2563/2313 376/105/103
f 304/2159/1987 1557/621/589 994/2158/1986
f 1557/621/589 304/2159/1987 910/2032/1242
f 175/1552/1458 1558/1319/1244 381/1673/1558
f 175/1552/1458 305/847/802 1558/1319/1244
f 1559/527/501 59/214/209 1566/778/737
f 1559/527/501 1462/2048/1891 59/214/209
f 1560/1498/1407 364/1596/1495 729/1496/1405
f 1560/1498/1407 729/1496/1405 216/1495/1404
f 121/2469/2240 695/2172/1998 1561/956/904
f 1561/956/904 695/2172/1998 2136/1116/1053
f 726/825/782 1884/826/783 1562/487/464
f 1459/503/479 726/825/782 1562/487/464
f 749/180/176 1563/1694/1195 248/2652/1014
f 749/180/176 427/369/354 1563/1694/1195
f 1028/1709/1587 1564/1057/998 678/1056/997
f 1133/1708/1586 1564/1057/998 1028/1709/1587
f 23/96/94 158/1601/795 1565/94/92
f 2253/1476/1387 158/1601/795 359/1477/1388
f 1974/775/734 116/1291/1218 1569/2653/2362
f 1569/2653/2362 116/1291/1218 1575/526/500
f 1142/454/432 777/2246/2062 1567/1100/1037
f 781/2028/1874 1567/1100/1037 777/2246/2062
f 1568/1817/1691 621/1423/1340 338/299/288
f 2382/10/10 1597/2018/1867 583/11/11
f 156/2623/2341 1598/525/499 1566/778/737
f 1559/527/501 1566/778/737 1598/525/499
f 685/1864/1733 276/837/793 1570/648/615
f 1570/648/615 856/647/614 685/1864/1733
f 1571/2130/1963 657/364/348 2362/363/349
f 1571/2130/1963 709/1621/1516 404/699/662
f 1845/774/733 696/1288/1001 1572/1289/1217
f 297/1001/948 1572/2173/1217 696/1060/1001
f 2116/2617/2339 1573/2616/2338 2123/2654/2363
f 761/945/894 2126/2230/2051 1927/2236/2057
f 930/1137/1073 242/2392/2177 1574/1482/1392
f 930/1137/1073 1574/1482/1392 252/457/435
f 669/2655/509 1575/526/500 923/2144/1723
f 1559/527/501 1575/526/500 669/2655/509
f 1882/1865/1734 1576/1536/1443 1853/1867/1736
f 1258/1535/1442 268/549/520 1576/1536/1443
f 1642/958/906 1577/1934/1796 51/319/307
f 1577/1934/1796 1827/317/305 51/319/307
f 814/1369/217 1727/385/369 1578/2656/273
f 1315/224/218 814/223/217 1578/283/273
f 1065/587/557 1579/1617/1512 81/584/554
f 748/586/556 1579/1617/1512 1065/587/557
f 1580/1656/1545 1395/2427/2204 1383/2414/2194
f 2403/2413/2193 1580/1656/1545 1383/2414/2194
f 1849/2637/2353 1581/2615/826 808/835/791
f 1581/2657/826 182/903/854 2359/905/827
f 1171/680/645 169/714/676 1582/1367/1291
f 1171/680/645 1582/1367/1291 1771/681/646
f 280/2228/2049 1583/1671/1556 758/484/461
f 1757/2456/1554 758/484/461 1583/1671/1556
f 543/1040/985 215/1039/984 1584/1433/1350
f 2092/1519/1427 1554/304/293 543/1040/985
f 177/2384/2169 1585/2307/2108 1329/2598/2327
f 1585/2307/2108 793/2264/2076 1329/2598/2327
f 269/190/185 1161/1030/976 1586/1201/1133
f 1586/1201/1133 1161/1030/976 1470/2640/2354
f 1587/468/446 2318/2628/2346 1447/2185/2010
f 705/466/444 1587/468/446 1447/2185/2010
f 616/1686/1570 1588/1685/1569 1893/1136/1072
f 1588/1685/1569 1185/1896/1762 520/1135/1071
f 1589/1395/393 329/1655/1544 630/1657/1546
f 329/1660/1544 1589/412/393 607/411/392
f 1590/1144/1080 160/467/445 1497/1147/1083
f 1590/1144/1080 1587/468/446 160/467/445
f 290/4/4 124/6/6 1591/1261/1191
f 290/4/4 1591/1261/1191 429/1701/1580
f 1046/1733/1610 1592/2474/2245 1044/1838/1709
f 1422/231/224 1592/2474/2245 1046/1733/1610
f 1593/1241/1172 709/1621/1516 599/2042/1886
f 1593/1241/1172 599/2042/1886 2104/2043/1887
f 1594/716/678 1244/1141/1077 698/866/820
f 1594/716/678 698/866/820 179/116/114
f 1595/2658/2364 1910/2351/2145 1256/358/344
f 1826/2053/1896 1910/2351/2145 1595/2658/2364
f 1585/2307/2108 1596/2385/2170 917/9/9
f 1596/2385/2170 1480/7/7 917/9/9
f 1568/1817/1691 1461/2371/2159 1597/2018/1867
f 1597/2018/1867 2382/10/10 1568/1817/1691
f 156/2623/2341 1569/2653/2362 1598/525/499
f 1598/525/499 1569/2653/2362 1575/526/500
f 1599/2531/2291 1436/2626/2344 1168/1878/1744
f 507/2109/1946 2340/2107/1944 1168/1878/1744
f 77/787/745 1600/786/744 159/2460/2231
f 401/1610/1505 159/2460/2231 1600/786/744
f 2163/2659/2365 1772/2254/2069 1605/2255/2070
f 889/262/253 2163/2659/2365 2171/1901/1767
f 1602/230/223 2252/2027/1873 2005/1761/1637
f 1422/231/224 1602/230/223 2005/1761/1637
f 2351/2364/2154 1603/2365/2155 1010/739/699
f 1010/739/699 1603/2365/2155 346/1409/86
f 1604/920/870 1096/1925/1789 1300/918/868
f 1604/920/870 1821/1893/1759 1096/1925/1789
f 1605/2255/2070 523/539/510 2163/2659/2365
f 523/539/510 1605/2255/2070 1336/540/511
f 34/2328/2126 1278/1798/1672 1606/1800/1674
f 1606/1800/1674 2167/1627/1521 34/2328/2126
f 711/2186/2011 2239/2017/1866 1607/2187/2012
f 582/895/847 711/2186/2011 1607/2187/2012
f 1083/2110/257 1706/2600/2329 1608/1815/1689
f 1706/2600/2329 1367/1813/1687 1608/1815/1689
f 433/1788/1663 2238/1505/1413 1609/1504/1412
f 1609/1504/1412 1488/1774/1649 1883/17/16
f 1610/2660/213 1304/1983/1835 562/205/200
f 1610/2660/213 562/205/200 1163/207/202
f 1611/1970/1828 559/2087/1925 107/1785/1660
f 626/1780/1655 559/2087/1925 1611/1970/1828
f 1612/1537/1444 579/519/494 1631/1197/1129
f 1612/1537/1444 375/1194/1126 909/1196/1128
f 1299/2297/2101 1613/1403/1323 829/2298/2102
f 1613/1403/1323 1299/2297/2101 331/1790/1665
f 2/1869/1737 1273/1550/1456 1614/2661/2366
f 1528/135/133 2258/137/135 1614/2661/2366
f 1615/511/487 1199/1353/1277 904/1355/1279
f 1615/511/487 904/1355/1279 1312/1214/1146
f 1594/716/678 179/116/114 2165/2175/2000
f 1935/706/669 2165/2175/2000 179/116/114
f 1635/69/67 295/654/620 519/67/65
f 295/654/620 1635/69/67 1621/1807/1681
f 1618/2082/1920 903/512/486 1615/511/487
f 1493/2081/1919 903/512/486 1618/2082/1920
f 1749/2362/2152 933/2090/1928 1619/1180/1112
f 933/2090/1928 1293/2091/1929 1989/2138/1971
f 1053/1850/1720 1187/2094/1932 1620/2269/2081
f 1187/2094/1932 1495/2270/2082 1620/2269/2081
f 1617/2537/2296 2323/1440/1356 1621/1807/1681
f 661/201/196 1621/1807/1681 469/199/194
f 159/2460/2231 1018/118/116 1622/768/727
f 77/787/745 159/2460/2231 1622/768/727
f 1623/285/275 754/1103/1040 1954/1563/1468
f 754/1103/1040 1623/285/275 240/663/628
f 613/818/775 430/1123/1060 1624/938/887
f 1624/938/887 165/815/772 613/818/775
f 1625/448/426 134/683/648 1475/1193/1125
f 13/685/205 134/683/648 1625/448/426
f 1189/2447/2220 522/2375/2162 1626/1307/1233
f 522/2375/2162 2221/2377/2163 1626/1307/1233
f 2088/2089/1927 794/45/43 1627/1622/1517
f 794/45/43 2252/2027/1873 1627/1622/1517
f 1628/2071/1909 270/1203/1135 1511/1410/1329
f 112/1204/1136 270/1203/1135 2325/1034/980
f 2165/2175/2000 1935/706/669 571/1994/1845
f 541/966/914 571/1994/1845 1935/706/669
f 198/1937/1798 1240/941/890 1630/942/891
f 198/1937/1798 1630/942/891 83/943/892
f 1612/1537/1444 1631/1197/1129 375/1194/1126
f 597/1199/1131 375/1194/1126 1631/1197/1129
f 221/2370/2158 1632/557/527 988/192/187
f 221/2370/2158 1505/1031/977 1632/557/527
f 1347/2342/2136 877/220/214 1633/1248/1179
f 1633/1248/1179 228/196/191 1347/2342/2136
f 967/978/924 206/906/856 1634/2421/2198
f 1634/2421/2198 206/906/856 1750/2662/2367
f 1635/69/67 1617/2537/2296 1621/1807/1681
f 137/1651/1541 1617/2537/2296 1635/69/67
f 1636/2663/481 615/2072/1910 1999/2664/60
f 291/2308/2109 615/2072/1910 1636/2663/481
f 936/206/201 2041/1940/1801 2228/2665/2368
f 1163/207/202 936/206/201 2228/2665/2368
f 1638/1475/1386 797/804/762 587/1559/1464
f 587/1559/1464 2253/1476/1387 1638/1475/1386
f 866/1413/1331 1639/1175/1107 2287/2666/2369
f 866/1413/1331 197/2178/2003 1639/1175/1107
f 759/248/239 1640/2229/2050 1742/1566/1471
f 759/248/239 2042/2465/2236 1640/2229/2050
f 786/542/513 1641/2289/2095 1055/1648/1538
f 1055/1648/1538 1641/2289/2095 821/1649/1539
f 875/1919/1785 1642/958/906 768/1920/1786
f 875/1919/1785 1577/1934/1796 1642/958/906
f 1643/1217/1149 733/83/81 1269/66/64
f 1269/66/64 275/301/290 1643/1217/1149
f 2152/1941/1802 1644/535/304 601/2046/1100
f 1644/316/304 1308/315/303 601/1166/1100
f 1645/2590/2324 1304/2589/1835 518/218/212
f 1675/2667/2370 518/218/212 2059/383/367
f 1595/2658/2364 1655/2668/346 1826/2053/1896
f 1655/360/346 359/1477/1388 350/2056/1897
f 1292/513/488 87/515/490 1647/1215/1147
f 1647/1215/1147 87/515/490 986/1859/1728
f 2275/970/918 1629/969/917 1648/707/400
f 2275/2554/918 1648/420/400 2237/419/399
f 689/424/404 552/1950/1810 1649/566/536
f 1173/2174/1999 1649/566/536 552/1950/1810
f 535/2606/88 1362/1917/1783 1650/330/318
f 15/1221/1152 1650/330/318 1362/1917/1783
f 515/1889/1755 581/1888/1754 1651/711/673
f 130/788/746 515/1889/1755 1651/711/673
f 2334/2416/561 1652/1719/1597 965/1452/778
f 965/1452/778 1652/1719/1597 706/36/34
f 611/931/881 1653/2066/1904 1389/2220/2041
f 611/931/881 228/196/191 1653/2066/1904
f 1757/1669/1554 888/149/147 1654/2350/2144
f 1256/358/344 1654/2350/2144 888/149/147
f 1655/2668/346 1751/807/764 1646/1449/1365
f 1646/1449/1365 1224/1471/1382 1655/2668/346
f 2374/1420/195 1656/1285/1214 989/2424/2201
f 989/2424/2201 1656/1285/1214 949/1378/1300
f 2004/2349/2143 602/799/757 1657/1376/1298
f 1657/1376/1298 602/799/757 1085/1377/1299
f 1658/2367/603 46/1806/1680 661/201/196
f 661/201/196 2374/200/195 1707/2669/1337
f 284/668/633 1659/2083/1921 316/1823/1697
f 284/668/633 1403/2020/1869 1659/2083/1921
f 1297/2585/2322 1660/579/549 113/1022/968
f 338/299/288 113/1022/968 1676/300/289
f 60/944/893 1052/1189/1121 1661/100/98
f 1052/1189/1121 1275/887/840 1661/100/98
f 1683/1957/1817 1789/2543/2301 1662/1905/1771
f 1662/1905/1771 525/375/359 1683/1957/1817
f 654/1112/1049 1663/2124/1957 86/1138/1074
f 86/1138/1074 1663/2124/1957 1551/453/431
f 381/1673/1558 604/1674/1559 1664/134/132
f 381/1673/1558 1664/134/132 175/1552/1458
f 1704/2116/1839 649/1689/1573 1665/142/140
f 1665/142/140 649/1689/1573 2025/143/141
f 1777/1318/1243 302/2488/2259 1666/1308/1234
f 302/2488/2259 1482/1309/1235 1666/1308/1234
f 1357/477/454 299/478/455 2458/1630/1524
f 299/478/455 1170/2113/1949 1681/1296/1222
f 1668/1897/1763 853/749/709 851/344/330
f 851/344/330 792/197/192 1668/1897/1763
f 1286/171/167 411/897/848 1669/2670/1535
f 1127/1695/1094 1286/171/167 1669/2670/1535
f 346/1409/86 146/2607/1354 1670/1439/1355
f 146/2607/1354 1650/330/318 1670/1439/1355
f 598/852/807 1107/1024/970 1671/1027/973
f 1680/2167/1994 1747/853/808 1671/1027/973
f 1672/320/308 57/293/283 1677/292/282
f 57/293/283 1672/320/308 1556/307/296
f 2096/2671/2371 1370/2316/2115 1673/335/322
f 1380/339/326 2096/2671/2371 1673/335/322
f 1420/288/278 683/274/264 1674/289/279
f 910/2032/1242 1674/289/279 683/274/264
f 1675/2667/2370 1645/2590/2324 518/218/212
f 1842/1895/1761 1645/2590/2324 1718/1672/1557
f 1773/2394/2179 1963/2478/2249 1676/300/289
f 113/1022/968 1660/579/549 1676/300/289
f 65/321/309 1677/292/282 477/346/332
f 65/321/309 1672/320/308 1677/292/282
f 404/699/662 2214/2672/2372 1678/700/663
f 2200/211/206 138/2177/2002 1678/700/663
f 1705/1729/1606 1679/1728/1605 1324/2451/2223
f 1324/2451/2223 1679/1728/1605 1001/2267/2079
f 1107/1024/970 2185/2494/2264 1671/1027/973
f 2185/2494/2264 1107/1024/970 1068/2495/2265
f 2458/1630/1524 299/478/455 1681/1296/1222
f 1667/56/54 1681/1296/1222 1414/1295/1221
f 1664/134/132 1682/133/131 1324/2451/2223
f 1682/133/131 19/690/653 1324/2451/2223
f 91/744/704 990/743/703 1683/1957/1817
f 1683/1957/1817 525/375/359 91/744/704
f 1684/2673/2287 350/2056/1897 1914/1478/1389
f 1156/844/799 948/486/463 1684/2524/2287
f 1865/271/261 906/329/317 1685/272/262
f 210/2238/260 1685/272/262 906/329/317
f 719/399/381 632/2097/1934 1686/400/382
f 632/2097/1934 1321/2674/2373 2425/2593/2326
f 1288/2202/2025 1687/1134/1070 723/2581/1067
f 773/1132/1068 723/1131/1067 1687/1645/1070
f 1165/911/861 292/1275/1204 1688/909/859
f 292/1275/1204 654/1112/1049 1688/909/859
f 181/1836/1707 549/609/579 1689/1944/1805
f 2396/953/901 549/609/579 2354/611/581
f 255/1324/1249 277/1591/1491 1690/1325/1151
f 1728/1589/1489 535/90/88 1690/1220/1151
f 1691/264/253 1613/1403/1323 331/1790/1665
f 331/1790/1665 1918/1789/1664 1691/264/253
f 68/1497/1406 1692/1013/960 2303/2060/1901
f 1692/1013/960 68/1497/1406 729/1496/1405
f 570/1005/952 1693/191/186 326/1387/1309
f 1033/757/717 326/1387/1309 1693/191/186
f 1694/1834/1705 1691/264/253 64/263/254
f 64/263/254 1848/1858/1727 1694/1834/1705
f 1695/1017/963 2030/2181/2006 1080/2180/2005
f 1080/2180/2005 1313/1016/871 1695/1017/963
f 1696/2558/1002 1219/776/735 2077/2557/2311
f 1696/2558/1002 696/1288/1001 1219/776/735
f 458/1784/1659 1697/1969/1827 107/1785/1660
f 1697/1969/1827 458/1784/1659 959/1775/1650
f 1698/124/122 1925/1884/1750 300/1298/1224
f 300/1298/1224 1798/1301/1227 1698/124/122
f 2057/1721/1599 1068/2495/2265 1699/1720/1598
f 1699/1720/1598 1068/2495/2265 1107/1024/970
f 279/751/711 1700/971/919 492/862/817
f 956/2092/1930 1700/971/919 279/751/711
f 2081/44/42 1701/1490/1399 9/52/50
f 1533/2484/2255 9/52/50 1940/2503/2272
f 1702/2123/1956 1012/297/287 1210/176/172
f 1702/2123/1956 1434/2212/2033 1012/297/287
f 1703/2492/2262 15/1221/1152 1091/1223/1154
f 1703/2492/2262 1150/1515/1423 15/1221/1152
f 564/1340/1264 28/2675/2374 1704/1987/1839
f 649/1689/1573 1704/2116/1839 28/2676/2374
f 1705/1729/1606 1324/2451/2223 19/690/653
f 136/545/516 1705/1729/1606 19/690/653
f 1706/2600/2329 473/1814/1688 1367/1813/1687
f 2061/2149/1978 1706/2600/2329 1335/2489/2260
f 2292/636/604 1658/635/603 1707/1419/1337
f 661/201/196 1707/2669/1337 1658/2367/603
f 1708/1460/1372 1118/2644/2355 1512/1843/1714
f 1729/2587/2323 1118/2644/2355 1708/1460/1372
f 1709/1662/1549 366/1278/1207 1724/2179/2004
f 1709/1662/1549 42/554/524 366/1278/1207
f 224/1362/1286 727/1521/1429 1710/1517/1425
f 727/1521/1429 2434/1518/1426 1710/1517/1425
f 1711/2398/1948 646/830/787 937/2397/181
f 937/186/181 1876/892/844 1711/2112/1948
f 2160/2677/2375 1950/98/96 2208/2547/2303
f 2160/2677/2375 2208/2547/2303 688/437/416
f 1713/530/504 2240/1459/1371 102/37/35
f 775/39/37 1713/530/504 102/37/35
f 46/1806/1680 899/2366/617 1714/655/621
f 46/1806/1680 1714/655/621 295/654/620
f 1715/463/441 968/1399/1319 2106/2422/2199
f 2106/2422/2199 800/461/439 1715/463/441
f 1716/845/800 2014/78/76 1216/1293/1220
f 1216/1293/1220 173/1150/1086 1716/845/800
f 2436/2678/2376 789/2232/2053 1717/964/912
f 762/1846/1716 1717/964/912 1231/908/858
f 1675/2667/2370 2059/383/367 1718/1672/1557
f 1645/2590/2324 1675/2667/2370 1718/1672/1557
f 1185/1896/1762 241/1105/1042 1719/1786/1661
f 520/1135/1071 1185/1896/1762 1719/1786/1661
f 1750/2662/2367 206/906/856 1720/2231/2052
f 2370/2233/2054 69/981/928 1149/2520/2285
f 1041/967/915 1721/1233/1164 1526/1232/1163
f 1041/967/915 207/880/833 1721/1233/1164
f 2007/2679/2377 1722/2508/2276 437/1753/1629
f 1722/2508/2276 1699/1720/1598 437/1753/1629
f 1723/2642/1462 12/54/52 1135/2374/1213
f 12/54/52 1723/2642/1462 2067/55/53
f 701/1506/1414 1724/2179/2004 366/1278/1207
f 1724/2179/2004 701/1506/1414 1333/1665/1551
f 987/2135/1968 1542/1752/1628 1725/1373/1295
f 1725/1373/1295 1525/949/897 987/2135/1968
f 1726/2319/2118 1084/188/183 2145/1927/1791
f 848/524/159 1084/188/183 1726/2319/2118
f 1153/1114/1051 73/1068/87 1727/385/369
f 1578/2656/273 1727/385/369 73/1068/87
f 277/1591/1491 827/1593/1493 1728/2597/1489
f 1690/1220/1151 277/2680/1491 1728/1589/1489
f 1729/2587/2323 1924/169/165 1301/532/506
f 1301/532/506 1118/2644/2355 1729/2587/2323
f 1479/1759/1635 1730/1909/1775 1917/2635/2352
f 1730/1909/1775 1479/1759/1635 589/2026/1872
f 1731/2029/1875 1287/2103/1940 415/2102/1939
f 415/2102/1939 680/2157/1985 1731/2029/1875
f 1732/990/937 11/1095/1032 1135/1558/1213
f 826/2296/1212 1732/990/937 1135/1558/1213
f 781/2028/1874 656/2129/1962 1733/1099/1036
f 656/2129/1962 992/1998/1847 2259/1101/1038
f 1734/913/863 265/1029/975 37/222/216
f 1734/913/863 37/222/216 104/2031/1877
f 152/601/571 1740/1873/1741 1735/1624/1519
f 2143/1625/1520 1735/1624/1519 1740/1873/1741
f 647/819/776 1736/1451/779 833/820/777
f 833/820/777 1736/1451/779 706/36/34
f 1264/1796/1670 466/1767/1643 1737/1799/1673
f 466/1767/1643 2288/2649/2359 1737/1799/1673
f 58/801/759 1738/1360/1284 602/799/757
f 1844/800/758 1738/1360/1284 58/801/759
f 1660/579/549 1440/578/548 1739/2627/2345
f 1739/2627/2345 1676/300/289 1660/579/549
f 1740/1873/1741 1097/779/738 2019/2352/2146
f 1740/1873/1741 776/672/637 1097/779/738
f 82/2164/1991 1741/1162/1096 710/1238/1169
f 1741/1162/1096 1217/1164/1098 710/1238/1169
f 1742/1566/1471 757/338/325 1498/340/325
f 757/338/325 1742/1566/1471 1082/1712/1590
f 1950/98/96 1743/97/95 22/2448/2221
f 1743/97/95 996/395/377 22/2448/2221
f 31/249/240 982/763/722 1744/2382/2167
f 1744/2382/2167 982/763/722 1177/158/155
f 625/1466/1378 1745/2086/1924 119/599/569
f 1745/2086/1924 625/1466/1378 2394/2207/2028
f 476/558/528 1131/560/530 1746/1821/1695
f 1755/985/932 1131/560/530 1537/559/529
f 1207/75/73 662/1430/1347 1747/2315/808
f 662/1430/1347 72/849/804 1747/2315/808
f 1748/694/657 1089/1390/1312 327/159/156
f 1851/2681/2378 1748/694/657 327/159/156
f 1619/1180/1112 628/1167/1101 1749/2362/2152
f 897/1169/1103 1749/2362/2152 628/1167/1101
f 1149/2520/2285 1634/2421/2198 1750/2662/2367
f 1149/2520/2285 1750/2662/2367 2370/2233/2054
f 1256/358/344 1751/807/764 1595/2658/2364
f 1595/2658/2364 1751/807/764 1655/2668/346
f 1752/2125/1958 71/1392/1314 618/1092/1029
f 2034/2128/1961 1764/2127/1960 1752/2125/1958
f 1493/2081/1919 1865/271/261 1753/14/14
f 1753/14/14 903/512/486 1493/2081/1919
f 33/371/356 638/2183/2008 1754/2184/2009
f 33/371/356 1754/2184/2009 1781/372/357
f 1746/1821/1695 1131/560/530 1755/985/932
f 1755/985/932 167/483/460 1746/1821/1695
f 1756/1514/1422 1198/333/321 377/1512/1420
f 1756/1514/1422 650/2118/1951 1198/333/321
f 1757/1669/1554 419/2682/2228 888/149/147
f 1009/1235/1166 419/2457/2228 1757/2456/1554
f 1490/2471/2242 1039/2443/2217 1758/2472/2243
f 1758/2472/2243 440/1757/1633 1490/2471/2242
f 1759/1467/1379 119/599/569 132/598/568
f 132/598/568 1797/2683/1602 1759/1467/1379
f 1760/992/939 431/1097/1034 1732/990/937
f 1760/992/939 1509/696/659 431/1097/1034
f 1761/464/442 88/41/39 1776/2244/2060
f 88/41/39 2135/465/443 30/33/32
f 1455/872/825 1762/2442/2216 157/762/721
f 1758/2472/2243 1762/2442/2216 1455/872/825
f 802/1942/1803 550/318/306 1763/536/508
f 802/1942/1803 1763/536/508 1644/535/304
f 1764/2127/1960 819/2285/2091 71/1392/1314
f 1752/2125/1958 1764/2127/1960 71/1392/1314
f 1765/68/66 704/698/661 137/1651/1541
f 137/1651/1541 1635/69/67 1765/68/66
f 976/2002/1851 1203/2525/2288 1766/2000/1849
f 2216/679/644 1766/2000/1849 1203/2525/2288
f 102/37/35 859/1418/1336 1767/38/36
f 2433/2009/1858 1767/38/36 859/1418/1336
f 919/378/362 1238/2386/2171 1768/379/363
f 1817/1682/1566 1238/2386/2171 313/1345/1269
f 1774/869/823 1004/2453/2225 1769/1422/1339
f 1004/2453/2225 621/1423/1340 1769/1422/1339
f 1770/258/249 312/1342/1266 941/1343/1267
f 1770/258/249 1798/1301/1227 312/1342/1266
f 1388/1769/1643 636/1768/1644 1771/681/646
f 1771/681/646 1387/2614/2337 1388/1769/1643
f 786/542/513 1055/1648/1538 1772/2254/2069
f 786/542/513 1772/2254/2069 1601/543/514
f 367/582/552 1773/2394/2179 1739/2627/2345
f 1773/2394/2179 1676/300/289 1739/2627/2345
f 1007/2454/2226 1778/2455/2227 1774/869/823
f 1774/869/823 977/580/550 1007/2454/2226
f 1132/1073/1012 947/2403/2185 1775/1667/1553
f 947/2403/2185 2434/1518/1426 2085/2404/2186
f 1776/2244/2060 775/39/37 1767/38/36
f 775/39/37 1776/2244/2060 89/168/164
f 829/2298/2102 302/2488/2259 1777/1318/1243
f 463/1317/263 829/2298/2102 1777/1318/1243
f 1778/2455/2227 338/299/288 1004/2453/2225
f 1004/2453/2225 1774/869/823 1778/2455/2227
f 1770/258/249 1369/402/384 1779/256/247
f 1369/402/384 25/1228/1159 1779/256/247
f 1780/1801/1675 432/1705/1584 1862/2684/2379
f 467/8/8 1780/1801/1675 793/2264/2076
f 1754/2184/2009 1447/2185/2010 1781/372/357
f 1447/2185/2010 2320/2535/2294 1781/372/357
f 1782/268/258 50/309/297 38/308/297
f 1782/2237/258 2107/754/714 2198/2239/1026
f 340/2504/2273 1783/126/124 2195/128/126
f 340/2504/2273 2052/1427/1344 1783/126/124
f 1784/106/104 376/105/103 567/2563/2313
f 1952/1312/1238 1784/106/104 567/2563/2313
f 1785/1354/1278 315/1959/1819 904/1355/1279
f 1785/1354/1278 739/1356/1280 315/1959/1819
f 1786/657/622 439/692/655 128/302/291
f 1786/657/622 1074/2347/2141 439/692/655
f 935/174/170 532/533/507 1787/373/356
f 532/533/507 1301/532/506 1787/373/356
f 2421/181/177 1788/1605/1500 353/179/175
f 1788/1605/1500 1512/1843/1714 353/179/175
f 1662/1905/1771 1789/2543/2301 555/2215/2036
f 1789/2543/2301 2380/2542/2300 1822/2685/2380
f 1092/1529/1436 1790/1531/1438 372/2323/2121
f 2201/2322/2120 372/2323/2121 1790/1531/1438
f 171/2686/794 1791/2687/2238 1032/471/449
f 1032/471/449 1791/2687/2238 1711/2112/1948
f 39/479/456 1344/2388/2173 1792/2611/2331
f 1792/2611/2331 1344/2388/2173 2105/2389/2174
f 1793/1554/1460 799/1727/1604 884/1726/1603
f 1795/1553/1459 799/1727/1604 1793/1554/1460
f 1114/1304/1230 238/2015/1864 1794/2036/1881
f 1794/2036/1881 301/738/698 2169/1091/1028
f 939/64/62 2220/2208/2029 1795/1553/1459
f 1872/65/63 939/64/62 1795/1553/1459
f 2218/233/225 831/232/225 1796/1084/1022
f 1796/1084/1022 831/232/225 2132/2302/2105
f 487/1845/1715 1797/1725/1602 132/1844/568
f 487/1845/1715 1525/949/897 1797/1725/1602
f 1770/258/249 1260/1465/1377 1798/1301/1227
f 1260/1465/1377 2299/1464/1376 1798/1301/1227
f 5/29/28 1799/2303/2106 166/30/29
f 764/689/652 166/30/29 2358/1450/1366
f 385/1562/1467 1800/341/327 1954/1563/1468
f 385/1562/1467 1484/1833/1704 1800/341/327
f 1371/782/740 1801/784/742 872/243/235
f 1801/784/742 890/1875/1742 872/243/235
f 1802/1184/1116 764/689/652 294/352/338
f 1933/1182/1114 135/1183/1115 1802/1184/1116
f 1745/2086/1924 1803/1908/1774 119/599/569
f 119/599/569 1803/1908/1774 117/600/570
f 1804/1808/1682 1251/2407/2189 890/2567/1742
f 1804/1808/1682 470/571/541 1251/2407/2189
f 2101/31/30 2093/2010/1859 1805/353/339
f 1805/353/339 1871/2234/2055 2101/31/30
f 1655/360/346 1806/1887/1753 359/1477/1388
f 1806/1887/1753 1638/1475/1386 359/1477/1388
f 1807/1489/1398 526/1907/1773 1109/688/651
f 1825/49/47 526/1907/1773 1807/1489/1398
f 895/406/388 677/405/387 1808/2153/1981
f 682/1493/1402 1808/2153/1981 677/405/387
f 634/2098/1935 1098/1894/1760 1809/1539/1446
f 1809/1539/1446 498/507/483 634/2098/1935
f 1810/13/13 98/1205/1137 585/1357/1281
f 98/1205/1137 1810/13/13 271/15/14
f 1811/1899/1765 590/2247/2063 1813/1738/1614
f 590/2247/2063 1811/1899/1765 781/2028/1874
f 2290/1037/982 223/429/408 1812/1038/983
f 1812/1038/983 1639/1175/1107 197/2178/2003
f 1284/2578/2318 1287/2103/1940 1813/1738/1614
f 1813/1738/1614 1287/2103/1940 1296/2584/1542
f 1943/1473/1384 1814/2101/1938 383/670/635
f 383/670/635 1814/2101/1938 928/1401/1321
f 149/750/710 1815/2363/2153 898/491/468
f 898/491/468 1815/2363/2153 918/861/816
f 291/2308/2109 1636/2663/481 1816/2688/1200
f 2229/1923/1528 1096/1925/1789 291/2308/2109
f 1768/379/363 1238/2386/2171 1817/1682/1566
f 1986/2290/2096 1768/379/363 1817/1682/1566
f 1818/1770/1645 732/1771/1646 981/213/208
f 981/213/208 259/212/207 2197/2440/2214
f 597/1199/1131 1819/1198/1130 1042/1822/1696
f 476/558/528 1042/1822/1696 1881/2037/1882
f 1820/982/929 1526/1232/1163 914/111/109
f 2342/113/111 1820/982/929 914/111/109
f 817/1892/1758 1821/1893/1759 2148/1273/1202
f 1096/1925/1789 1821/1893/1759 817/1892/1758
f 1789/2543/2301 1822/2685/2380 555/2215/2036
f 1822/2685/2380 1620/2269/2081 1834/2268/2080
f 1823/1874/429 890/1875/1742 1801/784/742
f 1823/451/429 1953/450/428 890/2567/1742
f 1824/702/665 676/2131/1964 700/441/419
f 1630/942/891 676/2131/1964 1824/702/665
f 362/28/27 1825/49/47 742/51/49
f 1825/49/47 362/28/27 526/1907/1773
f 350/2522/1897 1826/2053/1896 1655/2668/346
f 350/2522/1897 606/2054/465 1826/2053/1896
f 804/2271/1797 1827/317/305 1000/2450/770
f 1827/317/305 804/2271/1797 1763/536/508
f 363/2512/2279 1828/404/386 2388/1058/999
f 1837/1494/1403 363/2512/2279 2297/1121/1058
f 1020/2309/2110 1829/18/17 1488/1774/1649
f 839/16/15 1829/18/17 1020/2309/2110
f 1830/935/884 1256/358/344 1843/148/146
f 165/815/772 1830/935/884 1143/816/773
f 347/1441/1357 1831/991/938 826/2296/1212
f 1760/992/939 1831/991/938 347/1441/1357
f 334/86/84 866/1413/1331 2287/2666/2369
f 1405/2163/1990 334/86/84 2287/2666/2369
f 490/1397/391 1112/1849/1719 1833/2321/2119
f 1112/1849/1719 2367/735/695 1833/2321/2119
f 555/2215/2036 1834/2268/2080 1495/2270/2082
f 1822/2685/2380 1834/2268/2080 555/2215/2036
f 774/1012/959 1045/129/127 1835/2243/2059
f 1835/2243/2059 1045/129/127 631/131/129
f 42/554/524 1709/1662/1549 1836/1106/1043
f 1836/1106/1043 2407/555/525 42/554/524
f 1828/404/386 1837/1494/1403 2427/1492/1401
f 1837/1494/1403 1828/404/386 363/2512/2279
f 1912/1851/1684 1838/927/877 1833/2402/2119
f 1833/2402/2119 1838/927/877 791/568/538
f 320/1366/1290 1157/1365/1289 1839/831/788
f 1364/832/788 1839/831/788 1157/1365/1289
f 449/2383/2168 236/1876/1452 1840/2689/71
f 449/2383/2168 1857/1085/1023 915/1394/1316
f 1029/2412/2192 189/1787/1662 1841/2411/2191
f 1029/2412/2192 1841/2411/2191 963/108/106
f 1645/2590/2324 1842/1895/1761 566/2588/241
f 1842/1895/1761 1108/2502/769 566/2588/241
f 1143/816/773 1830/935/884 1843/148/146
f 1145/705/668 1143/816/773 1864/2690/2284
f 162/1225/1156 716/1811/1685 1844/800/758
f 472/313/301 1844/800/758 716/1811/1685
f 1974/775/734 1845/774/733 116/1291/1218
f 116/1291/1218 1845/774/733 1572/1289/1217
f 1421/2137/1970 660/856/811 1846/2136/1969
f 2442/2226/2047 660/856/811 755/1178/1110
f 2142/473/450 594/475/452 1847/2034/1879
f 697/722/684 1847/2034/1879 594/475/452
f 480/1311/1237 1848/1858/1727 1484/1833/1704
f 480/1311/1237 1694/1834/1705 1848/1858/1727
f 1489/877/830 182/2170/854 1849/2691/2353
f 182/903/854 1581/2657/826 1849/2692/2353
f 1711/2112/1948 1850/2693/2381 2090/469/447
f 2320/2535/2294 187/2694/2382 1880/2695/2383
f 1851/2681/2378 239/695/658 1748/694/657
f 239/695/658 2033/161/158 1352/1093/1030
f 1852/226/219 1893/1136/1072 251/1108/1045
f 1478/227/220 1852/226/219 251/1108/1045
f 1576/1536/1443 268/549/520 1853/1867/1736
f 1853/1867/1736 268/549/520 958/548/519
f 968/1399/1319 1854/2417/2196 416/514/489
f 968/1399/1319 1395/2427/2204 1854/2417/2196
f 1296/1652/1542 2254/2445/2219 225/1523/1431
f 2254/2696/2219 1296/2584/1542 1287/2103/1940
f 1856/950/898 322/2206/2027 1502/2638/1255
f 322/2206/2027 1856/950/898 725/1374/1296
f 1857/1085/1023 449/2383/2168 1840/2689/71
f 692/1840/1711 1857/1085/1023 1840/2689/71
f 106/421/401 1858/551/522 56/422/402
f 106/421/401 481/550/521 1858/551/522
f 1859/2035/1880 998/724/686 1858/551/522
f 998/724/686 1859/2035/1880 1847/2034/1879
f 1951/2441/2215 1039/2443/2217 1917/2635/2352
f 985/449/427 2344/2697/2384 1804/1808/1682
f 1861/2433/2208 2314/2022/1871 975/510/486
f 1861/2433/2208 585/1357/1281 1199/1353/1277
f 1862/2684/2379 793/2264/2076 1780/1801/1675
f 1329/2598/2327 793/2264/2076 1862/2684/2379
f 1863/1274/1203 150/1089/61 1999/2664/60
f 1863/1274/1203 97/2074/1912 837/1272/1201
f 1143/816/773 1843/148/146 1864/2690/2284
f 1864/2690/2284 1843/148/146 183/2517/1988
f 1493/2081/1919 474/327/315 1865/271/261
f 1865/271/261 474/327/315 906/329/317
f 49/1102/1039 992/1998/1847 1866/1997/1846
f 992/1998/1847 572/1900/1766 1866/1997/1846
f 280/2228/2049 1867/984/931 1721/1233/1164
f 1867/984/931 280/2228/2049 1755/985/932
f 2186/770/729 1075/1389/1311 1868/2154/1982
f 1868/2154/1982 1075/1389/1311 63/2359/2149
f 370/623/591 1013/1898/1764 1970/660/625
f 1873/2698/2385 1013/1898/1764 2098/2378/2164
f 925/1890/1756 1600/786/744 1870/765/724
f 779/790/748 925/1890/1756 1944/2248/2064
f 1279/1281/1210 1871/2234/2055 1805/353/339
f 764/689/652 1871/2234/2055 1279/1281/1210
f 1793/1554/1460 1113/1904/1770 1872/65/63
f 2026/1218/1150 1872/65/63 1113/1904/1770
f 1970/660/625 1013/1898/1764 1873/2698/2385
f 2098/2378/2164 1869/2699/2229 1873/2698/2385
f 1874/678/643 171/2686/794 1032/471/449
f 1874/678/643 1310/2591/819 171/2686/794
f 1358/1330/1254 1875/2599/2328 1329/2598/2327
f 1421/2137/1970 1875/2599/2328 1358/1330/1254
f 1850/2693/2381 1711/2112/1948 1876/892/844
f 1850/2693/2381 1880/2695/2383 2090/469/447
f 1061/61/59 1235/326/314 1877/1988/1840
f 1676/300/289 1061/61/59 1877/1988/1840
f 1878/1110/1047 1551/453/431 240/663/628
f 1878/1110/1047 240/663/628 1623/285/275
f 1879/1534/1441 1904/1965/1825 801/544/515
f 373/1448/1364 1879/1534/1441 801/544/515
f 1876/892/844 2320/2535/2294 1880/2695/2383
f 1850/2693/2381 1876/892/844 1880/2695/2383
f 456/521/496 1881/2037/1882 1819/1198/1130
f 1042/1822/1696 1819/1198/1130 1881/2037/1882
f 1328/1866/1735 1882/1865/1734 498/507/483
f 1022/508/484 498/507/483 1882/1865/1734
f 1883/17/16 1555/2064/1902 433/1788/1663
f 433/1788/1663 1609/1504/1412 1883/17/16
f 796/2700/2386 510/1588/1488 2003/2266/2078
f 2301/2265/2077 796/2700/2386 2003/2266/2078
f 2254/2696/2219 1287/2103/1940 1885/1739/1615
f 1287/2103/1940 1731/2029/1875 1885/1739/1615
f 596/917/867 1886/2646/2356 1881/2037/1882
f 596/917/867 950/2222/2043 1886/2646/2356
f 1887/2701/739 132/598/568 117/600/570
f 1887/2701/739 117/600/570 157/762/721
f 983/2021/1870 1888/1906/1772 1057/2214/2035
f 1662/1905/1771 1057/2214/2035 1888/1906/1772
f 1826/2053/1896 1889/2055/462 1910/2351/2145
f 1889/2055/462 758/1668/461 93/1670/1555
f 1890/2111/1947 1711/2398/1948 133/829/786
f 133/829/786 169/714/676 1890/2111/1947
f 1891/1364/1288 1247/2565/2314 1368/1226/1157
f 1247/2565/2314 1891/1364/1288 1249/82/80
f 1892/2324/2122 1165/911/861 191/910/860
f 1892/2324/2122 2201/2322/2120 1165/911/861
f 520/1135/1071 251/1108/1045 1893/1136/1072
f 1588/1685/1569 520/1135/1071 1893/1136/1072
f 1894/734/695 2151/2201/2024 390/1582/1482
f 1343/733/695 145/742/702 1894/734/695
f 276/837/793 892/1863/1732 1895/2569/925
f 1895/2569/925 892/1863/1732 497/834/790
f 667/999/946 1896/1003/950 1435/1002/949
f 1896/1003/950 667/999/946 856/647/614
f 477/346/332 316/1823/1697 1897/1358/1282
f 358/322/310 1897/1358/1282 1899/671/636
f 463/1317/263 1898/1791/1353 1299/2297/2101
f 463/273/263 201/275/265 1898/1437/1353
f 1897/1358/1282 316/1823/1697 1899/671/636
f 1899/671/636 316/1823/1697 623/669/634
f 254/1142/1078 1900/1146/1082 927/470/448
f 254/1142/1078 1590/1144/1080 1900/1146/1082
f 178/235/227 1276/237/229 1901/1748/1624
f 178/235/227 1901/1748/1624 388/259/250
f 2320/2535/2294 254/1142/1078 1902/891/843
f 1902/891/843 187/2694/2382 2320/2535/2294
f 495/342/328 360/541/512 1903/1139/1075
f 360/541/512 1336/540/511 2383/1480/1390
f 1904/1965/1825 136/545/516 801/544/515
f 1705/1729/1606 136/545/516 1904/1965/1825
f 235/1159/1093 1905/1856/1725 188/165/161
f 600/1857/1726 188/165/161 1905/1856/1725
f 684/1234/1165 1906/879/832 419/2457/2228
f 207/880/833 1906/879/832 684/1234/1165
f 796/2700/2386 1907/1587/1487 510/1588/1488
f 1907/1587/1487 796/2700/2386 2301/2265/2077
f 281/1636/1529 1908/1632/1526 1992/2586/2135
f 281/1636/1529 635/1635/1528 1908/1632/1526
f 1345/2605/2334 2450/445/423 1909/447/425
f 1345/2605/2334 1909/447/425 1941/659/624
f 93/1670/1555 1910/2351/2145 1889/2055/462
f 93/1670/1555 1654/2350/2144 1910/2351/2145
f 1911/2571/437 1124/2420/2015 296/2059/1900
f 1911/2571/437 296/2059/1900 78/1287/1216
f 1912/1810/1684 2367/735/695 850/2702/2387
f 850/2702/2387 194/241/233 1912/1810/1684
f 1913/2439/2213 259/212/207 455/1993/1844
f 1913/2439/2213 455/1993/1844 603/396/378
f 1156/2703/799 1914/1478/1389 398/1479/797
f 1156/2703/799 1684/2673/2287 1914/1478/1389
f 1868/2154/1982 1915/2360/2150 895/406/388
f 1017/758/718 895/406/388 1915/2360/2150
f 815/1252/1183 1916/2282/1189 658/2281/458
f 1916/1259/1189 341/482/459 658/481/458
f 2344/2697/2384 1730/1909/1775 1860/1911/1777
f 1804/1808/1682 2344/2697/2384 2371/572/542
f 2439/2260/2073 1531/2287/2093 1918/1789/1664
f 1531/2287/2093 889/262/253 1918/1789/1664
f 174/110/108 2064/2500/2270 1919/1913/1779
f 1919/1913/1779 1029/2412/2192 174/110/108
f 1221/1359/1283 1920/848/803 58/801/759
f 58/801/759 1920/848/803 1538/802/760
f 1923/2704/2388 211/119/117 1921/574/544
f 211/119/117 1018/118/116 2158/2459/2230
f 938/846/801 1922/2050/1893 1228/755/715
f 1922/2050/1893 1942/2399/2182 885/2051/1894
f 891/294/284 1923/2704/2388 20/1033/979
f 211/119/117 1923/2704/2388 891/294/284
f 1924/169/165 638/2183/2008 1301/532/506
f 1924/169/165 705/466/444 638/2183/2008
f 514/1882/1748 1925/1884/1750 1213/1883/1749
f 514/1882/1748 300/1298/1224 1925/1884/1750
f 1926/57/55 568/46/44 45/164/160
f 45/164/160 1483/1346/1270 2054/1631/1525
f 560/1918/1784 1927/2236/2057 1573/2616/2338
f 1927/2236/2057 2123/2654/2363 1573/2616/2338
f 1297/2585/2322 1928/1021/967 1007/2454/2226
f 113/1022/968 1928/1021/967 1297/2585/2322
f 1350/345/331 1929/1032/978 222/2143/1976
f 222/2143/1976 2191/1035/980 614/2070/1908
f 184/120/118 1930/1986/1838 1334/1985/1837
f 1334/1985/1837 1930/1986/1838 563/625/593
f 1931/1188/1120 186/501/477 1275/887/840
f 1052/1189/1121 1931/1188/1120 1275/887/840
f 1932/2148/1977 922/1045/989 2061/2149/1978
f 1932/2148/1977 680/2157/1985 922/1045/989
f 467/8/8 1933/1182/1114 294/352/338
f 1802/1184/1116 294/352/338 1933/1182/1114
f 1934/1837/1708 1043/2156/1984 181/1836/1707
f 679/1468/1380 1043/2156/1984 1934/1837/1708
f 1935/706/669 1648/707/400 1629/969/917
f 1629/969/917 541/966/914 1935/706/669
f 1936/2310/2111 1374/1528/1434 1116/1527/1435
f 1116/1527/1435 840/732/694 1936/2310/2111
f 314/1349/1273 1937/640/607 190/642/609
f 314/1349/1273 1270/1352/1276 2271/1351/1275
f 778/900/851 1938/901/852 2453/898/849
f 1938/901/852 1077/1206/1138 402/1246/1177
f 1939/387/3 233/2252/837 784/725/687
f 233/2705/837 1939/3/3 1154/1070/1009
f 1701/1490/1399 1807/1489/1398 1940/2503/2272
f 9/52/50 1701/1490/1399 1940/2503/2272
f 1904/1965/1825 1499/1964/1824 1941/659/624
f 1499/1964/1824 1345/2605/2334 1941/659/624
f 1922/2050/1893 938/846/801 1942/2399/2182
f 1221/1359/1283 1942/2399/2182 938/846/801
f 1943/1473/1384 642/1210/1142 1063/1472/1383
f 642/1210/1142 1943/1473/1384 383/670/635
f 1944/2248/2064 925/1890/1756 1870/765/724
f 154/710/672 1944/2248/2064 1870/765/724
f 1945/1406/1326 852/1109/1046 1719/1786/1661
f 852/1109/1046 1945/1406/1326 332/1107/1044
f 122/444/422 1511/1410/1329 1946/1212/1144
f 2227/2387/2172 512/442/420 122/444/422
f 624/1716/1594 840/732/694 1947/731/693
f 1026/2085/1923 624/1716/1594 1947/731/693
f 521/1984/1836 1948/1939/1800 2041/1940/1801
f 1948/1939/1800 521/1984/1836 1254/252/243
f 1265/1926/1790 1110/1544/1451 1949/1543/1450
f 1265/1926/1790 1949/1543/1450 1726/2319/2118
f 485/850/805 770/99/97 1950/98/96
f 1197/851/806 485/850/805 1950/98/96
f 527/2354/2147 1951/2441/2215 985/449/427
f 1951/2441/2215 2344/2697/2384 985/449/427
f 1105/397/379 1952/1312/1238 567/2563/2313
f 1952/1312/1238 1105/397/379 232/1163/1097
f 890/2567/1742 1953/450/428 1804/1808/1682
f 985/449/427 1804/1808/1682 1953/450/428
f 1954/1563/1468 1245/286/276 1623/285/275
f 1245/286/276 1954/1563/1468 1800/341/327
f 1955/2476/2247 666/2401/2184 459/1782/1657
f 1931/1188/1120 1955/2476/2247 459/1782/1657
f 1551/453/431 1956/284/274 242/2392/2177
f 1956/284/274 1991/2224/2045 242/2392/2177
f 1957/1683/1567 71/1392/1314 819/2285/2091
f 1817/1682/1566 1957/1683/1567 819/2285/2091
f 1454/1586/1486 94/489/466 1958/2079/1917
f 1958/2079/1917 2204/607/577 1454/1586/1486
f 1959/269/259 1782/268/258 38/308/297
f 2083/2410/2190 38/308/297 957/1375/1297
f 1326/2003/1852 574/876/829 1960/875/828
f 276/837/793 1326/2706/1852 1960/2595/828
f 1288/2202/2025 723/2581/1067 1961/438/417
f 330/366/351 1288/2202/2025 1961/438/417
f 1999/62/60 1061/61/59 1962/2075/1913
f 1963/2478/2249 1061/61/59 1676/300/289
f 1963/2478/2249 1962/2075/1913 1061/61/59
f 565/506/482 1962/2075/1913 1963/2478/2249
f 1964/140/138 1138/1149/1085 1243/1327/1251
f 1975/2188/2013 1964/140/138 1243/1327/1251
f 324/1745/1621 1025/547/518 1965/2380/2166
f 324/1745/1621 1965/2380/2166 1258/1535/1442
f 1223/1718/1596 303/1424/1341 1966/1063/1004
f 1966/1063/1004 303/1424/1341 2188/1064/1003
f 697/722/684 594/475/452 1967/726/688
f 1967/726/688 2248/2218/2039 697/722/684
f 345/959/907 1968/954/902 1561/956/904
f 345/959/907 1898/1437/1353 1968/954/902
f 1969/1432/1349 504/1520/1428 1584/1433/1350
f 504/1520/1428 1969/1432/1349 369/1071/1010
f 1869/2699/2229 1970/660/625 1873/2698/2385
f 1869/2699/2229 442/661/626 1970/660/625
f 1137/1990/990 568/46/44 1971/48/46
f 74/2707/2282 1137/1990/990 1971/48/46
f 1972/583/553 1988/1633/1527 2404/2099/1936
f 653/1509/1417 409/2708/2389 1972/583/553
f 1973/1036/981 20/1033/979 1923/2704/2388
f 20/1033/979 1973/1036/981 1929/1032/978
f 740/596/566 1974/775/734 156/2623/2341
f 1974/775/734 1569/2653/2362 156/2623/2341
f 1964/140/138 1975/2188/2013 306/138/136
f 306/138/136 1975/2188/2013 713/2189/1084
f 1896/1003/950 1976/646/613 412/1646/1536
f 412/1646/1536 1976/646/613 773/1132/1068
f 1977/1069/1008 73/1068/87 243/1960/1820
f 1977/1069/1008 243/1960/1820 1376/144/142
f 1123/673/638 1978/2509/2277 1982/674/639
f 1995/2709/2390 1978/2509/2277 1722/2508/2276
f 1194/1170/1104 1134/2710/1479 1979/413/394
f 2079/2711/1476 1979/413/394 1134/2710/1479
f 1980/2300/969 858/1604/1499 66/1603/1064
f 977/580/550 1980/1023/969 2311/2435/2210
f 1118/2644/2355 1981/531/505 486/370/355
f 1118/2644/2355 1301/532/506 1981/531/505
f 1982/674/639 448/1751/1627 659/1750/1626
f 2001/2712/2391 437/1753/1629 448/1751/1627
f 185/1113/1050 743/384/368 1983/280/270
f 185/1113/1050 1983/280/270 24/279/269
f 529/502/478 962/889/842 1984/1912/1778
f 962/889/842 461/1612/1507 1984/1912/1778
f 1413/1524/1432 708/287/277 1985/2560/2312
f 2008/2620/2340 1985/2560/2312 1227/1522/1430
f 423/2430/2206 822/2713/2392 1986/2290/2096
f 822/2713/2392 408/377/361 1986/2290/2096
f 50/309/297 1987/756/716 2305/310/298
f 1987/756/716 1228/755/715 885/2051/1894
f 869/1628/1522 1988/1633/1527 2335/1629/1523
f 409/2708/2389 1988/1633/1527 1972/583/553
f 933/2090/1928 1989/2138/1971 1619/1180/1112
f 755/1178/1110 1619/1180/1112 1989/2138/1971
f 971/2126/1959 1990/741/701 1986/2290/2096
f 2046/1681/1565 1990/741/701 971/2126/1959
f 1574/1482/1392 1991/2224/2045 752/343/329
f 752/343/329 1991/2224/2045 1245/286/276
f 1450/1236/1167 1300/918/868 1992/2340/2135
f 1992/2340/2135 1300/918/868 281/1924/1529
f 1993/1507/1415 2273/2714/2393 978/87/85
f 1993/1507/1415 1333/1665/1551 2273/2714/2393
f 507/2109/1946 1994/1458/1370 644/2108/1945
f 1994/1458/1370 507/2109/1946 1211/1678/1562
f 1995/2709/2390 1722/2508/2276 2007/2679/2377
f 1978/2509/2277 1995/2709/2390 1982/674/639
f 1633/1248/1179 1996/1247/1178 1030/2065/1903
f 1030/2065/1903 1996/1247/1178 1064/1251/1182
f 1997/2534/2293 655/1090/1027 1200/737/697
f 1172/2533/2292 2034/2128/1961 1997/2534/2293
f 1998/2150/1979 1085/1377/1299 674/1421/1338
f 1998/2150/1979 674/1421/1338 323/637/605
f 1999/2664/60 97/2074/1912 1863/1274/1203
f 97/2074/1912 1999/2664/60 615/2072/1910
f 1320/1444/1360 314/1349/1273 2000/1348/1272
f 1322/1445/1361 1320/1444/1360 2000/1348/1272
f 448/1751/1627 1982/674/639 2001/2712/2391
f 2001/2712/2391 2007/2679/2377 437/1753/1629
f 405/1051/993 2159/2481/2252 111/1177/1109
f 2159/2481/2252 2080/19/18 111/1177/1109
f 887/824/781 2003/2266/2078 1884/826/783
f 510/1588/1488 1884/826/783 2003/2266/2078
f 2305/310/298 885/2051/1894 1942/2399/2182
f 2305/310/298 1987/756/716 885/2051/1894
f 2005/1761/1637 229/1910/1776 589/2026/1872
f 2005/1761/1637 589/2026/1872 1479/1759/1635
f 273/1211/1143 1111/2152/1980 2006/626/594
f 2130/616/585 920/615/585 273/1211/1143
f 1982/674/639 2007/2679/2377 2001/2712/2391
f 1995/2709/2390 2007/2679/2377 1982/674/639
f 1413/1524/1432 1985/2560/2312 2008/2620/2340
f 2008/2620/2340 121/2469/2240 1413/1524/1432
f 2009/952/900 1266/1945/1806 2396/953/901
f 1266/1945/1806 2009/952/900 379/676/641
f 2066/1607/1502 400/1715/1593 2010/157/154
f 2010/157/154 400/1715/1593 1744/2382/2167
f 2011/890/843 927/470/448 2090/469/447
f 2011/890/843 187/2694/2382 1902/891/843
f 2012/1344/1268 848/163/159 1280/2317/2116
f 848/163/159 2012/1344/1268 1483/1346/1270
f 2013/1613/1508 1468/2142/1975 666/2401/2184
f 2013/1613/1508 461/1612/1507 1468/2142/1975
f 720/2198/2021 860/76/74 2014/78/76
f 2014/78/76 298/1292/1219 720/2198/2021
f 2015/1930/1792 1629/969/917 575/968/916
f 1145/1928/668 2015/1930/1792 575/968/916
f 1399/1209/1141 584/1208/1140 2016/2084/1922
f 623/669/634 2016/2084/1922 584/1208/1140
f 1976/646/613 2017/1647/1537 773/1132/1068
f 2017/1647/1537 1146/2519/1185 773/1132/1068
f 551/1734/1611 313/1345/1269 2018/2318/2117
f 2018/2318/2117 1280/2317/2116 551/1734/1611
f 1097/779/738 157/781/721 2019/2352/2146
f 2019/2353/2146 157/762/721 1762/2442/2216
f 429/1701/1580 1274/1703/1582 2020/1702/1581
f 429/1701/1580 2020/1702/1581 290/4/4
f 850/2702/2387 2367/735/695 2021/926/876
f 2021/926/876 194/241/233 850/2702/2387
f 321/2122/1955 2022/1372/1294 1038/2470/2241
f 2022/1372/1294 2028/1508/1416 1038/2470/2241
f 2023/432/411 2456/2715/2394 879/430/409
f 2456/2715/2394 2023/432/411 1579/1617/1512
f 215/1039/984 1072/2487/2258 2024/1872/1740
f 2024/1872/1740 502/80/78 215/1039/984
f 2025/143/141 471/563/533 1342/562/532
f 471/563/533 2025/143/141 2020/1702/1581
f 1530/1903/1769 1269/66/64 2026/1218/1150
f 524/1902/1768 1530/1903/1769 2026/1218/1150
f 2027/393/375 36/523/498 108/556/526
f 2027/393/375 1743/97/95 36/523/498
f 1333/1665/1551 2028/1508/1416 1005/1371/218
f 2028/1508/1416 2022/1372/1294 1005/1371/218
f 1338/933/883 195/2221/2042 2029/2134/1967
f 1433/2133/1966 2029/2134/1967 195/2221/2042
f 1695/1017/963 702/246/237 2030/2181/2006
f 702/246/237 721/1341/1265 2030/2181/2006
f 464/1007/954 2031/1792/1666 2146/1794/1668
f 2076/2197/2020 464/1007/954 718/1006/953
f 2287/2666/2369 2032/2716/2395 1405/2163/1990
f 844/797/755 1405/2163/1990 2431/585/555
f 1851/2681/2378 327/159/156 2033/161/158
f 239/695/658 1851/2681/2378 2033/161/158
f 655/1090/1027 2034/2128/1961 1752/2125/1958
f 655/1090/1027 1997/2534/2293 2034/2128/1961
f 2035/2622/45 1414/2621/1221 742/51/49
f 1667/56/54 1414/1295/1221 2035/47/45
f 1222/1871/1739 771/805/761 2036/1158/1092
f 2036/1158/1092 357/1915/1781 1222/1871/1739
f 1022/508/484 2037/2283/2089 517/509/485
f 517/509/485 2037/2283/2089 1821/1893/1759
f 2038/2530/2290 1436/2626/2344 1599/2531/2291
f 1436/2626/2344 2038/2530/2290 26/1698/1578
f 1337/2199/2022 2039/1565/1470 386/1526/1434
f 1337/2199/2022 365/1525/1433 2039/1565/1470
f 2040/1416/1334 614/2070/1908 1474/1414/1332
f 222/2143/1976 614/2070/1908 2040/1416/1334
f 766/2235/2056 2041/1940/1801 1668/1897/1763
f 2041/1940/1801 766/2235/2056 745/929/879
f 2042/2465/2236 759/248/239 434/1609/1504
f 434/1609/1504 1026/2085/1923 2042/2465/2236
f 198/1937/1798 2043/1938/1799 1240/941/890
f 1240/941/890 2043/1938/1799 2077/2557/2311
f 2044/349/335 2074/2717/2396 1552/1510/1418
f 2074/2717/2396 2044/349/335 17/351/337
f 2450/445/423 2045/2603/2332 482/613/583
f 2045/2603/2332 1348/2604/2333 2049/1963/1823
f 2046/1681/1565 1172/2533/2292 1178/2355/2148
f 971/2126/1959 1172/2533/2292 2046/1681/1565
f 2245/1795/1669 125/595/565 2047/2556/2310
f 1219/776/735 2047/2556/2310 2077/2557/2311
f 1884/826/783 510/1588/1488 2048/827/784
f 510/1588/1488 1510/1881/1747 2048/827/784
f 707/499/476 482/613/583 2049/1963/1823
f 2049/1963/1823 482/613/583 2045/2603/2332
f 2050/1431/1348 378/74/72 1110/1544/1451
f 2050/1431/1348 2147/1429/1346 378/74/72
f 2081/44/42 627/2718/2397 2051/391/373
f 74/2515/2282 2051/391/373 436/390/372
f 687/1426/1343 2052/1427/1344 310/709/671
f 2052/1427/1344 687/1426/1343 1783/126/124
f 2053/796/754 2356/1961/1821 556/795/753
f 2053/796/754 1020/2309/2110 161/2463/2234
f 2054/1631/1525 2458/1630/1524 1926/57/55
f 2054/1631/1525 1926/57/55 45/164/160
f 862/1532/1439 746/1914/1780 2055/1483/1393
f 530/1488/1397 2055/1483/1393 746/1914/1780
f 2056/704/667 163/416/396 772/95/93
f 163/416/396 2056/704/667 139/417/397
f 2057/1721/1599 1179/2482/2253 1500/2014/1863
f 2057/1721/1599 1164/2510/2278 1179/2482/2253
f 2058/2047/1890 601/2046/1100 1462/2719/1891
f 2347/2630/2348 1462/2719/1891 1559/537/501
f 2059/383/367 1323/2527/366 72/849/804
f 1323/2527/366 2059/383/367 1163/217/202
f 2054/1631/1525 408/377/361 2060/376/360
f 408/377/361 822/2713/2392 2060/376/360
f 2061/2149/1978 473/1814/1688 1706/2600/2329
f 922/1045/989 473/1814/1688 2061/2149/1978
f 1144/629/597 1546/630/598 2062/1981/1833
f 344/1980/1832 1144/629/597 2062/1981/1833
f 2063/296/286 17/351/337 1210/176/172
f 17/351/337 2063/296/286 2074/2717/2396
f 1325/1886/1752 1102/1885/1751 2064/2500/2270
f 1102/1885/1751 529/502/478 2064/2500/2270
f 327/159/156 115/189/184 2065/160/157
f 2033/161/158 2065/160/157 2075/2219/2040
f 2066/1607/1502 1160/1714/1592 400/1715/1593
f 1160/1714/1592 2066/1607/1502 1353/728/690
f 382/1094/1031 1170/2575/1949 2067/2641/53
f 2067/55/53 1170/2113/1949 299/478/455
f 924/2058/1899 966/2425/2202 2068/1659/1548
f 966/2428/2202 1580/1656/1545 2068/1829/1548
f 873/1650/1540 1190/2139/1972 2069/1608/1503
f 2069/1608/1503 1190/2139/1972 663/729/691
f 1360/1014/961 2070/627/595 1111/2152/1980
f 1111/2152/1980 2070/627/595 2006/626/594
f 2031/1792/1666 2071/403/385 1239/1793/1667
f 2031/1792/1666 464/1007/954 2076/2197/2020
f 1363/639/605 2072/798/756 410/312/300
f 2072/798/756 472/313/301 410/312/300
f 2278/2499/2269 456/521/496 2073/520/495
f 2073/520/495 1809/1539/1446 2278/2499/2269
f 1552/1510/1418 2074/2717/2396 501/295/285
f 2074/2717/2396 2063/296/286 501/295/285
f 115/189/184 1084/188/183 2075/2219/2040
f 2075/2219/2040 2065/160/157 115/189/184
f 2071/403/385 2031/1792/1666 2076/2197/2020
f 2076/2197/2020 1369/402/384 2071/403/385
f 125/595/565 2077/2557/2311 2047/2556/2310
f 125/595/565 1240/941/890 2077/2557/2311
f 1123/673/638 2078/603/573 1226/2012/1861
f 2418/2013/1862 1226/2012/1861 2078/603/573
f 1979/413/394 2079/2711/1476 389/867/821
f 2079/2711/1476 55/868/822 389/867/821
f 307/1329/1253 1295/2466/2237 2080/19/18
f 1069/21/20 307/1329/1253 2080/19/18
f 2081/44/42 74/2515/2282 812/50/48
f 2051/391/373 74/2515/2282 2081/44/42
f 999/1740/1616 2082/1742/1618 1255/1741/1617
f 999/1740/1616 2113/2449/2222 2082/1742/1618
f 1959/269/259 2083/2410/2190 949/1378/1300
f 2083/2410/2190 1959/269/259 38/308/297
f 172/841/796 309/2549/2305 2352/785/743
f 2352/785/743 398/842/797 172/841/796
f 2085/2404/2186 234/1043/987 1775/1667/1553
f 2085/2404/2186 1775/1667/1553 947/2403/2185
f 703/193/188 2405/2182/2007 2086/810/767
f 47/314/302 2086/810/767 1308/315/303
f 468/1803/1677 2087/1386/1308 2138/1804/1678
f 325/1385/1307 2087/1386/1308 140/1337/1261
f 1451/229/222 627/2718/2397 2112/43/41
f 627/2718/2397 2081/44/42 2112/43/41
f 651/650/616 493/649/616 2089/2119/1952
f 2089/2119/1952 1237/1133/1069 651/650/616
f 187/2694/2382 2011/890/843 2090/469/447
f 1880/2695/2383 187/2694/2382 2090/469/447
f 782/769/728 1283/117/115 2091/2249/2065
f 570/1005/952 2091/2249/2065 1283/117/115
f 543/1040/985 1584/1433/1350 2092/1519/1427
f 2092/1519/1427 1584/1433/1350 504/1520/1428
f 2093/2010/1859 753/2225/2046 577/1802/1676
f 2093/2010/1859 2433/2009/1858 753/2225/2046
f 205/972/920 2094/974/922 1534/973/921
f 205/972/920 956/2092/1930 2094/974/922
f 2100/2720/2398 2095/1943/1804 103/253/244
f 2095/1943/1804 717/2196/2019 199/254/245
f 1370/2316/2115 2096/2671/2371 1349/2155/1983
f 2096/2671/2371 1380/339/326 1349/2155/1983
f 118/604/574 1639/1175/1107 2097/1174/1105
f 118/604/574 2097/1174/1105 1429/1243/1174
f 1189/2447/2220 1866/1997/1846 2098/2446/2164
f 1189/2447/2220 2098/2446/2164 522/2375/2162
f 2099/1982/1834 1176/2295/2100 2157/1979/1831
f 1387/2614/2337 1176/2295/2100 2099/1982/1834
f 2100/2720/2398 717/2196/2019 2095/1943/1804
f 2100/2720/2398 601/2046/1100 717/2196/2019
f 336/2011/1860 2093/2010/1859 2101/31/30
f 2101/31/30 95/27/26 336/2011/1860
f 1558/1319/1244 2102/2052/1895 604/1674/1559
f 1034/1675/1560 604/1674/1559 2102/2052/1895
f 2103/2406/2188 1912/1851/1684 1248/2568/1683
f 1248/2568/1683 1251/2407/2189 2103/2406/2188
f 443/1991/1842 2399/1242/1173 2104/2043/1887
f 443/1991/1842 2113/2449/2222 569/1992/1843
f 287/1145/1081 929/2601/2330 2105/2409/2174
f 1792/2602/2331 2105/2409/2174 929/2601/2330
f 315/1959/1819 2106/2422/2199 1292/513/488
f 2106/2422/2199 416/514/489 1292/513/488
f 769/328/316 1235/326/314 2107/754/714
f 2107/754/714 1782/2237/258 769/328/316
f 2108/2313/2114 1453/1320/1245 2161/2311/2112
f 2102/2052/1895 1453/1320/1245 2108/2313/2114
f 1624/938/887 2109/937/886 787/2069/1907
f 196/808/765 787/2069/1907 2109/937/886
f 130/788/746 2110/665/630 1471/667/632
f 1651/711/673 2110/665/630 130/788/746
f 1854/2417/2196 2111/2426/2203 970/2418/1898
f 2111/2426/2203 966/2428/2202 970/2418/1898
f 2088/2089/1927 1451/229/222 2112/43/41
f 2088/2089/1927 2112/43/41 794/45/43
f 2104/2043/1887 2082/1742/1618 2113/2449/2222
f 2104/2043/1887 2113/2449/2222 443/1991/1842
f 2114/1446/1362 841/2312/2113 735/1880/1746
f 2108/2313/2114 841/2312/2113 2114/1446/1362
f 60/944/893 2115/899/850 940/1614/1509
f 2453/898/849 940/1614/1509 2115/899/850
f 2168/2721/113 2116/2617/2339 1408/2722/2399
f 2116/2617/2339 2123/2654/2363 1408/2722/2399
f 355/1300/1226 2117/125/123 1698/124/122
f 355/1300/1226 1756/1514/1422 2117/125/123
f 2004/2349/2143 317/2400/2183 2118/2348/2142
f 1942/2399/2182 2119/2049/1892 317/2400/2183
f 317/2400/2183 2119/2049/1892 2118/2348/2142
f 602/799/757 2118/2348/2142 2119/2049/1892
f 2120/2432/2207 1027/565/535 245/1120/1057
f 947/2403/2185 2120/2432/2207 245/1120/1057
f 2121/2343/2137 462/1710/1588 1555/2064/1902
f 2444/720/682 1133/1708/1586 462/1710/1588
f 694/2171/1997 2122/1962/1822 1153/1114/1051
f 2122/1962/1822 73/1068/87 1153/1114/1051
f 1408/2722/2399 2123/2654/2363 1070/2485/2256
f 1081/2486/2257 1070/2485/2256 2126/2230/2051
f 2086/810/767 164/809/766 2124/194/189
f 1108/2502/769 2124/194/189 164/809/766
f 1250/1827/1701 2125/1922/1788 537/204/199
f 952/1879/1745 2127/1321/1246 1250/1827/1701
f 2123/2654/2363 1927/2236/2057 2126/2230/2051
f 2126/2230/2051 1070/2485/2256 2123/2654/2363
f 2125/1922/1788 1250/1827/1701 2127/1321/1246
f 2125/1922/1788 2127/1321/1246 1453/1320/1245
f 1349/2155/1983 2128/1055/997 1370/2316/2115
f 2128/1055/997 1349/2155/1983 678/1056/997
f 2129/2723/2400 2131/1078/1017 1513/2076/1914
f 2129/2723/2400 1513/2076/1914 1210/176/172
f 2006/626/594 2130/616/585 273/1211/1143
f 795/628/596 2130/616/585 2006/626/594
f 1486/2329/2127 1513/2076/1914 2131/1078/1017
f 1486/2329/2127 2131/1078/1017 849/1077/1016
f 238/2015/1864 1241/1306/1232 2132/2302/2105
f 1796/1084/1022 2132/2302/2105 1241/1306/1232
f 1772/2254/2069 1055/1648/1538 2133/912/862
f 2133/912/862 1055/1648/1538 1734/913/863
f 2134/2077/1915 2129/2723/2400 1210/176/172
f 2129/2723/2400 2134/2077/1915 2131/1078/1017
f 1761/464/442 4/34/33 2135/465/443
f 1761/464/442 2135/465/443 88/41/39
f 1128/1115/1052 1577/2338/1796 2136/1116/1053
f 1128/1115/1052 2136/1116/1053 695/2172/1998
f 249/434/413 2137/1065/1005 954/435/414
f 902/1129/1066 2188/1064/1003 249/434/413
f 2138/1804/1678 325/1385/1307 896/1805/1679
f 2087/1386/1308 325/1385/1307 2138/1804/1678
f 80/472/450 2139/2648/2358 2142/473/450
f 2139/2648/2358 1528/135/133 1614/2661/2366
f 2140/644/611 633/1255/1186 1146/1254/1185
f 2140/2242/611 1146/2519/1185 2017/1647/1537
f 2141/1891/1757 406/783/741 2262/1952/1812
f 2141/1891/1757 516/1623/1518 2143/1625/1520
f 1614/2661/2366 2142/473/450 2139/2648/2358
f 1614/2661/2366 1273/1550/1456 2142/473/450
f 1823/1874/429 503/2335/2132 2143/1625/1520
f 2143/1625/1520 503/2335/2132 2141/1891/1757
f 2147/1429/1346 2050/1431/1348 2144/2240/2058
f 770/99/97 2144/2240/2058 100/522/497
f 1084/188/183 539/187/182 2145/1927/1791
f 539/187/182 809/2274/2084 2145/1927/1791
f 464/1007/954 2146/1794/1668 418/1008/955
f 418/1008/955 2146/1794/1668 528/1666/1552
f 770/99/97 662/1430/1347 2147/1429/1346
f 2144/2240/2058 770/99/97 2147/1429/1346
f 1016/2284/2090 1863/1274/1203 2148/1273/1202
f 1821/1893/1759 1016/2284/2090 2148/1273/1202
f 220/1186/1118 2149/1185/1117 821/1649/1539
f 1734/913/863 821/1649/1539 2149/1185/1117
f 828/2724/180 937/2397/181 2150/894/846
f 828/2724/180 2150/894/846 396/1642/848
f 2151/2201/2024 1894/734/695 145/742/702
f 2332/1680/1564 145/742/702 1990/741/701
f 2152/1941/1802 601/2046/1100 2100/2720/2398
f 2152/1941/1802 2100/2720/2398 103/253/244
f 1450/1236/1167 876/2341/2130 2153/2725/2401
f 2224/1434/1351 876/2341/2130 407/1626/91
f 598/852/807 807/2204/642 2154/1025/971
f 2154/1025/971 807/2204/642 725/1374/1296
f 823/1485/1395 2155/1773/1648 1042/1822/1696
f 597/1199/1131 1042/1822/1696 2155/1773/1648
f 2025/143/141 1342/562/532 2156/141/139
f 784/725/687 2156/141/139 1342/562/532
f 825/2294/2099 123/1978/1352 2157/1979/1831
f 1176/2295/2100 825/2294/2099 2157/1979/1831
f 1921/574/544 211/119/117 2158/2459/2230
f 2158/2459/2230 54/994/941 1921/574/544
f 2002/20/19 2159/2481/2252 2172/2480/2251
f 2002/20/19 2080/19/18 2159/2481/2252
f 1950/98/96 2160/2677/2375 1197/851/806
f 1197/851/806 2160/2677/2375 688/437/416
f 508/1322/1247 952/1879/1745 2161/2311/2112
f 508/1322/1247 2161/2311/2112 1453/1320/1245
f 2226/2726/2402 496/1954/1814 2162/1953/1813
f 2162/1953/1813 496/1954/1814 816/1171/1104
f 2163/2659/2365 889/262/253 1601/543/514
f 1772/2254/2069 2163/2659/2365 1601/543/514
f 2164/2039/1884 664/1484/1394 530/1488/1397
f 2155/1773/1648 664/1484/1394 2164/2039/1884
f 2165/2175/2000 1616/1995/1845 944/717/679
f 1616/1995/1845 2165/2175/2000 571/1994/1845
f 2166/771/730 760/773/732 2176/986/933
f 760/773/732 2166/771/730 2345/2373/2161
f 407/93/91 2167/1627/1521 738/91/89
f 2174/2650/2360 738/91/89 2167/1627/1521
f 179/116/114 2168/115/113 1648/707/400
f 2168/2721/113 2202/277/267 1648/420/400
f 2169/1091/1028 618/1092/1029 1114/1304/1230
f 1114/1304/1230 1794/2036/1881 2169/1091/1028
f 1015/987/934 2170/995/942 2158/2459/2230
f 1015/987/934 209/121/119 2170/995/942
f 2171/1901/1767 2163/2659/2365 523/539/510
f 1848/1858/1727 2171/1901/1767 523/539/510
f 1449/570/540 1066/1052/994 2172/2480/2251
f 1066/1052/994 2002/20/19 2172/2480/2251
f 865/2250/2066 2173/2330/2128 63/2359/2149
f 2184/1388/1310 2189/1054/996 63/2359/2149
f 1606/1800/1674 1546/630/598 2174/2650/2360
f 1546/630/598 738/91/89 2174/2650/2360
f 2175/2044/1888 2150/894/846 1364/832/788
f 2175/2044/1888 1364/832/788 600/1857/1726
f 2166/771/730 2176/986/933 2462/772/731
f 1534/973/921 208/2096/1933 2176/986/933
f 1963/2478/2249 2177/2395/2180 565/506/482
f 565/506/482 2177/2395/2180 932/2393/2178
f 737/1265/1194 2178/1079/1018 289/2223/2044
f 2178/1079/1018 715/1074/1013 2443/1076/1015
f 2179/1862/1731 496/1954/1814 2226/2726/2402
f 2179/1862/1731 554/1861/1730 1339/1860/1729
f 1860/1911/1777 229/1910/1776 2180/2629/2347
f 229/1910/1776 1066/1052/994 2180/2629/2347
f 1433/2133/1966 1389/2220/2041 2181/2625/2343
f 2181/2625/2343 1389/2220/2041 1653/2066/1904
f 645/1044/988 991/619/587 2182/1653/1543
f 991/619/587 1460/618/586 2182/1653/1543
f 1264/1796/1670 2183/2572/2316 35/1797/1671
f 1264/1796/1670 1278/1798/1672 2183/2572/2316
f 2173/2330/2128 326/1387/1309 2184/1388/1310
f 63/2359/2149 2173/2330/2128 2184/1388/1310
f 1680/2167/1994 1671/1027/973 2185/2494/2264
f 1680/2167/1994 2185/2494/2264 2190/1842/1713
f 1622/768/727 2186/770/729 77/787/745
f 682/1493/1402 77/787/745 2186/770/729
f 367/582/552 2187/581/551 932/2393/2178
f 565/506/482 932/2393/2178 2187/581/551
f 2188/1064/1003 2137/1065/1005 249/434/413
f 2188/1064/1003 303/1424/1341 2137/1065/1005
f 2189/1054/996 2184/1388/1310 151/1202/1134
f 2128/1055/997 2189/1054/996 151/1202/1134
f 2218/233/225 2190/1842/1713 219/234/226
f 2185/2494/2264 219/234/226 2190/1842/1713
f 222/2143/1976 1929/1032/978 2191/1035/980
f 2191/1035/980 1929/1032/978 1973/1036/981
f 2151/2201/2024 722/2200/2023 2192/1580/1480
f 2046/1681/1565 2203/2536/2295 722/2200/2023
f 1109/688/651 835/687/650 2193/1491/1400
f 2193/1491/1400 1807/1489/1398 1109/688/651
f 238/2015/1864 2194/2278/2087 813/602/572
f 813/602/572 2400/2727/2403 2078/603/573
f 178/235/227 2195/128/126 44/236/228
f 44/236/228 2195/128/126 2280/127/125
f 627/2718/2397 2196/357/343 2051/391/373
f 2196/357/343 627/2718/2397 1451/229/222
f 981/213/208 2197/2440/2214 1818/1770/1645
f 1818/1770/1645 2197/2440/2214 1375/1772/1647
f 1225/1383/1305 50/309/297 2198/1088/1026
f 2198/1088/1026 50/309/297 1782/268/258
f 2199/1573/1475 492/862/817 447/1747/1623
f 1901/1748/1624 2246/1749/1625 447/1747/1623
f 2391/1240/1171 259/212/207 2200/211/206
f 2200/211/206 1678/700/663 2214/2672/2372
f 851/344/330 853/749/709 2201/2322/2120
f 1165/911/861 2201/2322/2120 853/749/709
f 2202/277/267 2168/2721/113 1408/2722/2399
f 1070/2485/2256 2202/277/267 1408/2722/2399
f 893/1581/1481 2192/1580/1480 2203/2536/2295
f 722/2200/2023 2203/2536/2295 2192/1580/1480
f 637/2100/1937 2204/607/577 1958/2079/1917
f 637/2100/1937 1206/605/575 2204/607/577
f 1343/733/695 2205/24/23 147/2444/2218
f 147/2444/2218 2205/24/23 990/743/703
f 436/390/372 2206/392/374 7/40/38
f 2196/357/343 7/40/38 2206/392/374
f 237/1086/1024 1025/547/518 2207/1746/1622
f 2198/1088/1026 237/1086/1024 2207/1746/1622
f 2208/2547/2303 249/434/413 1712/433/412
f 1712/433/412 688/437/416 2208/2547/2303
f 2209/282/272 867/2728/1327 1315/224/218
f 867/2728/1327 2209/282/272 346/88/86
f 2210/1968/1826 1294/1256/1187 633/1255/1186
f 2210/1968/1826 633/1255/1186 612/2068/1906
f 2211/833/789 2000/1348/1272 734/1350/1274
f 734/1350/1274 1231/2561/858 2211/833/789
f 2212/2257/2072 1492/2168/1995 789/2232/2053
f 789/2232/2053 2436/2678/2376 2212/2257/2072
f 1430/409/390 1429/1243/1174 2213/2624/2342
f 1206/605/575 1430/409/390 2213/2624/2342
f 2391/1240/1171 2200/211/206 2214/2672/2372
f 2214/2672/2372 404/699/662 765/1619/1514
f 114/721/683 2215/1616/1511 403/1615/1510
f 2215/1616/1511 2456/2715/2394 1579/1617/1512
f 35/1797/1671 2216/679/644 636/1768/1644
f 2216/679/644 1771/681/646 636/1768/1644
f 1373/2391/2176 2217/1361/1285 929/2601/2330
f 2217/1361/1285 1373/2391/2176 318/354/340
f 1796/1084/1022 176/1083/1021 2218/233/225
f 176/1083/1021 2190/1842/1713 2218/233/225
f 2219/1066/1006 1346/1425/1342 339/1314/1240
f 1741/1162/1096 2219/1066/1006 339/1314/1240
f 1538/802/760 2220/2208/2029 27/1812/1686
f 1269/66/64 27/1812/1686 2220/2208/2029
f 593/1405/1325 2221/2377/2163 2373/2381/1878
f 2298/1315/1241 593/1405/1325 1666/1308/1234
f 1703/2492/2262 1091/1223/1154 2222/2493/2263
f 1091/1223/1154 1213/1883/1749 2222/2493/2263
f 1035/2008/1857 2223/2030/1876 1092/1529/1436
f 1035/2008/1857 2274/914/864 2223/2030/1876
f 2224/1434/1351 123/1436/1352 2231/1237/1168
f 2153/2725/2401 876/2341/2130 2224/1434/1351
f 1147/723/685 689/424/404 2225/1010/957
f 1400/1009/956 2225/1010/957 689/424/404
f 2226/2726/2402 2162/1953/1813 554/1861/1730
f 2226/2726/2402 554/1861/1730 2179/1862/1731
f 122/444/422 1946/1212/1144 2227/2387/2172
f 2227/2387/2172 1946/1212/1144 920/615/585
f 2228/2665/2368 2041/1940/1801 1637/932/882
f 2228/2665/2368 1637/932/882 1163/207/202
f 1541/504/480 2229/1634/1528 1816/1271/1200
f 2229/1923/1528 291/2308/2109 1816/2688/1200
f 2230/794/752 1527/103/101 1466/104/102
f 88/41/39 1527/103/101 2230/794/752
f 2231/1237/1168 1450/1236/1167 2153/2725/2401
f 2231/1237/1168 2153/2725/2401 2224/1434/1351
f 114/721/683 2444/720/682 2232/2344/2138
f 2456/2715/2394 2215/1616/1511 114/721/683
f 202/102/100 2233/278/268 1081/2486/2257
f 1070/2485/2256 1081/2486/2257 2233/278/268
f 838/730/692 542/1931/1793 2234/2227/2048
f 2234/2227/2048 2238/1505/1413 1742/1566/1471
f 2235/2045/1889 1234/324/312 548/2195/2018
f 2235/2045/1889 1559/537/501 1234/324/312
f 2417/708/670 785/1122/1059 2236/718/680
f 1272/588/558 2236/718/680 785/1122/1059
f 2237/419/399 834/276/266 202/102/100
f 2237/419/399 2202/277/267 834/276/266
f 2238/1505/1413 2234/2227/2048 542/1931/1793
f 2238/1505/1413 542/1931/1793 1024/1503/1411
f 2239/2017/1866 1119/170/166 2376/368/353
f 1119/170/166 2239/2017/1866 711/2186/2011
f 1512/1843/1714 484/496/473 2240/1459/1371
f 484/496/473 859/1418/1336 2240/1459/1371
f 491/1264/1193 444/1639/1532 2241/2166/1993
f 2241/2166/1993 622/1262/1192 491/1264/1193
f 1141/2516/2283 2241/2166/1993 2242/1744/1620
f 2243/1268/1197 622/1262/1192 1141/2516/2283
f 2242/1744/1620 2243/1268/1197 1141/2516/2283
f 2243/1268/1197 2242/1744/1620 1196/1951/1811
f 1278/1798/1672 861/178/174 2244/177/173
f 2244/177/173 453/1766/1642 1278/1798/1672
f 2047/2556/2310 1974/775/734 2245/1795/1669
f 740/596/566 2245/1795/1669 1974/775/734
f 2199/1573/1475 447/1747/1623 2246/1749/1625
f 2199/1573/1475 2306/860/815 918/861/816
f 390/1582/1482 1406/2610/2335 2247/1583/1483
f 2021/926/876 2247/1583/1483 1406/2610/2335
f 2248/2218/2039 1196/1951/1811 1173/2174/1999
f 697/722/684 2248/2218/2039 1173/2174/1999
f 1281/2104/1941 1517/2579/2319 2249/2105/1942
f 1281/2104/1941 2249/2105/1942 415/2102/1939
f 361/152/150 557/151/149 2250/2016/1865
f 361/152/150 2250/2016/1865 1510/1881/1747
f 456/521/496 2278/2499/2269 2251/919/869
f 2251/919/869 1881/2037/1882 456/521/496
f 1317/1053/995 2252/2027/1873 1073/2483/2254
f 1073/2483/2254 2252/2027/1873 794/45/43
f 1565/94/92 2253/1476/1387 587/1559/1464
f 1565/94/92 158/1601/795 2253/1476/1387
f 2182/1653/1543 2254/2445/2219 1855/1654/1474
f 1855/1572/1474 2254/2696/2219 1885/1739/1615
f 2255/1140/1076 2231/1237/1168 123/1436/1352
f 825/2294/2099 2255/2293/1076 123/1978/1352
f 2256/2576/1454 380/389/1 805/388/371
f 2256/1548/1454 1448/2/2 380/1/1
f 1522/2633/2350 180/2634/2351 2257/2434/2209
f 2257/2434/2209 1469/2632/2349 1522/2633/2350
f 2/1869/1737 2258/137/135 1/136/134
f 2258/137/135 2/1869/1737 1614/2661/2366
f 1733/1099/1036 2259/1101/1038 754/1103/1040
f 2259/1101/1038 1733/1099/1036 656/2129/1962
f 1469/2632/2349 977/580/550 2260/2436/2211
f 1469/2632/2349 2260/2436/2211 1522/2633/2350
f 693/2259/855 182/2170/854 2261/2169/1996
f 2261/2169/1996 2212/2257/2072 693/2259/855
f 516/1623/1518 2262/1952/1812 553/1303/1229
f 2141/1891/1757 2262/1952/1812 516/1623/1518
f 534/1470/1061 2263/1454/1368 357/1915/1781
f 357/1915/1781 2263/1454/1368 1222/1871/1739
f 2266/1391/1313 236/1876/1452 2264/1755/1631
f 449/2383/2168 2264/1755/1631 236/1876/1452
f 1518/1455/1368 2263/1454/1368 2265/1157/1091
f 426/1696/1576 1518/1455/1368 2265/1157/1091
f 2266/1391/1313 328/1754/1630 71/1392/1314
f 2264/1755/1631 328/1754/1630 2266/1391/1313
f 2267/2529/364 1637/932/882 13/934/205
f 13/685/205 1625/448/426 2267/380/364
f 2268/691/654 128/302/291 439/692/655
f 780/1763/1639 128/302/291 2268/691/654
f 830/494/471 2269/2299/2103 1129/1706/823
f 2269/2299/2103 830/494/471 1155/493/470
f 2270/112/110 747/715/677 934/2396/2181
f 950/2222/2043 747/715/677 2270/112/110
f 1937/640/607 314/1349/1273 2271/1351/1275
f 1937/640/607 2271/1351/1275 612/2068/1906
f 1257/2356/2075 894/961/909 2272/1975/1830
f 2272/1975/1830 894/961/909 1397/960/908
f 2281/1664/1550 2273/2714/2393 1333/1665/1551
f 2277/85/83 978/87/85 2273/2714/2393
f 1734/913/863 104/2031/1877 2274/914/864
f 1359/1530/1437 2274/914/864 104/2031/1877
f 2275/2554/918 1212/2304/2107 139/2306/397
f 2275/970/918 139/1929/397 575/968/916
f 397/1474/1385 1063/1472/1383 2276/1598/1497
f 2276/1598/1497 1063/1472/1383 131/347/333
f 2277/85/83 293/1412/1331 334/86/84
f 293/1412/1331 2281/1664/1550 701/1506/1414
f 2278/2499/2269 538/2497/2267 2251/919/869
f 538/2497/2267 2283/2498/2268 1604/920/870
f 2279/2369/2157 900/1396/1317 630/1657/1546
f 900/1396/1317 2384/2095/1932 1187/2094/1932
f 2280/127/125 1095/2496/2266 44/236/228
f 2280/127/125 1101/1762/1638 1095/2496/2266
f 2273/2714/2393 2281/1664/1550 2277/85/83
f 293/1412/1331 2277/85/83 2281/1664/1550
f 1047/415/394 2282/1216/1148 1979/413/394
f 2282/1216/1148 2284/2475/2246 583/11/11
f 538/2497/2267 2278/2499/2269 2283/2498/2268
f 1098/1894/1760 2283/2498/2268 2278/2499/2269
f 2284/2475/2246 1047/415/394 1166/414/395
f 1047/415/394 2284/2475/2246 2282/1216/1148
f 2285/2592/2325 1314/1081/1020 441/1735/1612
f 2308/1948/1809 342/1347/1271 2285/2592/2325
f 112/1204/1136 2286/72/70 270/1203/1135
f 112/1204/1136 854/290/280 2286/72/70
f 1639/1175/1107 1832/940/889 2287/2666/2369
f 2287/2666/2369 1832/940/889 2032/2716/2395
f 1606/1800/1674 2288/2649/2359 1546/630/598
f 1737/1799/1673 2288/2649/2359 1606/1800/1674
f 839/16/15 844/797/755 2289/431/410
f 2289/431/410 844/797/755 2023/432/411
f 2290/1037/982 1812/1038/983 197/2178/2003
f 197/2178/2003 366/1278/1207 2290/1037/982
f 578/1722/1600 1500/2014/1863 2291/2279/2088
f 2291/2279/2088 1500/2014/1863 2194/2278/2087
f 2315/1637/1530 2292/636/604 1457/1638/1531
f 2292/636/604 1998/2150/1979 1457/1638/1531
f 1382/1765/1641 2293/633/601 2183/2572/2316
f 2293/633/601 1382/1765/1641 1192/631/599
f 2294/2514/2281 1134/1579/1479 2317/1168/1102
f 2317/1168/1102 628/1167/1101 2294/2514/2281
f 35/1797/1671 2183/2572/2316 2295/2001/1850
f 2295/2001/1850 2216/679/644 35/1797/1671
f 71/1392/1314 2296/2078/1916 618/1092/1029
f 1114/1304/1230 618/1092/1029 2296/2078/1916
f 2297/1121/1058 2388/1058/999 1130/2209/2030
f 1048/719/681 2297/1121/1058 1130/2209/2030
f 2298/1315/1241 2221/2377/2163 593/1405/1325
f 1626/1307/1233 2221/2377/2163 2298/1315/1241
f 1756/1514/1422 2299/1464/1376 857/753/713
f 857/753/713 2299/1464/1376 48/1230/1161
f 1076/1310/1236 829/2298/2102 2300/1402/1322
f 1076/1310/1236 2300/1402/1322 480/1311/1237
f 2301/2265/2077 96/1835/1706 168/150/148
f 168/150/148 361/152/150 2301/2265/2077
f 2276/1598/1497 2324/2552/2307 2302/2479/2250
f 330/366/351 2302/2479/2250 2324/2552/2307
f 1692/1013/960 1548/1213/1145 2303/2060/1901
f 1548/1213/1145 608/1011/958 2303/2060/1901
f 2304/828/785 96/1835/1706 707/499/476
f 168/150/148 96/1835/1706 2304/828/785
f 317/2400/2183 2004/2349/2143 2305/310/298
f 38/308/297 2305/310/298 2004/2349/2143
f 2246/1749/1625 1276/237/229 2306/860/815
f 2246/1749/1625 2306/860/815 2199/1573/1475
f 2307/1828/1702 1008/1825/1699 952/1879/1745
f 952/1879/1745 1250/1827/1701 2307/1828/1702
f 441/1735/1612 551/1734/1611 2308/1948/1809
f 441/1735/1612 2308/1948/1809 2285/2592/2325
f 1803/1908/1774 1455/872/825 2309/761/720
f 2309/761/720 117/600/570 1803/1908/1774
f 2255/2293/1076 561/2292/2098 2310/713/675
f 2310/713/675 561/2292/2098 1176/2295/2100
f 2311/2435/2210 66/1127/1064 2260/2436/2211
f 66/1127/1064 2311/2435/2210 1980/1023/969
f 141/2729/818 2312/712/674 1310/2147/819
f 2310/713/675 2312/712/674 141/2729/818
f 203/2005/1854 2313/979/926 1151/1847/1717
f 967/978/924 2313/979/926 203/2005/1854
f 2314/2022/1871 1199/1353/1277 1615/511/487
f 1861/2433/2208 1199/1353/1277 2314/2022/1871
f 2315/1637/1530 2378/634/602 2292/636/604
f 1218/925/875 1230/2272/2083 2315/1637/1530
f 2316/1379/1301 1396/2555/2309 1214/1382/1304
f 105/1381/1303 1396/2555/2309 2316/1379/1301
f 260/1578/1478 2317/1168/1102 1134/1579/1479
f 78/1287/1216 2317/1168/1102 260/1578/1478
f 1174/1143/1079 2318/2628/2346 1590/1144/1080
f 1447/2185/2010 2318/2628/2346 1174/1143/1079
f 620/922/872 193/2080/1918 2319/652/618
f 217/653/619 2319/652/618 193/2080/1918
f 2320/2535/2294 1876/892/844 21/175/171
f 21/175/171 1781/372/357 2320/2535/2294
f 1/136/134 1465/139/137 2321/2190/2014
f 306/138/136 2321/2190/2014 1465/139/137
f 163/416/396 2322/418/398 23/96/94
f 23/840/94 2322/2305/398 1212/2304/2107
f 469/199/194 2323/1440/1356 337/1442/1358
f 2323/1440/1356 469/199/194 1621/1807/1681
f 2324/2552/2307 1550/1600/1498 1201/367/352
f 2276/1598/1497 1550/1600/1498 2324/2552/2307
f 2325/1034/980 270/1203/1135 1628/2071/1909
f 614/2070/1908 2325/1034/980 1628/2071/1909
f 790/2570/2315 2326/2262/2073 788/2261/2074
f 790/2570/2315 1392/2288/2094 2326/2262/2073
f 1208/2651/2361 2327/440/418 397/1474/1385
f 2327/440/418 1208/2651/2361 330/366/351
f 1921/574/544 2328/573/543 1923/2704/2388
f 1923/2704/2388 2328/573/543 1973/1036/981
f 432/1705/1584 2329/857/812 1862/2684/2379
f 1329/2598/2327 1862/2684/2379 2329/857/812
f 1437/993/940 912/2326/2124 2330/575/545
f 2328/573/543 2330/575/545 912/2326/2124
f 868/1820/1694 1446/348/334 2331/1207/1139
f 868/1820/1694 2331/1207/1139 1077/1206/1138
f 2151/2201/2024 145/742/702 2332/1680/1564
f 2332/1680/1564 722/2200/2023 2151/2201/2024
f 2389/2730/2404 1106/1958/1818 2333/2213/2034
f 1106/1958/1818 739/1356/1280 2333/2213/2034
f 227/1046/560 436/390/372 2334/2416/561
f 227/590/560 2334/591/561 972/589/559
f 653/1509/1417 2335/1629/1523 409/2708/2389
f 409/2708/2389 2335/1629/1523 1988/1633/1527
f 573/632/600 2336/2210/2031 1036/2438/2212
f 1036/2438/2212 2336/2210/2031 258/1267/1196
f 578/1722/1600 2337/2301/2104 1094/1723/1601
f 2337/2301/2104 578/1722/1600 2132/2302/2105
f 2338/2468/2239 1036/2438/2212 258/1267/1196
f 2338/2468/2239 980/166/162 1036/2438/2212
f 135/1183/1115 1933/1182/1114 2339/686/649
f 1109/688/651 135/1183/1115 2339/686/649
f 2340/2107/1944 1384/1699/1579 1599/2531/2291
f 1599/2531/2291 1168/1878/1744 2340/2107/1944
f 2341/147/145 888/149/147 419/2682/2228
f 2341/2161/145 419/2457/2228 1906/879/832
f 2342/113/111 934/2396/2181 1820/982/929
f 934/2396/2181 2342/113/111 2270/112/110
f 1384/1699/1579 644/2108/1945 2343/1457/1370
f 644/2108/1945 1994/1458/1370 2343/1457/1370
f 1951/2441/2215 1917/2635/2352 2344/2697/2384
f 1917/2635/2352 1730/1909/1775 2344/2697/2384
f 155/239/231 905/260/251 2345/2373/2161
f 760/773/732 2345/2373/2161 905/260/251
f 2346/1597/1496 396/896/848 582/895/847
f 396/896/848 2346/1597/1496 828/184/180
f 2347/2630/2348 2235/2045/1889 2058/2047/1890
f 1462/2719/1891 2347/2630/2348 2058/2047/1890
f 32/173/169 21/175/171 2348/893/845
f 2348/893/845 2346/1597/1496 32/173/169
f 1854/2417/2196 2349/2419/2197 479/2193/2017
f 479/2193/2017 2349/2419/2197 714/458/436
f 356/1334/1258 2350/2251/2067 625/1466/1378
f 2350/2251/2067 356/1334/1258 1285/2580/2320
f 1010/739/699 1398/740/700 2351/2364/2154
f 1402/228/221 2351/2364/2154 1398/740/700
f 948/486/463 2084/843/798 2352/785/743
f 398/842/797 2352/785/743 2084/843/798
f 714/458/436 2353/460/438 926/1830/1703
f 1259/1286/1215 926/1830/1703 2353/460/438
f 1285/2580/2320 874/1332/1256 2354/611/581
f 2354/611/581 2350/2251/2067 1285/2580/2320
f 881/1687/1571 2355/1684/1568 94/489/466
f 881/1687/1571 1276/237/229 2355/1684/1568
f 2356/1961/1821 2053/796/754 161/2463/2234
f 161/2463/2234 243/1960/1820 2356/1961/1821
f 2357/608/578 2408/2545/2302 1193/1152/1088
f 2357/608/578 1193/1152/1088 85/356/342
f 2358/1450/1366 1799/2303/2106 833/820/777
f 166/30/29 1799/2303/2106 2358/1450/1366
f 190/642/609 2359/874/827 1231/2561/858
f 1444/641/608 2359/874/827 190/642/609
f 2060/376/360 822/2713/2392 2360/374/358
f 2360/374/358 822/2713/2392 2365/2731/2405
f 1202/1336/1260 2361/101/99 309/2549/2305
f 2352/785/743 309/2549/2305 2361/101/99
f 709/1621/1516 2362/363/349 2375/362/348
f 2362/363/349 709/1621/1516 1571/2130/1963
f 2145/1927/1791 809/2274/2084 2363/336/323
f 809/2274/2084 230/337/324 2363/336/323
f 1106/1958/1818 2389/2730/2404 2364/2368/2156
f 2384/2095/1932 2364/2368/2156 2389/2730/2404
f 822/2713/2392 423/2430/2206 2365/2731/2405
f 2360/374/358 2365/2731/2405 2398/745/705
f 633/1255/1186 2366/643/610 612/2068/1906
f 633/1255/1186 2140/644/611 2366/643/610
f 1053/1850/1720 43/240/232 2367/735/695
f 2367/735/695 43/240/232 1343/733/695
f 2368/386/370 798/1368/1292 1983/280/270
f 2368/386/370 1727/385/369 798/1368/1292
f 882/2345/2139 1824/702/665 2369/703/666
f 882/2345/2139 2369/703/666 1814/2101/1938
f 1750/2662/2367 1720/2231/2052 2370/2233/2054
f 1720/2231/2052 1717/964/912 2370/2233/2054
f 1860/1911/1777 2180/2629/2347 2371/572/542
f 2371/572/542 2344/2697/2384 1860/1911/1777
f 1835/2243/2059 2372/1499/1408 216/1495/1404
f 1560/1498/1407 216/1495/1404 2372/1499/1408
f 910/1316/1242 593/1405/1325 2373/2381/1878
f 2373/2033/1878 1557/621/589 910/2032/1242
f 2374/1420/195 337/2151/1358 1656/1285/1214
f 2374/200/195 469/199/194 337/1442/1358
f 1504/2217/2038 2429/2647/2357 2375/362/348
f 657/364/348 1504/2217/2038 2375/362/348
f 2376/368/353 70/1916/1782 2239/2017/1866
f 70/1916/1782 2376/368/353 486/370/355
f 847/1195/1127 375/1194/1126 2377/2038/1883
f 2377/2038/1883 2164/2039/1884 847/1195/1127
f 1230/2272/2083 2319/652/618 2378/634/602
f 2315/1637/1530 1230/2272/2083 2378/634/602
f 873/1650/1540 2379/2379/2165 704/698/661
f 704/698/661 2379/2379/2165 1509/696/659
f 1053/1850/1720 1620/2269/2081 2380/2542/2300
f 2380/2542/2300 1620/2269/2081 1822/2685/2380
f 2269/2299/2103 1155/493/470 2381/1128/1065
f 2381/1128/1065 858/1604/1499 2269/2299/2103
f 621/1423/1340 1568/1817/1691 2382/10/10
f 621/1423/1340 2382/10/10 218/12/12
f 1903/1139/1075 2383/1480/1390 1574/1482/1392
f 2383/1480/1390 1903/1139/1075 360/541/512
f 2384/2095/1932 900/1396/1317 2279/2369/2157
f 2384/2095/1932 2279/2369/2157 2364/2368/2156
f 2385/323/311 1391/1855/1724 818/1599/1497
f 818/1599/1497 2276/1598/1497 2385/323/311
f 860/76/74 2386/2327/2125 514/1882/1748
f 2386/2327/2125 860/76/74 719/399/381
f 1470/2640/2354 2387/2526/2289 1586/1201/1133
f 1505/1031/977 2387/2526/2289 1470/2640/2354
f 2388/1058/999 246/2513/2280 1130/2209/2030
f 2388/1058/999 1564/1057/998 246/2513/2280
f 1495/2270/2082 2389/2730/2404 2333/2213/2034
f 2419/2093/1931 2384/2095/1932 2389/2730/2404
f 28/2675/2374 564/1340/1264 2390/245/5
f 649/1689/1573 28/2676/2374 2390/5/5
f 2214/2672/2372 765/1619/1514 2391/1240/1171
f 1593/1241/1172 2391/1240/1171 765/1619/1514
f 2010/157/154 2395/156/153 873/1650/1540
f 2395/156/153 2379/2379/2165 873/1650/1540
f 2393/2521/2286 1154/2437/1009 979/1067/1007
f 1441/885/2406 1154/2437/1009 2393/2521/2286
f 1442/1469/1381 728/1758/1634 2394/2207/2028
f 2394/2207/2028 728/1758/1634 1745/2086/1924
f 2392/2336/2133 2395/156/153 414/693/656
f 2392/2336/2133 2379/2379/2165 2395/156/153
f 1689/1944/1805 549/609/579 2396/953/901
f 2396/953/901 1266/1945/1806 1689/1944/1805
f 999/1740/1616 1255/1741/1617 2397/1239/1170
f 710/1238/1169 2397/1239/1170 1255/1741/1617
f 2365/2731/2405 423/2430/2206 2398/745/705
f 423/2430/2206 990/743/703 2398/745/705
f 259/212/207 2391/1240/1171 2399/1242/1173
f 443/1991/1842 259/212/207 2399/1242/1173
f 2194/2278/2087 2400/2727/2403 813/602/572
f 2418/2013/1862 2078/603/573 2400/2727/2403
f 576/1481/1391 1336/540/511 2401/2006/1855
f 2401/2006/1855 252/457/435 576/1481/1391
f 142/767/726 1205/766/725 2402/2550/2306
f 1837/1494/1403 2417/708/670 2427/1492/1401
f 630/1657/1546 1580/1656/1545 2403/2413/2193
f 2279/2369/2157 630/1657/1546 2403/2413/2193
f 1541/504/480 2404/2099/1936 635/1635/1528
f 635/1635/1528 2404/2099/1936 1988/1633/1527
f 2405/2182/2007 82/2164/1991 1308/315/303
f 2405/2182/2007 1308/315/303 2086/810/767
f 2406/1050/992 951/928/878 2103/2406/2188
f 2406/1050/992 791/568/538 951/928/878
f 1588/1685/1569 2407/555/525 241/1105/1042
f 2407/555/525 1836/1106/1043 241/1105/1042
f 1428/682/647 1193/1152/1088 2408/2545/2302
f 1428/682/647 2408/2545/2302 134/683/648
f 2424/462/440 2403/2413/2193 2409/2415/2195
f 964/1398/1318 2409/2415/2195 1383/2414/2194
f 2410/2004/1853 488/963/911 2432/962/910
f 2410/2004/1853 2432/962/910 203/2005/1854
f 2411/1839/1710 1512/1843/1714 1788/1605/1500
f 1788/1605/1500 1467/1606/1501 2411/1839/1710
f 2412/1852/1721 492/862/817 1700/971/919
f 1901/1748/1624 492/862/817 2412/1852/1721
f 2413/2216/2037 156/2623/2341 1418/777/736
f 2413/2216/2037 1418/777/736 465/216/211
f 2414/1731/1608 884/1726/1603 1679/1728/1605
f 524/1902/1768 884/1726/1603 2414/1731/1608
f 1472/456/434 2415/455/433 191/910/860
f 2401/2006/1855 191/910/860 2415/455/433
f 2361/101/99 2416/1335/1259 202/102/100
f 2237/419/399 202/102/100 2416/1335/1259
f 2417/708/670 142/767/726 2427/1492/1401
f 142/767/726 2417/708/670 154/710/672
f 2418/2013/1862 2400/2727/2403 2194/2278/2087
f 1500/2014/1863 2418/2013/1862 2194/2278/2087
f 1495/2270/2082 2419/2093/1931 2389/2730/2404
f 1495/2270/2082 1187/2094/1932 2419/2093/1931
f 2420/60/58 972/589/559 2334/591/561
f 972/589/559 2420/60/58 744/162/151
f 248/2652/1014 2421/181/177 749/180/176
f 248/1075/1014 715/1074/1013 2421/2194/177
f 2422/2645/236 124/6/6 2390/5/5
f 124/6/6 2422/2645/236 1514/923/873
f 2423/1853/1722 1201/367/352 1550/1600/1498
f 1394/2548/2304 1201/367/352 2423/1853/1722
f 964/1398/1318 1715/463/441 2424/462/440
f 2424/462/440 2409/2415/2195 964/1398/1318
f 1686/400/382 2425/2593/2326 511/401/383
f 632/2097/1934 2425/2593/2326 1686/400/382
f 956/2092/1930 279/751/711 2426/1229/1160
f 2426/1229/1160 1503/975/923 956/2092/1930
f 682/1493/1402 2427/1492/1401 2402/2550/2306
f 2427/1492/1401 142/767/726 2402/2550/2306
f 2428/2505/2274 1524/2372/2160 1121/881/834
f 1524/2372/2160 2428/2505/2274 1117/261/252
f 1462/2048/1891 2429/2647/2357 1516/215/210
f 2429/2647/2357 1504/2217/2038 1516/215/210
f 778/900/851 1316/946/894 2430/947/895
f 2430/947/895 1316/946/894 761/945/894
f 2032/2716/2395 1832/940/889 2431/585/555
f 2032/2716/2395 2431/585/555 1405/2163/1990
f 2432/962/910 870/2334/2131 203/2005/1854
f 1489/877/830 870/2334/2131 2432/962/910
f 95/27/26 648/42/40 2433/2009/1858
f 2433/2009/1858 648/42/40 1761/464/442
f 369/1071/1010 2434/1518/1426 727/1521/1429
f 369/1071/1010 2085/2404/2186 2434/1518/1426
f 1330/1151/1087 2435/1222/1153 827/1593/1493
f 2435/1222/1153 1330/1151/1087 393/77/75
f 1717/964/912 762/1846/1716 2436/2678/2376
f 762/1846/1716 2212/2257/2072 2436/2678/2376
f 2437/303/292 780/1763/1639 1072/2487/2258
f 275/301/290 2437/303/292 1072/2487/2258
f 244/266/256 2438/620/588 991/619/587
f 244/266/256 1416/265/255 2438/620/588
f 1464/1028/974 2439/2631/2073 1898/1437/1353
f 2439/2260/2073 1918/1789/1664 1898/1791/1353
f 263/1172/1105 2440/1176/1108 1812/1038/983
f 263/1172/1105 2097/1174/1105 2440/1176/1108
f 1273/1550/1456 2441/476/453 594/475/452
f 1273/1550/1456 499/1868/1455 2441/476/453
f 1846/2136/1969 2442/2226/2047 1293/2091/1929
f 2442/2226/2047 1846/2136/1969 660/856/811
f 2443/1076/1015 1563/1266/1195 289/2223/2044
f 289/2223/2044 2178/1079/1018 2443/1076/1015
f 462/1710/1588 2121/2343/2137 2444/720/682
f 2121/2343/2137 879/430/409 2444/720/682
f 1321/2674/2373 2445/1297/1223 2425/2593/2326
f 1321/2674/2373 632/2097/1934 2445/1297/1223
f 2446/428/407 261/1181/1113 1812/1038/983
f 2446/428/407 763/606/576 261/1181/1113
f 2447/195/190 1718/1672/1557 420/436/415
f 2447/195/190 420/436/415 703/193/188
f 505/1082/1020 811/1393/1315 2448/2276/2086
f 811/1393/1315 71/1392/1314 2448/2276/2086
f 479/2193/2017 714/458/436 2449/1832/1703
f 714/458/436 926/1830/1703 2449/1832/1703
f 482/613/583 364/1596/1495 2450/445/423
f 2450/445/423 364/1596/1495 533/446/424
f 1023/1453/1367 2451/2464/2235 500/1870/1738
f 428/1697/1577 2451/2464/2235 1023/1453/1367
f 2452/2538/2297 1182/553/523 1315/224/218
f 1182/2024/523 2452/2539/2297 959/1775/1650
f 1938/901/852 402/1246/1177 2453/898/849
f 461/1612/1507 2453/898/849 402/1246/1177
f 2454/1191/1123 1934/1837/1708 181/1836/1707
f 2454/1191/1123 181/1836/1707 751/1192/1124
f 422/1677/1561 1168/1878/1744 2455/2732/1090
f 422/1677/1561 2455/2732/1090 1547/1676/1089
f 2456/2715/2394 114/721/683 2232/2344/2138
f 2232/2344/2138 879/430/409 2456/2715/2394
f 1508/1042/986 2457/1041/986 1139/2346/2140
f 883/1072/1011 1139/2346/2140 2457/1041/986
f 2458/1630/1524 1681/1296/1222 1667/56/54
f 1667/56/54 1926/57/55 2458/1630/1524
f 430/1123/1060 2459/1463/1375 1386/1704/1583
f 2459/1463/1375 430/1123/1060 613/818/775
f 2448/2276/2086 1957/1683/1567 2460/1080/1019
f 1314/1081/1020 2460/1080/1019 1957/1683/1567
f 2461/2253/2068 2297/1121/1058 403/1615/1510
f 785/1122/1059 2461/2253/2068 403/1615/1510
f 2462/772/731 208/2096/1933 1014/130/128
f 2462/772/731 2176/986/933 208/2096/1933
